direction,direction_id,direction_zh,direction_en,query,title,authors,year,journal,DOI,ScienceDirect URL or Elsevier URL,source,abstract,keywords,raw_id,material/object,method,gravity/centrifugal/carbonation condition,main findings,relevance_to_hypergravity_concrete,engineering_usefulness,limitations,score_relevance_0_5,score_practicality_0_5,score_novelty_0_5,score_data_quality_0_5,final_priority_score,screening_status,off_track_judgement
centrifuged_concrete,D1,离心成型混凝土,Centrifuged / centrifugally cast / spun concrete,"""spun concrete""",A case study on the shear behavior of pretensioned Spun Precast Concrete (SPC) piles,Khondaker Sakil Ahmed,2023,Case Studies in Construction Materials,10.1016/j.cscm.2023.e02478,https://api.elsevier.com/content/article/pii/S2214509523006587,ScienceDirect,"Pretensioned Spun Precast concrete (SPC) pile has become a very popular solution for deep foundation systems for its easier installation, higher bearing capacity, and overall cost-effectiveness. The pile system also brings both material and construction sustainability to the environment through its cleaner construction process and reduced consumption of construction materials. However, the smaller shear area of SPC piles arising from its hollowness is a big concern particularly when they are subjected to earthquake-induced liquefaction situations. This paper investigates the shear behavior of hollow pre-tensioned SPC piles experimentally. A total of ten full-scale SPC piles comprising high-strength concrete (50 MPa) and high-tensioned (HT) steel strands were manufactured through the centrifugal rotation and steam curing construction process. The pile segments consist of a variation in two different diameters, numbers of strands, thicknesses, presence of spirals, and spacing. The compressive strength of concrete was determined from the compression tests of extracted core samples from the SPC piles. All pile specimens were tested under a four-point loading up to failure. The load-deformation responses, crack propagations, failure patterns, beam-deformation, and load-strain responses at the pile surface were investigated under different circumstances. The experimental results suggested that the presence of spirals plays a pivotal role in shear capacity and their failure patterns whereas the number of strands does not have a significant role in the shear capacity enhancement. The shear resistance of SPC piles was found in a range of 12–15 % and 8–11 % of their allowable axial capacity with and without the presence of spirals, respectively. The tested ultimate shear resistance is observed to be higher than that of all code-recommended values. This research offers useful information for the SPC pile's shear design that demonstrates its application in deep foundations of the seismic regions.",Failure pattern; Load-deformation; Shear resistance; SPC pile; Spirals,S2214509523006587,tunnel lining / pile foundation concrete structure,Centrifugal forming / spinning / casting,centrifugal; spun,See abstract metadata; detailed findings require full-text reading where access is lawful.,"It studies concrete or cementitious members made under centrifugal acceleration, which is the closest established literature family to hypergravity concrete forming.","High: directly informs pipe piles, hollow members, mix stability, density gradient, durability, and centrifugal production.",metadata is usable for initial screening,5,4,3,5,4.35,included,Directly studies concrete materials or concrete members under centrifugal forming.
centrifuged_concrete,D1,离心成型混凝土,Centrifuged / centrifugally cast / spun concrete,"""centrifugal forming technique"" concrete",A novel casting procedure for SFRC piles without shear reinforcement using the centrifugal forming technique to manipulate the fiber orientation and distribution,Ramiz Ahmed Raju,2021,Construction and Building Materials,10.1016/j.conbuildmat.2021.124232,https://api.elsevier.com/content/article/pii/S0950061821019929,ScienceDirect,"The structural performance of steel fiber-reinforced concrete (SFRC) members primarily depends on the distribution and orientation of the fibers. Previous experimental studies revealed that the distribution and orientation of fibers are random and hardly controlled during the fabrication process. The centrifugal forming technique may improve the orientation and distribution of steel fibers in hollow circular SFRC piles and increase the shear strength of the piles. Accomplishing this task can lead to the possible replacement of shear reinforcements with steel fibers in piles, thereby improving the demanding productivity that is desired in the pile construction industry by saving considerable time and labor. This paper presents a novel experimental program to (a) develop the casting procedure for SFRC piles and (b) investigate the shear strength of SFRC piles without shear reinforcement compared to that of conventional reinforced concrete (RC) piles with shear reinforcement. With the aid of X-ray technology, different mix proportions and casting methods were investigated to determine the optimum procedure, which produced fiber distributions and orientations in SFRC piles superior to those of RC piles. The centrifugal forming method influenced the orientation of the fibers so that they were oriented in the shear stress direction (i.e., circumferential direction). The loading test demonstrated that the steel fibers effectively worked as shear reinforcement and that the shear capacity increased with the steel fiber content. Moreover, the SFRC piles exhibited stable crack propagation and improved post-cracking stiffness without severe concrete damage compared to that of the RC piles.",Centrifugal forming; Pile; SFRC; Shear behavior; X-ray image,S0950061821019929,cementitious or calcium-rich carbonation material,Centrifugal forming / spinning / casting,centrifugal,See abstract metadata; detailed findings require full-text reading where access is lawful.,"It studies concrete or cementitious members made under centrifugal acceleration, which is the closest established literature family to hypergravity concrete forming.","High: directly informs pipe piles, hollow members, mix stability, density gradient, durability, and centrifugal production.",metadata is usable for initial screening,5,4,3,5,4.35,included,Directly studies concrete materials or concrete members under centrifugal forming.
centrifuged_concrete,D1,离心成型混凝土,Centrifuged / centrifugally cast / spun concrete,"""PHC pile""",A novel direct SPT method to accurately estimate ultimate axial bearing capacity of bored PHC nodular piles with 81 case studies in Vietnam,Van-Hiep Huynh,2022,Soils and Foundations,10.1016/j.sandf.2022.101163,https://api.elsevier.com/content/article/pii/S0038080622000713,ScienceDirect,"Bored PHC nodular piles (BPNP) are an eco-friendly and advantageous option for pile foundations of medium-rise to high-rise buildings. As none of the current methods to estimate the ultimate axial load-bearing capacity is accurate enough for BPNP in engineering practice, this study aims to achieve that objective by developing a new direct SPT method. To that end, we use static pile load test and SPT data of 81 PHC nodular piles collected in Vietnam. The ultimate bearing capacity is interpreted from the load–displacement curve in pile static load tests by various methods to determine the most suitable method for the nodular piles. Furthermore, 8 methods to determine axial load pile capacity directly from the standard penetration test are examined. Each method's effectiveness is evaluated by comparing its predicted values with the measured values. Finally, the genetic algorithm for function optimization is employed to develop a new direct SPT method that can accurately predict the ultimate axial load-bearing capacity of nodular piles. The reliability of the proposed formula is justified by comparing the proportion of end bearing capacity with other published works. It is verified that the developed directed SPT method outperforms all current methods and could be implemented directly in engineering practice.",Bored PHC nodular piles; direct SPT method; Genetic algorithm; Standard penetration test; Static load tests; Ultimate bearing capacity,S0038080622000713,PHC/concrete pipe pile or spun concrete member,Method inferred from ScienceDirect title/abstract,Condition present in query/title but not quantitatively stated in available metadata,See abstract metadata; detailed findings require full-text reading where access is lawful.,"It studies concrete or cementitious members made under centrifugal acceleration, which is the closest established literature family to hypergravity concrete forming.","High: directly informs pipe piles, hollow members, mix stability, density gradient, durability, and centrifugal production.",metadata is usable for initial screening,5,4,3,5,4.35,included,Directly studies concrete materials or concrete members under centrifugal forming.
centrifuged_concrete,D1,离心成型混凝土,Centrifuged / centrifugally cast / spun concrete,"""PHC pile""",A novel paraffin/graphite PCM backfill for PHC energy pile: Numerical and experimental analysis on thermal performance,Haoyu Wang,2025,Applied Thermal Engineering,10.1016/j.applthermaleng.2024.124656,https://api.elsevier.com/content/article/pii/S135943112402324X,ScienceDirect,"A novel paraffin/graphite phase change material was proposed as backfills for prestressed high-performance concrete piles. An experimental device for high-performance concrete energy pile was established to access the thermal performance of paraffin/graphite phase change material backfill and a finite element method numerical simulation based on the experiment was conducted. Two theoretical models, Multiphase-Effective Medium Theory and Maxwell-Eucken with parallel, were proposed to calculate the thermophysical parameters of paraffin/graphite phase change material. The results show that Multiphase-Effective Medium Theory achieves enhanced reliability than Maxwell-Eucken with parallel in the thermophysical parameters calculation of multi-phase composites. Paraffin/graphite phase change material can enhance the heat storage capacity of paraffin/graphite phase change material and reduce the temperature fluctuation of the piles, while graphite can accelerate the heat transfer within the pile system. A “transition point” in dynamic competition between the graphite and paraffin of paraffin/graphite phase change material was first discovered during the heat transfer process, which can be employed as an indicator for the operational patterns of the prestressed high-performance concrete energy pile. The thermal performance of prestressed high-performance concrete energy piles can be improved by reasonably controlling the graphite and paraffin contents in paraffin/graphite phase change material backfills.",Dynamic competition; Energy pile; Numerical simulation; Phase change material,S135943112402324X,PHC/concrete pipe pile or spun concrete member,Method inferred from ScienceDirect title/abstract,Condition present in query/title but not quantitatively stated in available metadata,See abstract metadata; detailed findings require full-text reading where access is lawful.,"It studies concrete or cementitious members made under centrifugal acceleration, which is the closest established literature family to hypergravity concrete forming.","High: directly informs pipe piles, hollow members, mix stability, density gradient, durability, and centrifugal production.",metadata is usable for initial screening,5,4,3,5,4.35,included,Directly studies concrete materials or concrete members under centrifugal forming.
centrifuged_concrete,D1,离心成型混凝土,Centrifuged / centrifugally cast / spun concrete,"""PHC pile""",An approach for heat transfer thermal analysis of a pre-stressed high-strength concrete (PHC) energy pile,Yachen Guo,2024,Renewable Energy,10.1016/j.renene.2024.121248,https://api.elsevier.com/content/article/pii/S0960148124013168,ScienceDirect,"This paper presents a new heat transfer analytical model for pre-stressed high-strength concrete (PHC) energy piles. This model can describe the temperature field distribution in the heat transfer space formed by PHC energy piles and the surrounding soil. The heat transfer control equation was derived based on the energy conservation principle, and the analytical model was solved through Laplace transformation. Subsequently, the model's accuracy was verified by comparing it with both field test results and numerical simulation results. Furthermore, the model was utilized to conduct relevant parameter analysis. The result shows that compared with other heat transfer analytical models, the PHC energy pile heat transfer model proposed in this paper is more accurate than the existing models. Furthermore, different backfill materials for the PHC energy pile show differences in heat transfer within the pile and soil. Compared to altering the pipe pile's thermal properties, changing the backfill materials used for the PHC energy pile has a more significant impact on heat transfer.",Energy pile; Field test; Heat transfer analytical model; Parameters analysis; PHC pile,S0960148124013168,PHC/concrete pipe pile or spun concrete member,Method inferred from ScienceDirect title/abstract,Condition present in query/title but not quantitatively stated in available metadata,See abstract metadata; detailed findings require full-text reading where access is lawful.,"It studies concrete or cementitious members made under centrifugal acceleration, which is the closest established literature family to hypergravity concrete forming.","High: directly informs pipe piles, hollow members, mix stability, density gradient, durability, and centrifugal production.",metadata is usable for initial screening,5,4,3,5,4.35,included,Directly studies concrete materials or concrete members under centrifugal forming.
centrifuged_concrete,D1,离心成型混凝土,Centrifuged / centrifugally cast / spun concrete,"""centrifugal casting concrete""","Centrifugally sprayed Engineered Cementitious Composites: Rheology, mechanics, and structural retrofit for concrete pipes",He Zhu,2022,Cement and Concrete Composites,10.1016/j.cemconcomp.2022.104473,https://api.elsevier.com/content/article/pii/S0958946522000683,ScienceDirect,"Current trenchless rehabilitation techniques for deteriorated concrete pipelines have limitations in field operation, pipeline geometry and size, durability, and structural retrofit. In this research, an innovative technology utilizing centrifugally sprayed ECC (CS ECC) to retrofit cracked concrete pipes is established. Rheology is engineered by hydroxypropyl methylcellulose for viscosity enhancement, citric acid for rheology evolution retardation, and hybrid synthetic fibers for flowability control. CS ECC is demonstrated capable of building up to 50 mm thickness on both vertical and horizontal concrete pipes, with reachable diameters over 300–900 mm. A 25 mm CS ECC (5.7 MPa-tensile strength and 5.3%-ductility) lining enhances the cracked concrete pipe by 2.2 times in load capacity and by 1.5 times in deformation capacity. Combining the advantages of mechanical and leak-proof performance, low cost, fast construction, self-healing ability, and expansive coupling with host pipe, the developed CS ECC holds promises in rehabilitating concrete pipelines, tunnels, and culverts.",Centrifugal spray; Concrete pipe; Engineered cementitious composites (ECC); Rehabilitation; Rheology,S0958946522000683,tunnel lining / pile foundation concrete structure,Centrifugal forming / spinning / casting,centrifugal,See abstract metadata; detailed findings require full-text reading where access is lawful.,"It studies concrete or cementitious members made under centrifugal acceleration, which is the closest established literature family to hypergravity concrete forming.","High: directly informs pipe piles, hollow members, mix stability, density gradient, durability, and centrifugal production.",metadata is usable for initial screening,5,4,3,5,4.35,included,Directly studies concrete materials or concrete members under centrifugal forming.
centrifuged_concrete,D1,离心成型混凝土,Centrifuged / centrifugally cast / spun concrete,"""PHC pile""",Comprehensive models and analytical solutions for transient heat transfer in PHC energy pile,Guohao Dai,2024,Computers and Geotechnics,10.1016/j.compgeo.2024.106713,https://api.elsevier.com/content/article/pii/S0266352X24006529,ScienceDirect,"This paper presents a comprehensive study of the two-dimensional heat transfer models for four typical cases of precast high-strength concrete (PHC) energy piles. The proposed models adopt the composite section concept and the imaginary source/sink method to solve the heat transfer problem of hollow composite medium with multiple point sources. The effect of multipoint heat sources on the temperature at the calculation point is considered in the multilayer composite medium and a simpler analytical solution than the existing methods is derived. The proposed models are compared with the numerical and in-situ test results of PHC energy piles. The arithmetic examples exhibit the root mean square error ranging from 6% to 36%, which verifies the validity of the proposed model and method. The temperature field achieves a higher uniformity within a range of 2.5 to 3.0 times the pile diameter by using a geometrically uniform pipe configuration. Furthermore, the heat transfer performance of PHC energy piles can be improved by lower convective heat transfer coefficients of the backfill. The study provides a useful reference for the design and analysis of PHC energy piles.",Backfill material; Composite section concept; Heat transfer models; Imaginary source/sink method; PHC energy pile,S0266352X24006529,PHC/concrete pipe pile or spun concrete member,Method inferred from ScienceDirect title/abstract,Condition present in query/title but not quantitatively stated in available metadata,See abstract metadata; detailed findings require full-text reading where access is lawful.,"It studies concrete or cementitious members made under centrifugal acceleration, which is the closest established literature family to hypergravity concrete forming.","High: directly informs pipe piles, hollow members, mix stability, density gradient, durability, and centrifugal production.",metadata is usable for initial screening,5,4,3,5,4.35,included,Directly studies concrete materials or concrete members under centrifugal forming.
centrifuged_concrete,D1,离心成型混凝土,Centrifuged / centrifugally cast / spun concrete,"""spun concrete""",Damage – Permeability analysis of pretensioned spun high strength concrete pipe piles based on stochastic damage model,Jingran He,2022,Engineering Failure Analysis,10.1016/j.engfailanal.2022.106578,https://api.elsevier.com/content/article/pii/S1350630722005520,ScienceDirect,"In off-shore zones, the pretensioned spun high strength concrete (PHC) pipe piles are widely applied for its ability to provide high permeability resistance. However, one of the most applied pile-driving method of the PHC pipe piles is the hammer pile-driving method, and the piles are usually damaged due to the cyclical impact from the hammer. The damage in concrete will remarkably increase the permeability of the material, which will cause an early durability failure in the piles. By this means, a model that comprehensively relates the damage and permeability is firstly proposed under the framework of stochastic damage model in this study. By comparison to the experimental results, the proposed model is verified for its accuracy. And based on the proposed model, the engineering problem of damage - permeability performance of the PHC pipe piles of a construction site in Guangdong province is evaluated.",Damage mechanics; Permeability; Pretensioned spun high strength concrete pipe pile; Stochastic damage model,S1350630722005520,PHC/concrete pipe pile or spun concrete member,Centrifugal forming / spinning / casting,spun,See abstract metadata; detailed findings require full-text reading where access is lawful.,"It studies concrete or cementitious members made under centrifugal acceleration, which is the closest established literature family to hypergravity concrete forming.","High: directly informs pipe piles, hollow members, mix stability, density gradient, durability, and centrifugal production.",metadata is usable for initial screening,5,4,3,5,4.35,included,Directly studies concrete materials or concrete members under centrifugal forming.
centrifuged_concrete,D1,离心成型混凝土,Centrifuged / centrifugally cast / spun concrete,"""centrifugal casting concrete""","Durability of prestressed high-strength concrete (PHC) piles in landfill leachate: Corrosion behavior, microstructural evolution, and structural integrity assessment",Yu Wang,2025,Case Studies in Construction Materials,10.1016/j.cscm.2025.e05111,https://api.elsevier.com/content/article/pii/S221450952500909X,ScienceDirect,"This study investigates the corrosion behavior of prestressed high-strength concrete (PHC) piles in the aggressive environment of landfill leachate, with a focus on mechanisms and durability implications. Through accelerated corrosion tests simulating 50 years of service, the research reveals a critical overlooked factor in traditional durability analyses: the uneven layered microstructure of PHC piles induced by centrifugal force during manufacturing. Chloride ion concentration in concrete progressively increased to 0.065–0.072 % post-corrosion, accompanied by a corrosion potential drop to −341 mV. Despite minor surface rusting of reinforcement, the tensile strength of prestressed steel bars decreased by only 2 %, while concrete retained compressive strengths of 79.0–80.1 MPa-still meeting design specifications. Advanced analyses (XRD, SEM, MIP, X-CT) identified ettringite formation and a distinct pore gradient between inner and outer concrete layers, a direct result of centrifugal casting. The outer layer exhibited lower porosity (3.59–3.70 %) compared to inner regions (4.86–5.90 %), enhancing resistance to ion ingress. Finite element analysis confirmed that PHC piles maintained structural stability under design loads, with post-corrosion effective stress at 51.79 MPa and a safety margin of 21.11 MPa. These results demonstrate that the centrifugally induced layered microstructure plays a critical role in mitigating corrosion propagation. The findings provide a revised durability evaluation paradigm for PHC piles and offer scientifically grounded criteria for landfill foundation design.",Accelerated corrosion; Finite element analysis; Landfill leachate; Microstructure; Prestressed concrete,S221450952500909X,PHC/concrete pipe pile or spun concrete member,Centrifugal forming / spinning / casting,centrifugal,See abstract metadata; detailed findings require full-text reading where access is lawful.,"It studies concrete or cementitious members made under centrifugal acceleration, which is the closest established literature family to hypergravity concrete forming.","High: directly informs pipe piles, hollow members, mix stability, density gradient, durability, and centrifugal production.",metadata is usable for initial screening,5,4,3,5,4.35,included,Directly studies concrete materials or concrete members under centrifugal forming.
centrifuged_concrete,D1,离心成型混凝土,Centrifuged / centrifugally cast / spun concrete,"""PHC pile""",Durable life assessment of centrifugal stratified PHC piles in marine environment,Hui Wang,2022,Engineering Structures,10.1016/j.engstruct.2022.114404,https://api.elsevier.com/content/article/pii/S0141029622005181,ScienceDirect,"This study proposes an analytical approach to assess the durable life of pre-stressed high-strength concrete (PHC) pipe piles exposed to the marine environment with consideration of centrifugal stratification and different end types. The durable life of the PHC pile is divided into two stages: the initiation stage for chloride penetration and the propagation stage for rust accumulation. To simulate the two stages, a two-layer composite cylinder diffusion model and a thick-walled ring mechanical model are developed based on the governing mechanisms. The proposed diffusion model is verified via comparisons with the numerical models with respect to chloride concentration under different stages. Then, extensive parametric studies based on the proposed method are performed to investigate the effects of end type, cover thickness, and steel bar diameter on the durable life of a PHC pipe pile. The results indicate that both increasing the cover thickness and using the closed-ended pile can significantly extend the durable life of a PHC pipe pile. Furthermore, the open-ended pile with a thinner mortar layer has a longer durable life, while the durable life of a closed-ended pile only slightly increases with a larger thickness of the mortar layer.",Centrifugal stratification; Chloride diffusion; Degradation; Durable life; PHC pipe pile; Steel corrosion,S0141029622005181,PHC/concrete pipe pile or spun concrete member,Centrifugal forming / spinning / casting,centrifugal,See abstract metadata; detailed findings require full-text reading where access is lawful.,"It studies concrete or cementitious members made under centrifugal acceleration, which is the closest established literature family to hypergravity concrete forming.","High: directly informs pipe piles, hollow members, mix stability, density gradient, durability, and centrifugal production.",metadata is usable for initial screening,5,4,3,5,4.35,included,Directly studies concrete materials or concrete members under centrifugal forming.
centrifuged_concrete,D1,离心成型混凝土,Centrifuged / centrifugally cast / spun concrete,"""prestressed high-strength concrete pipe pile""",Dynamic compressive and splitting tensile characteristics of rubber-modified non-autoclaved concrete pipe piles,Sheng Lan,2023,Journal of Building Engineering,10.1016/j.jobe.2023.106292,https://api.elsevier.com/content/article/pii/S2352710223004710,ScienceDirect,"Non-autoclaved concrete pipe piles are gaining attention as an environmentally friendly alternative to autoclaved concrete pipe piles. The purpose of this study was to investigate the changes in the impact resistance of a non-autoclaved concrete pipe pile with the addition of rubber. To this end, various volume fractions of rubber particles were used to replace the fine sand in the non-autoclaved pipe pile concrete (0%, 5%, 10%, 15% and 20%). The dynamic and static mechanical responses of rubber-modified non-autoclaved pipe pile concrete were explored through quasi-static and dynamic compression and splitting tensile tests. The results showed that (1) The tensile-compression ratio of the rubber-modified non-autoclaved pipe pile concrete increased with the rubber content, and the brittleness of non-autoclaved concrete was improved by adding rubber. (2) When subjected to impact load, rubber particles could absorb some of the impact energy, reduce the impact load on the aggregate, and prevented the aggregate from being crushed. (3) The impact toughness index and energy consumption ratio of non-autoclaved pipe pile concrete increased with the increase of rubber content. When the rubber content was 10%, the impact toughness index and energy consumption ratio of non-autoclaved pipe pile concrete were 52.2% and 51.2% higher than those of non-autoclaved pipe pile concrete without rubber particles, respectively, and its impact resistance was the best. The impact resistance of rubber-modified non-autoclaved pipe pile concrete was better than that of traditional autoclaved pipe pile concrete, and met the mechanical performance requirements of prestressed high-strength concrete pipe pile. It could be used as a new prestressed high-strength concrete pile material, which helped to reduce energy consumption in the production process of piles. The study provided parameter basis for the subsequent drop hammer impact test and numerical simulation of pipe piles.",Energy conservation; Impact toughness; Non-autoclaved pipe pile; Rubber concrete; Strain field,S2352710223004710,PHC/concrete pipe pile or spun concrete member,Method inferred from ScienceDirect title/abstract,Condition present in query/title but not quantitatively stated in available metadata,See abstract metadata; detailed findings require full-text reading where access is lawful.,"It studies concrete or cementitious members made under centrifugal acceleration, which is the closest established literature family to hypergravity concrete forming.","High: directly informs pipe piles, hollow members, mix stability, density gradient, durability, and centrifugal production.",metadata is usable for initial screening,5,4,3,5,4.35,included,Directly studies concrete materials or concrete members under centrifugal forming.
centrifuged_concrete,D1,离心成型混凝土,Centrifuged / centrifugally cast / spun concrete,"""spun concrete""",Effect of fiber addition on fresh and hardened properties of spun cast concrete,Hyeong-Ki Kim,2016,Construction and Building Materials,10.1016/j.conbuildmat.2016.08.003,https://api.elsevier.com/content/article/pii/S0950061816312636,ScienceDirect,"The effect of fiber addition on the properties of fresh and hardened concretes casted by centrifugation was investigated. Workability of fresh concrete mixtures, sludge bleeding after centrifuging, and mechanical properties of hardened concrete including compressive and splitting tensile strengths and modulus of elasticity were examined. Post-crack behavior of spun cast concrete was investigated by splitting tensile testing. Considering sanitary sewer environments, concrete resistances against sulfuric acid erosion and sulfate expansion were evaluated. Although the addition of low fiber fractions (below 0.15 vol.%) did not significantly affect workability and strength of the spun cast concretes, it enhanced their toughness and resistance against sulfate expansion.",Centrifugal compaction; Post-crack behavior; Spun cast concrete; Sulfate expansion; Sulfuric acid attack; Toughness,S0950061816312636,Concrete/cementitious material or calcium-rich object inferred from title/abstract,Gravity-field or centrifugation-controlled cement hydration experiment,centrifugal; spun,See abstract metadata; detailed findings require full-text reading where access is lawful.,"It studies concrete or cementitious members made under centrifugal acceleration, which is the closest established literature family to hypergravity concrete forming.","High: directly informs pipe piles, hollow members, mix stability, density gradient, durability, and centrifugal production.",metadata is usable for initial screening,5,4,3,5,4.35,included,Directly studies concrete materials or concrete members under centrifugal forming.
centrifuged_concrete,D1,离心成型混凝土,Centrifuged / centrifugally cast / spun concrete,"""PHC pile""",Effect of installation-induced damage on the pull-out capacity of interlocking joints in PHC pipe piles,Zhaosheng Guo,2026,Structures,10.1016/j.istruc.2026.111996,https://api.elsevier.com/content/article/pii/S2352012426009458,ScienceDirect,"This study investigates the axial tensile behavior of interlocking mechanical connections in prestressed high-strength concrete (PHC) pipe piles, focusing on the often-overlooked effects of installation-induced damage. Full-scale axial pull-out tests were conducted on two PHC-600-B-130 pipe pile specimens with interlocking joints. The results revealed that installation damage significantly compromised joint integrity,with failure occurring exclusively via pull-out of the connecting pins, accompanied by thread stripping, at loads reaching only 60.0%–70.0% of the pile's design tensile capacity, and merely 51.0%–59.5% of the ultimate joint capacity without considering installation damage, while the concrete pile body remained intact. To further understand the underlying mechanisms, a detailed finite element analysis was performed, simulating both the push-in installation process and the subsequent tensile loading. The simulation successfully replicated the experimentally observed failure modes, identifying severe stress concentrations at the peripheral threads of the connecting block and the final thread of the pin. Based on these insights, two geometrical improvements were proposed and evaluated numerically. Modifying the thread to a non-tapered geometry increased the ultimate load by a factor of 1.44. Introducing a chamfer at the thread edge of the connecting block effectively mitigated stress concentrations and enhanced the load-bearing capacity of the joint. As the chamfer angle decreases, the ultimate load increases accordingly. When a 42.8° chamfer was applied, the ultimate load increased by a factor of 4.46.",Axial pull-out test; Installation damage; Interlocking joints; Performance enhancement; PHC pipe piles,S2352012426009458,PHC/concrete pipe pile or spun concrete member,Method inferred from ScienceDirect title/abstract,Condition present in query/title but not quantitatively stated in available metadata,See abstract metadata; detailed findings require full-text reading where access is lawful.,"It studies concrete or cementitious members made under centrifugal acceleration, which is the closest established literature family to hypergravity concrete forming.","High: directly informs pipe piles, hollow members, mix stability, density gradient, durability, and centrifugal production.",metadata is usable for initial screening,5,4,3,5,4.35,included,Directly studies concrete materials or concrete members under centrifugal forming.
centrifuged_concrete,D1,离心成型混凝土,Centrifuged / centrifugally cast / spun concrete,"""concrete pipe pile""",Effect of n-C-S-H-PCE and slag powder on the autogenous shrinkage of high-strength steam-free pipe pile concrete,Penggang Wang,2022,Construction and Building Materials,10.1016/j.conbuildmat.2022.126815,https://api.elsevier.com/content/article/pii/S0950061822005037,ScienceDirect,"This study investigates the effect of the calcium silicate hydrate–Polycarboxylate ether nanocomposite (n-C-S-H-PCE) on the development of autogenous shrinkage and other relevant properties, including strength, hydration degree, elastic modulus, and capillary pressure. To measure the autogenous shrinkage development of concrete, a strain-temperature-humidity integrated acquisition system was used to continuously monitor the interior strain, temperature, and humidity evolutions of the concrete. The results show that the n-C-S-H-PCE has a pronounced enhancement effect on the mechanical properties up to 7 d. The early strength enhancement of the n-C-S-H-PCE can reach 64% at 1 d. Due to the fast hydration, the autogenous shrinkage is higher in the concrete containing n-C-S-H-PCE. And the slag powder also increases the autogenous shrinkage. Moreover, a model suitable for predicting the autogenous shrinkage of high-strength concrete, such as PHC pipe piles, is established. The prediction values are in good agreement with the experimental values. We finally conclude that the n-C-S-H-PCE increases the hydration degree, which results in a lower internal RH and a higher capillary pressure at the early hydration period compared with the reference concrete. This study provides a reference for the application of n-C-S-H-PCE and slag powder in concrete and the further prediction of the autogenous shrinkage for concrete containing those ingredients.",Autogenous Shrinkage; n-C-S-H-PCE; PHC pipe pile; Shrinkage Model; Slag powder,S0950061822005037,PHC/concrete pipe pile or spun concrete member,Method inferred from ScienceDirect title/abstract,Condition present in query/title but not quantitatively stated in available metadata,See abstract metadata; detailed findings require full-text reading where access is lawful.,"It studies concrete or cementitious members made under centrifugal acceleration, which is the closest established literature family to hypergravity concrete forming.","High: directly informs pipe piles, hollow members, mix stability, density gradient, durability, and centrifugal production.",metadata is usable for initial screening,5,4,3,5,4.35,included,Directly studies concrete materials or concrete members under centrifugal forming.
centrifuged_concrete,D1,离心成型混凝土,Centrifuged / centrifugally cast / spun concrete,"""concrete pipe pile""",Engineering Characteristics and Reinforcement Program of Inclined Pre-stressed Concrete Pipe Piles,De-quan Zhou,2019,KSCE Journal of Civil Engineering,10.1007/s12205-019-0192-1,https://api.elsevier.com/content/article/pii/S122679882403215X,ScienceDirect,"When it comes to the deep soft soil foundation, improper construction, preloading, and excavation may result in the inclination of the pre-stressed concrete pipe (PCP) piles. Lack of understanding on deformation characteristics may lead to inaccurate reinforcement plan, thereby causing new engineering accidents. This study analyzes an engineering accident induced by the pile inclination, based on which the finite element method model is built. Deformation characteristics of the foundation incorporating inclined PCP piles are investigated, and the reinforcement program involving placement of the pile with opposite inclination is proposed and compared with the conventional reinforcement program using vertical piles. Findings of this study are two-folds: 1) A critical inclination angle affecting the vertical settlement exists, below which the pile inclination has limited effects upon the vertical load bearing capacity of the foundation. 2) The vertical subsidence, the lateral displacement and the bending moment of the reinforcement program based on the reversely inclined pile are all decreased, which helps bear the overburden load and improve stability. In the process of engineering accident treatment, the bearing capacity of PCP piles with small inclination angles can be first reduced according to their inclination angles, followed by judgement that whether these PCP piles meet the requirements on bearing capacity. The PCP piles with large inclination angles must be strengthened, and the reverse inclined PCP piles are recommended.",engineering accident; engineering characteristics; FEM model; inclined PCP pile; reinforcement program,S122679882403215X,PHC/concrete pipe pile or spun concrete member,Method inferred from ScienceDirect title/abstract,Condition present in query/title but not quantitatively stated in available metadata,See abstract metadata; detailed findings require full-text reading where access is lawful.,"It studies concrete or cementitious members made under centrifugal acceleration, which is the closest established literature family to hypergravity concrete forming.","High: directly informs pipe piles, hollow members, mix stability, density gradient, durability, and centrifugal production.",metadata is usable for initial screening,5,4,3,5,4.35,included,Directly studies concrete materials or concrete members under centrifugal forming.
centrifuged_concrete,D1,离心成型混凝土,Centrifuged / centrifugally cast / spun concrete,"""spun concrete""",Experimental and numerical investigation for the flexural behavior of pretensioned spun precast concrete piles,Khondaker Sakil Ahmed,2025,Engineering Structures,10.1016/j.engstruct.2025.121071,https://api.elsevier.com/content/article/pii/S0141029625014622,ScienceDirect,"Pretensioned Spun Precast Concrete (SPC) piles are considered to be a good solution for deep foundations because of their easier installation, superior quality control, cleaner manufacturing processes, reduced material used, and overall economic efficiency. However, the reduced sectional area of SPC piles resulting from their hollowness and usually a low percentage of prestressing strands raises concerns about their flexural capacity, particularly in seismic areas where both strength and ductility are important for the foundation's resilience. In this regard, the flexural response of SPC Piles was investigated both experimentally and numerically. Nine full-scale SPC pile specimens were tested under four-point bending until complete failure occurred. The specimen variations encompass two different diameters, numbers of strands, and thicknesses. The moment-deformation responses, fracture propagation, failure patterns, deformed configurations, and load-strain responses were examined meticulously. Subsequently, the flexural response of the specimens was analyzed parametrically using the finite element (FE) method, following the requisite validation of the FE models. The parameters analyzed were concrete grade, spiral spacing, number of strands, effective prestress, and thickness-to-diameter ratio. The experimental results suggest that increasing the sectional size from 300 mm to 400 mm increases the bending capacity by 64 % and deformation capacity by 50 % whereas increasing the number of strands has very little influence on the bending capacity. The parametric analysis suggested that the flexural performance and materials use of SPC piles were optimum with an effective prestress of 6.0 MPa and a thickness-to-diameter (t/D) ratio of 0.20–0.23. Comparison with design codes showed that the PCI guideline provided the most accurate ultimate moment predictions with a mean ratio = 1.21 and SD = 0.09. Moreover, pile capacity improves with the increase in concrete grade, though brittle failure occurs when these values exceed 50 MPa. Therefore, this study provides insight into the flexural response of SPC Pile specimens, facilitating their application in earthquake zones.",Finite element analysis; Flexural response; Parametric analysis; SPC pile; Thickness to diameter ratio,S0141029625014622,Concrete/cementitious material or calcium-rich object inferred from title/abstract,Centrifugal forming / spinning / casting,spun,See abstract metadata; detailed findings require full-text reading where access is lawful.,"It studies concrete or cementitious members made under centrifugal acceleration, which is the closest established literature family to hypergravity concrete forming.","High: directly informs pipe piles, hollow members, mix stability, density gradient, durability, and centrifugal production.",metadata is usable for initial screening,5,4,3,5,4.35,included,Directly studies concrete materials or concrete members under centrifugal forming.
centrifuged_concrete,D1,离心成型混凝土,Centrifuged / centrifugally cast / spun concrete,"""centrifuged concrete""",Experimental investigation and statistical evaluation of mechanical properties of centrifuged PHC pipe pile concrete,Yuzhi Chen,2025,Structures,10.1016/j.istruc.2025.110821,https://api.elsevier.com/content/article/pii/S2352012425026384,ScienceDirect,"Due to the inherent differences in molding processes, the test results obtained from traditional vibrated concrete specimens may not reliably represent the true mechanical properties of centrifuged prestressed high-strength concrete (PHC) pipe pile concrete. To address this limitation, a specialized laboratory-scale centrifuge was developed in this study to fabricate prismatic centrifuged concrete specimens. The mechanical properties of centrifuged concrete under different steam curing regimes were systematically investigated and compared with those of vibrated concrete, with particular attention to strength, stiffness, and fracture energy. Analysis of variance (ANOVA) was conducted to evaluate the effects of molding methods and steam curing regimes on all mechanical response variables, supplemented by an examination of pore structure differences. The results demonstrate that centrifuged concrete exhibits significantly improved mechanical properties compared with vibrated concrete. Extending the pre-curing time from 2 h to 4 h enhances strength development but inhibits the growth of fracture energy. Moreover, prolonged steam curing exerts a pronounced negative effect on the mechanical properties of vibrated concrete, whereas it shows a slightly positive effect on centrifuged concrete. The optimal performance of centrifuged concrete, characterized by the lowest porosity and superior mechanical properties, was achieved with a pre-curing time of 4 h and a holding time of 9 h.",Analysis of variance (ANOVA); Centrifugation; Mechanical properties; PHC pipe pile concrete; Steam curing,S2352012425026384,PHC/concrete pipe pile or spun concrete member,Gravity-field or centrifugation-controlled cement hydration experiment,centrifuged,See abstract metadata; detailed findings require full-text reading where access is lawful.,"It studies concrete or cementitious members made under centrifugal acceleration, which is the closest established literature family to hypergravity concrete forming.","High: directly informs pipe piles, hollow members, mix stability, density gradient, durability, and centrifugal production.",metadata is usable for initial screening,5,4,3,5,4.35,included,Directly studies concrete materials or concrete members under centrifugal forming.
centrifuged_concrete,D1,离心成型混凝土,Centrifuged / centrifugally cast / spun concrete,"""PHC pile""",Experimental shear test of deep PHC piles reinforced by infilled concrete and shear rings,Sun-Jin Han,2022,Journal of Building Engineering,10.1016/j.jobe.2021.103812,https://api.elsevier.com/content/article/pii/S2352710221016703,ScienceDirect,"This paper presents experimental shear tests of pretensioned spun high-strength concrete (PHC) piles reinforced by infilled concrete and shear rings with shear span-to-depth ratio of less than 2.0. Seven specimens are designed and fabricated, where the longitudinal reinforcement ratio and presence of shear rings and sludge are set as key variables. The load–deflection responses and crack patterns of the specimens, strain behavior of shear rings, and composite action between the PHC pile and infilled concrete are measured and analyzed comprehensively. Based on the experimental results, this study examined whether the current design codes, which are section-based models, are appropriate for designing PHC piles with infilled concrete. In addition, a strut and tie model is proposed to estimate the shear strengths of PHC piles with circular cross-sections and different material properties. The analysis results show that the code equations can be used for the shear design of deep PHC piles reinforced by infilled concrete and shear rings in a conservative manner, and that the proposed strut and tie model considering different material characteristics of the PHC piles and infilled concrete provides good evaluation results.",Arch action; Deep member; PHC pile; Prestressed concrete; Shear strength,S2352710221016703,PHC/concrete pipe pile or spun concrete member,Centrifugal forming / spinning / casting,spun,See abstract metadata; detailed findings require full-text reading where access is lawful.,"It studies concrete or cementitious members made under centrifugal acceleration, which is the closest established literature family to hypergravity concrete forming.","High: directly informs pipe piles, hollow members, mix stability, density gradient, durability, and centrifugal production.",metadata is usable for initial screening,5,4,3,5,4.35,included,Directly studies concrete materials or concrete members under centrifugal forming.
centrifuged_concrete,D1,离心成型混凝土,Centrifuged / centrifugally cast / spun concrete,"""spun concrete""",Experimental study on permeability of spun high strength concrete material during mechanical loading,Jingran He,2023,Construction and Building Materials,10.1016/j.conbuildmat.2023.133034,https://api.elsevier.com/content/article/pii/S0950061823027514,ScienceDirect,"The pretensioned spun high strength concrete pipe pile (PHC pipe pile) is widely applied in important infrastructures of off-shore zones due to its low permeability and high capacity. During the construction process and the whole service period of PHC pipe piles, the damage is inevitably caused by many reasons, which may eventually cause the early durability failure of piles. Many researches have been conducted to study the change in permeability of normal concrete due to mechanical damage. However, the relation between permeability and damage of spun high strength concrete (SHSC) is still not been studied. To quantitively investigate the change of permeability of SHSC, a series of specimens of PHC pipe piles were tested for the change of permeability during mechanical loading process in this study. As a result, the relation of stress and permeability of spun high strength concrete as well as the crack roughness of the SHSC is obtained for efficient application in engineering. Before the 40% stress ratio, the permeability of the SHSC is slightly decreased as the compressive stress increases. The mean value and standard deviation of the intrinsic permeability of the SHSC are increased as the compressive stress loading reaches the peak stress. The order of magnitude of the crack roughness ξ can be taken as 10- 4 for engineering application. Compared with the vibrate-casted concrete, the crack roughness ξ is smaller, indicating that the crack surface of SHSC is rougher than the vibrate-casted concrete.",Coupling of permeability and stress; Permeability; Poiseuille's law; Spun high strength concrete,S0950061823027514,PHC/concrete pipe pile or spun concrete member,Centrifugal forming / spinning / casting,spun,See abstract metadata; detailed findings require full-text reading where access is lawful.,"It studies concrete or cementitious members made under centrifugal acceleration, which is the closest established literature family to hypergravity concrete forming.","High: directly informs pipe piles, hollow members, mix stability, density gradient, durability, and centrifugal production.",metadata is usable for initial screening,5,4,3,5,4.35,included,Directly studies concrete materials or concrete members under centrifugal forming.
centrifuged_concrete,D1,离心成型混凝土,Centrifuged / centrifugally cast / spun concrete,"""centrifugally cast concrete""",Field buried and laboratory investigation of Full-Scale eco-friendly Spun-Cast concrete pipes under various construction loading regimes,Adeel Faisal,2024,Tunnelling and Underground Space Technology,10.1016/j.tust.2024.105813,https://api.elsevier.com/content/article/pii/S0886779824002311,ScienceDirect,"Reinforced concrete pipes are widely used under embankments for drainage purposes. Current design and construction guidelines for the reinforced concrete pipes are known to be overly conservative, putting reinforced concrete pipes at a disadvantage against flexible pipes. This study was designed to assess the structural performance of full-scale buried precast concrete pipes with shallow soil cover under the application of vehicular load representing commonly used construction equipment and daily routine vehicles. The concrete pipes incorporating fly ash were reinforced with double cage reinforcement with varying amounts of steel. Various types of vehicles including dump trucks, plain roller, asphalt-filled truck, and transit mixer were passed perpendicular to the longitudinal axis of the buried concrete pipe and the vertical displacement at the pipe's crown was monitored. Maximum deflection of 0.26 mm was observed due to the passage of dump truck over the buried pipe. No cracking or sign of distress was observed in the buried pipe under the action of tested vehicular loads. Therefore, pipes were transported to the laboratory and tested under three-edge bearing line load and patch load to mimic the application of wheel load and to investigate the cracking and ultimate capacities. The reduction in the steel reinforcement by 75 % and 50 % resulted in the decrease in the ultimate load capacities of the pipes by 83 % and 57 %, respectively. The 0.3 mm crack load in the patch load test was 0.82 to 0.89 times the 0.3 mm crack load in the three-edge bearing line load test. The 0.3 mm crack load in the laboratory test was around twice the maximum load applied to the pipe in the field buried condition. This study will help designers and contractors to better understand the field and laboratory performance of reinforced eco-friendly concrete pipes buried in shallow soil cover. Moreover, this study acts as a benchmark for evaluating the real field pipe capacities during the construction phase of various infrastructures development.",Buried pipes; Construction equipment; Patch load; Three-edge test; Vehicular load,S0886779824002311,cementitious or calcium-rich carbonation material,Centrifugal forming / spinning / casting,spun,See abstract metadata; detailed findings require full-text reading where access is lawful.,"It studies concrete or cementitious members made under centrifugal acceleration, which is the closest established literature family to hypergravity concrete forming.","High: directly informs pipe piles, hollow members, mix stability, density gradient, durability, and centrifugal production.",metadata is usable for initial screening,5,4,3,5,4.35,included,Directly studies concrete materials or concrete members under centrifugal forming.
centrifuged_concrete,D1,离心成型混凝土,Centrifuged / centrifugally cast / spun concrete,"""concrete pipe pile""",Field tests and finite element modeling of a Prestressed Concrete Pipe pile-composite foundation,Meng Yang,2015,KSCE Journal of Civil Engineering,10.1007/s12205-015-0549-z,https://api.elsevier.com/content/article/pii/S1226798824039424,ScienceDirect,"The Prestressed Concrete Pipe (PCP) pile-composite foundation was initially employed in the foundation of a culvert in the ancient Yellow River of China. To analyze the reinforcement effect of the foundation, a composite foundation composed of PCP piles was investigated with field tests and numerical simulations. A static load test was conducted to investigate the stress and deformation of the PCP pile-composite foundation, and a finite element model under three-dimensional (3D) axisymmetric conditions was developed to simulate the stress and deformation of the foundation. The Finite Element (FE) model used a nonlinear constitutive model for the soil, cushion and pile-soil interface. The results of the numerical simulations correspond with the load sharing, stress and displacement results of the static load test and indicate that the soil stress is primarily compressive. The cushion reduces the difference in settlement between the middle region and the side region of the bearing plate and increases the bearing capacity of the PCP pile-composite foundation. The stress of the pile significantly varies in the upper 1 m. The pile-soil load-sharing ratio increases with an increase in external load. This paper is expected to be useful for scientific research and efficient applications of PCP pilecomposite foundations.",cushion; FE model; foundation; interface; pile; static load,S1226798824039424,PHC/concrete pipe pile or spun concrete member,Method inferred from ScienceDirect title/abstract,Condition present in query/title but not quantitatively stated in available metadata,See abstract metadata; detailed findings require full-text reading where access is lawful.,"It studies concrete or cementitious members made under centrifugal acceleration, which is the closest established literature family to hypergravity concrete forming.","High: directly informs pipe piles, hollow members, mix stability, density gradient, durability, and centrifugal production.",metadata is usable for initial screening,5,4,3,5,4.35,included,Directly studies concrete materials or concrete members under centrifugal forming.
centrifuged_concrete,D1,离心成型混凝土,Centrifuged / centrifugally cast / spun concrete,"""PHC pile""",Field tests on compressive bearing capacity of cast-in-situ pile and pre-bored grouted PHC pile,Jiajin Zhou,2025,Journal of Rock Mechanics and Geotechnical Engineering,10.1016/j.jrmge.2025.08.032,https://api.elsevier.com/content/article/pii/S1674775525005141,ScienceDirect,unclear,unclear,S1674775525005141,PHC/concrete pipe pile or spun concrete member,Method inferred from ScienceDirect title/abstract,Condition present in query/title but not quantitatively stated in available metadata,ScienceDirect direct metadata did not provide enough abstract detail.,"It studies concrete or cementitious members made under centrifugal acceleration, which is the closest established literature family to hypergravity concrete forming.","High: directly informs pipe piles, hollow members, mix stability, density gradient, durability, and centrifugal production.",abstract unavailable or too short in API metadata; excluded from final Excel because no usable abstract was available from Elsevier metadata.,5,4,3,3,4.05,excluded_missing_abstract,Directly studies concrete materials or concrete members under centrifugal forming.
centrifuged_concrete,D1,离心成型混凝土,Centrifuged / centrifugally cast / spun concrete,"""PHC pile""",Flexural behavior of circular PHC piles strengthened with steel sleeve grouting,Sicheng Shen,2026,Ocean Engineering,10.1016/j.oceaneng.2026.124385,https://api.elsevier.com/content/article/pii/S0029801826002192,ScienceDirect,"High-pile wharves are prone to damage under the action of complex marine environments. The steel sleeve grouting reinforcement technology is used to repair damaged PHC piles. This paper researches the flexural performance of circular PHC piles strengthened with steel sleeve grouting (CPSG). The tests illustrate the failure process and mode of CPSG under bending loads. ABAQUS-based finite element models were constructed, and their reliability was confirmed through comparison between simulation results and experimental data. On this basis, a sensitivity analysis was conducted. The numerical simulation results show that increasing steel sleeve thickness (t), steel sleeve yield strength (fy), and grouting material thickness (δ) can improve flexural bearing capacity and stiffness, while increasing grouting material strength (fc) has little effect on the flexural bearing capacity, but it can improve the stiffness to a certain extent, and pre-stressed reinforcement diameter (d) has little impact on the flexural bearing capacity and stiffness. Finally, the force and moment equilibrium equations were established based on the verified plane section assumption, and thus the formula for the ultimate flexural bearing capacity of CPSG was derived. The favorable agreement among theory, simulation, and experiment validates the comprehensive approach and provides reliable guidance for engineering applications of CPSG.",Finite element modelling; Flexural performance; Four-point bending test; Steel sleeve grouting; Theoretical analysis,S0029801826002192,PHC/concrete pipe pile or spun concrete member,Method inferred from ScienceDirect title/abstract,Condition present in query/title but not quantitatively stated in available metadata,See abstract metadata; detailed findings require full-text reading where access is lawful.,"It studies concrete or cementitious members made under centrifugal acceleration, which is the closest established literature family to hypergravity concrete forming.","High: directly informs pipe piles, hollow members, mix stability, density gradient, durability, and centrifugal production.",metadata is usable for initial screening,5,4,3,5,4.35,included,Directly studies concrete materials or concrete members under centrifugal forming.
centrifuged_concrete,D1,离心成型混凝土,Centrifuged / centrifugally cast / spun concrete,"""spun concrete""",Flexural performance of pretensioned centrifugal spun concrete piles with combined steel strands and reinforcing bars,Junwei Ren,2021,Structures,10.1016/j.istruc.2021.10.052,https://api.elsevier.com/content/article/pii/S2352012421010092,ScienceDirect,"Pretensioned spun high-strength concrete (PHC) piles have been widely used in building foundations in many parts of the world. However, PHC piles are also known to have poor lateral deformation and ductility capacity and hence are not suitable for seismic regions. To improve the horizontal load bearing and deformation capacities, pretensioned centrifugal spun concrete piles with steel strands alone (hereafter referred to as PSC piles) or a combination of steel strands and mild steel deformed rebars (referred to as PSRC piles) have been developed. PSRC piles are expected to benefit on the one hand from steel strands with high deformation capacity, and on the other hand from deformed steel bars with good bond with concrete and hence better control of cracks. This paper presents a comprehensive study on the comparative flexural performance of PSC and PSRC piles. The bending tests of PSC piles and PSRC piles were firstly conducted on six full-scale pile specimens with three different pile diameters, respectively. The flexural performances are evaluated in terms of crack resistance, flexural and deformation capacities, as well as crack distribution. The results show that the cracking bending moment of PSRC piles is similar to that of PSC piles, but the ultimate bending moment is about 55% higher due to the addition of deformed rebars. The general cracking behavior of PSRC piles exhibit remarkable improvement comparing to PSC piles, with an extended crack region, denser distribution of cracks, and much reduced maximum crack width. Following the experimental study, a theoretical method is proposed for the calculation of the flexural strength and flexural stiffness of prestressed concrete piles considering the presence of both steel strands and deformed rebars. Furthermore, a finite element (FE) model has been developed to simulate the flexural performance of the piles. The accuracy of the FE model is validated through comparing with the experimental results, and subsequently parametric analyses are conducted to explore the influences of three parameters, including the prestressing level of the prestressing strands, prestressing strand ratio and deformed steel bar ratio, on the flexural performance of PSRC piles.",Deformed steel bar; Flexural performance; High-strength concrete; Parametric analysis; Pretensioned spun concrete pile; Steel strand,S2352012421010092,PHC/concrete pipe pile or spun concrete member,Centrifugal forming / spinning / casting,centrifugal; spun,See abstract metadata; detailed findings require full-text reading where access is lawful.,"It studies concrete or cementitious members made under centrifugal acceleration, which is the closest established literature family to hypergravity concrete forming.","High: directly informs pipe piles, hollow members, mix stability, density gradient, durability, and centrifugal production.",metadata is usable for initial screening,5,4,3,5,4.35,included,Directly studies concrete materials or concrete members under centrifugal forming.
centrifuged_concrete,D1,离心成型混凝土,Centrifuged / centrifugally cast / spun concrete,"""prestressed high-strength concrete pipe pile""",Full-scale experimental research on the bending fatigue performance of post-tensioned prestressed concrete pipe piles,Rui Liu,2022,Ocean Engineering,10.1016/j.oceaneng.2022.112025,https://api.elsevier.com/content/article/pii/S0029801822013567,ScienceDirect,"Post-tensioned prestressed concrete pipe piles (large cylinder piles) have been widely used in port and bridge engineering because they are economical and deliver excellent performance, and thus, have potential for use in offshore engineering. However, limited research has been devoted to the bending fatigue of large cylinder piles, which is essential for offshore engineering design. This study evaluated the bending fatigue of large cylinder piles by performing a series of full-scale bending fatigue tests on three specimens (L = 12 m, D = 1.2 m) and numerically analyzing the static cracking patterns in them. The static performance of large cylinder piles, including the bending moment of static cracking (Mcr) and its patterns, was analyzed by using a validated finite element model. Three-point bending fatigue tests with cyclic loading under a constant amplitude (stress ratio R = 0.4, peak fatigue load = 37.72%–80.00% Mcr) were then conducted to examine the development of mid-span displacement and stiffness degradation in the specimens. A critical damage factor (Dcr), which uses the cracking of concrete as the indicator of termination of the test, and a modified approach to prediction were then proposed and applied, based on findings of the fatigue test and past literature, to predict the number of cycles that it took for the large cylinder piles to crack. Finally, bi-linear S–N curves were plotted by considering the effective prestress according to the experimental and estimated data. The results here provide a theoretical basis for the fatigue-based design and application of large cylinder piles.",Bending fatigue-related performance; Bi-linear S–N curves; Full-scale bending fatigue tests; Offshore engineering; Post-tensioned prestressed concrete pipe piles,S0029801822013567,PHC/concrete pipe pile or spun concrete member,Method inferred from ScienceDirect title/abstract,Condition present in query/title but not quantitatively stated in available metadata,See abstract metadata; detailed findings require full-text reading where access is lawful.,"It studies concrete or cementitious members made under centrifugal acceleration, which is the closest established literature family to hypergravity concrete forming.","High: directly informs pipe piles, hollow members, mix stability, density gradient, durability, and centrifugal production.",metadata is usable for initial screening,5,4,3,5,4.35,included,Directly studies concrete materials or concrete members under centrifugal forming.
centrifuged_concrete,D1,离心成型混凝土,Centrifuged / centrifugally cast / spun concrete,"""spun concrete""",Full-scale experimental study of the seismic performance of pretensioned spun high-strength concrete piles,Junwei Ren,2022,Soil Dynamics and Earthquake Engineering,10.1016/j.soildyn.2022.107467,https://api.elsevier.com/content/article/pii/S0267726122003165,ScienceDirect,"Pretensioned spun high-strength concrete (PHC) piles have been widely used in the pile foundations of buildings in soft soil areas due to their high axial bearing capacity and good economic benefit. However, the behavior of PHC piles under lateral loading is generally poor and this restricts their application in high-intensity seismic regions, especially for high-rise buildings. The existing research on the performance of PHC piles under cyclic lateral loading and with the presence of axial force is scarce. In this paper, the seismic performance of PHC piles is systematically evaluated through full-scale tests and numerical simulations. Lateral cyclic loading tests for two full-scale PHC pile specimens were conducted under different axial force ratios, and their performances were examined in terms of cracking pattern, failure mode, hysteretic characteristics, lateral bearing capacity, ductility, stiffness degradation and energy dissipation capacity. A dedicated finite element (FE) model was then developed using the software DIANA to compute the cyclic behavior of PHC piles, and the model was verified against the experimental results. Using the verified FE model, parametric analyses have been carried out to study the effects of axial force ratio, prestressing level of prestressing tendons, longitudinal reinforcement ratio, concrete wall thickness of the pile body and distributed pattern of prestressing tendons on the seismic performance of the PHC piles. The results show that the axial force ratio has a significant effect on the cyclic behavior and failure mode of PHC piles; an increase in the axial force ratio leads to an increase in the lateral bearing capacity but generally a decrease in the deformation capacity. The failure mode of the PHC piles is controlled by the rupture of prestressing tendons under lower axial force ratios (less than 0.15) but crushing of concrete under higher axial force ratios (greater than 0.15). Increasing the concrete wall thickness tends to improve the overall performance of the PHC piles, especially under higher axial force ratios.",Axial force ratio; Cyclic loading test; Ductility; Lateral bearing capacity; Pretensioned spun concrete pile; Seismic performance,S0267726122003165,PHC/concrete pipe pile or spun concrete member,Centrifugal forming / spinning / casting,spun,See abstract metadata; detailed findings require full-text reading where access is lawful.,"It studies concrete or cementitious members made under centrifugal acceleration, which is the closest established literature family to hypergravity concrete forming.","High: directly informs pipe piles, hollow members, mix stability, density gradient, durability, and centrifugal production.",metadata is usable for initial screening,5,4,3,5,4.35,included,Directly studies concrete materials or concrete members under centrifugal forming.
centrifuged_concrete,D1,离心成型混凝土,Centrifuged / centrifugally cast / spun concrete,"""centrifugal casting concrete""",Full-scale spun-cast cementless concrete pipes: Effects of manufacturing parameters and hybrid fibers reinforcement on structural performance,Safeer Abbas,2026,Case Studies in Construction Materials,10.1016/j.cscm.2026.e06121,https://api.elsevier.com/content/article/pii/S2214509526003724,ScienceDirect,"Spun-cast production is widely used for precast concrete pipes, but the structural performance of cementless geopolymer pipes remains highly sensitive to manufacturing control. The main objective of this study was to identify how mixture design, interruption during casting, rotation regime, casting duration, and hybrid reinforcement influence the structural performance of full-scale fly ash-based cementless concrete pipes manufactured in an industrial plant. A three-phase experimental program was carried out. First, a 33 factorial matrix was used to optimize the geopolymer mixture by varying NaOH molarity, Na₂SiO₃/NaOH ratio, and alkaline activator-to-fly ash ratio. Second, full-scale pipes were manufactured under different spun-cast conditions, including continuous and interrupted casting, different rotation speeds, and casting durations. Third, the effect of reducing the conventional steel cage and adding steel and polypropylene (PP) fibers was evaluated. In total, 29 pipes of 450 mm internal diameter were tested under three-edge bearing and patch loading after 56 days. The optimum mixture was obtained at 14 M NaOH, Na₂SiO₃/NaOH = 1.5, and AA/FA = 0.55, giving compressive strengths up to 28 MPa. Interrupting the spun-cast process at 50% filling significantly reduced the capacity; whereas, interruption at 75% had a little effect, indicating a practical consolidation threshold. The best mechanical response was obtained with an initial speed of 100–125 rpm, a final speed of 300–350 rpm, and a total casting time of 18 min. Reducing the steel cage decreased the cracking and ultimate loads, but fibers partially recovered the lost capacity. Among the tested configurations, the pipe with full steel cage plus 10 kg/m³ PP fibers achieved the highest three-edge bearing performance, reaching 141 kN at 0.30 mm crack width and 206 kN at ultimate, satisfying ASTM C76 Class IV requirements. The study establishes practical production thresholds and reinforcement-selection guidance for manufacturing sustainable cementless concrete pipes at full scale.",Cementless concrete; Cracking patterns; Patch load test; Pipe; Polypropylene fiber; Spun-cast methodology; Steel fiber; Three-edge bearing test,S2214509526003724,cementitious or calcium-rich carbonation material,Centrifugal forming / spinning / casting,spun,See abstract metadata; detailed findings require full-text reading where access is lawful.,"It studies concrete or cementitious members made under centrifugal acceleration, which is the closest established literature family to hypergravity concrete forming.","High: directly informs pipe piles, hollow members, mix stability, density gradient, durability, and centrifugal production.",metadata is usable for initial screening,5,4,3,5,4.35,included,Directly studies concrete materials or concrete members under centrifugal forming.
centrifuged_concrete,D1,离心成型混凝土,Centrifuged / centrifugally cast / spun concrete,"""prestressed high-strength concrete pipe pile""",Impact performance of new prestressed high-performance concrete pipe piles manufactured with an environmentally friendly technique,Feng Liu,2019,Journal of Cleaner Production,10.1016/j.jclepro.2019.05.241,https://api.elsevier.com/content/article/pii/S0959652619317755,ScienceDirect,"To satisfy the requirements of energy reduction, environmental protection, and cost reduction, a new environmentally friendly technique of prestressed high-performance concrete (PHC) pipe piles without the high temperature and pressure steam curing step was proposed in this paper. An impact performance test on four PHC pipe piles manufactured with the traditional and new processing techniques was conducted. Five impact levels with the hammer heights of 6.3 m, 4.2 m, 1.6 m, 1.1 m and 0.6 m were considered in the test. The failure modes were presented. The impact force, strain, and energy absorption capacity of two kinds of PHC pipe piles were measured and discussed. Finally, finite element simulations with non-linear code LS-DYNA were performed to further understand the impact response of the pile specimens. It is found that (1) the PHC pipe piles manufactured with traditional and new processing techniques had good impact performance; (2) the impact force and the maximum axial strain increased with the increase of the hammer height (or impact energy); (4) two kinds of pile specimens had similar energy absorption capabilities under impact loadings; and (5) the finite element model can fully simulate the impact performance of PHC pipe piles.",Energy reduction; Finite element simulation; Impact performance test; New environmentally friendly technique; PHC pipe piles,S0959652619317755,PHC/concrete pipe pile or spun concrete member,Method inferred from ScienceDirect title/abstract,Condition present in query/title but not quantitatively stated in available metadata,See abstract metadata; detailed findings require full-text reading where access is lawful.,"It studies concrete or cementitious members made under centrifugal acceleration, which is the closest established literature family to hypergravity concrete forming.","High: directly informs pipe piles, hollow members, mix stability, density gradient, durability, and centrifugal production.",metadata is usable for initial screening,5,4,3,5,4.35,included,Directly studies concrete materials or concrete members under centrifugal forming.
centrifuged_concrete,D1,离心成型混凝土,Centrifuged / centrifugally cast / spun concrete,"""PHC pile""",Innovative application of SDCM-PHC integrated pile-column system in semi-cover excavation metro stations: Mechanical behavior and performance validation,Xiujie Tang,2025,"Physics and Chemistry of the Earth, Parts A/B/C",10.1016/j.pce.2025.104125,https://api.elsevier.com/content/article/pii/S147470652500275X,ScienceDirect,"Semi-cover excavation is widely adopted in metro station construction, where central columns critically govern structural stability. Conventional steel-concrete composite columns with bored piles necessitate extensive post-construction steel tube cutting, incurring significant time and cost penalties. To address this, we propose an innovative application of stiffened deep cement mixing (SDCM) piles, formed by embedding prefabricated PHC pipe piles into freshly cast deep cement mixing (DCM) piles, within central column systems. This SDCM-PHC integrated system leverages dual-layer load transfer for enhanced bearing capacity while eliminating cutting requirements. Then, mechanical behavior was investigated, including variation of displacement and bending moment during station excavation through field monitoring; structural responses and parametric analysis using finite element modeling. The results show that peak structural demands (axial force, shear force, bending moment) concentrate at column tops, and increasing PHC pile stiffness from 0.5EI to 1.5EI amplifies column-top displacement by 59.09 % and cover slab settlement by 59.71 %. The solution satisfies structural requirements while reducing construction costs, providing valuable references for metro station applications.",Field monitoring; Numerical simulation; Parameter analysis; SDCM piles; Semi-cover excavation,S147470652500275X,PHC/concrete pipe pile or spun concrete member,Method inferred from ScienceDirect title/abstract,Condition present in query/title but not quantitatively stated in available metadata,See abstract metadata; detailed findings require full-text reading where access is lawful.,"It studies concrete or cementitious members made under centrifugal acceleration, which is the closest established literature family to hypergravity concrete forming.","High: directly informs pipe piles, hollow members, mix stability, density gradient, durability, and centrifugal production.",metadata is usable for initial screening,5,4,3,5,4.35,included,Directly studies concrete materials or concrete members under centrifugal forming.
centrifuged_concrete,D1,离心成型混凝土,Centrifuged / centrifugally cast / spun concrete,"""prestressed high-strength concrete pipe pile""",Investigation on Corrosion of Welded Joint of Prestressed High-strength Concrete Pipe Piles,Wei Demin,2017,Procedia Engineering,10.1016/j.proeng.2017.11.051,https://api.elsevier.com/content/article/pii/S1877705817360459,ScienceDirect,"In this paper, the failure modes, the horizontal bearing capacity and horizontal bending stiffness of prestressed high-strength concrete (PHC) pipe piles with different corrosion degrees of joints under different axial compression are investigated by the pseudo static method. In analyses, the prestressing force is applied on pile piles by the cooling method, and some influence factors are considered, the plastic damage of concrete, the plastic deformation of reinforcement bars and other steel materials, and the corrosion degree of joints. Through comparative analyses of finite element analysis results of pipe piles with different corrosion degrees of joints under different axial compression, it is found when the corrosion degree of the welded joint is higher and the axial compression is lower, the horizontal bearing capacity and horizontal bending stiffness would be lower. when the corrosion degree of the welded joint and the axial compression is higher, the energy dissipation capacity of pipe piles would be lower.",energy dissipation capacity; horizontal bearing capacity; horizontal bending stiffness; PHC pipe pile; pseudo static analysis; welding corrosion,S1877705817360459,PHC/concrete pipe pile or spun concrete member,Method inferred from ScienceDirect title/abstract,Condition present in query/title but not quantitatively stated in available metadata,See abstract metadata; detailed findings require full-text reading where access is lawful.,"It studies concrete or cementitious members made under centrifugal acceleration, which is the closest established literature family to hypergravity concrete forming.","High: directly informs pipe piles, hollow members, mix stability, density gradient, durability, and centrifugal production.",metadata is usable for initial screening,5,4,3,5,4.35,included,Directly studies concrete materials or concrete members under centrifugal forming.
centrifuged_concrete,D1,离心成型混凝土,Centrifuged / centrifugally cast / spun concrete,"""spun concrete""",Manufactured sand for the development of reinforced concrete spun pipes,N. K. Mahaa Lakshmi,2022,Materials Today: Proceedings,10.1016/j.matpr.2022.06.048,https://api.elsevier.com/content/article/pii/S2214785322039827,ScienceDirect,"Due to overexploitation of natural resources, the deficiency of river sand as a fine aggregate is a major problem and manufactured sand is replaced as a suitable alternative material. This paper investigates the influence of Manufactured sand as a replacement for fine aggregate material in the manufacture of RCC spun pipes. M35 grade concrete is prepared with cement, coarse aggregate, superplasticizers, and river sand is replaced with 50%,75% and 100 % manufactured sand. Test results shows that the compressive strength of concrete cubes with 50% replacement levels leads to higher compressive strength at early ages, and their reactivity decreases at later age strength. Test conducted on concrete pipes reveals that the load-carrying capacity of pipes with 50% replacement levels increases and delays the crack formation on the surface and postponed the ultimate failure. Similarly, the hydrostatic test also shows positive results with the addition of MSand. The cost of Manufactured sand is lower than the river sand and it is free from impurities such as silt and clayey matters and it gives a possible solution to the shortage of fine aggregate in the production of RCC pipes.",Hydrostatic test; Manufactured sand; Natural sand; Spun pipes; Three edge load bearing test,S2214785322039827,cementitious or calcium-rich carbonation material,Centrifugal forming / spinning / casting,spun,See abstract metadata; detailed findings require full-text reading where access is lawful.,"It studies concrete or cementitious members made under centrifugal acceleration, which is the closest established literature family to hypergravity concrete forming.","High: directly informs pipe piles, hollow members, mix stability, density gradient, durability, and centrifugal production.",metadata is usable for initial screening,5,4,3,5,4.35,included,Directly studies concrete materials or concrete members under centrifugal forming.
centrifuged_concrete,D1,离心成型混凝土,Centrifuged / centrifugally cast / spun concrete,"""centrifuged concrete""",Microstructure characteristics and evolution of pipe pile concrete under centrifugation and steam curing,Xiaofeng Han,2024,Construction and Building Materials,10.1016/j.conbuildmat.2024.138554,https://api.elsevier.com/content/article/pii/S0950061824036961,ScienceDirect,"Prestressed high-strength concrete (PHC) pipe piles have become an important part of modern civil engineering projects, providing excellent load carrying capacity and structural integrity. However, the current study neglects the microstructural differences along the radial aspect brought about by the special manufacturing method (centrifugation, stream curing) of PHC piles. This microstructural is critical to the macroscopic properties of pipe pile concrete. In this paper, the microstructure evolution and hydration products of different PHC pipe piles position were researched. The results show that the tetrahedral bond angle, polymerization degree and Ca/Si in the middle position of the pipe pile concrete were higher than those in the inner and outer sides. The hydration degree of different pipe pile position is different. The pore content on the inside of the pipe pile were much larger than that on the outside at the early stage of hydration. The morphology of the different layers was obviously different from BSE images. At the age of 4–8 h, the outer side of the pipe pile concrete contained more ettringite than the other concrete layers. The water loss rate increases, and the w/b decreases as the pipe pile from the outside to the inside. The results provide further insights into the microstructure, corrosion resistance and durability design of pipe pile concrete.",Centrifugation; Hydration; Microstructure; Pipe pile; Pore-hyperelasticity theory; Steam curing,S0950061824036961,PHC/concrete pipe pile or spun concrete member,Gravity-field or centrifugation-controlled cement hydration experiment,Condition present in query/title but not quantitatively stated in available metadata,See abstract metadata; detailed findings require full-text reading where access is lawful.,"It studies concrete or cementitious members made under centrifugal acceleration, which is the closest established literature family to hypergravity concrete forming.","High: directly informs pipe piles, hollow members, mix stability, density gradient, durability, and centrifugal production.",metadata is usable for initial screening,5,4,3,5,4.35,included,Directly studies concrete materials or concrete members under centrifugal forming.
centrifuged_concrete,D1,离心成型混凝土,Centrifuged / centrifugally cast / spun concrete,"""PHC pile""",Multi-scale microstructure quantitative characterization and anti-erosion performance of PHC pipe pile,Xiaofeng Han,2023,Construction and Building Materials,10.1016/j.conbuildmat.2023.133464,https://api.elsevier.com/content/article/pii/S0950061823031811,ScienceDirect,"Pre-stressed high-strength concrete (PHC) pipe pile is widely used in many large-scale projects, thus their durability has attracted more and more attention. However, in most studies, PHC pipe pile is regarded as the same as ordinary reinforced concrete, ignoring the effect of special construction processes and hollow shape on its microstructure and anti-erosion performance. In this paper, the real PHC pipe pile was cored and cut to investigate the multi-scale microstructure and the anti-erosion performance of PHC pipe pile concrete layer. The results shown that pore content first increases and then decreases with PHC pipe pile from the outer layer to the inner layer (5F → 1F) by CT, BSE and LF-NMR results, and the pore content changes most significantly around the rebar in PHC pipe pile. In rebar interfacial transition zone (ITZ), the thickness of the voids in PHC pipe pile is greater than that of normal reinforced concrete under the same water-binder ratio condition. Additionally, the content of un-hydration products in aggregate ITZ is obviously greater than that in rebar ITZ. Furthermore, the chloride ion diffusion coefficient of the concrete on the outside of the PHC pipe pile is slightly larger than that on the inside, which is closely related to the higher pore connectivity of the concrete on the outside of the PHC pipe pile. Moreover, it was found that centrifugation can not only reduce the water-binder ratio of PHC pipe pile but also affect the radial pore structure of PHC pipe pile concrete, including porosity and pore connectivity. This work finally indicated that the microstructure of PHC pipe pile concrete is quite different from that of normal reinforced concrete, providing a theoretical basis for establishing the diffusion model of PHC pipe pile concrete.",Anti-erosion performance; Centrifugation; Interfacial transition zone; Multi-scale characterization; PHC pipe pile,S0950061823031811,PHC/concrete pipe pile or spun concrete member,Gravity-field or centrifugation-controlled cement hydration experiment,Condition present in query/title but not quantitatively stated in available metadata,See abstract metadata; detailed findings require full-text reading where access is lawful.,"It studies concrete or cementitious members made under centrifugal acceleration, which is the closest established literature family to hypergravity concrete forming.","High: directly informs pipe piles, hollow members, mix stability, density gradient, durability, and centrifugal production.",metadata is usable for initial screening,5,4,3,5,4.35,included,Directly studies concrete materials or concrete members under centrifugal forming.
centrifuged_concrete,D1,离心成型混凝土,Centrifuged / centrifugally cast / spun concrete,"""spun concrete""",Numerical investigation for shear behavior of pretensioned spun precast concrete pile,Khondaker Sakil Ahmed,2024,Structures,10.1016/j.istruc.2024.106979,https://api.elsevier.com/content/article/pii/S2352012424011317,ScienceDirect,"Pretensioned spun precast concrete (SPC) pile has emerged as a popular solution for deep foundation systems due to its ease of construction, enhanced bearing capacity, and overall cost-effectiveness. However, the hollowness of SPC piles, which reduces their sectional area, may become critical near the pile cap zone, especially in liquefaction scenarios during earthquake events. This study numerically investigates the shear behavior of hollow pre-tensioned SPC piles using the Finite Element (FE) technique. Primarily, the numerical results are validated with the test results of actual SPC piles where they were manufactured by high-strength concrete and high-tensioned steel strands for both with and without spirals. The numerical results show a good agreement with the experimental data in terms of strength, stiffness, and failure pattern for both types of spiral arrangements. The numerically obtained shear capacity is also found to be within close range of the code recommendations. A series of parametric studies have been conducted to understand the influence of essential pile parameters such as spiral's spacing, effective prestress, number of strands, thickness-to-diameter ratio, concrete strength, and test orientation angle on the shear resistance of SPC pile. The study claimed that the addition of shear reinforcements to SPC piles boosts their shear capability, whereas the addition of strands and angle of test orientation have little effect on the piles' shear resistance. The optimum applied pre-stressing was found in a range of 4–8 MPa. The optimum values of t/d ratios in terms of material savings to shear resistance of the SPC pile fall in a range of 0.20 – 0.30. Morris Sensitivity Analysis (MSA) reveals that effective prestress and pile concrete strength are the most influential parameters of the shear capacity of SPC piles. This study provides important details for the SPC pile's shear design, illustrating its applicability in deep foundations in seismic areas.",Finite Element Analysis. Parametric Analysis; Shear resistance; SPC pile; Spirals,S2352012424011317,cementitious or calcium-rich carbonation material,Centrifugal forming / spinning / casting,spun,See abstract metadata; detailed findings require full-text reading where access is lawful.,"It studies concrete or cementitious members made under centrifugal acceleration, which is the closest established literature family to hypergravity concrete forming.","High: directly informs pipe piles, hollow members, mix stability, density gradient, durability, and centrifugal production.",metadata is usable for initial screening,5,4,3,5,4.35,included,Directly studies concrete materials or concrete members under centrifugal forming.
centrifuged_concrete,D1,离心成型混凝土,Centrifuged / centrifugally cast / spun concrete,"""PHC pile""",Numerical investigation on the energy efficiency analysis of PCM enhanced PHC energy pile under building cooling,Xiang Zhu,2025,Journal of Building Engineering,10.1016/j.jobe.2025.112709,https://api.elsevier.com/content/article/pii/S2352710225009465,ScienceDirect,"Energy pile is a novel technology to extract geothermal energy for building air conditioning. However, as the system operates, energy piles are facing the problem of rapid decline in energy efficiency and rapid increase in ground temperature. Phase change material backfill (PCMB), characterized by their substantial latent heat of fusion, elevated energy storage capacity, and minimal temperature fluctuation, are emerging as a novel and promising candidate for the thermal backfill medium in energy pile. Existing studies on PCMB in energy piles have predominantly focused on thermal performance, with limited exploration of their energy efficiency implications and an oversight of the coupled thermal interactions between heat pumps and energy pile systems. In this work, the coupled heat transfer models of energy pile and heat pump were developed and validated using data from in-situ tests to evaluate energy efficiency of prestressed high-strength concrete (PHC) energy pile under different PCM thermal conductivities, PCM transformation temperatures and PCM latent heats. This model established the relationship between the energy pile inlet temperature and the buildings load based on the correlation between energy efficiency and the heat pump inlet temperature (i.e., the energy pile outlet temperature) and iterated over each time step of the model to calculate the variation of energy efficiency. The results demonstrated that (i) PCMB significantly enhanced the thermal performance of PHC energy piles. Compared to traditional backfill (TB), the PCMB exhibited a 12.8 % increase in the energy efficiency ratio (EER), along with reductions of 11.41 % in heat pump power, 10.31 % in power consumption, and 9.10 % in maximum backfill temperature; (ii) EER increased with PCM thermal conductivity and latent heat. As the thermal conductivity rose from 0.64 W/m K to 2.44 W/m K, the EER increased by 78.09 %. As the latent heat rose from 79 kJ/kg to 229 kJ/kg, the EER increased by 6.46 %; (iii) the EER decreased with PCM transformation temperature. As the transformation temperature rose from 24 °C to 30 °C, the EER decreased by 5.80 %; (iv) meanwhile, PHC energy piles are more suited to PCMB than traditional grouted energy piles because the backfill in the center of the pile did not bear additional pressure. Hence, PCM had great potential in reducing power consumption of PHC energy piles. This work will guide the optimal design of energy pile PCMBs.",Building cooling; Coupled heat transfer model; Energy efficiency; Energy pile; Geothermal energy,S2352710225009465,PHC/concrete pipe pile or spun concrete member,Method inferred from ScienceDirect title/abstract,Condition present in query/title but not quantitatively stated in available metadata,See abstract metadata; detailed findings require full-text reading where access is lawful.,"It studies concrete or cementitious members made under centrifugal acceleration, which is the closest established literature family to hypergravity concrete forming.","High: directly informs pipe piles, hollow members, mix stability, density gradient, durability, and centrifugal production.",metadata is usable for initial screening,5,4,3,5,4.35,included,Directly studies concrete materials or concrete members under centrifugal forming.
centrifuged_concrete,D1,离心成型混凝土,Centrifuged / centrifugally cast / spun concrete,"""concrete pipe pile""",Performance evaluation of pre-stressed high-strength concrete pipe piles produced with steel slag powder and ground quartz sand as composite supplementary cementitious materials,Xinkui Yang,2025,Construction and Building Materials,10.1016/j.conbuildmat.2025.141451,https://api.elsevier.com/content/article/pii/S0950061825015995,ScienceDirect,"Utilizing industrial solid waste as supplementary cementitious materials (SCMs) in the production of pre-stressed high-strength concrete (PHC) pipe piles can reduce the consumption of cement, thereby promoting the sustainable development of the pipe pile industry. This study focused on optimizing the use of composite SCMs including ground quartz sand (GQS) and steel slag powder (SSP) to enhance the mechanical properties and durability of PHC pipe pile concrete. The effects of GQS and SSP on the reaction products, microstructure, pore structure, mechanical properties and durability of PHC pipe pile concrete were investigated. Experimental results showed that due to the filling effect and pozzolanic effect of GQS and SSP, composite SCMs not only improves the microstructure of the interfacial transition zone between paste and aggregates in PHC pipe pile concrete, but also reduces the porosity of concrete and improves its pore structure, thereby enhancing the compressive strength and durability of concrete. When the GQS content is 20 % and the SSP content is 10 %, compared to the control group with 100 % cement, the concrete's porosity decreased by 19.3 %, the chloride ion diffusion coefficient decreased by 47.1 %, and the compressive strength increased by 3.4 %. The findings of this study provide a scientific basis for the resource utilization of steel slag and offer theoretical support for the low-carbon and sustainable development of PHC pipe pile industry.",Compressive strength; Ground quartz sand; Microstructure; Pore structure; Pre-stressed high-strength concrete pipe pile; Steel slag powder; Supplementary cementitious materials,S0950061825015995,PHC/concrete pipe pile or spun concrete member,Method inferred from ScienceDirect title/abstract,Condition present in query/title but not quantitatively stated in available metadata,See abstract metadata; detailed findings require full-text reading where access is lawful.,"It studies concrete or cementitious members made under centrifugal acceleration, which is the closest established literature family to hypergravity concrete forming.","High: directly informs pipe piles, hollow members, mix stability, density gradient, durability, and centrifugal production.",metadata is usable for initial screening,5,4,3,5,4.35,included,Directly studies concrete materials or concrete members under centrifugal forming.
centrifuged_concrete,D1,离心成型混凝土,Centrifuged / centrifugally cast / spun concrete,"""prestressed high-strength concrete pipe pile""",Pile bottom ramming test of prestressed end-bearing pipe piles in weathered rock strata,Zhenglong Yang,2025,KSCE Journal of Civil Engineering,10.1016/j.kscej.2025.100218,https://api.elsevier.com/content/article/pii/S1226798825003332,ScienceDirect,"This paper introduces a method for reinforcing the pile-end holding layer through the continuous impact of a rammer on the debris and weak rock layer at the bottom of the pipe pile under underwater conditions. The simulation tests on the ramming of rock-embedded precast pipe pile bottoms and inspections of the pile foundation post-reinforcement were conducted. Simultaneously, an analysis of vibration energy propagation in surrounding buildings and strata was performed. The field test results demonstrate that the presented tamping reinforcement method effectively crushes sediment and the weak rock layer at the pile bottom. It creates a hole with a certain enlargement effect at the bottom of the pipe pile, allowing concrete to replace the weak bearing layer and form a robust bond between the pile end and the simulated bedrock. Besides, a significant improvement in dynamic stiffness of the piles was presented, ranging from 67% to 175%, highlighting the efficacy of the reinforcement process. Vibration monitoring during the tamping process reveals that the height of the hammer and the water level in the hole play pivotal roles in tamping energy. Additionally, the adverse impact of vibration energy on adjacent structures can be mitigated by injecting water into the respective buildings.",Bearing capacity; DPC pipe; Pipe piles; Ramping; Rock socketed pile; Vibration monitoring; Weathered layer,S1226798825003332,PHC/concrete pipe pile or spun concrete member,Method inferred from ScienceDirect title/abstract,Condition present in query/title but not quantitatively stated in available metadata,See abstract metadata; detailed findings require full-text reading where access is lawful.,"It studies concrete or cementitious members made under centrifugal acceleration, which is the closest established literature family to hypergravity concrete forming.","High: directly informs pipe piles, hollow members, mix stability, density gradient, durability, and centrifugal production.",metadata is usable for initial screening,5,4,3,5,4.35,included,Directly studies concrete materials or concrete members under centrifugal forming.
centrifuged_concrete,D1,离心成型混凝土,Centrifuged / centrifugally cast / spun concrete,"""PHC pile""",Predicting load–displacement of driven PHC pipe piles using stacking ensemble with Pareto optimization,Tram Bui-Ngoc,2024,Engineering Structures,10.1016/j.engstruct.2024.118574,https://api.elsevier.com/content/article/pii/S0141029624011362,ScienceDirect,"The utilization of precast pre-stressed centrifugal concrete (PHC) piles is widespread in high-rise construction owing to their robust load-bearing capacity and enduring characteristics. Yet, accurately predicting the load–displacement traits of these piles remains a formidable engineering challenge. This study presents a dependable and user-centric solution for emulating PHC pile load–displacement behavior, focusing on pile diameters ranging from 0.3 to 0.6 m and embedment lengths from 10 to 49.5 m. The approach employs an interpretable ensemble modeling technique that fuses predictions from diverse individual base learners through Stacked Generalization. The final prediction is generated using a meta-learner to aggregate the predictions of the base learners. Simultaneously, Pareto Multi-Objectives Optimization is utilized to find the optimal R2 value in both training and testing phases, resulting in the best outcome with the associated parameter set. Consequently, the overarching goal is to improve the accuracy of load–displacement predictions. The model is built upon a substantial dataset encompassing 1178 samples from varied projects across Vietnam, with soil profiles characterized by SPT-N values and static load tests gauging pile head displacement in response to applied loads. To consider the load-bearing complexity, the embedment length is segmented into ten parts, each contributing average SPT indices and corresponding vertical effective stress values to the model. Rigorous validation is achieved via importance-driven sensitivity analysis and partial dependence plots, establishing the model's adeptness in predicting load–displacement behaviors with precision and reliability. In essence, this proposed soft computing model provides a practical avenue to simulate PHC pile load–displacement behavior, thereby contributing to safer and more operationally efficient structural design in high-rise constructions and beyond.",Load–displacement behavior; Pareto multi-objectives optimization; Partial Dependence Plots (PDP); PHC pipe piles; Soft computing; Stacked ensemble model,S0141029624011362,PHC/concrete pipe pile or spun concrete member,Centrifugal forming / spinning / casting,centrifugal,See abstract metadata; detailed findings require full-text reading where access is lawful.,"It studies concrete or cementitious members made under centrifugal acceleration, which is the closest established literature family to hypergravity concrete forming.","High: directly informs pipe piles, hollow members, mix stability, density gradient, durability, and centrifugal production.",metadata is usable for initial screening,5,4,3,5,4.35,included,Directly studies concrete materials or concrete members under centrifugal forming.
centrifuged_concrete,D1,离心成型混凝土,Centrifuged / centrifugally cast / spun concrete,"""spun concrete""",Predicting shear strength of hollow pretensioned spun precast concrete pile using machine learning models,Tanvir Hassan Tusher,2025,Structures,10.1016/j.istruc.2025.108547,https://api.elsevier.com/content/article/pii/S2352012425003613,ScienceDirect,"Pretensioned Spun Precast concrete (SPC) piles have become prevalent for deep foundation systems for their material quality, quick installation, and high uniformity along the length of the pile, which enhances both bearing capacity and overall structural performance. However, the reduced sectional area arising from the hollow core is a concern for SPC pile's overall shear capacity, particularly in the seismic zones. Conversely, concrete strength, high-strength strands and the application of prestressing improves the shear capacity of SPC piles. As a result, the involvement of more complex parameters makes the shear strength prediction complicated. This study explores the intricate domain of predictive modeling for the shear strength of SPC piles, employing twelve data-driven machine learning (ML) algorithms ranging from regression to boosting models. A comprehensive dataset consisting of 243 test results of SPC piles shear strength is meticulously assembled, structured, and employed to train and evaluate ML models. The input characteristics of the proposed ML models include the ratio of effective thickness to the outer diameter, the ratio of shear span to effective depth, the prestressing strand index, the non-prestressing strand index, the effective shear reinforcement index, the strength of the pile concrete, and the total effective axial stress. The SHapley Additive exPlanations (SHAP) analysis was conducted on the best-performing models to assess the influence of individual parameters on SPC piles shear strength and then compared to existing codes and provisions through sensitivity analysis. The outcome shows that XGB yielded the highest prediction accuracy and lowest variation, which outperformed the other mechanical models and code provisions. This study also demonstrates that the shear strength of SPC piles may be enhanced by raising the total effective axial stress, pile concrete strength, and the effective shear reinforcement index. In addition, a graphical user interface (GUI) has been established for the XGB model, which will aid practicing engineers and future studies in accurately forecasting the shear strength of SPC piles in construction applications.",Concrete strength; Effective prestress; ML model; Shear strength; SPC piles; XGBoost,S2352012425003613,cementitious or calcium-rich carbonation material,Centrifugal forming / spinning / casting,spun,See abstract metadata; detailed findings require full-text reading where access is lawful.,"It studies concrete or cementitious members made under centrifugal acceleration, which is the closest established literature family to hypergravity concrete forming.","High: directly informs pipe piles, hollow members, mix stability, density gradient, durability, and centrifugal production.",metadata is usable for initial screening,5,4,3,5,4.35,included,Directly studies concrete materials or concrete members under centrifugal forming.
centrifuged_concrete,D1,离心成型混凝土,Centrifuged / centrifugally cast / spun concrete,"""PHC pile""",Prediction of axial load bearing capacity of PHC nodular pile using Bayesian regularization artificial neural network,Tan Nguyen,2022,Soils and Foundations,10.1016/j.sandf.2022.101203,https://api.elsevier.com/content/article/pii/S0038080622001111,ScienceDirect,"Pre-stressed precast high strength concrete (PHC) nodular piles with hyper-MEGA construction method are favorably used in medium to high-rise building foundations. In this study, a feed-forward neural network (FFNN) was adopted to investigate the ultimate axial load bearing capacity of the PHC nodular pile. The network receives the composite pile and geotechnical conditions with eight input neurons and outputs the nodular pile's ultimate axial load bearing capacity. Among numerous possible FFNN network architectures, the most accurate one is determined by optimizing the hidden layer. Network training is conducted with Bayesian regularization backpropagation (BRB); the training datasets consist of static pile load test and standard penetration test index of soil profile collected from various projects in Vietnam. The significance of each input parameter is quantified with importance-based sensitivity analysis. An explicit function has been constructed from weights and bias values at each neuron in the FFNN to estimate the axial load bearing capacity. The excellent agreement of all output values by the proposed FFNN with the measured values proved the model's robustness and reliability. The predictive capacity of the proposed FFNN model has significantly outperformed all current empirical formulas. The outcome of this study can be directly put into engineering practice to furnish an economically optimal design of the composite nodular pile.",Bayesian regularization; Explicit function; Feed-forward neural network; hyper-MEGA method; PHC nodular piles; Ultimate axial load bearing capacity,S0038080622001111,PHC/concrete pipe pile or spun concrete member,Method inferred from ScienceDirect title/abstract,Condition present in query/title but not quantitatively stated in available metadata,See abstract metadata; detailed findings require full-text reading where access is lawful.,"It studies concrete or cementitious members made under centrifugal acceleration, which is the closest established literature family to hypergravity concrete forming.","High: directly informs pipe piles, hollow members, mix stability, density gradient, durability, and centrifugal production.",metadata is usable for initial screening,5,4,3,5,4.35,included,Directly studies concrete materials or concrete members under centrifugal forming.
centrifuged_concrete,D1,离心成型混凝土,Centrifuged / centrifugally cast / spun concrete,"""PHC pile""",Research on grouting connection technology in PHC pipe piles and bearing platform integration,Yunsheng Xu,2025,Journal of Building Engineering,10.1016/j.jobe.2025.112633,https://api.elsevier.com/content/article/pii/S2352710225008708,ScienceDirect,"The connection between prestressed high-strength concrete (PHC) pipe piles and bearing platforms is a critical technical issue. To address the issues of the required high precision in traditional bolted connections and the required high craftsmanship in welded connections, this work presents a grouting connection technology that uses large openings in precast bearing platforms. The primary aim of this study was to reduce the difficulty in constructing connections and to ensure connection safety. A series of experimental studies were conducted under compressive loading to discuss the impact of shear keys at the ends of PHC pipe piles and eccentricity on the ultimate bearing capacity of the connection area. The research results indicate that PHC piles with shear keys at the pile ends significantly improve the ultimate bearing capacity of the grouting connection area and reduce the impact of eccentricity on the bearing capacity of the connection area, resulting in plastic failure at the connection area. In PHC piles without shear keys at the pile ends, large eccentricity significantly reduces the ultimate bearing capacity of the grouting connection area, resulting in brittle failure at the connection area. On the basis of experimental and code-based research, a design calculation method for the grouting connection segment is proposed, along with recommended values for the shear key coefficient μ.",Computational model; Eccentricity; Grout connection; PHC pipe pile; Shear key,S2352710225008708,PHC/concrete pipe pile or spun concrete member,Method inferred from ScienceDirect title/abstract,Condition present in query/title but not quantitatively stated in available metadata,See abstract metadata; detailed findings require full-text reading where access is lawful.,"It studies concrete or cementitious members made under centrifugal acceleration, which is the closest established literature family to hypergravity concrete forming.","High: directly informs pipe piles, hollow members, mix stability, density gradient, durability, and centrifugal production.",metadata is usable for initial screening,5,4,3,5,4.35,included,Directly studies concrete materials or concrete members under centrifugal forming.
centrifuged_concrete,D1,离心成型混凝土,Centrifuged / centrifugally cast / spun concrete,"""centrifugally cast concrete""",Seismic performance of pretensioned centrifugal spun concrete piles with steel strands,Junwei Ren,2023,Structures,10.1016/j.istruc.2023.02.107,https://api.elsevier.com/content/article/pii/S2352012423002655,ScienceDirect,"Pretensioned centrifugal spun concrete piles with steel strands (PSC piles) have been developed to improve the seismic performance of the piles by using higher strength and more ductile prestressing steel strands, instead of the more traditional high strength steel bars. This paper presents a systematic evaluation of the seismic behavior of PSC piles by means of full-scale test and finite element (FE) simulation. Lateral cyclic loading tests have been carried out on three full-scale PSC pile specimens subjected to different axial compressive forces. The performances of test specimens, including cracking pattern, lateral bearing and deformation capacities, stiffness degradation, energy dissipation and failure mode are examined. The performances of PSC piles are subsequently compared with piles reinforced by high strength steel bars (referred as PHC piles) tested in a previous study. A detailed FE model was developed to simulate the hysteretic behavior of PSC piles using DIANA. This model was validated against test results and then used for parametric analyses. The effects of four key design parameters, in terms of axial force ratio, steel strand ratio, prestressing level of steel strands and concrete wall thickness, on the cyclic behavior of PSC piles have been investigated. The results show that all PSC pile specimens are dominated by the bending damage, and their cyclic behavior and failure mode are influenced significantly by the axial force. The lateral bearing capacity increases remarkably while the deformation capacity generally decreases with the increase of the axial force ratio. The PSC pile failure is mainly dominated by the tensile rupture of steel strands under lower axial force ratios, while concrete crushing under higher axial force ratios. Compared with PHC piles, PSC piles with a smaller reinforcement ratio demonstrate better overall seismic performance, especially ductility, under low to medium axial force ratios, as in such cases the high ductility of steel strands can be fully utilized. Further improvement of the seismic performance of PSC piles under higher axial force ratios can generally be achieved by increasing concrete wall thickness.",Axial force ratio; Lateral bearing capacity; Pretensioned spun concrete pile; Seismic performance; Steel strand,S2352012423002655,PHC/concrete pipe pile or spun concrete member,Centrifugal forming / spinning / casting,centrifugal; spun,See abstract metadata; detailed findings require full-text reading where access is lawful.,"It studies concrete or cementitious members made under centrifugal acceleration, which is the closest established literature family to hypergravity concrete forming.","High: directly informs pipe piles, hollow members, mix stability, density gradient, durability, and centrifugal production.",metadata is usable for initial screening,5,4,3,5,4.35,included,Directly studies concrete materials or concrete members under centrifugal forming.
centrifuged_concrete,D1,离心成型混凝土,Centrifuged / centrifugally cast / spun concrete,"""PHC pile""",Shaft capacity of prestressed high strength concrete (PHC) pile-cemented soil column embedded in clayey soil,Jian-lin Yu,2021,Soils and Foundations,10.1016/j.sandf.2021.05.006,https://api.elsevier.com/content/article/pii/S0038080621000743,ScienceDirect,"This paper presents a series of laboratory tests on cemented soil with high water content, and the water content of cemented soil samples were all larger than the liquid limit. A group of model PHC pile-cemented soil interface shear tests were then conducted to investigate the interface frictional capacity. Finally, a group of full-scale tests on PHC pile-cemented soil columns were conducted to study the frictional capacity of cemented soil-soil interface. The test results show that: the cohesion of cemented soil with high water content had a linear relationship with the unconfined compressive strength; the cemented soil strength had a large effect on the frictional capacity of PHC pile-cemented soil interface, and the peak skin friction of PHC pile-cemented soil interface increased linearly with the increasing cemented soil strength; the frictional capacity of cemented soil-soil interface was better than the frictional capacity of conventional pile-soil interface.",Cemented soil; Field test; Interface shear test; PHC pile-cemented soil interface; Shear strength,S0038080621000743,PHC/concrete pipe pile or spun concrete member,Method inferred from ScienceDirect title/abstract,Condition present in query/title but not quantitatively stated in available metadata,See abstract metadata; detailed findings require full-text reading where access is lawful.,"It studies concrete or cementitious members made under centrifugal acceleration, which is the closest established literature family to hypergravity concrete forming.","High: directly informs pipe piles, hollow members, mix stability, density gradient, durability, and centrifugal production.",metadata is usable for initial screening,5,4,3,5,4.35,included,Directly studies concrete materials or concrete members under centrifugal forming.
centrifuged_concrete,D1,离心成型混凝土,Centrifuged / centrifugally cast / spun concrete,"""prestressed high-strength concrete pipe pile""",Shake-table test on dynamic response of prestressed high-strength concrete pipe piles under Soil–Structure interaction,Haiqi Zhang,2023,Soil Dynamics and Earthquake Engineering,10.1016/j.soildyn.2023.108159,https://api.elsevier.com/content/article/pii/S0267726123004049,ScienceDirect,"This paper presents the results of a shake-table test on a superstructure model supported by a prestressed high-strength concrete ( PHC) pipe pile in soft soil. The primary objective is to investigate the dynamic response of the PHC pipe pile in soft soil influenced by soil–structure interaction (SSI). Accordingly, a single PHC pipe pile with iron blocks is constructed and embedded in soft soil. First, the production of the physical model of the PHC pipe pile and experimental details are elucidated. Then, the study focuses on the dynamic response of the soil–pile–superstructure system considering different ground motion types and peak ground accelerations (PGAs). Finally, the inertial and kinematic effects on the dynamic response of the PHC pipe pile are analyzed. The results show that the SSI effect can increase the predominant period of the superstructure. With the SSI effect, the seismic design should consider the adverse effects of long-period and pulse-type ground motions on the pile. The SSI effect caused the rate of increase in the pile bending moment to be gradually higher than the increase in PGA. Moreover, the dynamic response of the PHC pipe pile is mainly dominated by the inertial effect.",Dynamic response; PHC pipe pile; Physical model; Shake table test; Soft soil; Soil–structure interaction,S0267726123004049,PHC/concrete pipe pile or spun concrete member,Method inferred from ScienceDirect title/abstract,Condition present in query/title but not quantitatively stated in available metadata,See abstract metadata; detailed findings require full-text reading where access is lawful.,"It studies concrete or cementitious members made under centrifugal acceleration, which is the closest established literature family to hypergravity concrete forming.","High: directly informs pipe piles, hollow members, mix stability, density gradient, durability, and centrifugal production.",metadata is usable for initial screening,5,4,3,5,4.35,included,Directly studies concrete materials or concrete members under centrifugal forming.
centrifuged_concrete,D1,离心成型混凝土,Centrifuged / centrifugally cast / spun concrete,"""prestressed high-strength concrete pipe pile""",Shaking table test of prestressed high-strength concrete pipe piles reinforced with non-prestressed steel reinforcement,Fei Wang,2024,Engineering Structures,10.1016/j.engstruct.2023.117211,https://api.elsevier.com/content/article/pii/S0141029623016267,ScienceDirect,"Prestressed high-strength concrete piles reinforced with non-prestressed steel reinforcement (PRHC piles) have been developed to improve their seismic performance. In this study, the seismic response and failure mechanism of PRHC piles was investigated using a shaking table test. The dynamic characteristics, dynamic soil pressure, superstructure response, acceleration magnification factors, maximum curvature ductility demand, bending moment response, and failure mode identification of the PRHC piles were determined. The performance of PRHC piles was compared with that of prestressed high-strength concrete pipe (PHC) piles, which showed that the PRHC piles experienced higher energy dissipation and lower maximum curvature ductility demands than PHC piles. In addition, the PRHC piles suffered bending failure at the upper-middle positions, and the plastic zones were higher than those of the PHC piles. The adverse effects of long-period and pulse-type ground motions on pipe piles should be considered in designing for strong seismic events. The addition of non-prestressed reinforcement to a pipe pile allows longer segments of the pipe pile to be involved in providing resistance.",Clay soil; Failure mechanism; PHC pile; PRHC pile; Seismic response; Shaking table test,S0141029623016267,PHC/concrete pipe pile or spun concrete member,Method inferred from ScienceDirect title/abstract,Condition present in query/title but not quantitatively stated in available metadata,See abstract metadata; detailed findings require full-text reading where access is lawful.,"It studies concrete or cementitious members made under centrifugal acceleration, which is the closest established literature family to hypergravity concrete forming.","High: directly informs pipe piles, hollow members, mix stability, density gradient, durability, and centrifugal production.",metadata is usable for initial screening,5,4,3,5,4.35,included,Directly studies concrete materials or concrete members under centrifugal forming.
centrifuged_concrete,D1,离心成型混凝土,Centrifuged / centrifugally cast / spun concrete,"""centrifugal forming technique"" concrete",Shear performance of centrifugal forming hollow circular SFRC piles: Feasibility study of replacing stirrups with steel fibers,Chi Chen,2023,Construction and Building Materials,10.1016/j.conbuildmat.2023.134140,https://api.elsevier.com/content/article/pii/S0950061823038588,ScienceDirect,"This paper aims to investigate shear performance and develop an equation for shear strength assessment of centrifugal forming hollow circular steel fiber reinforced concrete (HSFRC) piles in a practical manufacturing condition. The centrifugal forming was optimized using concrete mixes with different steel fibers. The shear performance and size effect of HSFRC and conventional hollow circular reinforced concrete (HRC) piles with/without stirrups were investigated. Results of X-ray visualization show that, after centrifugal forming, steel fibers were evenly distributed and reoriented in the circumferential direction of the piles, effectively enhancing shear performance. Even with a low steel fiber content of 0.5%, HSFRC piles achieve equivalent shear performance and less brittle behavior compared to HRC piles with shear reinforcement ratios of 0.27%. This implies that higher steel fiber contents can potentially be used to replace stirrups for a flexural failure. SFRC remarkably inhibited the size effect of HSFRC piles. Moreover, a proposed equation considering fiber orientation can better predict the shear strength of centrifugal forming HSFRC piles compared to existing equations.",Centrifugal forming; Fiber orientation; SFRC pile; Shear performance; Size effect; X-ray image,S0950061823038588,cementitious or calcium-rich carbonation material,Centrifugal forming / spinning / casting,centrifugal,See abstract metadata; detailed findings require full-text reading where access is lawful.,"It studies concrete or cementitious members made under centrifugal acceleration, which is the closest established literature family to hypergravity concrete forming.","High: directly informs pipe piles, hollow members, mix stability, density gradient, durability, and centrifugal production.",metadata is usable for initial screening,5,4,3,5,4.35,included,Directly studies concrete materials or concrete members under centrifugal forming.
centrifuged_concrete,D1,离心成型混凝土,Centrifuged / centrifugally cast / spun concrete,"""spun concrete""",Steel crosspieces for medium voltage lines on spun concrete poles,Jarosław Michałek,2026,Transportation Research Procedia,10.1016/j.trpro.2025.12.016,https://api.elsevier.com/content/article/pii/S2352146525009032,ScienceDirect,"The subject of the article is a natural-scale study of a steel crosspiece for a flat system of phase conductors in a sheath with a cross-section of 120 mm2 in a single-circuit medium voltage power line 15 and 20 kV with a span length of 90 m and the line bend angle of 1780. The crosspiece was mounted on a straight-line pole made of a prestressed concrete column E12/12. During the tests, the method of attaching the crosspiece to the power spun pole and its actual deformation and strength characteristics were checked. The test program was carried out by performing two different load tests (test 1 and 2 depending on the loads acting on the pole and the crosspiece), and then, after test 2, the load was incrementally added until failure.",power line; prestressed concrete; spun concrete pole; steel crosspiece,S2352146525009032,PHC/concrete pipe pile or spun concrete member,Centrifugal forming / spinning / casting,spun,See abstract metadata; detailed findings require full-text reading where access is lawful.,"It studies concrete or cementitious members made under centrifugal acceleration, which is the closest established literature family to hypergravity concrete forming.","High: directly informs pipe piles, hollow members, mix stability, density gradient, durability, and centrifugal production.",metadata is usable for initial screening,5,4,3,5,4.35,included,Directly studies concrete materials or concrete members under centrifugal forming.
centrifuged_concrete,D1,离心成型混凝土,Centrifuged / centrifugally cast / spun concrete,"""PHC pile""",Studies of nano-SiO 2 and subsequent water curing on enhancing the frost resistance of autoclaved PHC pipe pile concrete,Guo Li,2023,Journal of Building Engineering,10.1016/j.jobe.2023.106209,https://api.elsevier.com/content/article/pii/S2352710223003881,ScienceDirect,"Autoclave curing will cause severe deterioration on the frost resistance of pre-stressed high-strength concrete (PHC) pipe pile. To clarify the frost resistance degradation mechanism of autoclaved PHC pipe pile concrete and obtain effective improvement measures, nano-SiO2 (NS) with cement replacement ratios of 0.5%, 1.0%, and 1.5% were adopted, and concrete specimens were fabricated and subjected to standard curing, autoclave curing, and autoclave curing + one week of subsequent water curing, respectively. Then, a rapid freeze-thaw cycle experiment was utilized to test their frost resistance. In addition, the micro-morphology and pore structure of different concrete were studied through scanning electron microscopy and nuclear magnetic resonance. The results indicate that the mechanisms of the degradation of autoclaved concrete in frost resistance are the increase of concrete porosity, harmful pore ratio, and concrete brittleness. Compared with standard curing, autoclave curing can result in 68.5% loss in the frost resistance of concrete. Through playing the filling and pozzolanic effects, NS can improve the compactness of autoclaved concrete and increase its frost resistance to a certain extent. Subsequent water curing can replenish water into concrete, promote the hydration of the residual unhydrated cementitious materials in concrete, enhance the compactness of concrete, and play a positive role in improving the frost resistance of concrete. The incorporation of 1.0% NS can enhance the frost resistance of autoclaved concrete by 66.6%, while the combination of 1.0% NS incorporation and one-week subsequent water curing can enhance the frost resistance by 89.2%. Exponential function can be used to simulate the frost resistance degradation of the autoclaved PHC pipe pile and predict its service life based on frost resistance.",Autoclaved concrete; Frost resistance; Nano-SiO2; PHC pipe Pile; Subsequent water curing,S2352710223003881,PHC/concrete pipe pile or spun concrete member,Method inferred from ScienceDirect title/abstract,Condition present in query/title but not quantitatively stated in available metadata,See abstract metadata; detailed findings require full-text reading where access is lawful.,"It studies concrete or cementitious members made under centrifugal acceleration, which is the closest established literature family to hypergravity concrete forming.","High: directly informs pipe piles, hollow members, mix stability, density gradient, durability, and centrifugal production.",metadata is usable for initial screening,5,4,3,5,4.35,included,Directly studies concrete materials or concrete members under centrifugal forming.
centrifuged_concrete,D1,离心成型混凝土,Centrifuged / centrifugally cast / spun concrete,"""prestressed high-strength concrete pipe pile""",Study on the horizontal dynamic characteristics of cement-soil composite pipe Piles: Field test and finite element analysis,Ruiling Zhang,2026,Soil Dynamics and Earthquake Engineering,10.1016/j.soildyn.2025.109989,https://api.elsevier.com/content/article/pii/S0267726125007833,ScienceDirect,"This study aims to investigate the dynamic responses of cement-soil composite (CSC) pipe piles under horizontal dynamic loading through field test and finite element analysis. Firstly, the field horizontal excitation test was conducted to comparatively analyze the horizontal dynamic behaviors of a prestressed high-strength concrete (PHC) pipe pile before and after reinforcement with a cement-soil (CS) pile. Secondly, based on the results from the field test, a dynamic finite element analysis was conducted to investigate the influence mechanism of reinforcement depth, reinforcement thickness and elastic modulus of CS piles on the horizontal dynamic bearing behaviors of pipe piles. The results demonstrate that, compared to PHC pipe piles, the CSC pipe piles exhibit a significant reduction in the amplitude of horizontal acceleration and displacement at the pile head, along with an effective enhancement of horizontal dynamic design parameters. Increasing the reinforcement depth, reinforcement thickness and elastic modulus of CS piles can enhance the shear stiffness and bending stiffness of the pipe pile to different degrees. The effects of the reinforcement thickness and elastic modulus of CS piles are particularly significant.",Cement-soil composite pipe pile; Cement-soil pile; Horizontal dynamic design parameter; Pipe pile; Resonance displacement; Resonance frequency,S0267726125007833,PHC/concrete pipe pile or spun concrete member,Method inferred from ScienceDirect title/abstract,Condition present in query/title but not quantitatively stated in available metadata,See abstract metadata; detailed findings require full-text reading where access is lawful.,"It studies concrete or cementitious members made under centrifugal acceleration, which is the closest established literature family to hypergravity concrete forming.","High: directly informs pipe piles, hollow members, mix stability, density gradient, durability, and centrifugal production.",metadata is usable for initial screening,5,4,3,5,4.35,included,Directly studies concrete materials or concrete members under centrifugal forming.
centrifuged_concrete,D1,离心成型混凝土,Centrifuged / centrifugally cast / spun concrete,"""centrifugally formed concrete""",Study on the influence of concrete core filling on the dynamic response and crack resistance of offshore prestressed pipe piles during hammering piling,Min Wu,2026,Soil Dynamics and Earthquake Engineering,10.1016/j.soildyn.2026.110326,https://api.elsevier.com/content/article/pii/S0267726126002381,ScienceDirect,"To address the engineering problem of cracking in offshore prestressed concrete pipe piles during hammer piling, this study conducted field pile driving tests on conventional open-ended pipe piles and novel double-ended core-filled pipe piles at a wharf project. Using field-measured data and ultrasonic damage detection after pile installation, the dynamic response of core-filled piles and the mechanisms by which core filling improves strain distribution and crack resistance were examined. Test results show that the novel core-filled piles exhibit higher stiffness and greater energy dissipation capacity, effectively improving their dynamic stress state. Compared with conventional piles, the maximum longitudinal compressive and tensile strains of the pile body were reduced by 29% and 64%, respectively, the transverse tensile strain reached only 46% of the concrete cracking threshold, and the duration of stress wave oscillation was shortened. Ultrasonic testing further revealed only a 6% maximum attenuation in wave velocity and a peak damage variable of 0.134, confirming enhanced crack resistance. In addition, a dynamic analysis model for pile driving was developed based on the stroke characteristics of diesel hammers, effectively quantifying the energy contribution of each hammer stroke to the pile penetration depth. This study provides both an experimental basis and theoretical guidance for the structural optimization, construction quality control, and hammering parameter optimization of offshore prestressed concrete pipe piles.",Concrete core-filling; Crack resistance; Diesel hammer stroke characteristics; Dynamic response; Pile driving; Prestressed concrete pipe pile,S0267726126002381,PHC/concrete pipe pile or spun concrete member,Method inferred from ScienceDirect title/abstract,Condition present in query/title but not quantitatively stated in available metadata,See abstract metadata; detailed findings require full-text reading where access is lawful.,"It studies concrete or cementitious members made under centrifugal acceleration, which is the closest established literature family to hypergravity concrete forming.","High: directly informs pipe piles, hollow members, mix stability, density gradient, durability, and centrifugal production.",metadata is usable for initial screening,5,4,3,5,4.35,included,Directly studies concrete materials or concrete members under centrifugal forming.
centrifuged_concrete,D1,离心成型混凝土,Centrifuged / centrifugally cast / spun concrete,"""concrete pipe pile""",Studying the interfacial transition zone microstructure of pre-stressed high-strength concrete pipe piles,Zixu Zhang,2024,Construction and Building Materials,10.1016/j.conbuildmat.2024.138045,https://api.elsevier.com/content/article/pii/S0950061824031878,ScienceDirect,"The pre-stressed high-strength concrete (PHC) pipe piles are commonly applied for foundation reinforcement. The spun-cast method is employed to mold the PHC pipe piles, leading to the coarse aggregate assembling away from the internal surface of the piles and leaving a zone with less coarse aggregate. In this study, the region with assembling coarse aggregate was referred to as the concrete part, and the other region was called the mortar part. Autoclave curing is adopted to hasten the enhancement of PHC pipe pile strength. The main hydration product was replaced by tobermorite instead of CSH gel and CH was consumed mostly to react with finely ground quartz sand powder, under autoclave curing. The impact of these changes on the interfacial transition zone (ITZ) is worth attention. Therefore, this study focused on characterizing the microstructure of the ITZ. For the ITZ thickness of the concrete part and the mortar part, the nanoindentation was selected. Furthermore, BSE-image analysis is also utilized to examine the ITZ thickness, demonstrating the curve where changes in porosity fellows vary with the distance from the aggregate, and to compare the distribution of pore sizes between the ITZ and the paste. As deduced from analyzing nanoindentation results, BSE-images, and overestimating the ITZ thickness, the nanoindentation results are more suitable in the PHC pipe piles.",Autoclave curing; Porosity; Pre-stressed high-strength concrete pipe piles; Thickness of the ITZ,S0950061824031878,PHC/concrete pipe pile or spun concrete member,Centrifugal forming / spinning / casting,spun,See abstract metadata; detailed findings require full-text reading where access is lawful.,"It studies concrete or cementitious members made under centrifugal acceleration, which is the closest established literature family to hypergravity concrete forming.","High: directly informs pipe piles, hollow members, mix stability, density gradient, durability, and centrifugal production.",metadata is usable for initial screening,5,4,3,5,4.35,included,Directly studies concrete materials or concrete members under centrifugal forming.
centrifuged_concrete,D1,离心成型混凝土,Centrifuged / centrifugally cast / spun concrete,"""PHC pile""",Thermal performance of a full-scale pre-tensioned high strength concrete (PHC) energy pile,Yachen Guo,2024,Journal of Energy Storage,10.1016/j.est.2024.112840,https://api.elsevier.com/content/article/pii/S2352152X24024265,ScienceDirect,"This paper examines the thermal performance of pre-tensioned high strength concrete (PHC) energy piles through full-scale experiments. Thermal response tests (TRTs) and thermal performance tests (TPTs) were conducted on a PHC energy pile under different operating modes (continuous mode and intermittent mode) and temperatures (40 °C and 5 °C). The heat transfer efficiency, coefficient of performance (COP), energy efficiency ratio (EER), and temperature variations of the pile and the soil surrounding PHC energy pile were measured and analyzed. The results show that PHC energy piles can be effectively utilized in related energy-efficient buildings as they exhibit high heat exchange efficiency and energy efficiency metrics. As the operating time increases, the heat exchange efficiency and COP gradually decrease. The heat exchange per unit length of the PHC energy pile stabilizes at approximately 81.3 W/m in summer cases, while it stabilizes at approximately 61.9 W/m in winter cases. Moreover, in the intermittent mode, the heat exchange efficiency and EER of the system are approximately 9.2 % and 4.0 % higher than those of the continuous mode, respectively.",COP and EER; Energy pile; Field test; Heat transfer efficiency; PHC pile,S2352152X24024265,PHC/concrete pipe pile or spun concrete member,Method inferred from ScienceDirect title/abstract,Condition present in query/title but not quantitatively stated in available metadata,See abstract metadata; detailed findings require full-text reading where access is lawful.,"It studies concrete or cementitious members made under centrifugal acceleration, which is the closest established literature family to hypergravity concrete forming.","High: directly informs pipe piles, hollow members, mix stability, density gradient, durability, and centrifugal production.",metadata is usable for initial screening,5,4,3,5,4.35,included,Directly studies concrete materials or concrete members under centrifugal forming.
centrifuged_concrete,D1,离心成型混凝土,Centrifuged / centrifugally cast / spun concrete,"""centrifuged concrete""",A novel selection strategy of microbial consortia for improving crack self-healing in mass concrete via thermal pretreatment: Preliminary tests,Shanshan Xie,2026,Environmental Research,10.1016/j.envres.2026.124654,https://api.elsevier.com/content/article/pii/S0013935126009850,ScienceDirect,unclear,unclear,S0013935126009850,Concrete/cementitious material or calcium-rich object inferred from title/abstract,Method inferred from ScienceDirect title/abstract,Condition present in query/title but not quantitatively stated in available metadata,ScienceDirect direct metadata did not provide enough abstract detail.,"It studies concrete or cementitious members made under centrifugal acceleration, which is the closest established literature family to hypergravity concrete forming.","High: directly informs pipe piles, hollow members, mix stability, density gradient, durability, and centrifugal production.",abstract unavailable or too short in API metadata,2,4,3,3,2.85,excluded_or_low_relevance,Directly studies concrete materials or concrete members under centrifugal forming.
centrifuged_concrete,D1,离心成型混凝土,Centrifuged / centrifugally cast / spun concrete,"""centrifugally formed concrete""",A rate-dependent peridynamic–SPH coupling model for damage and failure analysis of concrete dam structures subjected to underwater explosions,Xieping Huang,2025,International Journal of Impact Engineering,10.1016/j.ijimpeng.2025.105270,https://api.elsevier.com/content/article/pii/S0734743X2500051X,ScienceDirect,unclear,unclear,S0734743X2500051X,Concrete/cementitious material or calcium-rich object inferred from title/abstract,Method inferred from ScienceDirect title/abstract,Condition present in query/title but not quantitatively stated in available metadata,ScienceDirect direct metadata did not provide enough abstract detail.,"It studies concrete or cementitious members made under centrifugal acceleration, which is the closest established literature family to hypergravity concrete forming.","High: directly informs pipe piles, hollow members, mix stability, density gradient, durability, and centrifugal production.",abstract unavailable or too short in API metadata,2,4,3,3,2.85,excluded_or_low_relevance,Directly studies concrete materials or concrete members under centrifugal forming.
centrifuged_concrete,D1,离心成型混凝土,Centrifuged / centrifugally cast / spun concrete,"""concrete pipe pile""",A sustainable strategy for concrete crack prevention of bridge piers in plateau climate: Thermal control based on energy piles,Tianci Wang,2025,Applied Thermal Engineering,10.1016/j.applthermaleng.2025.127880,https://api.elsevier.com/content/article/pii/S135943112502472X,ScienceDirect,unclear,unclear,S135943112502472X,Concrete/cementitious material or calcium-rich object inferred from title/abstract,Method inferred from ScienceDirect title/abstract,Condition present in query/title but not quantitatively stated in available metadata,ScienceDirect direct metadata did not provide enough abstract detail.,"It studies concrete or cementitious members made under centrifugal acceleration, which is the closest established literature family to hypergravity concrete forming.","High: directly informs pipe piles, hollow members, mix stability, density gradient, durability, and centrifugal production.",abstract unavailable or too short in API metadata,2,4,3,3,2.85,excluded_or_low_relevance,Directly studies concrete materials or concrete members under centrifugal forming.
centrifuged_concrete,D1,离心成型混凝土,Centrifuged / centrifugally cast / spun concrete,"""centrifugally formed concrete""",Abrasion resistance and spatial damage gradient of concrete containing different types of coarse aggregates,Yang Li,2025,Construction and Building Materials,10.1016/j.conbuildmat.2025.144793,https://api.elsevier.com/content/article/pii/S0950061825049451,ScienceDirect,unclear,unclear,S0950061825049451,Concrete/cementitious material or calcium-rich object inferred from title/abstract,Method inferred from ScienceDirect title/abstract,Condition present in query/title but not quantitatively stated in available metadata,ScienceDirect direct metadata did not provide enough abstract detail.,"It studies concrete or cementitious members made under centrifugal acceleration, which is the closest established literature family to hypergravity concrete forming.","High: directly informs pipe piles, hollow members, mix stability, density gradient, durability, and centrifugal production.",abstract unavailable or too short in API metadata,2,4,3,3,2.85,excluded_or_low_relevance,Directly studies concrete materials or concrete members under centrifugal forming.
centrifuged_concrete,D1,离心成型混凝土,Centrifuged / centrifugally cast / spun concrete,"""centrifugal casting concrete""","Aggregate size controls the environmental behavior of porous eco-concrete: Mechanisms of pore network evolution, nutrient release, and eco-functionality",Renjie Niu,2026,Construction and Building Materials,10.1016/j.conbuildmat.2026.145986,https://api.elsevier.com/content/article/pii/S0950061826008913,ScienceDirect,unclear,unclear,S0950061826008913,Concrete/cementitious material or calcium-rich object inferred from title/abstract,Method inferred from ScienceDirect title/abstract,Condition present in query/title but not quantitatively stated in available metadata,ScienceDirect direct metadata did not provide enough abstract detail.,"It studies concrete or cementitious members made under centrifugal acceleration, which is the closest established literature family to hypergravity concrete forming.","High: directly informs pipe piles, hollow members, mix stability, density gradient, durability, and centrifugal production.",abstract unavailable or too short in API metadata,2,4,3,3,2.85,excluded_or_low_relevance,Directly studies concrete materials or concrete members under centrifugal forming.
centrifuged_concrete,D1,离心成型混凝土,Centrifuged / centrifugally cast / spun concrete,"""centrifugally formed concrete""",Aging gradient characteristics of asphalt concrete during early-stage exposure to natural environments,Xiang Ma,2026,Construction and Building Materials,10.1016/j.conbuildmat.2026.145132,https://api.elsevier.com/content/article/pii/S0950061826000322,ScienceDirect,unclear,unclear,S0950061826000322,Concrete/cementitious material or calcium-rich object inferred from title/abstract,Method inferred from ScienceDirect title/abstract,Condition present in query/title but not quantitatively stated in available metadata,ScienceDirect direct metadata did not provide enough abstract detail.,"It studies concrete or cementitious members made under centrifugal acceleration, which is the closest established literature family to hypergravity concrete forming.","High: directly informs pipe piles, hollow members, mix stability, density gradient, durability, and centrifugal production.",abstract unavailable or too short in API metadata,2,4,3,3,2.85,excluded_or_low_relevance,Directly studies concrete materials or concrete members under centrifugal forming.
centrifuged_concrete,D1,离心成型混凝土,Centrifuged / centrifugally cast / spun concrete,"""centrifugal casting concrete""",Axial compressive behavior of full-scale reinforced hollow high-strength concrete-filled thin-walled square steel tubular medium-long columns,Zhijian Yang,2026,Structures,10.1016/j.istruc.2026.111169,https://api.elsevier.com/content/article/pii/S2352012426001189,ScienceDirect,unclear,unclear,S2352012426001189,Concrete/cementitious material or calcium-rich object inferred from title/abstract,Method inferred from ScienceDirect title/abstract,Condition present in query/title but not quantitatively stated in available metadata,ScienceDirect direct metadata did not provide enough abstract detail.,"It studies concrete or cementitious members made under centrifugal acceleration, which is the closest established literature family to hypergravity concrete forming.","High: directly informs pipe piles, hollow members, mix stability, density gradient, durability, and centrifugal production.",abstract unavailable or too short in API metadata,2,4,3,3,2.85,excluded_or_low_relevance,Directly studies concrete materials or concrete members under centrifugal forming.
centrifuged_concrete,D1,离心成型混凝土,Centrifuged / centrifugally cast / spun concrete,"""centrifuged concrete""",Centrifuge modeling of dynamic response of underground concrete silo against adjacent buried explosion loads,Longhua Guan,2025,International Journal of Impact Engineering,10.1016/j.ijimpeng.2025.105256,https://api.elsevier.com/content/article/pii/S0734743X25000375,ScienceDirect,unclear,unclear,S0734743X25000375,Concrete/cementitious material or calcium-rich object inferred from title/abstract,Geotechnical centrifuge model test,Condition present in query/title but not quantitatively stated in available metadata,ScienceDirect direct metadata did not provide enough abstract detail.,"It studies concrete or cementitious members made under centrifugal acceleration, which is the closest established literature family to hypergravity concrete forming.","High: directly informs pipe piles, hollow members, mix stability, density gradient, durability, and centrifugal production.",abstract unavailable or too short in API metadata,2,4,3,3,2.85,excluded_or_low_relevance,Directly studies concrete materials or concrete members under centrifugal forming.
centrifuged_concrete,D1,离心成型混凝土,Centrifuged / centrifugally cast / spun concrete,"""centrifuged concrete""",Characterization of per- and polyfluoroalkyl substances in crushed concrete from a source with known AFFF exposure: Outlooks for recycling,Allison R. Cerlanek,2026,Journal of Hazardous Materials: Organics,10.1016/j.hazmo.2026.100025,https://api.elsevier.com/content/article/pii/S3051059726000151,ScienceDirect,unclear,unclear,S3051059726000151,Concrete/cementitious material or calcium-rich object inferred from title/abstract,Method inferred from ScienceDirect title/abstract,Condition present in query/title but not quantitatively stated in available metadata,ScienceDirect direct metadata did not provide enough abstract detail.,"It studies concrete or cementitious members made under centrifugal acceleration, which is the closest established literature family to hypergravity concrete forming.","High: directly informs pipe piles, hollow members, mix stability, density gradient, durability, and centrifugal production.",abstract unavailable or too short in API metadata,2,4,3,3,2.85,excluded_or_low_relevance,Directly studies concrete materials or concrete members under centrifugal forming.
centrifuged_concrete,D1,离心成型混凝土,Centrifuged / centrifugally cast / spun concrete,"""hollow concrete pile""",Comparative study of interfacial bond strength of steel H-pile with ultra-high performance and polymer concrete jacket,Binod Shrestha,2025,Engineering Structures,10.1016/j.engstruct.2025.120976,https://api.elsevier.com/content/article/pii/S0141029625013677,ScienceDirect,unclear,unclear,S0141029625013677,Concrete/cementitious material or calcium-rich object inferred from title/abstract,Method inferred from ScienceDirect title/abstract,Condition present in query/title but not quantitatively stated in available metadata,ScienceDirect direct metadata did not provide enough abstract detail.,"It studies concrete or cementitious members made under centrifugal acceleration, which is the closest established literature family to hypergravity concrete forming.","High: directly informs pipe piles, hollow members, mix stability, density gradient, durability, and centrifugal production.",abstract unavailable or too short in API metadata,2,4,3,3,2.85,excluded_or_low_relevance,Directly studies concrete materials or concrete members under centrifugal forming.
centrifuged_concrete,D1,离心成型混凝土,Centrifuged / centrifugally cast / spun concrete,"""centrifugal casting concrete""",Concrete-based thermal energy storage (CTES) for concentrated solar power plants and built environment,Nghia P. Tran,2026,Renewable and Sustainable Energy Reviews,10.1016/j.rser.2025.116692,https://api.elsevier.com/content/article/pii/S1364032125013656,ScienceDirect,unclear,unclear,S1364032125013656,Concrete/cementitious material or calcium-rich object inferred from title/abstract,Method inferred from ScienceDirect title/abstract,Condition present in query/title but not quantitatively stated in available metadata,ScienceDirect direct metadata did not provide enough abstract detail.,"It studies concrete or cementitious members made under centrifugal acceleration, which is the closest established literature family to hypergravity concrete forming.","High: directly informs pipe piles, hollow members, mix stability, density gradient, durability, and centrifugal production.",abstract unavailable or too short in API metadata,2,4,3,3,2.85,excluded_or_low_relevance,Directly studies concrete materials or concrete members under centrifugal forming.
centrifuged_concrete,D1,离心成型混凝土,Centrifuged / centrifugally cast / spun concrete,"""hollow concrete pile""",Damage features and mechanism of prestressed hollow square piles subjected to non-contact underwater explosion,Longming Chen,2024,Structures,10.1016/j.istruc.2024.107453,https://api.elsevier.com/content/article/pii/S2352012424016059,ScienceDirect,unclear,unclear,S2352012424016059,Concrete/cementitious material or calcium-rich object inferred from title/abstract,Method inferred from ScienceDirect title/abstract,Condition present in query/title but not quantitatively stated in available metadata,ScienceDirect direct metadata did not provide enough abstract detail.,"It studies concrete or cementitious members made under centrifugal acceleration, which is the closest established literature family to hypergravity concrete forming.","High: directly informs pipe piles, hollow members, mix stability, density gradient, durability, and centrifugal production.",abstract unavailable or too short in API metadata,2,4,3,3,2.85,excluded_or_low_relevance,Directly studies concrete materials or concrete members under centrifugal forming.
centrifuged_concrete,D1,离心成型混凝土,Centrifuged / centrifugally cast / spun concrete,"""centrifugally cast concrete""",Deformation monitoring of an adjacent subgrade consisting of lightweight foam concrete in a loess region,Wenhui Zhao,2025,Construction and Building Materials,10.1016/j.conbuildmat.2024.139641,https://api.elsevier.com/content/article/pii/S0950061824047834,ScienceDirect,unclear,unclear,S0950061824047834,Concrete/cementitious material or calcium-rich object inferred from title/abstract,Method inferred from ScienceDirect title/abstract,Condition present in query/title but not quantitatively stated in available metadata,ScienceDirect direct metadata did not provide enough abstract detail.,"It studies concrete or cementitious members made under centrifugal acceleration, which is the closest established literature family to hypergravity concrete forming.","High: directly informs pipe piles, hollow members, mix stability, density gradient, durability, and centrifugal production.",abstract unavailable or too short in API metadata,2,4,3,3,2.85,excluded_or_low_relevance,Directly studies concrete materials or concrete members under centrifugal forming.
centrifuged_concrete,D1,离心成型混凝土,Centrifuged / centrifugally cast / spun concrete,"""hollow concrete pile""",Driving and bearing capacity enhancement mechanism of reamed precast concrete pile with novel green low-resistance reamed material,Jingwei Zhang,2026,Transportation Geotechnics,10.1016/j.trgeo.2026.102043,https://api.elsevier.com/content/article/pii/S2214391226001534,ScienceDirect,unclear,unclear,S2214391226001534,cementitious or calcium-rich carbonation material,Method inferred from ScienceDirect title/abstract,Condition present in query/title but not quantitatively stated in available metadata,ScienceDirect direct metadata did not provide enough abstract detail.,"It studies concrete or cementitious members made under centrifugal acceleration, which is the closest established literature family to hypergravity concrete forming.","High: directly informs pipe piles, hollow members, mix stability, density gradient, durability, and centrifugal production.",abstract unavailable or too short in API metadata,2,4,3,3,2.85,excluded_or_low_relevance,Directly studies concrete materials or concrete members under centrifugal forming.
centrifuged_concrete,D1,离心成型混凝土,Centrifuged / centrifugally cast / spun concrete,"""centrifuged concrete""",Durability performance of concrete incorporating high-alkali supplementary cementitious materials,Weiqi Wang,2026,Journal of Building Engineering,10.1016/j.jobe.2026.116189,https://api.elsevier.com/content/article/pii/S2352710226010107,ScienceDirect,unclear,unclear,S2352710226010107,cementitious or calcium-rich carbonation material,Method inferred from ScienceDirect title/abstract,Condition present in query/title but not quantitatively stated in available metadata,ScienceDirect direct metadata did not provide enough abstract detail.,"It studies concrete or cementitious members made under centrifugal acceleration, which is the closest established literature family to hypergravity concrete forming.","High: directly informs pipe piles, hollow members, mix stability, density gradient, durability, and centrifugal production.",abstract unavailable or too short in API metadata,2,4,3,3,2.85,excluded_or_low_relevance,Directly studies concrete materials or concrete members under centrifugal forming.
centrifuged_concrete,D1,离心成型混凝土,Centrifuged / centrifugally cast / spun concrete,"""centrifuged concrete""",Effect of bubble pulse on concrete gravity dam subjected to underwater explosion: Centrifuge test and numerical simulation,Xieping Huang,2022,Ocean Engineering,10.1016/j.oceaneng.2021.110291,https://api.elsevier.com/content/article/pii/S0029801821015973,ScienceDirect,unclear,unclear,S0029801821015973,Concrete/cementitious material or calcium-rich object inferred from title/abstract,Centrifugal forming / spinning / casting,Condition present in query/title but not quantitatively stated in available metadata,ScienceDirect direct metadata did not provide enough abstract detail.,"It studies concrete or cementitious members made under centrifugal acceleration, which is the closest established literature family to hypergravity concrete forming.","High: directly informs pipe piles, hollow members, mix stability, density gradient, durability, and centrifugal production.",abstract unavailable or too short in API metadata,2,4,3,3,2.85,excluded_or_low_relevance,Directly studies concrete materials or concrete members under centrifugal forming.
centrifuged_concrete,D1,离心成型混凝土,Centrifuged / centrifugally cast / spun concrete,"""centrifugally cast concrete""",Effect of silica fume with various fineness levels on the strength degradation of concrete after steam curing,Yuqian Zheng,2025,Construction and Building Materials,10.1016/j.conbuildmat.2025.140169,https://api.elsevier.com/content/article/pii/S0950061825003174,ScienceDirect,unclear,unclear,S0950061825003174,Concrete/cementitious material or calcium-rich object inferred from title/abstract,Method inferred from ScienceDirect title/abstract,Condition present in query/title but not quantitatively stated in available metadata,ScienceDirect direct metadata did not provide enough abstract detail.,"It studies concrete or cementitious members made under centrifugal acceleration, which is the closest established literature family to hypergravity concrete forming.","High: directly informs pipe piles, hollow members, mix stability, density gradient, durability, and centrifugal production.",abstract unavailable or too short in API metadata,2,4,3,3,2.85,excluded_or_low_relevance,Directly studies concrete materials or concrete members under centrifugal forming.
centrifuged_concrete,D1,离心成型混凝土,Centrifuged / centrifugally cast / spun concrete,"""hollow concrete pile""",Embodied carbon optimisation of concrete pile foundations and comparison of the performance of different pile geometries,Kareem Abushama,2024,Engineering Structures,10.1016/j.engstruct.2024.118109,https://api.elsevier.com/content/article/pii/S0141029624006710,ScienceDirect,unclear,unclear,S0141029624006710,tunnel lining / pile foundation concrete structure,Method inferred from ScienceDirect title/abstract,Condition present in query/title but not quantitatively stated in available metadata,ScienceDirect direct metadata did not provide enough abstract detail.,"It studies concrete or cementitious members made under centrifugal acceleration, which is the closest established literature family to hypergravity concrete forming.","High: directly informs pipe piles, hollow members, mix stability, density gradient, durability, and centrifugal production.",abstract unavailable or too short in API metadata,2,4,3,3,2.85,excluded_or_low_relevance,Directly studies concrete materials or concrete members under centrifugal forming.
centrifuged_concrete,D1,离心成型混凝土,Centrifuged / centrifugally cast / spun concrete,"""hollow concrete pile""",Enhancing concrete pile durability under dynamic water environments using RS-AAT: Coupled effects of calcium leaching and chloride ion transport,Runxing Rao,2026,Structures,10.1016/j.istruc.2026.111818,https://api.elsevier.com/content/article/pii/S2352012426007678,ScienceDirect,unclear,unclear,S2352012426007678,Concrete/cementitious material or calcium-rich object inferred from title/abstract,Method inferred from ScienceDirect title/abstract,Condition present in query/title but not quantitatively stated in available metadata,ScienceDirect direct metadata did not provide enough abstract detail.,"It studies concrete or cementitious members made under centrifugal acceleration, which is the closest established literature family to hypergravity concrete forming.","High: directly informs pipe piles, hollow members, mix stability, density gradient, durability, and centrifugal production.",abstract unavailable or too short in API metadata,2,4,3,3,2.85,excluded_or_low_relevance,Directly studies concrete materials or concrete members under centrifugal forming.
centrifuged_concrete,D1,离心成型混凝土,Centrifuged / centrifugally cast / spun concrete,"""centrifugal casting concrete""",Enhancing structural durability in marine concrete piles with initial defects: RS-AAT-induced advection to suppress chloride ion penetration,Sihong He,2024,Engineering Structures,10.1016/j.engstruct.2024.118938,https://api.elsevier.com/content/article/pii/S0141029624015001,ScienceDirect,unclear,unclear,S0141029624015001,Concrete/cementitious material or calcium-rich object inferred from title/abstract,Method inferred from ScienceDirect title/abstract,Condition present in query/title but not quantitatively stated in available metadata,ScienceDirect direct metadata did not provide enough abstract detail.,"It studies concrete or cementitious members made under centrifugal acceleration, which is the closest established literature family to hypergravity concrete forming.","High: directly informs pipe piles, hollow members, mix stability, density gradient, durability, and centrifugal production.",abstract unavailable or too short in API metadata,2,4,3,3,2.85,excluded_or_low_relevance,Directly studies concrete materials or concrete members under centrifugal forming.
centrifuged_concrete,D1,离心成型混凝土,Centrifuged / centrifugally cast / spun concrete,"""centrifuged concrete""",Examining the seismic stress evolution in the face slab of concrete-faced rock-fill dams using dynamic centrifuge tests,Xuedong Zhang,2019,Soil Dynamics and Earthquake Engineering,10.1016/j.soildyn.2019.05.008,https://api.elsevier.com/content/article/pii/S0267726118308844,ScienceDirect,unclear,unclear,S0267726118308844,Concrete/cementitious material or calcium-rich object inferred from title/abstract,Centrifugal forming / spinning / casting,Condition present in query/title but not quantitatively stated in available metadata,ScienceDirect direct metadata did not provide enough abstract detail.,"It studies concrete or cementitious members made under centrifugal acceleration, which is the closest established literature family to hypergravity concrete forming.","High: directly informs pipe piles, hollow members, mix stability, density gradient, durability, and centrifugal production.",abstract unavailable or too short in API metadata,2,4,3,3,2.85,excluded_or_low_relevance,Directly studies concrete materials or concrete members under centrifugal forming.
centrifuged_concrete,D1,离心成型混凝土,Centrifuged / centrifugally cast / spun concrete,"""centrifugal casting concrete""",Experimental and numerical investigation on seismic performance of seawater sea-sand coral aggregate concrete filled UHPC tubular columns,Chengdong Lu,2026,Engineering Structures,10.1016/j.engstruct.2025.121891,https://api.elsevier.com/content/article/pii/S0141029625022825,ScienceDirect,unclear,unclear,S0141029625022825,Concrete/cementitious material or calcium-rich object inferred from title/abstract,Method inferred from ScienceDirect title/abstract,Condition present in query/title but not quantitatively stated in available metadata,ScienceDirect direct metadata did not provide enough abstract detail.,"It studies concrete or cementitious members made under centrifugal acceleration, which is the closest established literature family to hypergravity concrete forming.","High: directly informs pipe piles, hollow members, mix stability, density gradient, durability, and centrifugal production.",abstract unavailable or too short in API metadata,2,4,3,3,2.85,excluded_or_low_relevance,Directly studies concrete materials or concrete members under centrifugal forming.
centrifuged_concrete,D1,离心成型混凝土,Centrifuged / centrifugally cast / spun concrete,"""centrifugal casting concrete""",Experimental investigation and development of design equation for circular hollow precast high-strength concrete-filled steel tube piles under uniaxial compressive loading,Clarissa Jasinda,2025,Engineering Structures,10.1016/j.engstruct.2025.121276,https://api.elsevier.com/content/article/pii/S0141029625016670,ScienceDirect,unclear,unclear,S0141029625016670,Concrete/cementitious material or calcium-rich object inferred from title/abstract,Method inferred from ScienceDirect title/abstract,Condition present in query/title but not quantitatively stated in available metadata,ScienceDirect direct metadata did not provide enough abstract detail.,"It studies concrete or cementitious members made under centrifugal acceleration, which is the closest established literature family to hypergravity concrete forming.","High: directly informs pipe piles, hollow members, mix stability, density gradient, durability, and centrifugal production.",abstract unavailable or too short in API metadata,2,4,3,3,2.85,excluded_or_low_relevance,Directly studies concrete materials or concrete members under centrifugal forming.
centrifuged_concrete,D1,离心成型混凝土,Centrifuged / centrifugally cast / spun concrete,"""centrifugal casting concrete""",Experimental research on shrinkage and cracking risk assessment of ultra-high performance concrete,Tong Sun,2026,Journal of Building Engineering,10.1016/j.jobe.2026.116003,https://api.elsevier.com/content/article/pii/S2352710226008247,ScienceDirect,unclear,unclear,S2352710226008247,Concrete/cementitious material or calcium-rich object inferred from title/abstract,Method inferred from ScienceDirect title/abstract,Condition present in query/title but not quantitatively stated in available metadata,ScienceDirect direct metadata did not provide enough abstract detail.,"It studies concrete or cementitious members made under centrifugal acceleration, which is the closest established literature family to hypergravity concrete forming.","High: directly informs pipe piles, hollow members, mix stability, density gradient, durability, and centrifugal production.",abstract unavailable or too short in API metadata,2,4,3,3,2.85,excluded_or_low_relevance,Directly studies concrete materials or concrete members under centrifugal forming.
centrifuged_concrete,D1,离心成型混凝土,Centrifuged / centrifugally cast / spun concrete,"""centrifuged concrete""",Failure mode of concrete gravity dams subjected to internal explosion: centrifuge test and numerical simulation,Mingsheng Cao,2026,International Journal of Impact Engineering,10.1016/j.ijimpeng.2025.105517,https://api.elsevier.com/content/article/pii/S0734743X25002969,ScienceDirect,unclear,unclear,S0734743X25002969,Concrete/cementitious material or calcium-rich object inferred from title/abstract,Centrifugal forming / spinning / casting,Condition present in query/title but not quantitatively stated in available metadata,ScienceDirect direct metadata did not provide enough abstract detail.,"It studies concrete or cementitious members made under centrifugal acceleration, which is the closest established literature family to hypergravity concrete forming.","High: directly informs pipe piles, hollow members, mix stability, density gradient, durability, and centrifugal production.",abstract unavailable or too short in API metadata,2,4,3,3,2.85,excluded_or_low_relevance,Directly studies concrete materials or concrete members under centrifugal forming.
centrifuged_concrete,D1,离心成型混凝土,Centrifuged / centrifugally cast / spun concrete,"""centrifuged concrete""",Failure modes and damage superposition effect of concrete gravity dams subjected to sequential underwater explosions,Yumeng Lei,2025,Engineering Failure Analysis,10.1016/j.engfailanal.2025.109576,https://api.elsevier.com/content/article/pii/S1350630725003176,ScienceDirect,unclear,unclear,S1350630725003176,Concrete/cementitious material or calcium-rich object inferred from title/abstract,Method inferred from ScienceDirect title/abstract,Condition present in query/title but not quantitatively stated in available metadata,ScienceDirect direct metadata did not provide enough abstract detail.,"It studies concrete or cementitious members made under centrifugal acceleration, which is the closest established literature family to hypergravity concrete forming.","High: directly informs pipe piles, hollow members, mix stability, density gradient, durability, and centrifugal production.",abstract unavailable or too short in API metadata,2,4,3,3,2.85,excluded_or_low_relevance,Directly studies concrete materials or concrete members under centrifugal forming.
centrifuged_concrete,D1,离心成型混凝土,Centrifuged / centrifugally cast / spun concrete,"""centrifuged concrete""",Failure modes of concrete gravity dam subjected to near-field underwater explosion: Centrifuge test and numerical simulation,Xieping Huang,2022,Engineering Failure Analysis,10.1016/j.engfailanal.2022.106243,https://api.elsevier.com/content/article/pii/S1350630722002175,ScienceDirect,unclear,unclear,S1350630722002175,Concrete/cementitious material or calcium-rich object inferred from title/abstract,Centrifugal forming / spinning / casting,Condition present in query/title but not quantitatively stated in available metadata,ScienceDirect direct metadata did not provide enough abstract detail.,"It studies concrete or cementitious members made under centrifugal acceleration, which is the closest established literature family to hypergravity concrete forming.","High: directly informs pipe piles, hollow members, mix stability, density gradient, durability, and centrifugal production.",abstract unavailable or too short in API metadata,2,4,3,3,2.85,excluded_or_low_relevance,Directly studies concrete materials or concrete members under centrifugal forming.
centrifuged_concrete,D1,离心成型混凝土,Centrifuged / centrifugally cast / spun concrete,"""prestressed high-strength concrete pipe pile""",Field testing of seismic performance of prestressed high strength concrete piles reinforced with non-prestressed tendons considering pile–soil interaction,Chang Liu,2023,Soil Dynamics and Earthquake Engineering,10.1016/j.soildyn.2023.108190,https://api.elsevier.com/content/article/pii/S0267726123004359,ScienceDirect,unclear,unclear,S0267726123004359,Concrete/cementitious material or calcium-rich object inferred from title/abstract,Method inferred from ScienceDirect title/abstract,Condition present in query/title but not quantitatively stated in available metadata,ScienceDirect direct metadata did not provide enough abstract detail.,"It studies concrete or cementitious members made under centrifugal acceleration, which is the closest established literature family to hypergravity concrete forming.","High: directly informs pipe piles, hollow members, mix stability, density gradient, durability, and centrifugal production.",abstract unavailable or too short in API metadata,2,4,3,3,2.85,excluded_or_low_relevance,Directly studies concrete materials or concrete members under centrifugal forming.
centrifuged_concrete,D1,离心成型混凝土,Centrifuged / centrifugally cast / spun concrete,"""centrifugally formed concrete""",Hierarchical applications of brick-concrete construction and demolition waste: From concrete/mortar to pavement engineering and pollutant adsorption,Xingyu Deng,2026,Journal of Traffic and Transportation Engineering (English Edition),10.1016/j.jtte.2025.12.001,https://api.elsevier.com/content/article/pii/S2095756426000346,ScienceDirect,unclear,unclear,S2095756426000346,Concrete/cementitious material or calcium-rich object inferred from title/abstract,Method inferred from ScienceDirect title/abstract,Condition present in query/title but not quantitatively stated in available metadata,ScienceDirect direct metadata did not provide enough abstract detail.,"It studies concrete or cementitious members made under centrifugal acceleration, which is the closest established literature family to hypergravity concrete forming.","High: directly informs pipe piles, hollow members, mix stability, density gradient, durability, and centrifugal production.",abstract unavailable or too short in API metadata,2,4,3,3,2.85,excluded_or_low_relevance,Directly studies concrete materials or concrete members under centrifugal forming.
centrifuged_concrete,D1,离心成型混凝土,Centrifuged / centrifugally cast / spun concrete,"""centrifugal casting concrete""",In-situ generated channel walls in 3D vascular networks for reliable agent transport and prompt strength restoration in concrete,Biqin Dong,2026,Construction and Building Materials,10.1016/j.conbuildmat.2026.146434,https://api.elsevier.com/content/article/pii/S0950061826013401,ScienceDirect,unclear,unclear,S0950061826013401,Concrete/cementitious material or calcium-rich object inferred from title/abstract,Method inferred from ScienceDirect title/abstract,Condition present in query/title but not quantitatively stated in available metadata,ScienceDirect direct metadata did not provide enough abstract detail.,"It studies concrete or cementitious members made under centrifugal acceleration, which is the closest established literature family to hypergravity concrete forming.","High: directly informs pipe piles, hollow members, mix stability, density gradient, durability, and centrifugal production.",abstract unavailable or too short in API metadata,2,4,3,3,2.85,excluded_or_low_relevance,Directly studies concrete materials or concrete members under centrifugal forming.
centrifuged_concrete,D1,离心成型混凝土,Centrifuged / centrifugally cast / spun concrete,"""spun concrete""",In-situ sealing of concrete cracks by electric-field-induced deposition in colloidal silica and Ca 2+ solution: Effectiveness and microstructural evolution,Yuxing Sun,2026,Journal of Building Engineering,10.1016/j.jobe.2026.116036,https://api.elsevier.com/content/article/pii/S2352710226008570,ScienceDirect,unclear,unclear,S2352710226008570,Concrete/cementitious material or calcium-rich object inferred from title/abstract,Method inferred from ScienceDirect title/abstract,Condition present in query/title but not quantitatively stated in available metadata,ScienceDirect direct metadata did not provide enough abstract detail.,"It studies concrete or cementitious members made under centrifugal acceleration, which is the closest established literature family to hypergravity concrete forming.","High: directly informs pipe piles, hollow members, mix stability, density gradient, durability, and centrifugal production.",abstract unavailable or too short in API metadata,2,4,3,3,2.85,excluded_or_low_relevance,Directly studies concrete materials or concrete members under centrifugal forming.
centrifuged_concrete,D1,离心成型混凝土,Centrifuged / centrifugally cast / spun concrete,"""centrifugal casting concrete""","Innovative Argon Oxygen Decarburization (AOD) slag-derived aggregates: Production process, characteristics, and application in self-compacting concrete",Manoj Kumar,2026,Journal of Building Engineering,10.1016/j.jobe.2026.115491,https://api.elsevier.com/content/article/pii/S2352710226003128,ScienceDirect,unclear,unclear,S2352710226003128,cementitious or calcium-rich carbonation material,Method inferred from ScienceDirect title/abstract,Condition present in query/title but not quantitatively stated in available metadata,ScienceDirect direct metadata did not provide enough abstract detail.,"It studies concrete or cementitious members made under centrifugal acceleration, which is the closest established literature family to hypergravity concrete forming.","High: directly informs pipe piles, hollow members, mix stability, density gradient, durability, and centrifugal production.",abstract unavailable or too short in API metadata,2,4,3,3,2.85,excluded_or_low_relevance,Directly studies concrete materials or concrete members under centrifugal forming.
centrifuged_concrete,D1,离心成型混凝土,Centrifuged / centrifugally cast / spun concrete,"""centrifuged concrete""",Mechanism of sulfur stabilization in high-sulfur coal gangue concrete through microbial synergism,Wei Liu,2026,Journal of Environmental Management,10.1016/j.jenvman.2026.130000,https://api.elsevier.com/content/article/pii/S030147972601460X,ScienceDirect,unclear,unclear,S030147972601460X,Concrete/cementitious material or calcium-rich object inferred from title/abstract,Method inferred from ScienceDirect title/abstract,Condition present in query/title but not quantitatively stated in available metadata,ScienceDirect direct metadata did not provide enough abstract detail.,"It studies concrete or cementitious members made under centrifugal acceleration, which is the closest established literature family to hypergravity concrete forming.","High: directly informs pipe piles, hollow members, mix stability, density gradient, durability, and centrifugal production.",abstract unavailable or too short in API metadata,2,4,3,3,2.85,excluded_or_low_relevance,Directly studies concrete materials or concrete members under centrifugal forming.
centrifuged_concrete,D1,离心成型混凝土,Centrifuged / centrifugally cast / spun concrete,"""centrifugal casting concrete""",Mechanochemical pre-treatment of recycled concrete fines for enhanced carbon capture and performance in FLG-integrated LC 3 blends,V. A. Baki,2026,Construction and Building Materials,10.1016/j.conbuildmat.2026.145771,https://api.elsevier.com/content/article/pii/S0950061826006732,ScienceDirect,unclear,unclear,S0950061826006732,cementitious or calcium-rich carbonation material,Method inferred from ScienceDirect title/abstract,Condition present in query/title but not quantitatively stated in available metadata,ScienceDirect direct metadata did not provide enough abstract detail.,"It studies concrete or cementitious members made under centrifugal acceleration, which is the closest established literature family to hypergravity concrete forming.","High: directly informs pipe piles, hollow members, mix stability, density gradient, durability, and centrifugal production.",abstract unavailable or too short in API metadata,2,4,3,3,2.85,excluded_or_low_relevance,Directly studies concrete materials or concrete members under centrifugal forming.
centrifuged_concrete,D1,离心成型混凝土,Centrifuged / centrifugally cast / spun concrete,"""centrifuged concrete""",Mineralization of decachlorobiphenyl in concrete using alcohol washing followed by UV irradiation,Tae-Kyoung Kim,2026,Journal of Hazardous Materials,10.1016/j.jhazmat.2026.141721,https://api.elsevier.com/content/article/pii/S0304389426006990,ScienceDirect,unclear,unclear,S0304389426006990,Concrete/cementitious material or calcium-rich object inferred from title/abstract,Method inferred from ScienceDirect title/abstract,Condition present in query/title but not quantitatively stated in available metadata,ScienceDirect direct metadata did not provide enough abstract detail.,"It studies concrete or cementitious members made under centrifugal acceleration, which is the closest established literature family to hypergravity concrete forming.","High: directly informs pipe piles, hollow members, mix stability, density gradient, durability, and centrifugal production.",abstract unavailable or too short in API metadata,2,4,3,3,2.85,excluded_or_low_relevance,Directly studies concrete materials or concrete members under centrifugal forming.
centrifuged_concrete,D1,离心成型混凝土,Centrifuged / centrifugally cast / spun concrete,"""prestressed high-strength concrete pipe pile""",Model experimental study on mechanical characteristics of prestressed concrete (PC) wall piles for waterway revetment,Yuedong Wu,2025,Case Studies in Construction Materials,10.1016/j.cscm.2025.e04965,https://api.elsevier.com/content/article/pii/S2214509525007636,ScienceDirect,unclear,unclear,S2214509525007636,Concrete/cementitious material or calcium-rich object inferred from title/abstract,Method inferred from ScienceDirect title/abstract,Condition present in query/title but not quantitatively stated in available metadata,ScienceDirect direct metadata did not provide enough abstract detail.,"It studies concrete or cementitious members made under centrifugal acceleration, which is the closest established literature family to hypergravity concrete forming.","High: directly informs pipe piles, hollow members, mix stability, density gradient, durability, and centrifugal production.",abstract unavailable or too short in API metadata,2,4,3,3,2.85,excluded_or_low_relevance,Directly studies concrete materials or concrete members under centrifugal forming.
centrifuged_concrete,D1,离心成型混凝土,Centrifuged / centrifugally cast / spun concrete,"""prestressed high-strength concrete pipe pile""",Modification mechanism and pile performance evaluation of coal gangue concrete with TRI-FA-Slag,Shenghao Jin,2026,Journal of Building Engineering,10.1016/j.jobe.2026.115792,https://api.elsevier.com/content/article/pii/S2352710226006133,ScienceDirect,unclear,unclear,S2352710226006133,cementitious or calcium-rich carbonation material,Method inferred from ScienceDirect title/abstract,Condition present in query/title but not quantitatively stated in available metadata,ScienceDirect direct metadata did not provide enough abstract detail.,"It studies concrete or cementitious members made under centrifugal acceleration, which is the closest established literature family to hypergravity concrete forming.","High: directly informs pipe piles, hollow members, mix stability, density gradient, durability, and centrifugal production.",abstract unavailable or too short in API metadata,2,4,3,3,2.85,excluded_or_low_relevance,Directly studies concrete materials or concrete members under centrifugal forming.
centrifuged_concrete,D1,离心成型混凝土,Centrifuged / centrifugally cast / spun concrete,"""centrifugally formed concrete""",New insight into concrete damage under the coupled action of low-stress dynamic loading and freeze-thaw cycles: Experiment and numerical simulation,Yanqun Xu,2026,Cement and Concrete Research,10.1016/j.cemconres.2026.108251,https://api.elsevier.com/content/article/pii/S0008884626001201,ScienceDirect,unclear,unclear,S0008884626001201,Concrete/cementitious material or calcium-rich object inferred from title/abstract,Method inferred from ScienceDirect title/abstract,Condition present in query/title but not quantitatively stated in available metadata,ScienceDirect direct metadata did not provide enough abstract detail.,"It studies concrete or cementitious members made under centrifugal acceleration, which is the closest established literature family to hypergravity concrete forming.","High: directly informs pipe piles, hollow members, mix stability, density gradient, durability, and centrifugal production.",abstract unavailable or too short in API metadata,2,4,3,3,2.85,excluded_or_low_relevance,Directly studies concrete materials or concrete members under centrifugal forming.
centrifuged_concrete,D1,离心成型混凝土,Centrifuged / centrifugally cast / spun concrete,"""centrifuged concrete""",Novel ultrafine-porous lightweight concrete enabled by ultrasonic carbonation-induced flocculation,Guangqi Xiong,2026,Cement and Concrete Composites,10.1016/j.cemconcomp.2026.106579,https://api.elsevier.com/content/article/pii/S0958946526001204,ScienceDirect,unclear,unclear,S0958946526001204,Concrete/cementitious material or calcium-rich object inferred from title/abstract,Method inferred from ScienceDirect title/abstract,Condition present in query/title but not quantitatively stated in available metadata,ScienceDirect direct metadata did not provide enough abstract detail.,"It studies concrete or cementitious members made under centrifugal acceleration, which is the closest established literature family to hypergravity concrete forming.","High: directly informs pipe piles, hollow members, mix stability, density gradient, durability, and centrifugal production.",abstract unavailable or too short in API metadata,2,4,3,3,2.85,excluded_or_low_relevance,Directly studies concrete materials or concrete members under centrifugal forming.
centrifuged_concrete,D1,离心成型混凝土,Centrifuged / centrifugally cast / spun concrete,"""centrifugal casting concrete""",Numerical study on flexural behavior of reinforced hollow high strength concrete-filled circular steel tubes,Zhijian Yang,2026,Structures,10.1016/j.istruc.2025.110948,https://api.elsevier.com/content/article/pii/S2352012425027651,ScienceDirect,unclear,unclear,S2352012425027651,Concrete/cementitious material or calcium-rich object inferred from title/abstract,Method inferred from ScienceDirect title/abstract,Condition present in query/title but not quantitatively stated in available metadata,ScienceDirect direct metadata did not provide enough abstract detail.,"It studies concrete or cementitious members made under centrifugal acceleration, which is the closest established literature family to hypergravity concrete forming.","High: directly informs pipe piles, hollow members, mix stability, density gradient, durability, and centrifugal production.",abstract unavailable or too short in API metadata,2,4,3,3,2.85,excluded_or_low_relevance,Directly studies concrete materials or concrete members under centrifugal forming.
centrifuged_concrete,D1,离心成型混凝土,Centrifuged / centrifugally cast / spun concrete,"""hollow concrete pile""","Optimisation of embodied carbon and construction cost of concrete, steel and timber piles",Kareem Abushama,2025,Developments in the Built Environment,10.1016/j.dibe.2025.100656,https://api.elsevier.com/content/article/pii/S2666165925000560,ScienceDirect,unclear,unclear,S2666165925000560,Concrete/cementitious material or calcium-rich object inferred from title/abstract,Method inferred from ScienceDirect title/abstract,Condition present in query/title but not quantitatively stated in available metadata,ScienceDirect direct metadata did not provide enough abstract detail.,"It studies concrete or cementitious members made under centrifugal acceleration, which is the closest established literature family to hypergravity concrete forming.","High: directly informs pipe piles, hollow members, mix stability, density gradient, durability, and centrifugal production.",abstract unavailable or too short in API metadata,2,4,3,3,2.85,excluded_or_low_relevance,Directly studies concrete materials or concrete members under centrifugal forming.
centrifuged_concrete,D1,离心成型混凝土,Centrifuged / centrifugally cast / spun concrete,"""hollow concrete pile""",Performance analysis of aramid (kevlar) fiber reinforced polymer wrapped concrete piles under lateral loads,G. L. Abishek,2025,Journal of Building Engineering,10.1016/j.jobe.2025.112336,https://api.elsevier.com/content/article/pii/S235271022500573X,ScienceDirect,unclear,unclear,S235271022500573X,Concrete/cementitious material or calcium-rich object inferred from title/abstract,Method inferred from ScienceDirect title/abstract,Condition present in query/title but not quantitatively stated in available metadata,ScienceDirect direct metadata did not provide enough abstract detail.,"It studies concrete or cementitious members made under centrifugal acceleration, which is the closest established literature family to hypergravity concrete forming.","High: directly informs pipe piles, hollow members, mix stability, density gradient, durability, and centrifugal production.",abstract unavailable or too short in API metadata,2,4,3,3,2.85,excluded_or_low_relevance,Directly studies concrete materials or concrete members under centrifugal forming.
centrifuged_concrete,D1,离心成型混凝土,Centrifuged / centrifugally cast / spun concrete,"""centrifugal casting concrete""",Performance assessment of fly ash-based geopolymer concrete pipes and its comparison with cement reinforced concrete pipes,Faisal Amin,2025,Progress in Engineering Science,10.1016/j.pes.2025.100122,https://api.elsevier.com/content/article/pii/S295042522500074X,ScienceDirect,unclear,unclear,S295042522500074X,cementitious or calcium-rich carbonation material,Method inferred from ScienceDirect title/abstract,Condition present in query/title but not quantitatively stated in available metadata,ScienceDirect direct metadata did not provide enough abstract detail.,"It studies concrete or cementitious members made under centrifugal acceleration, which is the closest established literature family to hypergravity concrete forming.","High: directly informs pipe piles, hollow members, mix stability, density gradient, durability, and centrifugal production.",abstract unavailable or too short in API metadata,2,4,3,3,2.85,excluded_or_low_relevance,Directly studies concrete materials or concrete members under centrifugal forming.
centrifuged_concrete,D1,离心成型混凝土,Centrifuged / centrifugally cast / spun concrete,"""centrifugally formed concrete""",Performance of pervious concrete prepared using alkali-activated slag and recycled concrete aggregates,Zhijun Zhou,2026,Case Studies in Construction Materials,10.1016/j.cscm.2026.e06057,https://api.elsevier.com/content/article/pii/S2214509526003086,ScienceDirect,unclear,unclear,S2214509526003086,cementitious or calcium-rich carbonation material,Method inferred from ScienceDirect title/abstract,Condition present in query/title but not quantitatively stated in available metadata,ScienceDirect direct metadata did not provide enough abstract detail.,"It studies concrete or cementitious members made under centrifugal acceleration, which is the closest established literature family to hypergravity concrete forming.","High: directly informs pipe piles, hollow members, mix stability, density gradient, durability, and centrifugal production.",abstract unavailable or too short in API metadata,2,4,3,3,2.85,excluded_or_low_relevance,Directly studies concrete materials or concrete members under centrifugal forming.
centrifuged_concrete,D1,离心成型混凝土,Centrifuged / centrifugally cast / spun concrete,"""hollow concrete pile""",Performance of precast hollow steel-encased high-strength concrete piles,Shreya Thusoo,2020,Engineering Structures,10.1016/j.engstruct.2019.109995,https://api.elsevier.com/content/article/pii/S0141029619322151,ScienceDirect,unclear,unclear,S0141029619322151,Concrete/cementitious material or calcium-rich object inferred from title/abstract,Method inferred from ScienceDirect title/abstract,Condition present in query/title but not quantitatively stated in available metadata,ScienceDirect direct metadata did not provide enough abstract detail.,"It studies concrete or cementitious members made under centrifugal acceleration, which is the closest established literature family to hypergravity concrete forming.","High: directly informs pipe piles, hollow members, mix stability, density gradient, durability, and centrifugal production.",abstract unavailable or too short in API metadata,2,4,3,3,2.85,excluded_or_low_relevance,Directly studies concrete materials or concrete members under centrifugal forming.
centrifuged_concrete,D1,离心成型混凝土,Centrifuged / centrifugally cast / spun concrete,"""centrifugally cast concrete""",Predicting the performance of existing pre-cast concrete pipes using destructive and non-destructive testing techniques,Wasim Abbass,2023,Heliyon,10.1016/j.heliyon.2023.e15471,https://api.elsevier.com/content/article/pii/S2405844023026786,ScienceDirect,unclear,unclear,S2405844023026786,Concrete/cementitious material or calcium-rich object inferred from title/abstract,Method inferred from ScienceDirect title/abstract,Condition present in query/title but not quantitatively stated in available metadata,ScienceDirect direct metadata did not provide enough abstract detail.,"It studies concrete or cementitious members made under centrifugal acceleration, which is the closest established literature family to hypergravity concrete forming.","High: directly informs pipe piles, hollow members, mix stability, density gradient, durability, and centrifugal production.",abstract unavailable or too short in API metadata,2,4,3,3,2.85,excluded_or_low_relevance,Directly studies concrete materials or concrete members under centrifugal forming.
centrifuged_concrete,D1,离心成型混凝土,Centrifuged / centrifugally cast / spun concrete,"""prestressed high-strength concrete pipe pile""",Preparation and properties of non-autoclaved high-strength pile concrete with anhydrite and ground granulated blast-furnace slag,Pan Zhou,2024,Case Studies in Construction Materials,10.1016/j.cscm.2024.e03597,https://api.elsevier.com/content/article/pii/S2214509524007484,ScienceDirect,unclear,unclear,S2214509524007484,cementitious or calcium-rich carbonation material,Method inferred from ScienceDirect title/abstract,Condition present in query/title but not quantitatively stated in available metadata,ScienceDirect direct metadata did not provide enough abstract detail.,"It studies concrete or cementitious members made under centrifugal acceleration, which is the closest established literature family to hypergravity concrete forming.","High: directly informs pipe piles, hollow members, mix stability, density gradient, durability, and centrifugal production.",abstract unavailable or too short in API metadata,2,4,3,3,2.85,excluded_or_low_relevance,Directly studies concrete materials or concrete members under centrifugal forming.
centrifuged_concrete,D1,离心成型混凝土,Centrifuged / centrifugally cast / spun concrete,"""spun concrete""",Prestressed concrete railway traction poles mounted on prefabricated piles,Jarosław Michałek,2026,Transportation Research Procedia,10.1016/j.trpro.2025.12.017,https://api.elsevier.com/content/article/pii/S2352146525009044,ScienceDirect,unclear,unclear,S2352146525009044,Concrete/cementitious material or calcium-rich object inferred from title/abstract,Method inferred from ScienceDirect title/abstract,Condition present in query/title but not quantitatively stated in available metadata,ScienceDirect direct metadata did not provide enough abstract detail.,"It studies concrete or cementitious members made under centrifugal acceleration, which is the closest established literature family to hypergravity concrete forming.","High: directly informs pipe piles, hollow members, mix stability, density gradient, durability, and centrifugal production.",abstract unavailable or too short in API metadata,2,4,3,3,2.85,excluded_or_low_relevance,Directly studies concrete materials or concrete members under centrifugal forming.
centrifuged_concrete,D1,离心成型混凝土,Centrifuged / centrifugally cast / spun concrete,"""hollow concrete pile""",Pull-out behavior and damage assessment of core concrete of Full-scale prestressed High-strength hollow square piles,Wenlei Xu,2023,Structures,10.1016/j.istruc.2023.03.159,https://api.elsevier.com/content/article/pii/S2352012423004460,ScienceDirect,unclear,unclear,S2352012423004460,Concrete/cementitious material or calcium-rich object inferred from title/abstract,Method inferred from ScienceDirect title/abstract,Condition present in query/title but not quantitatively stated in available metadata,ScienceDirect direct metadata did not provide enough abstract detail.,"It studies concrete or cementitious members made under centrifugal acceleration, which is the closest established literature family to hypergravity concrete forming.","High: directly informs pipe piles, hollow members, mix stability, density gradient, durability, and centrifugal production.",abstract unavailable or too short in API metadata,2,4,3,3,2.85,excluded_or_low_relevance,Directly studies concrete materials or concrete members under centrifugal forming.
centrifuged_concrete,D1,离心成型混凝土,Centrifuged / centrifugally cast / spun concrete,"""centrifuged concrete""",Research on the durability of cracked concrete repaired via enzyme-induced calcium carbonate precipitation (EICP),Gang Li,2026,Construction and Building Materials,10.1016/j.conbuildmat.2026.145690,https://api.elsevier.com/content/article/pii/S095006182600591X,ScienceDirect,unclear,unclear,S095006182600591X,Concrete/cementitious material or calcium-rich object inferred from title/abstract,Method inferred from ScienceDirect title/abstract,Condition present in query/title but not quantitatively stated in available metadata,ScienceDirect direct metadata did not provide enough abstract detail.,"It studies concrete or cementitious members made under centrifugal acceleration, which is the closest established literature family to hypergravity concrete forming.","High: directly informs pipe piles, hollow members, mix stability, density gradient, durability, and centrifugal production.",abstract unavailable or too short in API metadata,2,4,3,3,2.85,excluded_or_low_relevance,Directly studies concrete materials or concrete members under centrifugal forming.
centrifuged_concrete,D1,离心成型混凝土,Centrifuged / centrifugally cast / spun concrete,"""centrifugal casting concrete""",Scaling effect of concrete gravity dam subjected to underwater explosion in the field test,Z. Q. Chen,2026,Engineering Fracture Mechanics,10.1016/j.engfracmech.2025.111825,https://api.elsevier.com/content/article/pii/S0013794425010264,ScienceDirect,unclear,unclear,S0013794425010264,Concrete/cementitious material or calcium-rich object inferred from title/abstract,Method inferred from ScienceDirect title/abstract,Condition present in query/title but not quantitatively stated in available metadata,ScienceDirect direct metadata did not provide enough abstract detail.,"It studies concrete or cementitious members made under centrifugal acceleration, which is the closest established literature family to hypergravity concrete forming.","High: directly informs pipe piles, hollow members, mix stability, density gradient, durability, and centrifugal production.",abstract unavailable or too short in API metadata,2,4,3,3,2.85,excluded_or_low_relevance,Directly studies concrete materials or concrete members under centrifugal forming.
centrifuged_concrete,D1,离心成型混凝土,Centrifuged / centrifugally cast / spun concrete,"""centrifuged concrete""",Seepage behavior of drainage zoning in a concrete faced gravel-fill dam via centrifuge and numerical modeling,Yun Wook Choo,2013,KSCE Journal of Civil Engineering,10.1007/s12205-013-0215-2,https://api.elsevier.com/content/article/pii/S1226798824009309,ScienceDirect,unclear,unclear,S1226798824009309,Concrete/cementitious material or calcium-rich object inferred from title/abstract,Centrifugal forming / spinning / casting,Condition present in query/title but not quantitatively stated in available metadata,ScienceDirect direct metadata did not provide enough abstract detail.,"It studies concrete or cementitious members made under centrifugal acceleration, which is the closest established literature family to hypergravity concrete forming.","High: directly informs pipe piles, hollow members, mix stability, density gradient, durability, and centrifugal production.",abstract unavailable or too short in API metadata,2,4,3,3,2.85,excluded_or_low_relevance,Directly studies concrete materials or concrete members under centrifugal forming.
centrifuged_concrete,D1,离心成型混凝土,Centrifuged / centrifugally cast / spun concrete,"""centrifuged concrete""",Seismic behaviors of earth-core and concrete-faced rock-fill dams by dynamic centrifuge tests,Mu-Kwang Kim,2011,Soil Dynamics and Earthquake Engineering,10.1016/j.soildyn.2011.06.010,https://api.elsevier.com/content/article/pii/S0267726111002065,ScienceDirect,unclear,unclear,S0267726111002065,Concrete/cementitious material or calcium-rich object inferred from title/abstract,Centrifugal forming / spinning / casting,Condition present in query/title but not quantitatively stated in available metadata,ScienceDirect direct metadata did not provide enough abstract detail.,"It studies concrete or cementitious members made under centrifugal acceleration, which is the closest established literature family to hypergravity concrete forming.","High: directly informs pipe piles, hollow members, mix stability, density gradient, durability, and centrifugal production.",abstract unavailable or too short in API metadata,2,4,3,3,2.85,excluded_or_low_relevance,Directly studies concrete materials or concrete members under centrifugal forming.
centrifuged_concrete,D1,离心成型混凝土,Centrifuged / centrifugally cast / spun concrete,"""prestressed high-strength concrete pipe pile""",Seismic performance of pretensioned prestressed concrete solid square piles with combined helical grooved steel bars and deformed rebars,Zheng Li,2025,Structures,10.1016/j.istruc.2025.109516,https://api.elsevier.com/content/article/pii/S2352012425013311,ScienceDirect,unclear,unclear,S2352012425013311,Concrete/cementitious material or calcium-rich object inferred from title/abstract,Method inferred from ScienceDirect title/abstract,Condition present in query/title but not quantitatively stated in available metadata,ScienceDirect direct metadata did not provide enough abstract detail.,"It studies concrete or cementitious members made under centrifugal acceleration, which is the closest established literature family to hypergravity concrete forming.","High: directly informs pipe piles, hollow members, mix stability, density gradient, durability, and centrifugal production.",abstract unavailable or too short in API metadata,2,4,3,3,2.85,excluded_or_low_relevance,Directly studies concrete materials or concrete members under centrifugal forming.
centrifuged_concrete,D1,离心成型混凝土,Centrifuged / centrifugally cast / spun concrete,"""centrifugally cast concrete""",Seismic performance of pretensioned prestressed concrete solid square piles with combined steel strand and deformed rebar,Zheng Li,2026,Soil Dynamics and Earthquake Engineering,10.1016/j.soildyn.2026.110414,https://api.elsevier.com/content/article/pii/S026772612600326X,ScienceDirect,unclear,unclear,S026772612600326X,Concrete/cementitious material or calcium-rich object inferred from title/abstract,Method inferred from ScienceDirect title/abstract,Condition present in query/title but not quantitatively stated in available metadata,ScienceDirect direct metadata did not provide enough abstract detail.,"It studies concrete or cementitious members made under centrifugal acceleration, which is the closest established literature family to hypergravity concrete forming.","High: directly informs pipe piles, hollow members, mix stability, density gradient, durability, and centrifugal production.",abstract unavailable or too short in API metadata,2,4,3,3,2.85,excluded_or_low_relevance,Directly studies concrete materials or concrete members under centrifugal forming.
centrifuged_concrete,D1,离心成型混凝土,Centrifuged / centrifugally cast / spun concrete,"""centrifuged concrete""",Signal transmission performance and mechanism of smart aggregate developed from carbon mineralization in concrete,Zhiyong Zhu,2026,Construction and Building Materials,10.1016/j.conbuildmat.2025.144871,https://api.elsevier.com/content/article/pii/S0950061825050238,ScienceDirect,unclear,unclear,S0950061825050238,Concrete/cementitious material or calcium-rich object inferred from title/abstract,Method inferred from ScienceDirect title/abstract,Condition present in query/title but not quantitatively stated in available metadata,ScienceDirect direct metadata did not provide enough abstract detail.,"It studies concrete or cementitious members made under centrifugal acceleration, which is the closest established literature family to hypergravity concrete forming.","High: directly informs pipe piles, hollow members, mix stability, density gradient, durability, and centrifugal production.",abstract unavailable or too short in API metadata,2,4,3,3,2.85,excluded_or_low_relevance,Directly studies concrete materials or concrete members under centrifugal forming.
centrifuged_concrete,D1,离心成型混凝土,Centrifuged / centrifugally cast / spun concrete,"""centrifuged concrete""",Spore surface cationization enables cathode-directed microbial electromigration for self-healing of existing reinforced concrete,Zhenxiao Bi,2026,Cement and Concrete Composites,10.1016/j.cemconcomp.2026.106687,https://api.elsevier.com/content/article/pii/S0958946526002283,ScienceDirect,unclear,unclear,S0958946526002283,Concrete/cementitious material or calcium-rich object inferred from title/abstract,Method inferred from ScienceDirect title/abstract,Condition present in query/title but not quantitatively stated in available metadata,ScienceDirect direct metadata did not provide enough abstract detail.,"It studies concrete or cementitious members made under centrifugal acceleration, which is the closest established literature family to hypergravity concrete forming.","High: directly informs pipe piles, hollow members, mix stability, density gradient, durability, and centrifugal production.",abstract unavailable or too short in API metadata,2,4,3,3,2.85,excluded_or_low_relevance,Directly studies concrete materials or concrete members under centrifugal forming.
centrifuged_concrete,D1,离心成型混凝土,Centrifuged / centrifugally cast / spun concrete,"""centrifugal casting concrete""",Square steel tube filled with steel-fiber-reinforced recycled aggregate concrete subjected to coupled compression-torsion based on acoustic emission technique,Xiaoxia Ma,2026,Engineering Structures,10.1016/j.engstruct.2025.121605,https://api.elsevier.com/content/article/pii/S0141029625019960,ScienceDirect,unclear,unclear,S0141029625019960,Concrete/cementitious material or calcium-rich object inferred from title/abstract,Method inferred from ScienceDirect title/abstract,Condition present in query/title but not quantitatively stated in available metadata,ScienceDirect direct metadata did not provide enough abstract detail.,"It studies concrete or cementitious members made under centrifugal acceleration, which is the closest established literature family to hypergravity concrete forming.","High: directly informs pipe piles, hollow members, mix stability, density gradient, durability, and centrifugal production.",abstract unavailable or too short in API metadata,2,4,3,3,2.85,excluded_or_low_relevance,Directly studies concrete materials or concrete members under centrifugal forming.
centrifuged_concrete,D1,离心成型混凝土,Centrifuged / centrifugally cast / spun concrete,"""centrifuged concrete""",Stability of compressed steel concrete composite tubular columns with centrifuged cores,L Storozhenko,1998,Journal of Constructional Steel Research,10.1016/s0143-974x(98)80098-9,https://api.elsevier.com/content/article/pii/S0143974X98800989,ScienceDirect,unclear,unclear,S0143974X98800989,Concrete/cementitious material or calcium-rich object inferred from title/abstract,Centrifugal forming / spinning / casting,centrifuged,ScienceDirect direct metadata did not provide enough abstract detail.,"It studies concrete or cementitious members made under centrifugal acceleration, which is the closest established literature family to hypergravity concrete forming.","High: directly informs pipe piles, hollow members, mix stability, density gradient, durability, and centrifugal production.",abstract unavailable or too short in API metadata,2,4,3,3,2.85,excluded_or_low_relevance,Directly studies concrete materials or concrete members under centrifugal forming.
centrifuged_concrete,D1,离心成型混凝土,Centrifuged / centrifugally cast / spun concrete,"""hollow concrete pile""",Structural design and performance of a steel joint for driven precast concrete energy piles,Habibollah Sadeghi,2025,Engineering Structures,10.1016/j.engstruct.2025.120256,https://api.elsevier.com/content/article/pii/S0141029625006479,ScienceDirect,unclear,unclear,S0141029625006479,Concrete/cementitious material or calcium-rich object inferred from title/abstract,Method inferred from ScienceDirect title/abstract,Condition present in query/title but not quantitatively stated in available metadata,ScienceDirect direct metadata did not provide enough abstract detail.,"It studies concrete or cementitious members made under centrifugal acceleration, which is the closest established literature family to hypergravity concrete forming.","High: directly informs pipe piles, hollow members, mix stability, density gradient, durability, and centrifugal production.",abstract unavailable or too short in API metadata,2,4,3,3,2.85,excluded_or_low_relevance,Directly studies concrete materials or concrete members under centrifugal forming.
centrifuged_concrete,D1,离心成型混凝土,Centrifuged / centrifugally cast / spun concrete,"""centrifugal casting concrete""",Structural performance of circular hollow precast high-strength concrete-filled steel tube piles under cyclic flexural and varying high axial loads,Clarissa Jasinda,2026,Engineering Structures,10.1016/j.engstruct.2026.122248,https://api.elsevier.com/content/article/pii/S0141029626001616,ScienceDirect,unclear,unclear,S0141029626001616,Concrete/cementitious material or calcium-rich object inferred from title/abstract,Method inferred from ScienceDirect title/abstract,Condition present in query/title but not quantitatively stated in available metadata,ScienceDirect direct metadata did not provide enough abstract detail.,"It studies concrete or cementitious members made under centrifugal acceleration, which is the closest established literature family to hypergravity concrete forming.","High: directly informs pipe piles, hollow members, mix stability, density gradient, durability, and centrifugal production.",abstract unavailable or too short in API metadata,2,4,3,3,2.85,excluded_or_low_relevance,Directly studies concrete materials or concrete members under centrifugal forming.
centrifuged_concrete,D1,离心成型混凝土,Centrifuged / centrifugally cast / spun concrete,"""centrifugally formed concrete""",Study on stress-deformation mechanism of concrete face rockfill dam based on centrifugal model test,Peng Bu,2023,Measurement,10.1016/j.measurement.2023.112973,https://api.elsevier.com/content/article/pii/S0263224123005377,ScienceDirect,unclear,unclear,S0263224123005377,Concrete/cementitious material or calcium-rich object inferred from title/abstract,Centrifugal forming / spinning / casting,centrifugal,ScienceDirect direct metadata did not provide enough abstract detail.,"It studies concrete or cementitious members made under centrifugal acceleration, which is the closest established literature family to hypergravity concrete forming.","High: directly informs pipe piles, hollow members, mix stability, density gradient, durability, and centrifugal production.",abstract unavailable or too short in API metadata,2,4,3,3,2.85,excluded_or_low_relevance,Directly studies concrete materials or concrete members under centrifugal forming.
centrifuged_concrete,D1,离心成型混凝土,Centrifuged / centrifugally cast / spun concrete,"""centrifugal casting concrete""",Systematic state-of-the-art review on precast concrete pipes,Safeer Abbas,2025,Results in Engineering,10.1016/j.rineng.2024.103826,https://api.elsevier.com/content/article/pii/S2590123024020693,ScienceDirect,unclear,unclear,S2590123024020693,Concrete/cementitious material or calcium-rich object inferred from title/abstract,Method inferred from ScienceDirect title/abstract,Condition present in query/title but not quantitatively stated in available metadata,ScienceDirect direct metadata did not provide enough abstract detail.,"It studies concrete or cementitious members made under centrifugal acceleration, which is the closest established literature family to hypergravity concrete forming.","High: directly informs pipe piles, hollow members, mix stability, density gradient, durability, and centrifugal production.",abstract unavailable or too short in API metadata,2,4,3,3,2.85,excluded_or_low_relevance,Directly studies concrete materials or concrete members under centrifugal forming.
centrifuged_concrete,D1,离心成型混凝土,Centrifuged / centrifugally cast / spun concrete,"""prestressed high-strength concrete pipe pile""",Thermomechanical response characteristics of full-scale prestressed high-strength concrete energy pile under the flexible constraint of cushion layer,Honglin Chang,2025,Energy,10.1016/j.energy.2025.137070,https://api.elsevier.com/content/article/pii/S0360544225027124,ScienceDirect,unclear,unclear,S0360544225027124,Concrete/cementitious material or calcium-rich object inferred from title/abstract,Method inferred from ScienceDirect title/abstract,Condition present in query/title but not quantitatively stated in available metadata,ScienceDirect direct metadata did not provide enough abstract detail.,"It studies concrete or cementitious members made under centrifugal acceleration, which is the closest established literature family to hypergravity concrete forming.","High: directly informs pipe piles, hollow members, mix stability, density gradient, durability, and centrifugal production.",abstract unavailable or too short in API metadata,2,4,3,3,2.85,excluded_or_low_relevance,Directly studies concrete materials or concrete members under centrifugal forming.
geotechnical_centrifuge_modeling,D2,土工离心模型,Geotechnical centrifuge modeling involving concrete structures,"""centrifuge model test"" concrete",A New Method based on Centrifuge Model Test for Evaluating Ground Settlement Induced by Tunneling,Hongpeng Lai,2019,KSCE Journal of Civil Engineering,10.1007/s12205-019-0780-0,https://api.elsevier.com/content/article/pii/S1226798824033221,ScienceDirect,"Current methods for evaluating the ground settlement due to tunneling in loess do not fully consider the special engineering properties of loess. This paper first studied the ground settlement due to tunnel construction in loess by conducting a uniquely designed centrifuge model test. Then the ground settlements were calculated using a currently widely used method and compared with the measured values from the centrifuge model test. The results indicated a substantial difference between the calculated and measured settlement profiles. For the stratum at shallow depth, the calculated settlement profiles were flatter with smaller maximum settlement Smax at the tunnel centerline and larger settlement far from the centerline than those from the centrifuge model test; while for the stratum near the tunnel crown, the opposite was obtained. The main reason for the difference is because of the large void structure and high compressibility of loess which causes additional settlement at shallow depth. Based on the centrifuge model test results, a new method which properly considers the special engineering characteristics of loess was proposed to evaluate the settlement due to tunnel construction in loess. The calculated settlement profiles using the new method were in good agreement with those from the centrifuge model test. Finally, the new method was used to evaluate the ground settlement caused by the construction of a Metro tunnel in loess and satisfactory results were obtained.",centrifuge model test; ground settlement; loess; prediction; tunneling,S1226798824033221,Concrete/cementitious material or calcium-rich object inferred from title/abstract,Geotechnical centrifuge model test,Condition present in query/title but not quantitatively stated in available metadata,See abstract metadata; detailed findings require full-text reading where access is lawful.,"It uses a centrifuge to scale gravity stress fields around concrete infrastructure, so it is useful as a parallel modeling reference but not direct material research.","Medium: useful for structural-geotechnical similitude and loading references, but less useful for concrete material design.","metadata is usable for initial screening; this is a parallel geotechnical modeling field, not direct hypergravity concrete material research.",5,3,3,5,4.1,included,"Studies geotechnical models involving concrete structures; use as parallel field reference, not as hypergravity concrete material evidence."
geotechnical_centrifuge_modeling,D2,土工离心模型,Geotechnical centrifuge modeling involving concrete structures,"""geotechnical centrifuge modeling"" concrete",Centrifuge Model Study of Piles Socketed in Soft Rock,C. F. Leung,1993,Soils and Foundations,10.3208/sandf1972.33.3_80,https://api.elsevier.com/content/article/pii/S0038080620313974,ScienceDirect,unclear,unclear,S0038080620313974,Concrete/cementitious material or calcium-rich object inferred from title/abstract,Geotechnical centrifuge model test,Condition present in query/title but not quantitatively stated in available metadata,ScienceDirect direct metadata did not provide enough abstract detail.,"It uses a centrifuge to scale gravity stress fields around concrete infrastructure, so it is useful as a parallel modeling reference but not direct material research.","Medium: useful for structural-geotechnical similitude and loading references, but less useful for concrete material design.","abstract unavailable or too short in API metadata; this is a parallel geotechnical modeling field, not direct hypergravity concrete material research.; excluded from final Excel because no usable abstract was available from Elsevier metadata.",5,3,3,3,3.8,excluded_missing_abstract,"Studies geotechnical models involving concrete structures; use as parallel field reference, not as hypergravity concrete material evidence."
geotechnical_centrifuge_modeling,D2,土工离心模型,Geotechnical centrifuge modeling involving concrete structures,"""concrete lining"" AND centrifuge",Centrifuge and numerical modelling of the seismic response of tunnels in two-layered soils,Haizuo Zhou,2021,Tunnelling and Underground Space Technology,10.1016/j.tust.2021.103980,https://api.elsevier.com/content/article/pii/S0886779821001711,ScienceDirect,"Soil deposits inevitably affect the seismic performance of underground structures, and underground tunnels are commonly constructed on sites composed of layered soil deposits. In this study, dynamic centrifuge tests and numerical modelling are conducted to enhance the fundamental understanding of the kinematic soil-tunnel interaction for tunnels constructed in layered soils that consist of muddy clay and silty clay. The site seismic response and tunnel seismic performance between the centrifuge and numerical modelling are compared. The acceleration time histories, amplification factors of the input motions, and the Fourier spectra between free field and structural field are experimentally and numerically investigated. For comparative purposes, parametric studies of tunnels in a single muddy clay and a single silty clay using verified numerical modelling are carried out. In addition, the dynamic bending moment and axial forces obtained by centrifuge and numerical modelling are compared with the solutions predicted by analytical methods in prior studies.",Acceleration response; Centrifuge tests; Muddy clay; Numerical modelling; Silty clay,S0886779821001711,Concrete/cementitious material or calcium-rich object inferred from title/abstract,Centrifugal forming / spinning / casting,Condition present in query/title but not quantitatively stated in available metadata,See abstract metadata; detailed findings require full-text reading where access is lawful.,"It uses a centrifuge to scale gravity stress fields around concrete infrastructure, so it is useful as a parallel modeling reference but not direct material research.","Medium: useful for structural-geotechnical similitude and loading references, but less useful for concrete material design.","metadata is usable for initial screening; this is a parallel geotechnical modeling field, not direct hypergravity concrete material research.",5,3,3,5,4.1,included,"Studies geotechnical models involving concrete structures; use as parallel field reference, not as hypergravity concrete material evidence."
geotechnical_centrifuge_modeling,D2,土工离心模型,Geotechnical centrifuge modeling involving concrete structures,"""centrifuge model test"" concrete",Centrifuge model tests and numerical simulation on ground-borne vibration propagating and vibration reduction scheme for tunnel inner structure,Zhenghao Liu,2024,Tunnelling and Underground Space Technology,10.1016/j.tust.2024.105996,https://api.elsevier.com/content/article/pii/S0886779824004140,ScienceDirect,"Traffic vibration of roads, trains and metro system is increasingly influencing normal life and facility operation in large cities, as population grows and infrastructures get more congested. Aiming to assess the impact of ground-borne vibrations nearby elevated traffic system on a tunnel housing sensitive scientific in struments, this paper employed centrifugal model tests and numerical simulations to analyze the attenuation trending of vertical vibration propagating from the pile foundation supporting the traffic system and vibratory response of the tunnel model, as well as the passive damping effects of a rubber isolation layer in tunnel structure. Model tests were carried out both in saturated sandy soil layer and dry one, under individual pile vibrations. Results from centrifugal tests indicated that vertical vibration energy decreases with increasing propagation distance, with more rapid attenuation in saturated sands compared to dry sands. Comparison within frequency domain of the vibration shows that high-frequency components attenuated faster than low-frequency ones in the ground, and in the 10–50 Hz range, vibrational energy at the tunnel invert was significantly lower than at the crown, with saturated sands exhibiting lower vibrations than dry sands. However, in the 50–100 Hz range, vibrations at the tunnel invert amplified, with saturated sands exhibiting higher vibrations than dry sands. A 5 mm thick rubber isolation layer was shown to reduce vibrations at the center of the tunnel base between 10–60 Hz in saturated sandy soils. Numerical simulations supported the experimental results and further investigated the impact of soil damping ratio and dynamic shear modulus on vibration propagation. An increased damping ratio significantly reduced high-frequency vibrations and vertical acceleration FRF values. A higher dynamic shear modulus led to decreased soil acceleration response under vibration, though the effect diminished with higher excitation frequencies. This integrated experimental and numerical study provides valuable insights for optimizing vibration reduction strategies in tunnel construction, with potential applications to similar engineering projects.",Centrifugal modelling; Ground-borne vibration; Numerical simulation; Passive vibration reduction; Tunnel,S0886779824004140,tunnel lining / pile foundation concrete structure,Geotechnical centrifuge model test,centrifugal,See abstract metadata; detailed findings require full-text reading where access is lawful.,"It uses a centrifuge to scale gravity stress fields around concrete infrastructure, so it is useful as a parallel modeling reference but not direct material research.","Medium: useful for structural-geotechnical similitude and loading references, but less useful for concrete material design.","metadata is usable for initial screening; this is a parallel geotechnical modeling field, not direct hypergravity concrete material research.",5,3,3,5,4.1,included,"Studies geotechnical models involving concrete structures; use as parallel field reference, not as hypergravity concrete material evidence."
geotechnical_centrifuge_modeling,D2,土工离心模型,Geotechnical centrifuge modeling involving concrete structures,"""centrifuge model test"" concrete",Centrifuge model tests and settlement calculation of belled and multi-belled piles in loess area,Jiangtao Lei,2022,Soil Dynamics and Earthquake Engineering,10.1016/j.soildyn.2022.107425,https://api.elsevier.com/content/article/pii/S0267726122002743,ScienceDirect,"Belled and multi-belled piles are cast-in-place piles with one or several bell-shaped enlargements. In this study, centrifuge model tests were conducted to explore the bearing mechanism of belled and multi-belled piles in loess area. It was found that both the bell shape forming and pile loading procedure lead to the compaction effect of soil adjacent to the pile which was shown intuitively as the mutation of axial force and side friction resistance at certain positions of pile shaft. The compaction effect due to the bell-shape enlargement transformed to the squeeze out behavior when the bell is oversize, with negative effects on the bearing capacity of piles. The compaction effect due to bell tip stress together with the bell tip resistance strengthens the attenuation rate of pile axial force. A stable relationship in the percentages of bell tip resistance, pile tip resistance and the upper load was also found at the later load stage of multi-belled piles. A settlement calculation formula for multi-belled piles was proposed based on Mindlin solution. Finally, the accuracy of the formula was verified by model test results. The method for predicting the ultimate bearing capacity of multi-belled piles was proposed, and it was verified by an in-situ worked-out example.",Bearing mechanism; Belled piles; Centrifuge model tests; Mindlin solution; Settlement calculation,S0267726122002743,Concrete/cementitious material or calcium-rich object inferred from title/abstract,Geotechnical centrifuge model test,Condition present in query/title but not quantitatively stated in available metadata,See abstract metadata; detailed findings require full-text reading where access is lawful.,"It uses a centrifuge to scale gravity stress fields around concrete infrastructure, so it is useful as a parallel modeling reference but not direct material research.","Medium: useful for structural-geotechnical similitude and loading references, but less useful for concrete material design.","metadata is usable for initial screening; this is a parallel geotechnical modeling field, not direct hypergravity concrete material research.",5,3,3,5,4.1,included,"Studies geotechnical models involving concrete structures; use as parallel field reference, not as hypergravity concrete material evidence."
geotechnical_centrifuge_modeling,D2,土工离心模型,Geotechnical centrifuge modeling involving concrete structures,"""centrifuge model test"" concrete",Centrifuge model tests on large-diameter monopiles in dense sand subjected to two-way lateral cyclic loading in short-term,Akihiro Takahashi,2022,Soils and Foundations,10.1016/j.sandf.2022.101148,https://api.elsevier.com/content/article/pii/S0038080622000567,ScienceDirect,"To evaluate the lateral resistance of rigid monopiles for wind turbines in dense sand under lateral cyclic loading, centrifuge model tests are performed, focusing on the base resistance and degradation of the soil resistance under two-way lateral cyclic loading in the short-term. The slenderness ratio (embedded pile length to diameter) is varied from 3.75 to 8 and the loading frequency is in the range of 0.002 to 0.4 Hz in the prototype scale. Under cyclic loading with a maximum horizontal displacement of 5% of the pile diameter, the build-up of excess pore water pressure is observed, but the maximum value of the average excess pore water pressure ratio is around 50% in the steady-state for dense sand whose relative density is 80%. A simple analytical model for the rigid piles, considering the base resistance, is derived and then used to quantify the significance of the resistance at the pile base and the degradation of the soil resistance under cyclic loading. When the slenderness ratio is less than 5, a significant contribution of the moment resistance at the base is confirmed. The estimation of the degradation of the horizontal subgrade reaction coefficient using the simple analytical model suggests that, through cyclic shear tests for the determination of the deformation properties of the soil in a laboratory, it is possible to estimate the degradation of the soil stiffness and the parameters for the reduced sway-rocking type of foundation model.",Base resistance; Centrifuge modelling; Lateral cyclic loading; Monopile; Stiffness degradation; Wind turbine foundations,S0038080622000567,cementitious or calcium-rich carbonation material,Geotechnical centrifuge model test,Condition present in query/title but not quantitatively stated in available metadata,See abstract metadata; detailed findings require full-text reading where access is lawful.,"It uses a centrifuge to scale gravity stress fields around concrete infrastructure, so it is useful as a parallel modeling reference but not direct material research.","Medium: useful for structural-geotechnical similitude and loading references, but less useful for concrete material design.","metadata is usable for initial screening; this is a parallel geotechnical modeling field, not direct hypergravity concrete material research.",5,3,3,5,4.1,included,"Studies geotechnical models involving concrete structures; use as parallel field reference, not as hypergravity concrete material evidence."
geotechnical_centrifuge_modeling,D2,土工离心模型,Geotechnical centrifuge modeling involving concrete structures,"""geotechnical centrifuge modeling"" concrete",Centrifuge modeling of ground thaw settlement during metro tunnel construction using AGF method,Haibing Cai,2025,Transportation Geotechnics,10.1016/j.trgeo.2025.101655,https://api.elsevier.com/content/article/pii/S2214391225001746,ScienceDirect,"As a reinforcement technique developed specifically for water-rich soft ground, the Artificial Ground Freezing (AGF) method has been extensively adopted in metro tunnel construction. However, the thawing of the frozen wall upon tunnel completion induces significant ground settlement, posing adverse environmental impacts. To address this, a centrifugal modeling system for AGF construction was designed based on a metro tunnel horizontal freezing project, and a series of tests were conducted under 30g centrifugal acceleration. This study aims to elucidate the mechanical response mechanisms of both ground and tunnel structures during frozen curtain thawing under in-situ stress conditions. The test results show that the natural thawing time of the frozen wall was approximately 2.11 times longer than the active freezing. And the formation and thawing rates the frozen wall varied substantially across cross-sections, with peak efficiency observed at freezing pipe ends. During thawing, tunnel structures exhibited: increased radial compression, reduced hoop compression, enhanced axial compression. The soil pressure and pore water pressure surged rapidly during initial thawing, accompanied by substantial outward water migration and pronounced ground settlement, and stabilized during later thawing stages. Post-thawing drainage surfaces formed by moisture diffusion is at an approximate 45° angle to the tunnel horizontal axis. The ground surface settlement accelerated initially before stabilizing, and test results demonstrating close agreement with field measurements. The reliability and applicability of centrifugal modeling for investigating the laws and mechanisms of ground thaw settlement are verified.",AGF construction; Centrifuge modeling; Metro tunnel; Moisture migration; Thaw settlement,S2214391225001746,cementitious or calcium-rich carbonation material,Geotechnical centrifuge model test,centrifugal,See abstract metadata; detailed findings require full-text reading where access is lawful.,"It uses a centrifuge to scale gravity stress fields around concrete infrastructure, so it is useful as a parallel modeling reference but not direct material research.","Medium: useful for structural-geotechnical similitude and loading references, but less useful for concrete material design.","metadata is usable for initial screening; this is a parallel geotechnical modeling field, not direct hypergravity concrete material research.",5,3,3,5,4.1,included,"Studies geotechnical models involving concrete structures; use as parallel field reference, not as hypergravity concrete material evidence."
geotechnical_centrifuge_modeling,D2,土工离心模型,Geotechnical centrifuge modeling involving concrete structures,"""shield tunnel"" AND centrifuge",Centrifuge modelling of dewatering-excavation effects on overlying and adjacent large-diameter shield tunnels,Jiahua Mao,2026,Tunnelling and Underground Space Technology,10.1016/j.tust.2025.107389,https://api.elsevier.com/content/article/pii/S0886779825010272,ScienceDirect,"Foundation pit dewatering and excavation in groundwater-rich strata severely threatens adjacent large-diameter shield tunnels. However, existing physical models inadequately replicate both dewatering effects and segmental lining behaviour. A novel testing device was developed to simulate sequential dewatering, excavation, and backfilling while dynamically controlling groundwater levels, and two parallel centrifugal model tests were conducted. The results show that (1) the damage to the underlying shield tunnel structure caused by adjacent foundation pit construction first appears at the tunnel crown and arch bottom; (2) tunnel joint deformation is controlled by the excavation location of the foundation pit, construction directly above causes the maximum offset and opening positions to be separated, side construction causes both to be concentrated at the nearest ring position, with deformation magnitude consistently showing crown > arch waist > arch bottom; (3) dewatering is identified as the primary contributor (accounting for 52.1–83.9 %) to the overburden earth pressure reduction on tunnels. Its impact is more pronounced under lateral construction due to the dewatering-induced hydraulic slope curves. These findings provide critical guidance for controlling construction disturbances of foundation pit in water-rich strata and optimizing protective measures for adjacent shield tunnels.",Adjacent excavation; Centrifuge modelling; Foundation pit dewatering; Large-diameter shield tunnels; Structure response,S0886779825010272,tunnel lining / pile foundation concrete structure,Geotechnical centrifuge model test,centrifugal,See abstract metadata; detailed findings require full-text reading where access is lawful.,"It uses a centrifuge to scale gravity stress fields around concrete infrastructure, so it is useful as a parallel modeling reference but not direct material research.","Medium: useful for structural-geotechnical similitude and loading references, but less useful for concrete material design.","metadata is usable for initial screening; this is a parallel geotechnical modeling field, not direct hypergravity concrete material research.",5,3,3,5,4.1,included,"Studies geotechnical models involving concrete structures; use as parallel field reference, not as hypergravity concrete material evidence."
geotechnical_centrifuge_modeling,D2,土工离心模型,Geotechnical centrifuge modeling involving concrete structures,"""pile foundation"" AND centrifuge AND concrete",Centrifuge shaking table study on the hydrodynamic effects on a pile foundation bridge pier in soft soil under earthquakes,Yu Chen,2022,Marine Structures,10.1016/j.marstruc.2022.103261,https://api.elsevier.com/content/article/pii/S0951833922001009,ScienceDirect,"Previous investigations have shown that water-pier interaction has a considerable effect on the seismic response of bridge piers in deep water. However, most of those studies assumed that the foundation is rigid and there are few studies on the hydrodynamic effects on the piers considering soil-structure interaction under earthquakes. To investigate the hydrodynamic effects on bridge piers built on soft ground, series of centrifuge shaking table tests were conducted. In the tests, a pile foundation bridge pier was scaled down by a factor of 1:50. The height of the pier was 340 mm, and the length of the pile was 200 mm. The pile foundation pier was installed in soft soil contained in a laminar shear box. Three depths of water, i.e., no water, 150 mm and 300 mm, were considered. The dynamic responses of pier displacement, acceleration and bending moment of the pier and piles, hydrodynamic pressure on the pier, soil pressure on the pile and pore-water pressure in the soil were measured. The results show that the natural frequency of the pier decreases as the water depth increases, and the displacement of the pier with a water depth of 300mm is significantly reduced in comparison with that of no water. However, water increases the acceleration and bending moment of the pier and the pile. The results also show that as the water depth increases, the hydrodynamic pressure acting on the pier and the dynamic soil pressure exerted on the pile both increase under earthquakes.",Centrifuge shaking table test; Earthquake; Hydrodynamic effect; Pile foundation pier; Pile-soil interaction,S0951833922001009,tunnel lining / pile foundation concrete structure,Centrifugal forming / spinning / casting,Condition present in query/title but not quantitatively stated in available metadata,See abstract metadata; detailed findings require full-text reading where access is lawful.,"It uses a centrifuge to scale gravity stress fields around concrete infrastructure, so it is useful as a parallel modeling reference but not direct material research.","Medium: useful for structural-geotechnical similitude and loading references, but less useful for concrete material design.","metadata is usable for initial screening; this is a parallel geotechnical modeling field, not direct hypergravity concrete material research.",5,3,3,5,4.1,included,"Studies geotechnical models involving concrete structures; use as parallel field reference, not as hypergravity concrete material evidence."
geotechnical_centrifuge_modeling,D2,土工离心模型,Geotechnical centrifuge modeling involving concrete structures,"""geotechnical centrifuge test"" concrete",Centrifuge study on the use of protective walls to reduce tunnelling-induced damage of buildings,Geyang Song,2021,Tunnelling and Underground Space Technology,10.1016/j.tust.2021.104064,https://api.elsevier.com/content/article/pii/S0886779821002558,ScienceDirect,"Tunnel excavation in urban areas causes ground movements that could damage existing nearby piled structures. In practice, to protect structures from tunnelling-induced damage, a stiff protective wall can be constructed between the tunnel and the adjacent piled structure. In this paper, results from four hybrid geotechnical centrifuge tests (where data are coupled between the centrifuge and numerical models) are used to quantify the effect of protective walls on reducing the impact of tunnelling on an adjacent framed building with four piles. Two protective walls with different embedded depths are considered: a ‘shallow’ wall with its toe at the tunnel axis depth and a ‘deep’ wall with its toe below the tunnel invert. Compared to the ‘no-wall’ case, the ‘deep’ protective wall is shown to significantly reduce uneven pile settlements, structural distortions, and load transfer (through the building) between piles; the ‘shallow’ wall is shown to have little benefit. Data from the instrumented walls and piles are used to explain the dominant mechanisms at play and investigate how the load is redistributed within the piles.",Centrifuge modelling; Pile; Protective wall; Structure; Tunnelling,S0886779821002558,Concrete/cementitious material or calcium-rich object inferred from title/abstract,Geotechnical centrifuge model test,Condition present in query/title but not quantitatively stated in available metadata,See abstract metadata; detailed findings require full-text reading where access is lawful.,"It uses a centrifuge to scale gravity stress fields around concrete infrastructure, so it is useful as a parallel modeling reference but not direct material research.","Medium: useful for structural-geotechnical similitude and loading references, but less useful for concrete material design.","metadata is usable for initial screening; this is a parallel geotechnical modeling field, not direct hypergravity concrete material research.",5,3,3,5,4.1,included,"Studies geotechnical models involving concrete structures; use as parallel field reference, not as hypergravity concrete material evidence."
geotechnical_centrifuge_modeling,D2,土工离心模型,Geotechnical centrifuge modeling involving concrete structures,"""centrifuge model test"" concrete",Effect of Different Reinforced Load Transfer Platforms on Geosynthetic-Reinforced Pile-Supported Embankment: Centrifuge Model Test,Di Wu,2022,KSCE Journal of Civil Engineering,10.1007/s12205-021-0623-7,https://api.elsevier.com/content/article/pii/S1226798824042934,ScienceDirect,"Geosynthetic-reinforced pile-supported (GRPS) embankment has been widely utilized in the railways and highways subgrade of soft clay area. The load transfer platform (LTP), consisting of sand layers and one or more layers of geosynthetic, is constantly used at the base of embankment to increase the load transfer to piles and reduce the differential settlement of embankment surface. However, the effect of different reinforced LTPs on the performances of GRPS embankment has not been fully understood. Eight centrifuge model tests were conducted to investigate the effect of five influence factors on deformation and load transfer of embankment, and tensile force of geogrid: placing geogrid or not, the number of geogrid layers, geogrid reinforced position, geogrid stiffness, wrapped-back geogrid setting in LTP. The results showed that the wrapped-back geogrid setting in the LTP was equivalent to anchoring the geogrid at the slope toe of embankment, which strengthened the reinforcement-soil interaction and restricted the pull-out displacement of geogrid to enhance the stiffness for LTP. The LTP reinforced with stiffer geogrid or multi-layer geogrid contributed to increase the stability and load transfer of embankment due to the increase of the integrity stiffness for LTP. When the geogrid was set at the middle of LTP, the performances of the GRPS embankment was enhanced due to the more interfaces between the geogrid and soil to improve the integrity stiffness of the LTP. The two-layer geogrid reinforced in the LTP could be the best choice to enhance the performance of the GRPS embankment under the comprehensive consideration of the performance and economy. The five setting ways of the reinforcement in LTP increased the integrity stiffness of LTP, which provided more methods to enhance the performances of the GRPS embankment.",Centrifuge test; Geosynthetics; Load transfer platform; Piled embankment; Soil arching; Tensioned membrane effect,S1226798824042934,cementitious or calcium-rich carbonation material,Geotechnical centrifuge model test,Condition present in query/title but not quantitatively stated in available metadata,See abstract metadata; detailed findings require full-text reading where access is lawful.,"It uses a centrifuge to scale gravity stress fields around concrete infrastructure, so it is useful as a parallel modeling reference but not direct material research.","Medium: useful for structural-geotechnical similitude and loading references, but less useful for concrete material design.","metadata is usable for initial screening; this is a parallel geotechnical modeling field, not direct hypergravity concrete material research.",5,3,3,5,4.1,included,"Studies geotechnical models involving concrete structures; use as parallel field reference, not as hypergravity concrete material evidence."
geotechnical_centrifuge_modeling,D2,土工离心模型,Geotechnical centrifuge modeling involving concrete structures,"""pile foundation"" AND centrifuge AND concrete",Effect of pile foundation on seismic response of adjacent subway station buried in sand site by centrifuge shaking table tests,Long-Ji Zhang,2026,Engineering Structures,10.1016/j.engstruct.2026.122728,https://api.elsevier.com/content/article/pii/S0141029626006413,ScienceDirect,"In densely built-up urban areas, subway stations are inevitably constructed adjacent to the pile foundations of high-rise buildings. The dynamic interaction between adjacent structures under seismic loading differs from that of isolated structures. This study employed a program of centrifugal shaking table tests to systematically investigate the seismic response of subway stations embedded in sand sites with and without an adjacent pile foundation. The influence mechanism of the pile foundation on the seismic response of the subway station was revealed. The results suggest that the pile foundation experiences significant settlement under seismic loading, thereby exerting compressive forces on the surrounding soil. The uplift of the subway station exacerbates, and the surface settlement on the side distant from the pile is restricted. The variation in the earth pressure in the vicinity of the pile increases and results in a slower recovery to the initial state. Although the installation of pile foundations slightly reduces the maximum excess pore water pressure ratio at the surrounding site, it causes the peak to occur earlier. As a result, the duration of the filtering effect of sand liquefaction on seismic waves is prolonged, thereby prominently reducing the acceleration amplification effect at shallow foundations. Concurrently, the structural deformation and the internal force of the subway station intensify, particularly at the middle column. These findings provide a basis for assessing the seismic performance of underground structures near high-rise building piles.",Centrifuge shaking table; Pile foundation; Sand site; Seismic response; Subway station,S0141029626006413,tunnel lining / pile foundation concrete structure,Centrifugal forming / spinning / casting,centrifugal,See abstract metadata; detailed findings require full-text reading where access is lawful.,"It uses a centrifuge to scale gravity stress fields around concrete infrastructure, so it is useful as a parallel modeling reference but not direct material research.","Medium: useful for structural-geotechnical similitude and loading references, but less useful for concrete material design.","metadata is usable for initial screening; this is a parallel geotechnical modeling field, not direct hypergravity concrete material research.",5,3,3,5,4.1,included,"Studies geotechnical models involving concrete structures; use as parallel field reference, not as hypergravity concrete material evidence."
geotechnical_centrifuge_modeling,D2,土工离心模型,Geotechnical centrifuge modeling involving concrete structures,"""centrifuge model test"" concrete",Face instability mechanisms of shield tunnel undercrossing an existing tunnel: Insights from centrifuge model tests and FDM-DEM simulations,Yingnan Liu,2026,Transportation Geotechnics,10.1016/j.trgeo.2026.102016,https://api.elsevier.com/content/article/pii/S2214391226001261,ScienceDirect,"Urban underground tunnels are increasingly constructed to support the development of transportation network, necessitating shield tunnelling adjacent to existing tunnel(s). In such scenarios, the tunnel face stability, as one of the important factors affecting construction safety, has not been fully experimentally investigated. In addition, most existing researches treat the existing tunnel as a homogeneous rigid object, which does not accurately reflect actual conditions. Therefore, this study conducted centrifuge model tests to investigate the instability mechanisms of tunnel face undercrossing a segmental existing tunnel. The results demonstrated that the failure pattern showed a chimney-shaped area that bend near the segmental existing tunnel, and the failure-induced surface settlement trough was narrower than that under single tunnelling condition. The shield tunnel face instability triggered abrupt bending moment reductions along the transverse section of the segmental existing tunnel, while the bending moment increased at 1 D from the central section along the longitudinal section. The earth pressure dropped rapidly and then partially recovered due to stress redistribution during the instability process. A coupled FDM-DEM numerical model was subsequently established to further study the evolution mechanism of tunnel face instability under different working conditions. Based on centrifuge and numerical results, the influence of existing tunnel on the face instability mechanism of the new tunnel has been fully discussed, and quantitative representations of the face failure modes and the limit support pressures have been provided. These findings could advance the understanding of instability mechanisms of shield tunnel face adjacent to existing tunnel and provide practical guidelines for optimizing tunnel face support pressure in high-density underground space.",Centrifuge model test; Existing tunnel; FDM-DEM simulation; Instability mechanism; Shield tunnel undercrossing,S2214391226001261,tunnel lining / pile foundation concrete structure,Geotechnical centrifuge model test,Condition present in query/title but not quantitatively stated in available metadata,See abstract metadata; detailed findings require full-text reading where access is lawful.,"It uses a centrifuge to scale gravity stress fields around concrete infrastructure, so it is useful as a parallel modeling reference but not direct material research.","Medium: useful for structural-geotechnical similitude and loading references, but less useful for concrete material design.","metadata is usable for initial screening; this is a parallel geotechnical modeling field, not direct hypergravity concrete material research.",5,3,3,5,4.1,included,"Studies geotechnical models involving concrete structures; use as parallel field reference, not as hypergravity concrete material evidence."
geotechnical_centrifuge_modeling,D2,土工离心模型,Geotechnical centrifuge modeling involving concrete structures,"""centrifuge model test"" concrete",Failure mechanism of tunnels subjected to stick-slip behavior of reverse fault using centrifuge model tests,Chongqiang Zhu,2026,Soil Dynamics and Earthquake Engineering,10.1016/j.soildyn.2026.110154,https://api.elsevier.com/content/article/pii/S0267726126000667,ScienceDirect,"In high seismic intensity area, the stick-slip behavior of active faults often leads to severe damage in tunnels crossing the faults. However, fault stick-slip has not yet been effectively simulated in large-scale model experiments. This study developed a centrifuge-based fault simulator with surface treatments on the fault model to achieve the fault locking-rupture process under stick-slip seismic mechanisms. The failure mechanisms were further investigated and validated through complementary numerical simulations. Centrifuge model tests on tunnel failure mechanisms were conducted under reverse fault stick-slip across six slip velocities. Both experimental and numerical results reveal that fault slip induces the formation of a trishear deformation zone within the overburden soil, which experiences the most significant deformation. The tunnel exhibits a three-section failure mechanism. The left fracture, located near the extension of fault plane, is characterized by compacted rupture surfaces and an orientation nearly perpendicular to the horizontal plane, caused by combined tensile-shear and compressive-shear action. In contrast, the right fracture occurs near the right boundary of the trishear deformation zone, displaying an inclination of approximately 42° to the horizontal, caused by tensile-shear action. Numerical analysis further quantified the influence of slip velocity on the damage intensity. Therefore, the trishear deformation zone induced by fault stick-slip constitutes a critical zone for potential tunnel failure, warranting focused consideration in seismic isolation design.",Centrifuge model test; failure mechanism; fault stick-slip; Reverse fault; Tunnel,S0267726126000667,Concrete/cementitious material or calcium-rich object inferred from title/abstract,Geotechnical centrifuge model test,Condition present in query/title but not quantitatively stated in available metadata,See abstract metadata; detailed findings require full-text reading where access is lawful.,"It uses a centrifuge to scale gravity stress fields around concrete infrastructure, so it is useful as a parallel modeling reference but not direct material research.","Medium: useful for structural-geotechnical similitude and loading references, but less useful for concrete material design.","metadata is usable for initial screening; this is a parallel geotechnical modeling field, not direct hypergravity concrete material research.",5,3,3,5,4.1,included,"Studies geotechnical models involving concrete structures; use as parallel field reference, not as hypergravity concrete material evidence."
geotechnical_centrifuge_modeling,D2,土工离心模型,Geotechnical centrifuge modeling involving concrete structures,"""centrifuge model test"" concrete",Influence of the anchor angle on the seismic response of anchored stabilizing piles: Centrifuge modeling tests,Yu Wang,2024,Soil Dynamics and Earthquake Engineering,10.1016/j.soildyn.2024.108575,https://api.elsevier.com/content/article/pii/S0267726124001271,ScienceDirect,"Anchored stabilizing piles (ASPs) are widely used as excavation support systems in slope anti-seismic reinforcement engineering. In this study, a set of centrifuge contrast tests were designed and used to explore the influence of the anchor angle on the seismic response of the system to further deepen the research on the seismic response of ASPs. To this end, the effects of two anchor cable arrangement angles on the slope seismic response, lateral dynamic earth pressure, anchor cable axial force, and pile dynamic moment were compared and analyzed. The results show that changing the angle of anchor cable arrangement can reduce the degree of seismic damage to the slope and the settlement of the slope top (up to a maximum reduction of 77%) and, to some extent, reduce the amplification of acceleration inside the slope. Under seismic action, the different angles of anchor cables do not change the distribution of seismic earth pressure and peak dynamic bending moment but can significantly affect their magnitude and growth rate. The appropriate arrangement angle of the anchor cable can effectively slow the growth of the internal force of the anchor cable and reduce the risk of anchor cable failure. The anchor cable is not the main load-bearing component in an ASP but the primary component that limits pile displacement. Overall, this study can provide a detailed data foundation for subsequent centrifuge comparative tests and parameter analysis.",Anchored stabilizing piles; Centrifuge modeling test; Earthquake landslides; Influence mechanism of anchor cable,S0267726124001271,cementitious or calcium-rich carbonation material,Geotechnical centrifuge model test,Condition present in query/title but not quantitatively stated in available metadata,See abstract metadata; detailed findings require full-text reading where access is lawful.,"It uses a centrifuge to scale gravity stress fields around concrete infrastructure, so it is useful as a parallel modeling reference but not direct material research.","Medium: useful for structural-geotechnical similitude and loading references, but less useful for concrete material design.","metadata is usable for initial screening; this is a parallel geotechnical modeling field, not direct hypergravity concrete material research.",5,3,3,5,4.1,included,"Studies geotechnical models involving concrete structures; use as parallel field reference, not as hypergravity concrete material evidence."
geotechnical_centrifuge_modeling,D2,土工离心模型,Geotechnical centrifuge modeling involving concrete structures,"""geotechnical centrifuge modeling"" concrete",Influences of the pile loads on the dynamic interaction between soft clay foundations and piles: A dynamic centrifuge study,Jing-Yan Lan,2026,Journal of Building Engineering,10.1016/j.jobe.2026.115571,https://api.elsevier.com/content/article/pii/S235271022600392X,ScienceDirect,"Negative skin friction (NSF) plays a crucial role in the performance of piles in soft clay during earthquakes. However, the influence of the load at the pile top on the frictional resistance has not been extensively investigated. Existing design methods rarely quantify this influence and may often lead to considerable overestimations. To quantitatively assess this influence, in the present study a dynamic centrifuge test was conducted at 50 g on two model pile groups with identical configurations under different loads at the pile top. The measured responses included pile strains, soil accelerations, and pile–soil displacements, from which the bending moment, NSF, and soil resistance were derived. The results demonstrate that doubling the load at the pile top significantly reduces both the maximum pile bending moment by 7% and the lateral soil resistance by 33%. Moreover, a doubled load at the pile top, by increasing the pile settlement and thereby reducing the relative soil–pile displacement, significantly reduces the development of NSF along the pile shaft by 21%∼70% across the upper, middle, and lower pile sections. A key finding, contrasting sharply with static empirical estimates, is that the seismic NSF neutral depth reaches 0.81∼0.83 of the thickness of the compressible soil layer, markedly deeper than the empirically estimation of 0.5∼0.6 of the soil thickness. A preliminary predictive method for the maximum NSF is proposed based on this mechanistic insight, which explicitly incorporates the effect of the top pile load. This estimation method aims to provide a quantitative framework for understanding the pivotal role of the load at the pile top in the development of seismic NSF. Overall the present study offers clarified design parameters and an improved analytical perspective, potentially contributing to the advancement of seismic safety for pile foundations in soft clays.",Centrifuge model test; Negative skin friction (NSF); Pile loads; Soft clay foundation,S235271022600392X,tunnel lining / pile foundation concrete structure,Geotechnical centrifuge model test,Condition present in query/title but not quantitatively stated in available metadata,See abstract metadata; detailed findings require full-text reading where access is lawful.,"It uses a centrifuge to scale gravity stress fields around concrete infrastructure, so it is useful as a parallel modeling reference but not direct material research.","Medium: useful for structural-geotechnical similitude and loading references, but less useful for concrete material design.","metadata is usable for initial screening; this is a parallel geotechnical modeling field, not direct hypergravity concrete material research.",5,3,3,5,4.1,included,"Studies geotechnical models involving concrete structures; use as parallel field reference, not as hypergravity concrete material evidence."
geotechnical_centrifuge_modeling,D2,土工离心模型,Geotechnical centrifuge modeling involving concrete structures,"""concrete lining"" AND centrifuge",Numerical modelings of continuous shallow tunnels subject to reverse faulting and its verification through a centrifuge,Mehdi Sabagh,2020,Computers and Geotechnics,10.1016/j.compgeo.2020.103813,https://api.elsevier.com/content/article/pii/S0266352X20303761,ScienceDirect,"Although tunnels are vulnerable to Permanent Ground Displacement (PGD) due to a fault crossing, studies in assessing this intersection are limited, and most of the existing studies have focused on fault movement parallel to the tunnel. A series of numerical models with the Finite Element Method is applied here to evaluate the behavior of tunnels and reverse faults intersections. The numerical modeling results of 60° reverse faulting in free-field and tunnel mode are validated through centrifuge tests. These models are applied as reference models for the parametric study. The effects of geometrical properties, including fault angle, faulting displacement, tunnel diameter, tunnel lining thickness, and overburden soil height on the reverse fault-tunnel crossing is studied. Increasing the tunnel diameter increase the tunnel's vulnerability. The 60° fault angle causes the most damage to the tunnel. Any fluctuation in fault angle from this specific value reduces the tunnel lining bending moments.",Finite element method; Numerical modeling; Reverse faulting; Tunnel,S0266352X20303761,tunnel lining / pile foundation concrete structure,Centrifugal forming / spinning / casting,Condition present in query/title but not quantitatively stated in available metadata,See abstract metadata; detailed findings require full-text reading where access is lawful.,"It uses a centrifuge to scale gravity stress fields around concrete infrastructure, so it is useful as a parallel modeling reference but not direct material research.","Medium: useful for structural-geotechnical similitude and loading references, but less useful for concrete material design.","metadata is usable for initial screening; this is a parallel geotechnical modeling field, not direct hypergravity concrete material research.",5,3,3,5,4.1,included,"Studies geotechnical models involving concrete structures; use as parallel field reference, not as hypergravity concrete material evidence."
geotechnical_centrifuge_modeling,D2,土工离心模型,Geotechnical centrifuge modeling involving concrete structures,"""cross passage"" AND centrifuge",Practical prediction method on thaw deformation of soft clay subject to artificial ground freezing based on elaborate centrifuge modeling experiments,Jie Zhou,2022,Tunnelling and Underground Space Technology,10.1016/j.tust.2021.104352,https://api.elsevier.com/content/article/pii/S0886779821005435,ScienceDirect,"Artificial ground freezing (AGF) is a method of paramount importance for underground construction in soft soil area. Compared to the freezing process, the mechanism governing thaw response is much more complicated and harder to specifically control. The prediction of thaw deformation after AGF is of great significance in large-scale perturbation construction underpass existing structures. Currently most field experiments have focused on freezing, but are prohibited to thaw process due to high cost and long-duration, resulting in a lack of well-documented field experimental data to validate empirical or theoretical models from practical points. In this paper, a semi-analytical and semi-empirical practical thaw deformation prediction method was presented, combined with the practical thaw deformation model and a specific designed centrifuge modeling experiment. After the deduction and confirmation of similarity criterion of heat transfer by freezing pipe and heat conduction in surrounding soils from the perspective of temperature field and moisture field, simulation of thaw process under specifically back-deduced geometry and time scaling ratios was evaluated to be reliable through the method of modeling of model in centrifuge. Subsequently, multilayered temperatures and deformations were measured to calculate the actual thawing coefficient, thaw compressibility coefficient and height of thaw deformation domain, serving for practical thaw deformation model computation. Further, the practical thaw deformation model was verified by comparing the calculated thaw settlement with measured value. The relative error of calculation result range between 4.39 ∼ 7.23%, much higher than conventionl empirical model, which proves the applicability of this practical thaw deformation prediction method for AGF. This paper provides valuable practical method combined centrifuge modeling for predicting thaw deformation induced by AGF construction under large scale, extreme conditions in coastal cities, instead of long-term field experiments.",Artificial ground freezing; Centrifuge modeling; Practical thaw deformation model; Scaling ratio; Similarity of heat transfer of freezing pipe,S0886779821005435,Concrete/cementitious material or calcium-rich object inferred from title/abstract,Geotechnical centrifuge model test,Condition present in query/title but not quantitatively stated in available metadata,See abstract metadata; detailed findings require full-text reading where access is lawful.,"It uses a centrifuge to scale gravity stress fields around concrete infrastructure, so it is useful as a parallel modeling reference but not direct material research.","Medium: useful for structural-geotechnical similitude and loading references, but less useful for concrete material design.","metadata is usable for initial screening; this is a parallel geotechnical modeling field, not direct hypergravity concrete material research.",5,3,3,5,4.1,included,"Studies geotechnical models involving concrete structures; use as parallel field reference, not as hypergravity concrete material evidence."
geotechnical_centrifuge_modeling,D2,土工离心模型,Geotechnical centrifuge modeling involving concrete structures,"""geotechnical centrifuge test"" concrete",Seismic Response and Pile-Rock Interaction Mechanisms in Bedding Rock Slope: A Combined Centrifuge Modeling and Numerical Simulation Study,Fei Zhao,2026,Transportation Geotechnics,10.1016/j.trgeo.2025.101809,https://api.elsevier.com/content/article/pii/S2214391225003289,ScienceDirect,"Anti-slide piles exhibit remarkable reinforcement efficacy in slope stabilization under seismic conditions. Drawing on the failure characteristics of conventional anti-slide pile structures, this study proposes a novel seismic-resistant anti-slide pile system (double rows of anti-slide piles connected with flexible structures, FSDRP). Subsequently, taking the Shaba rock slope along the Duyun - Shangri-La highway in Yunnan, China as the research case, the mechanical properties, reinforcement effects, and internal mechanisms of single row of anti-slide piles (SRP), double rows of anti-slide piles (DRP), and FSDRP are analyzed via centrifuge shaking table tests and numerical simulations, under peak ground accelerations (PGAs) ranging from 0.05g to 0.20g. Key findings indicate that the seismic dynamic response of rock slopes with weak interlayers is jointly influenced by rock mass properties, earthquake intensity, and reinforcement structure types. All three reinforcement systems effectively suppress slope deformation; notably, FSDRP demonstrates superior stabilization performance compared to DRP and SRP. For SRP and DRP, the maximum shear forces and bending moments are concentrated at the interface of the weak interlayer. In contrast, the flexible connecting structures in FSDRP alter the force distribution pattern, thereby transforming the pile-rock interaction from passive to active reinforcement. This enhancement in the integrated “pile-rock-pile” structure enables coordinated deformation between the piles and the surrounding geotechnical mass, ultimately achieving more efficient dissipation of seismic energy. These findings provide critical theoretical support for evaluating reinforcement strategies for stratified landslides in seismic-prone regions, and offer significant implications for geohazard mitigation and engineering practice.",Bedding rock slope; Centrifuge modeling; Pile-rock interaction mechanism; Seismic response; The “pile-rock-pile” structure,S2214391225003289,cementitious or calcium-rich carbonation material,Geotechnical centrifuge model test,Condition present in query/title but not quantitatively stated in available metadata,See abstract metadata; detailed findings require full-text reading where access is lawful.,"It uses a centrifuge to scale gravity stress fields around concrete infrastructure, so it is useful as a parallel modeling reference but not direct material research.","Medium: useful for structural-geotechnical similitude and loading references, but less useful for concrete material design.","metadata is usable for initial screening; this is a parallel geotechnical modeling field, not direct hypergravity concrete material research.",5,3,3,5,4.1,included,"Studies geotechnical models involving concrete structures; use as parallel field reference, not as hypergravity concrete material evidence."
geotechnical_centrifuge_modeling,D2,土工离心模型,Geotechnical centrifuge modeling involving concrete structures,"""centrifuge model test"" concrete",Seismic response of cross-passages between parallel tunnels with varied connection rigidities in centrifuge model tests,Xianfeng Ma,2025,Soil Dynamics and Earthquake Engineering,10.1016/j.soildyn.2025.109385,https://api.elsevier.com/content/article/pii/S0267726125001782,ScienceDirect,"Traffic tunnels normally have cross-passages between parallel tunnels with close proximity to facilitate materials/human transportation and evacuation. It is obviously essential to maintain the structural integrity and functionality of cross passages under extreme conditions, such as seismic events. Due to the spatial configuration of the cross passage, its connection to running tunnels would be a key point to its seismic response and the subject of research in terms of enhancing the seismic resilience. This study adopted centrifugal model tests to investigate three types of connections with different rigidities and their influences on seismic performance of tunnel-cross passage structures in subway systems: flexible connections, rigid connections, and Shape Memory Alloy (SMA) connections, reflecting respectively cast-in-site concrete, segment assembling, and an innovative connection. The results indicated that regardless of the connection method used, the maximum strain at the tunnel-cross passage junction consistently occurs at the middle of the junction. The flexible connection exhibited a significantly lower maximum strain compared to the rigid connection, while the rigid connection demonstrated a higher degree of structural integrity. The SMA connection, with its energy absorption and dissipation capabilities, maintained structural integrity comparable to that of the rigid connection while exhibiting a lower maximum strain and significantly reducing stress concentration in localized areas of the tunnel-cross passage structure.",Centrifugal model test; Cross-passage; Earthquake; Seismic performance; Shape memory alloy connection,S0267726125001782,tunnel lining / pile foundation concrete structure,Geotechnical centrifuge model test,centrifugal,See abstract metadata; detailed findings require full-text reading where access is lawful.,"It uses a centrifuge to scale gravity stress fields around concrete infrastructure, so it is useful as a parallel modeling reference but not direct material research.","Medium: useful for structural-geotechnical similitude and loading references, but less useful for concrete material design.","metadata is usable for initial screening; this is a parallel geotechnical modeling field, not direct hypergravity concrete material research.",5,3,3,5,4.1,included,"Studies geotechnical models involving concrete structures; use as parallel field reference, not as hypergravity concrete material evidence."
geotechnical_centrifuge_modeling,D2,土工离心模型,Geotechnical centrifuge modeling involving concrete structures,"""pile foundation"" AND centrifuge AND concrete",Seismic response of offshore composite caisson-piles foundation with different pile configurations and soil conditions in centrifuge tests,Hao Zhang,2021,Ocean Engineering,10.1016/j.oceaneng.2020.108561,https://api.elsevier.com/content/article/pii/S0029801820314694,ScienceDirect,"A series of centrifuge shaking table tests were performed on a new type of foundation, the composite caisson-piles foundation (CCPF) which is recently suggested for the cross-sea bridge or offshore engineering, to investigate its seismic response. The CCPF model with 2 × 2 and 3 × 3 pile groups embedded in homogeneous clayey silt or layered soil consisting of dry sand underlain by clayey silt were employed, these being representative of different pile configurations and soil conditions respectively, with the superstructure simplified as lumped mass and connecting column. The horizontal acceleration and lateral displacement of the soil and superstructure, as well as bending moment of piles were recorded during seismic shaking. Due to the complex soil-CCPF-structure interaction, the composite caisson-piles foundation with the two type pile groups in homogeneous or layered soil exhibited quite different behaviors under earthquake loading. These centrifuge test results indicated that both soil condition and pile configuration played an important role in the seismic response of the CCPF, and future studies combining experimental and numerical simulation should be conducted to investigate more factors influencing the seismic behavior of the composite caisson-piles foundation.",Centrifuge tests; Composite caisson-piles foundation; Layered soil; Pile configuration; Seismic response,S0029801820314694,cementitious or calcium-rich carbonation material,Centrifugal forming / spinning / casting,Condition present in query/title but not quantitatively stated in available metadata,See abstract metadata; detailed findings require full-text reading where access is lawful.,"It uses a centrifuge to scale gravity stress fields around concrete infrastructure, so it is useful as a parallel modeling reference but not direct material research.","Medium: useful for structural-geotechnical similitude and loading references, but less useful for concrete material design.","metadata is usable for initial screening; this is a parallel geotechnical modeling field, not direct hypergravity concrete material research.",5,3,3,5,4.1,included,"Studies geotechnical models involving concrete structures; use as parallel field reference, not as hypergravity concrete material evidence."
geotechnical_centrifuge_modeling,D2,土工离心模型,Geotechnical centrifuge modeling involving concrete structures,"""geotechnical centrifuge modeling"" concrete",Simulation of soil–foundation–structure interaction of Hualien large-scale seismic test using dynamic centrifuge test,Jeong Gon Ha,2014,Soil Dynamics and Earthquake Engineering,10.1016/j.soildyn.2014.01.008,https://api.elsevier.com/content/article/pii/S0267726114000098,ScienceDirect,"Understanding the soil-structure interaction (SSI) mechanism is crucial in the seismic design of nuclear power plant (NPP) containment systems. Although the numerical analysis method is generally used in seismic design, there is a need for experimental verification for the reliable estimation of SSI behavior. In this study a dynamic centrifuge test was performed to simulate the SSI behavior of a Hualien large-scale seismic test (LSST) during the Chi-Chi earthquake. To simulate the soil profile and dynamic soil properties of the Hualien site, a series of resonant column (RC) tests was performed to determine the model soil preparation conditions, such as the compaction density and the ratio of soil-gravel contents. The variations in the shear wave velocity (VS) profiles of the sand, gravel, and backfill layers in the model were estimated using the RC test results. During the centrifuge test, the VS profiles of the model were evaluated using in-flight bender element tests and compared with the in-situ VS profile at Hualien. The containment building model was modeled using aluminum and the proper scaling laws. A series of dynamic centrifuge tests was performed with a 1/50 scale model using the base motion recorded during the Chi-Chi-earthquake. In the soil layer and foundation level, the centrifuge test results were similar to the LSST data in both the time and frequency domains, but there were differences in the structure owing to the complex structural response as well as the material damping difference between the concrete in the prototype and aluminum in the model. In addition, as the input base motion amplitude was increased to a maximum value of 0.4g (prototype scale), the responses of the soil and containment model were measured. This study shows the potential of utilizing dynamic centrifuge tests as an experimental modeling tool for site specific SSI analyses of soil-foundation-NPP containment system. © 2014 Elsevier Ltd.",Dynamic centrifuge test; Hualien large scale seismic test; Resonant column test; Soil modeling; Soil-structure interaction,S0267726114000098,Concrete/cementitious material or calcium-rich object inferred from title/abstract,Centrifugal forming / spinning / casting,Condition present in query/title but not quantitatively stated in available metadata,See abstract metadata; detailed findings require full-text reading where access is lawful.,"It uses a centrifuge to scale gravity stress fields around concrete infrastructure, so it is useful as a parallel modeling reference but not direct material research.","Medium: useful for structural-geotechnical similitude and loading references, but less useful for concrete material design.","metadata is usable for initial screening; this is a parallel geotechnical modeling field, not direct hypergravity concrete material research.",5,3,3,5,4.1,included,"Studies geotechnical models involving concrete structures; use as parallel field reference, not as hypergravity concrete material evidence."
geotechnical_centrifuge_modeling,D2,土工离心模型,Geotechnical centrifuge modeling involving concrete structures,"""geotechnical centrifuge test"" concrete",Soil-tunnel interaction for segmental linings with non-planar longitudinal joints via centrifuge modeling,Joohyun Park,2026,Tunnelling and Underground Space Technology,10.1016/j.tust.2025.107206,https://api.elsevier.com/content/article/pii/S0886779825008442,ScienceDirect,"Segmental tunnel linings can develop uneven internal forces and excessive deformation when nearby construction or groundwater fluctuations weaken their joints, threatening long-term durability. Conventional planar longitudinal joints often slip or rotate excessively under asymmetric, multidirectional loads, yet alternative geometries to overcome this vulnerability remain underexplored. This study proposes a novel design with non-planar, topologically interlocking longitudinal joints and evaluates its performance against a planar counterpart. A 50g geotechnical centrifuge test imposed asymmetric surcharge loading on both linings. Ground responses, including surface settlement, soil stiffness, and stress redistribution, were monitored alongside structural responses such as bending moment and hoop force. The non-planar joints promoted more uniform hoop force distribution, limited peak bending moments, and stiffened the soil-tunnel system. Correspondingly, lining displacement and ground surface settlement decreased relative to the planar case. Key metrics, such as the load-sharing ratio and the equivalent radial spring stiffness of the system, quantify these performance gains. The high-fidelity dataset clarifies the load transfer mechanisms and supports the establishment of sophisticated numerical models required for comparative design optimization. These findings demonstrate that non-planar interlocking joints enhance system resilience and provide a practical pathway toward more robust segmental linings.",Centrifuge modeling; Longitudinal joint; Segmental tunnel lining; Soil-tunnel interaction; Topological interlocking interfaces,S0886779825008442,tunnel lining / pile foundation concrete structure,Geotechnical centrifuge model test,Condition present in query/title but not quantitatively stated in available metadata,See abstract metadata; detailed findings require full-text reading where access is lawful.,"It uses a centrifuge to scale gravity stress fields around concrete infrastructure, so it is useful as a parallel modeling reference but not direct material research.","Medium: useful for structural-geotechnical similitude and loading references, but less useful for concrete material design.","metadata is usable for initial screening; this is a parallel geotechnical modeling field, not direct hypergravity concrete material research.",5,3,3,5,4.1,included,"Studies geotechnical models involving concrete structures; use as parallel field reference, not as hypergravity concrete material evidence."
geotechnical_centrifuge_modeling,D2,土工离心模型,Geotechnical centrifuge modeling involving concrete structures,"""shield tunnel"" AND centrifuge",Study on the instability mode of a tunnel face under variable seepage conditions in sandy soil shield tunnels: Centrifuge tests and numerical simulation,Xiaolin Weng,2025,Tunnelling and Underground Space Technology,10.1016/j.tust.2025.106515,https://api.elsevier.com/content/article/pii/S0886779825001531,ScienceDirect,"Shield tunnel excavation in water-rich sandy soil experiences rapid seepage variations at the tunnel face due to groundwater level fluctuations. To study the instability mode of the tunnel face in water-rich sandy soil under variable seepage conditions, taking a metro construction project as the engineering background, a set of tunnel face instability devices including a water level control system suitable for a geotechnical centrifuge were independently developed. Centrifuge model tests were conducted using the self-designed model device. The displacement field, earth pressure, and pore pressure in the instability zone were automatically measured during the experiments. Complementary numerical simulations were conducted to analyze the limit support pressure at the tunnel face under variable seepage conditions. Results show that under variable seepage conditions, the instability zone of the tunnel face in a sandy soil shield tunnel exhibits a “wedge + prism + iterative arch” type and displays an angle of approximately 45° + φ/2 (where φ represents the friction angle of the soil) between the inclined plane of the wedge and the horizontal direction. The top of the final instability zone extends to the surface to form a “chimney” shape. During the instability process, the earth pressure within the instability zone is continuously decreased, the displacement of the strata leads to an increase in the seepage channels, and the pore pressure increases. The changes in the earth and pore pressures become more pronounced when approaching the tunnel face. The increase in seepage intensity accelerates the development of the instability zone and increases the changes in the earth and pore pressures. The stability of the strata in the instability zone decreases rapidly with increasing seepage intensity. The limit support pressure at is primarily governed by the initial groundwater level and the rate of seepage intensity variation.",Centrifuge test; Numerical simulation; Shield tunnel; Tunnel face instability; Variable seepage,S0886779825001531,tunnel lining / pile foundation concrete structure,Geotechnical centrifuge model test,Condition present in query/title but not quantitatively stated in available metadata,See abstract metadata; detailed findings require full-text reading where access is lawful.,"It uses a centrifuge to scale gravity stress fields around concrete infrastructure, so it is useful as a parallel modeling reference but not direct material research.","Medium: useful for structural-geotechnical similitude and loading references, but less useful for concrete material design.","metadata is usable for initial screening; this is a parallel geotechnical modeling field, not direct hypergravity concrete material research.",5,3,3,5,4.1,included,"Studies geotechnical models involving concrete structures; use as parallel field reference, not as hypergravity concrete material evidence."
geotechnical_centrifuge_modeling,D2,土工离心模型,Geotechnical centrifuge modeling involving concrete structures,"""shield tunnel"" AND centrifuge",Super-large-diameter shield tunnel undercrossing an intercity railway with oblique angle: Centrifuge test and numerical analysis,Xing-Tao Lin,2025,Journal of Rock Mechanics and Geotechnical Engineering,10.1016/j.jrmge.2024.09.047,https://api.elsevier.com/content/article/pii/S1674775524005092,ScienceDirect,"With the development of urban infrastructure, it is inevitable that shield tunnels will undercross intercity railways. However, the safe operation of intercity railways requires strict subgrade deformation. On the basis of the engineering background of the Lianghu Tunnel in Wuhan, the three-dimensional centrifuge test and numerical back analysis were used to study the development of subgrade surface settlement during shield tunneling. A three-dimensional numerical model with the same size as the prototype was subsequently established to further study the settlement development and torsion behavior of the subgrade during tunnel excavation. The results show that the maximum settlement point of the transverse settlement trough gradually moves to the tunnel axis during tunnel excavation and that the entire subgrade experiences torsional deformation. Moreover, the effect of the intersection angle between the axes of the tunnel and the subgrade on the surface settlement of the subgrade was further studied. The results show that the intersection angle has no effect on the maximum settlement, but the width of the settlement trough increases gradually with increasing angle. Finally, on the basis of the soil arching effect caused by tunnel excavation, the subgrade settlement during tunnel excavation is reduced by reinforcing the soil in different zones of soil arching. The results show that the settlement of the subgrade caused by the shield tunnel can be effectively controlled by adding reinforcement directly to the top of the tunnel, and the maximum settlement of the subgrade surface is reduced from 24.41 mm to 9.47 mm, a reduction of approximately 61.2%.",Centrifuge test; Intercity railway; Numerical analysis; Oblique undercrossing; Super-large-diameter shield,S1674775524005092,tunnel lining / pile foundation concrete structure,Centrifugal forming / spinning / casting,Condition present in query/title but not quantitatively stated in available metadata,See abstract metadata; detailed findings require full-text reading where access is lawful.,"It uses a centrifuge to scale gravity stress fields around concrete infrastructure, so it is useful as a parallel modeling reference but not direct material research.","Medium: useful for structural-geotechnical similitude and loading references, but less useful for concrete material design.","metadata is usable for initial screening; this is a parallel geotechnical modeling field, not direct hypergravity concrete material research.",5,3,3,5,4.1,included,"Studies geotechnical models involving concrete structures; use as parallel field reference, not as hypergravity concrete material evidence."
geotechnical_centrifuge_modeling,D2,土工离心模型,Geotechnical centrifuge modeling involving concrete structures,"""geotechnical centrifuge modeling"" concrete",Tunnel–piled structure interaction: Numerical simulation of hybrid centrifuge tests,Geyang Song,2021,Computers and Geotechnics,10.1016/j.compgeo.2021.104477,https://api.elsevier.com/content/article/pii/S0266352X21004626,ScienceDirect,"Tunnel excavation in urban areas causes ground movements that could damage existing nearby piled structures. Geotechnical centrifuge modelling has been widely used as a tool to study problems related to tunnelling activities and its interaction with existing infrastructure systems. Recent hybrid centrifuge tests using the Coupled Centrifuge-Numerical Modelling (CCNM) approach have provided high-quality experimental data of soil–piled structure interactions in dry sand, demonstrating the role of structure stiffness on head load transfer among piles and the subsequent impact on pile shaft resistance with tunnel volume loss. This paper extends the experimental data set with a finite element numerical analysis of the problem, providing additional insights into the complex interactions. An advanced hypoplastic constitutive model was adopted for the soil and, to enable appropriate comparison of numerical and experimental results, the conditions within the centrifuge tests were replicated numerically. Despite some discrepancies between numerical and experimental results, in particular related to limitations of the adopted soil–pile interface model, results from the numerical simulations are shown to broadly agree with the centrifuge test data. Numerical analysis results are used to explore the effect of tunnelling on pile settlements and the development of radial stresses around piles, as well as the stress paths at the soil–pile interface. These data provide additional insights to complement and extend current understanding of the complex soil–pile interactions taking place.",Finite element analysis; Pile; Structure; Tunnelling,S0266352X21004626,Concrete/cementitious material or calcium-rich object inferred from title/abstract,Geotechnical centrifuge model test,Condition present in query/title but not quantitatively stated in available metadata,See abstract metadata; detailed findings require full-text reading where access is lawful.,"It uses a centrifuge to scale gravity stress fields around concrete infrastructure, so it is useful as a parallel modeling reference but not direct material research.","Medium: useful for structural-geotechnical similitude and loading references, but less useful for concrete material design.","metadata is usable for initial screening; this is a parallel geotechnical modeling field, not direct hypergravity concrete material research.",5,3,3,5,4.1,included,"Studies geotechnical models involving concrete structures; use as parallel field reference, not as hypergravity concrete material evidence."
geotechnical_centrifuge_modeling,D2,土工离心模型,Geotechnical centrifuge modeling involving concrete structures,"""pile foundation"" AND centrifuge AND concrete",3D numerical investigation of wave-induced seabed response around a tripod pile foundation with different arrangements,Chenglin Liu,2023,Ocean Engineering,10.1016/j.oceaneng.2023.115861,https://api.elsevier.com/content/article/pii/S002980182302245X,ScienceDirect,unclear,unclear,S002980182302245X,tunnel lining / pile foundation concrete structure,Method inferred from ScienceDirect title/abstract,Condition present in query/title but not quantitatively stated in available metadata,ScienceDirect direct metadata did not provide enough abstract detail.,"It uses a centrifuge to scale gravity stress fields around concrete infrastructure, so it is useful as a parallel modeling reference but not direct material research.","Medium: useful for structural-geotechnical similitude and loading references, but less useful for concrete material design.","abstract unavailable or too short in API metadata; this is a parallel geotechnical modeling field, not direct hypergravity concrete material research.",2,3,3,3,2.6,excluded_or_low_relevance,"Studies geotechnical models involving concrete structures; use as parallel field reference, not as hypergravity concrete material evidence."
geotechnical_centrifuge_modeling,D2,土工离心模型,Geotechnical centrifuge modeling involving concrete structures,"""soil-structure interaction"" AND centrifuge AND concrete",A critical review of seismic soil-structure interaction analysis,Anuj Kumar Bharti,2025,Structures,10.1016/j.istruc.2025.108221,https://api.elsevier.com/content/article/pii/S2352012425000359,ScienceDirect,unclear,unclear,S2352012425000359,Concrete/cementitious material or calcium-rich object inferred from title/abstract,Method inferred from ScienceDirect title/abstract,Condition present in query/title but not quantitatively stated in available metadata,ScienceDirect direct metadata did not provide enough abstract detail.,"It uses a centrifuge to scale gravity stress fields around concrete infrastructure, so it is useful as a parallel modeling reference but not direct material research.","Medium: useful for structural-geotechnical similitude and loading references, but less useful for concrete material design.","abstract unavailable or too short in API metadata; this is a parallel geotechnical modeling field, not direct hypergravity concrete material research.",2,3,3,3,2.6,excluded_or_low_relevance,"Studies geotechnical models involving concrete structures; use as parallel field reference, not as hypergravity concrete material evidence."
geotechnical_centrifuge_modeling,D2,土工离心模型,Geotechnical centrifuge modeling involving concrete structures,"""pile foundation"" AND centrifuge AND concrete","A critical review on deep-water oil and gas development equipment research and application: Floating platform, mooring cable and pile foundation",Dong-Sheng Xu,2026,Petroleum Science,10.1016/j.petsci.2026.03.009,https://api.elsevier.com/content/article/pii/S1995822626001196,ScienceDirect,unclear,unclear,S1995822626001196,tunnel lining / pile foundation concrete structure,Method inferred from ScienceDirect title/abstract,Condition present in query/title but not quantitatively stated in available metadata,ScienceDirect direct metadata did not provide enough abstract detail.,"It uses a centrifuge to scale gravity stress fields around concrete infrastructure, so it is useful as a parallel modeling reference but not direct material research.","Medium: useful for structural-geotechnical similitude and loading references, but less useful for concrete material design.","abstract unavailable or too short in API metadata; this is a parallel geotechnical modeling field, not direct hypergravity concrete material research.",2,3,3,3,2.6,excluded_or_low_relevance,"Studies geotechnical models involving concrete structures; use as parallel field reference, not as hypergravity concrete material evidence."
geotechnical_centrifuge_modeling,D2,土工离心模型,Geotechnical centrifuge modeling involving concrete structures,"""concrete lining"" AND centrifuge",A fully coupled three-dimensional numerical model for estimating canal seepage with cracks and holes in canal lining damage,Xudong Han,2021,Journal of Hydrology,10.1016/j.jhydrol.2021.126094,https://api.elsevier.com/content/article/pii/S0022169421001414,ScienceDirect,unclear,unclear,S0022169421001414,tunnel lining / pile foundation concrete structure,Method inferred from ScienceDirect title/abstract,Condition present in query/title but not quantitatively stated in available metadata,ScienceDirect direct metadata did not provide enough abstract detail.,"It uses a centrifuge to scale gravity stress fields around concrete infrastructure, so it is useful as a parallel modeling reference but not direct material research.","Medium: useful for structural-geotechnical similitude and loading references, but less useful for concrete material design.","abstract unavailable or too short in API metadata; this is a parallel geotechnical modeling field, not direct hypergravity concrete material research.",2,3,3,3,2.6,excluded_or_low_relevance,"Studies geotechnical models involving concrete structures; use as parallel field reference, not as hypergravity concrete material evidence."
geotechnical_centrifuge_modeling,D2,土工离心模型,Geotechnical centrifuge modeling involving concrete structures,"""cross passage"" AND centrifuge",A lethal juvenile mouse model for the evaluation of antiviral reagents against coxsackievirus A4,Qin Su,2025,iScience,10.1016/j.isci.2025.113022,https://api.elsevier.com/content/article/pii/S2589004225012830,ScienceDirect,unclear,unclear,S2589004225012830,Concrete/cementitious material or calcium-rich object inferred from title/abstract,Method inferred from ScienceDirect title/abstract,Condition present in query/title but not quantitatively stated in available metadata,ScienceDirect direct metadata did not provide enough abstract detail.,"It uses a centrifuge to scale gravity stress fields around concrete infrastructure, so it is useful as a parallel modeling reference but not direct material research.","Medium: useful for structural-geotechnical similitude and loading references, but less useful for concrete material design.","abstract unavailable or too short in API metadata; this is a parallel geotechnical modeling field, not direct hypergravity concrete material research.",2,3,3,3,2.6,excluded_or_low_relevance,"Studies geotechnical models involving concrete structures; use as parallel field reference, not as hypergravity concrete material evidence."
geotechnical_centrifuge_modeling,D2,土工离心模型,Geotechnical centrifuge modeling involving concrete structures,"""cross passage"" AND centrifuge",A model for evaluating settlement of clay subjected to freeze-thaw under overburden pressure,Wenhu Fan,2020,Cold Regions Science and Technology,10.1016/j.coldregions.2020.102996,https://api.elsevier.com/content/article/pii/S0165232X19305440,ScienceDirect,unclear,unclear,S0165232X19305440,Concrete/cementitious material or calcium-rich object inferred from title/abstract,Method inferred from ScienceDirect title/abstract,Condition present in query/title but not quantitatively stated in available metadata,ScienceDirect direct metadata did not provide enough abstract detail.,"It uses a centrifuge to scale gravity stress fields around concrete infrastructure, so it is useful as a parallel modeling reference but not direct material research.","Medium: useful for structural-geotechnical similitude and loading references, but less useful for concrete material design.","abstract unavailable or too short in API metadata; this is a parallel geotechnical modeling field, not direct hypergravity concrete material research.",2,3,3,3,2.6,excluded_or_low_relevance,"Studies geotechnical models involving concrete structures; use as parallel field reference, not as hypergravity concrete material evidence."
geotechnical_centrifuge_modeling,D2,土工离心模型,Geotechnical centrifuge modeling involving concrete structures,"""geotechnical centrifuge modeling"" concrete",A newly developed state-of-the-art geotechnical centrifuge in Korea,Dong-Soo Kim,2013,KSCE Journal of Civil Engineering,10.1007/s12205-013-1350-5,https://api.elsevier.com/content/article/pii/S122679882400134X,ScienceDirect,unclear,unclear,S122679882400134X,Concrete/cementitious material or calcium-rich object inferred from title/abstract,Geotechnical centrifuge model test,Condition present in query/title but not quantitatively stated in available metadata,ScienceDirect direct metadata did not provide enough abstract detail.,"It uses a centrifuge to scale gravity stress fields around concrete infrastructure, so it is useful as a parallel modeling reference but not direct material research.","Medium: useful for structural-geotechnical similitude and loading references, but less useful for concrete material design.","abstract unavailable or too short in API metadata; this is a parallel geotechnical modeling field, not direct hypergravity concrete material research.",2,3,3,3,2.6,excluded_or_low_relevance,"Studies geotechnical models involving concrete structures; use as parallel field reference, not as hypergravity concrete material evidence."
geotechnical_centrifuge_modeling,D2,土工离心模型,Geotechnical centrifuge modeling involving concrete structures,"""pile foundation"" AND centrifuge AND concrete",A novel approach for physical modelling of seismic actions on a retaining wall supported by the rock-socketed pile foundation,Rohit Tiwari,2026,Soil Dynamics and Earthquake Engineering,10.1016/j.soildyn.2026.110222,https://api.elsevier.com/content/article/pii/S026772612600134X,ScienceDirect,unclear,unclear,S026772612600134X,tunnel lining / pile foundation concrete structure,Method inferred from ScienceDirect title/abstract,Condition present in query/title but not quantitatively stated in available metadata,ScienceDirect direct metadata did not provide enough abstract detail.,"It uses a centrifuge to scale gravity stress fields around concrete infrastructure, so it is useful as a parallel modeling reference but not direct material research.","Medium: useful for structural-geotechnical similitude and loading references, but less useful for concrete material design.","abstract unavailable or too short in API metadata; this is a parallel geotechnical modeling field, not direct hypergravity concrete material research.",2,3,3,3,2.6,excluded_or_low_relevance,"Studies geotechnical models involving concrete structures; use as parallel field reference, not as hypergravity concrete material evidence."
geotechnical_centrifuge_modeling,D2,土工离心模型,Geotechnical centrifuge modeling involving concrete structures,"""concrete lining"" AND centrifuge",A novel structural system to protect tunnels subjected to creeping faulting in soft strata under high geostress,Yuquan Liu,2026,Tunnelling and Underground Space Technology,10.1016/j.tust.2025.107251,https://api.elsevier.com/content/article/pii/S0886779825008892,ScienceDirect,unclear,unclear,S0886779825008892,Concrete/cementitious material or calcium-rich object inferred from title/abstract,Method inferred from ScienceDirect title/abstract,Condition present in query/title but not quantitatively stated in available metadata,ScienceDirect direct metadata did not provide enough abstract detail.,"It uses a centrifuge to scale gravity stress fields around concrete infrastructure, so it is useful as a parallel modeling reference but not direct material research.","Medium: useful for structural-geotechnical similitude and loading references, but less useful for concrete material design.","abstract unavailable or too short in API metadata; this is a parallel geotechnical modeling field, not direct hypergravity concrete material research.",2,3,3,3,2.6,excluded_or_low_relevance,"Studies geotechnical models involving concrete structures; use as parallel field reference, not as hypergravity concrete material evidence."
geotechnical_centrifuge_modeling,D2,土工离心模型,Geotechnical centrifuge modeling involving concrete structures,"""shield tunnel"" AND centrifuge",A stratigraphy-informed framework for GHG emission reduction and resource recovery in shield tunnel spoil management,Heqi Kong,2026,Case Studies in Construction Materials,10.1016/j.cscm.2026.e05913,https://api.elsevier.com/content/article/pii/S2214509526001610,ScienceDirect,unclear,unclear,S2214509526001610,tunnel lining / pile foundation concrete structure,Method inferred from ScienceDirect title/abstract,Condition present in query/title but not quantitatively stated in available metadata,ScienceDirect direct metadata did not provide enough abstract detail.,"It uses a centrifuge to scale gravity stress fields around concrete infrastructure, so it is useful as a parallel modeling reference but not direct material research.","Medium: useful for structural-geotechnical similitude and loading references, but less useful for concrete material design.","abstract unavailable or too short in API metadata; this is a parallel geotechnical modeling field, not direct hypergravity concrete material research.",2,3,3,3,2.6,excluded_or_low_relevance,"Studies geotechnical models involving concrete structures; use as parallel field reference, not as hypergravity concrete material evidence."
geotechnical_centrifuge_modeling,D2,土工离心模型,Geotechnical centrifuge modeling involving concrete structures,"""pile foundation"" AND centrifuge AND concrete",Advanced seismic analysis of soil-foundation-structure interaction for shallow and pile foundations in saturated and dry deposits: Insights from 3D parallel finite element modeling,Ali Asgari,2024,Structures,10.1016/j.istruc.2024.107503,https://api.elsevier.com/content/article/pii/S2352012424016552,ScienceDirect,unclear,unclear,S2352012424016552,tunnel lining / pile foundation concrete structure,Method inferred from ScienceDirect title/abstract,Condition present in query/title but not quantitatively stated in available metadata,ScienceDirect direct metadata did not provide enough abstract detail.,"It uses a centrifuge to scale gravity stress fields around concrete infrastructure, so it is useful as a parallel modeling reference but not direct material research.","Medium: useful for structural-geotechnical similitude and loading references, but less useful for concrete material design.","abstract unavailable or too short in API metadata; this is a parallel geotechnical modeling field, not direct hypergravity concrete material research.",2,3,3,3,2.6,excluded_or_low_relevance,"Studies geotechnical models involving concrete structures; use as parallel field reference, not as hypergravity concrete material evidence."
geotechnical_centrifuge_modeling,D2,土工离心模型,Geotechnical centrifuge modeling involving concrete structures,"""soil-structure interaction"" AND centrifuge AND concrete",An H-M contact model to simulate soil-structure interactions under tension in offshore environments,Maozhu Peng,2025,Computers and Geotechnics,10.1016/j.compgeo.2024.107025,https://api.elsevier.com/content/article/pii/S0266352X24009649,ScienceDirect,unclear,unclear,S0266352X24009649,Concrete/cementitious material or calcium-rich object inferred from title/abstract,Method inferred from ScienceDirect title/abstract,Condition present in query/title but not quantitatively stated in available metadata,ScienceDirect direct metadata did not provide enough abstract detail.,"It uses a centrifuge to scale gravity stress fields around concrete infrastructure, so it is useful as a parallel modeling reference but not direct material research.","Medium: useful for structural-geotechnical similitude and loading references, but less useful for concrete material design.","abstract unavailable or too short in API metadata; this is a parallel geotechnical modeling field, not direct hypergravity concrete material research.",2,3,3,3,2.6,excluded_or_low_relevance,"Studies geotechnical models involving concrete structures; use as parallel field reference, not as hypergravity concrete material evidence."
geotechnical_centrifuge_modeling,D2,土工离心模型,Geotechnical centrifuge modeling involving concrete structures,"""shield tunnel"" AND centrifuge",Analytical method for the vertical response of existing shield tunnel induced by above-crossing multiple parallel pipe jacking,Weizheng Liu,2025,Tunnelling and Underground Space Technology,10.1016/j.tust.2025.106873,https://api.elsevier.com/content/article/pii/S0886779825005115,ScienceDirect,unclear,unclear,S0886779825005115,tunnel lining / pile foundation concrete structure,Method inferred from ScienceDirect title/abstract,Condition present in query/title but not quantitatively stated in available metadata,ScienceDirect direct metadata did not provide enough abstract detail.,"It uses a centrifuge to scale gravity stress fields around concrete infrastructure, so it is useful as a parallel modeling reference but not direct material research.","Medium: useful for structural-geotechnical similitude and loading references, but less useful for concrete material design.","abstract unavailable or too short in API metadata; this is a parallel geotechnical modeling field, not direct hypergravity concrete material research.",2,3,3,3,2.6,excluded_or_low_relevance,"Studies geotechnical models involving concrete structures; use as parallel field reference, not as hypergravity concrete material evidence."
geotechnical_centrifuge_modeling,D2,土工离心模型,Geotechnical centrifuge modeling involving concrete structures,"""pile foundation"" AND centrifuge AND concrete",Analytical solution for lateral dynamic response of pile foundation embedded in unsaturated soil,Xiaoyan Yang,2022,Ocean Engineering,10.1016/j.oceaneng.2022.112518,https://api.elsevier.com/content/article/pii/S0029801822018017,ScienceDirect,unclear,unclear,S0029801822018017,tunnel lining / pile foundation concrete structure,Method inferred from ScienceDirect title/abstract,Condition present in query/title but not quantitatively stated in available metadata,ScienceDirect direct metadata did not provide enough abstract detail.,"It uses a centrifuge to scale gravity stress fields around concrete infrastructure, so it is useful as a parallel modeling reference but not direct material research.","Medium: useful for structural-geotechnical similitude and loading references, but less useful for concrete material design.","abstract unavailable or too short in API metadata; this is a parallel geotechnical modeling field, not direct hypergravity concrete material research.",2,3,3,3,2.6,excluded_or_low_relevance,"Studies geotechnical models involving concrete structures; use as parallel field reference, not as hypergravity concrete material evidence."
geotechnical_centrifuge_modeling,D2,土工离心模型,Geotechnical centrifuge modeling involving concrete structures,"""shield tunnel"" AND centrifuge",Analytical solution for longitudinal seismic response of shield tunnel with joints subjected to Rayleigh waves,Xiang Liu,2025,Structures,10.1016/j.istruc.2025.110602,https://api.elsevier.com/content/article/pii/S2352012425024191,ScienceDirect,unclear,unclear,S2352012425024191,tunnel lining / pile foundation concrete structure,Method inferred from ScienceDirect title/abstract,Condition present in query/title but not quantitatively stated in available metadata,ScienceDirect direct metadata did not provide enough abstract detail.,"It uses a centrifuge to scale gravity stress fields around concrete infrastructure, so it is useful as a parallel modeling reference but not direct material research.","Medium: useful for structural-geotechnical similitude and loading references, but less useful for concrete material design.","abstract unavailable or too short in API metadata; this is a parallel geotechnical modeling field, not direct hypergravity concrete material research.",2,3,3,3,2.6,excluded_or_low_relevance,"Studies geotechnical models involving concrete structures; use as parallel field reference, not as hypergravity concrete material evidence."
geotechnical_centrifuge_modeling,D2,土工离心模型,Geotechnical centrifuge modeling involving concrete structures,"""soil-structure interaction"" AND centrifuge AND concrete",Application of advanced soil constitutive models to investigate complex soil-structure interaction issues in integral abutment bridges,M. S. K. Hassan,2026,Computers and Geotechnics,10.1016/j.compgeo.2025.107768,https://api.elsevier.com/content/article/pii/S0266352X25007177,ScienceDirect,unclear,unclear,S0266352X25007177,Concrete/cementitious material or calcium-rich object inferred from title/abstract,Method inferred from ScienceDirect title/abstract,Condition present in query/title but not quantitatively stated in available metadata,ScienceDirect direct metadata did not provide enough abstract detail.,"It uses a centrifuge to scale gravity stress fields around concrete infrastructure, so it is useful as a parallel modeling reference but not direct material research.","Medium: useful for structural-geotechnical similitude and loading references, but less useful for concrete material design.","abstract unavailable or too short in API metadata; this is a parallel geotechnical modeling field, not direct hypergravity concrete material research.",2,3,3,3,2.6,excluded_or_low_relevance,"Studies geotechnical models involving concrete structures; use as parallel field reference, not as hypergravity concrete material evidence."
geotechnical_centrifuge_modeling,D2,土工离心模型,Geotechnical centrifuge modeling involving concrete structures,"""pile foundation"" AND centrifuge AND concrete",Application of innovative multi-directional laminar shear box to evaluate seismic soil – Pile foundation – Nuclear power plant interaction,Dong Feng,2025,Soil Dynamics and Earthquake Engineering,10.1016/j.soildyn.2024.109152,https://api.elsevier.com/content/article/pii/S0267726124007048,ScienceDirect,unclear,unclear,S0267726124007048,tunnel lining / pile foundation concrete structure,Method inferred from ScienceDirect title/abstract,Condition present in query/title but not quantitatively stated in available metadata,ScienceDirect direct metadata did not provide enough abstract detail.,"It uses a centrifuge to scale gravity stress fields around concrete infrastructure, so it is useful as a parallel modeling reference but not direct material research.","Medium: useful for structural-geotechnical similitude and loading references, but less useful for concrete material design.","abstract unavailable or too short in API metadata; this is a parallel geotechnical modeling field, not direct hypergravity concrete material research.",2,3,3,3,2.6,excluded_or_low_relevance,"Studies geotechnical models involving concrete structures; use as parallel field reference, not as hypergravity concrete material evidence."
geotechnical_centrifuge_modeling,D2,土工离心模型,Geotechnical centrifuge modeling involving concrete structures,"""cross passage"" AND centrifuge",Artificial ground freezing of fully saturated mucky clay: Thawing problem by centrifuge modeling,Jie Zhou,2015,Cold Regions Science and Technology,10.1016/j.coldregions.2015.04.005,https://api.elsevier.com/content/article/pii/S0165232X15000932,ScienceDirect,unclear,unclear,S0165232X15000932,Concrete/cementitious material or calcium-rich object inferred from title/abstract,Geotechnical centrifuge model test,Condition present in query/title but not quantitatively stated in available metadata,ScienceDirect direct metadata did not provide enough abstract detail.,"It uses a centrifuge to scale gravity stress fields around concrete infrastructure, so it is useful as a parallel modeling reference but not direct material research.","Medium: useful for structural-geotechnical similitude and loading references, but less useful for concrete material design.","abstract unavailable or too short in API metadata; this is a parallel geotechnical modeling field, not direct hypergravity concrete material research.",2,3,3,3,2.6,excluded_or_low_relevance,"Studies geotechnical models involving concrete structures; use as parallel field reference, not as hypergravity concrete material evidence."
geotechnical_centrifuge_modeling,D2,土工离心模型,Geotechnical centrifuge modeling involving concrete structures,"""concrete lining"" AND centrifuge",Behaviour of a Segmental Tunnel Lining Under Seismic Actions,Stefania Fabozzi,2016,Procedia Engineering,10.1016/j.proeng.2016.08.434,https://api.elsevier.com/content/article/pii/S187770581632642X,ScienceDirect,unclear,unclear,S187770581632642X,tunnel lining / pile foundation concrete structure,Method inferred from ScienceDirect title/abstract,Condition present in query/title but not quantitatively stated in available metadata,ScienceDirect direct metadata did not provide enough abstract detail.,"It uses a centrifuge to scale gravity stress fields around concrete infrastructure, so it is useful as a parallel modeling reference but not direct material research.","Medium: useful for structural-geotechnical similitude and loading references, but less useful for concrete material design.","abstract unavailable or too short in API metadata; this is a parallel geotechnical modeling field, not direct hypergravity concrete material research.",2,3,3,3,2.6,excluded_or_low_relevance,"Studies geotechnical models involving concrete structures; use as parallel field reference, not as hypergravity concrete material evidence."
geotechnical_centrifuge_modeling,D2,土工离心模型,Geotechnical centrifuge modeling involving concrete structures,"""concrete lining"" AND centrifuge",Behaviour of a large-diameter shield tunnel through multi-layered strata,Dong-Mei Zhang,2021,Tunnelling and Underground Space Technology,10.1016/j.tust.2021.104062,https://api.elsevier.com/content/article/pii/S0886779821002534,ScienceDirect,unclear,unclear,S0886779821002534,tunnel lining / pile foundation concrete structure,Method inferred from ScienceDirect title/abstract,Condition present in query/title but not quantitatively stated in available metadata,ScienceDirect direct metadata did not provide enough abstract detail.,"It uses a centrifuge to scale gravity stress fields around concrete infrastructure, so it is useful as a parallel modeling reference but not direct material research.","Medium: useful for structural-geotechnical similitude and loading references, but less useful for concrete material design.","abstract unavailable or too short in API metadata; this is a parallel geotechnical modeling field, not direct hypergravity concrete material research.",2,3,3,3,2.6,excluded_or_low_relevance,"Studies geotechnical models involving concrete structures; use as parallel field reference, not as hypergravity concrete material evidence."
geotechnical_centrifuge_modeling,D2,土工离心模型,Geotechnical centrifuge modeling involving concrete structures,"""concrete lining"" AND centrifuge",Building response to tunnelling,Ruaidhri Farrell,2014,Soils and Foundations,10.1016/j.sandf.2014.04.003,https://api.elsevier.com/content/article/pii/S0038080614000262,ScienceDirect,unclear,unclear,S0038080614000262,Concrete/cementitious material or calcium-rich object inferred from title/abstract,Method inferred from ScienceDirect title/abstract,Condition present in query/title but not quantitatively stated in available metadata,ScienceDirect direct metadata did not provide enough abstract detail.,"It uses a centrifuge to scale gravity stress fields around concrete infrastructure, so it is useful as a parallel modeling reference but not direct material research.","Medium: useful for structural-geotechnical similitude and loading references, but less useful for concrete material design.","abstract unavailable or too short in API metadata; this is a parallel geotechnical modeling field, not direct hypergravity concrete material research.",2,3,3,3,2.6,excluded_or_low_relevance,"Studies geotechnical models involving concrete structures; use as parallel field reference, not as hypergravity concrete material evidence."
geotechnical_centrifuge_modeling,D2,土工离心模型,Geotechnical centrifuge modeling involving concrete structures,"""cross passage"" AND centrifuge",Catastrophic failure mechanism of underground complexes under deep construction disturbance,Hanqing Chen,2024,Tunnelling and Underground Space Technology,10.1016/j.tust.2024.106059,https://api.elsevier.com/content/article/pii/S0886779824004772,ScienceDirect,unclear,unclear,S0886779824004772,Concrete/cementitious material or calcium-rich object inferred from title/abstract,Method inferred from ScienceDirect title/abstract,Condition present in query/title but not quantitatively stated in available metadata,ScienceDirect direct metadata did not provide enough abstract detail.,"It uses a centrifuge to scale gravity stress fields around concrete infrastructure, so it is useful as a parallel modeling reference but not direct material research.","Medium: useful for structural-geotechnical similitude and loading references, but less useful for concrete material design.","abstract unavailable or too short in API metadata; this is a parallel geotechnical modeling field, not direct hypergravity concrete material research.",2,3,3,3,2.6,excluded_or_low_relevance,"Studies geotechnical models involving concrete structures; use as parallel field reference, not as hypergravity concrete material evidence."
geotechnical_centrifuge_modeling,D2,土工离心模型,Geotechnical centrifuge modeling involving concrete structures,"""cross passage"" AND centrifuge",Centrifugal model tests on the structural response of the shield tunnel when constructing cross passages by mechanical methods,Ping Lu,2022,Tunnelling and Underground Space Technology,10.1016/j.tust.2022.104621,https://api.elsevier.com/content/article/pii/S0886779822002619,ScienceDirect,unclear,unclear,S0886779822002619,tunnel lining / pile foundation concrete structure,Centrifugal forming / spinning / casting,centrifugal,ScienceDirect direct metadata did not provide enough abstract detail.,"It uses a centrifuge to scale gravity stress fields around concrete infrastructure, so it is useful as a parallel modeling reference but not direct material research.","Medium: useful for structural-geotechnical similitude and loading references, but less useful for concrete material design.","abstract unavailable or too short in API metadata; this is a parallel geotechnical modeling field, not direct hypergravity concrete material research.",2,3,3,3,2.6,excluded_or_low_relevance,"Studies geotechnical models involving concrete structures; use as parallel field reference, not as hypergravity concrete material evidence."
geotechnical_centrifuge_modeling,D2,土工离心模型,Geotechnical centrifuge modeling involving concrete structures,"""cross passage"" AND centrifuge",Centrifuge experimental study of thaw settlement characteristics of mucky clay after artificial ground freezing,Jie Zhou,2015,Engineering Geology,10.1016/j.enggeo.2015.03.002,https://api.elsevier.com/content/article/pii/S0013795215000757,ScienceDirect,unclear,unclear,S0013795215000757,Concrete/cementitious material or calcium-rich object inferred from title/abstract,Centrifugal forming / spinning / casting,Condition present in query/title but not quantitatively stated in available metadata,ScienceDirect direct metadata did not provide enough abstract detail.,"It uses a centrifuge to scale gravity stress fields around concrete infrastructure, so it is useful as a parallel modeling reference but not direct material research.","Medium: useful for structural-geotechnical similitude and loading references, but less useful for concrete material design.","abstract unavailable or too short in API metadata; this is a parallel geotechnical modeling field, not direct hypergravity concrete material research.",2,3,3,3,2.6,excluded_or_low_relevance,"Studies geotechnical models involving concrete structures; use as parallel field reference, not as hypergravity concrete material evidence."
geotechnical_centrifuge_modeling,D2,土工离心模型,Geotechnical centrifuge modeling involving concrete structures,"""centrifuge model test"" concrete",Centrifuge model test on the retrogressive landslide subjected to reservoir water level fluctuation,Fasheng Miao,2018,Engineering Geology,10.1016/j.enggeo.2018.08.016,https://api.elsevier.com/content/article/pii/S0013795218305696,ScienceDirect,unclear,unclear,S0013795218305696,Concrete/cementitious material or calcium-rich object inferred from title/abstract,Geotechnical centrifuge model test,Condition present in query/title but not quantitatively stated in available metadata,ScienceDirect direct metadata did not provide enough abstract detail.,"It uses a centrifuge to scale gravity stress fields around concrete infrastructure, so it is useful as a parallel modeling reference but not direct material research.","Medium: useful for structural-geotechnical similitude and loading references, but less useful for concrete material design.","abstract unavailable or too short in API metadata; this is a parallel geotechnical modeling field, not direct hypergravity concrete material research.",2,3,3,3,2.6,excluded_or_low_relevance,"Studies geotechnical models involving concrete structures; use as parallel field reference, not as hypergravity concrete material evidence."
geotechnical_centrifuge_modeling,D2,土工离心模型,Geotechnical centrifuge modeling involving concrete structures,"""centrifuge model test"" concrete",Centrifuge model tests on Geostrip Reinforced Soil Walls with low-permeable backfills subjected to seepage,B. V. S. Viswanadham,2026,Geotextiles and Geomembranes,10.1016/j.geotexmem.2026.01.003,https://api.elsevier.com/content/article/pii/S0266114426000038,ScienceDirect,unclear,unclear,S0266114426000038,Concrete/cementitious material or calcium-rich object inferred from title/abstract,Geotechnical centrifuge model test,Condition present in query/title but not quantitatively stated in available metadata,ScienceDirect direct metadata did not provide enough abstract detail.,"It uses a centrifuge to scale gravity stress fields around concrete infrastructure, so it is useful as a parallel modeling reference but not direct material research.","Medium: useful for structural-geotechnical similitude and loading references, but less useful for concrete material design.","abstract unavailable or too short in API metadata; this is a parallel geotechnical modeling field, not direct hypergravity concrete material research.",2,3,3,3,2.6,excluded_or_low_relevance,"Studies geotechnical models involving concrete structures; use as parallel field reference, not as hypergravity concrete material evidence."
geotechnical_centrifuge_modeling,D2,土工离心模型,Geotechnical centrifuge modeling involving concrete structures,"""centrifuge model test"" concrete",Centrifuge model tests on performance of MSE walls with different facing types,Ting Li,2024,Geotextiles and Geomembranes,10.1016/j.geotexmem.2024.06.005,https://api.elsevier.com/content/article/pii/S0266114424000669,ScienceDirect,unclear,unclear,S0266114424000669,Concrete/cementitious material or calcium-rich object inferred from title/abstract,Geotechnical centrifuge model test,Condition present in query/title but not quantitatively stated in available metadata,ScienceDirect direct metadata did not provide enough abstract detail.,"It uses a centrifuge to scale gravity stress fields around concrete infrastructure, so it is useful as a parallel modeling reference but not direct material research.","Medium: useful for structural-geotechnical similitude and loading references, but less useful for concrete material design.","abstract unavailable or too short in API metadata; this is a parallel geotechnical modeling field, not direct hypergravity concrete material research.",2,3,3,3,2.6,excluded_or_low_relevance,"Studies geotechnical models involving concrete structures; use as parallel field reference, not as hypergravity concrete material evidence."
geotechnical_centrifuge_modeling,D2,土工离心模型,Geotechnical centrifuge modeling involving concrete structures,"""centrifuge model test"" concrete",Centrifuge model tests on suffusion-induced deterioration and its consequences in seismic response of levees,Akihiro Takahashi,2025,Soils and Foundations,10.1016/j.sandf.2025.101592,https://api.elsevier.com/content/article/pii/S0038080625000265,ScienceDirect,unclear,unclear,S0038080625000265,Concrete/cementitious material or calcium-rich object inferred from title/abstract,Geotechnical centrifuge model test,Condition present in query/title but not quantitatively stated in available metadata,ScienceDirect direct metadata did not provide enough abstract detail.,"It uses a centrifuge to scale gravity stress fields around concrete infrastructure, so it is useful as a parallel modeling reference but not direct material research.","Medium: useful for structural-geotechnical similitude and loading references, but less useful for concrete material design.","abstract unavailable or too short in API metadata; this is a parallel geotechnical modeling field, not direct hypergravity concrete material research.",2,3,3,3,2.6,excluded_or_low_relevance,"Studies geotechnical models involving concrete structures; use as parallel field reference, not as hypergravity concrete material evidence."
geotechnical_centrifuge_modeling,D2,土工离心模型,Geotechnical centrifuge modeling involving concrete structures,"""geotechnical centrifuge modeling"" concrete",Centrifuge modeling of the settlement and deformation of runway under cyclic impact load,Xingxu Yao,2024,Transportation Geotechnics,10.1016/j.trgeo.2024.101394,https://api.elsevier.com/content/article/pii/S2214391224002150,ScienceDirect,unclear,unclear,S2214391224002150,Concrete/cementitious material or calcium-rich object inferred from title/abstract,Geotechnical centrifuge model test,Condition present in query/title but not quantitatively stated in available metadata,ScienceDirect direct metadata did not provide enough abstract detail.,"It uses a centrifuge to scale gravity stress fields around concrete infrastructure, so it is useful as a parallel modeling reference but not direct material research.","Medium: useful for structural-geotechnical similitude and loading references, but less useful for concrete material design.","abstract unavailable or too short in API metadata; this is a parallel geotechnical modeling field, not direct hypergravity concrete material research.",2,3,3,3,2.6,excluded_or_low_relevance,"Studies geotechnical models involving concrete structures; use as parallel field reference, not as hypergravity concrete material evidence."
geotechnical_centrifuge_modeling,D2,土工离心模型,Geotechnical centrifuge modeling involving concrete structures,"""centrifuge model test"" concrete",Centrifuge modeling testing and multiscale analysis of cemented sand and gravel (CSG) dams,Jiaojiao Chen,2019,Construction and Building Materials,10.1016/j.conbuildmat.2019.06.218,https://api.elsevier.com/content/article/pii/S0950061819316472,ScienceDirect,unclear,unclear,S0950061819316472,cementitious or calcium-rich carbonation material,Geotechnical centrifuge model test,Condition present in query/title but not quantitatively stated in available metadata,ScienceDirect direct metadata did not provide enough abstract detail.,"It uses a centrifuge to scale gravity stress fields around concrete infrastructure, so it is useful as a parallel modeling reference but not direct material research.","Medium: useful for structural-geotechnical similitude and loading references, but less useful for concrete material design.","abstract unavailable or too short in API metadata; this is a parallel geotechnical modeling field, not direct hypergravity concrete material research.",2,3,3,3,2.6,excluded_or_low_relevance,"Studies geotechnical models involving concrete structures; use as parallel field reference, not as hypergravity concrete material evidence."
geotechnical_centrifuge_modeling,D2,土工离心模型,Geotechnical centrifuge modeling involving concrete structures,"""geotechnical centrifuge modeling"" concrete",Centrifuge modelling of EPS geofoam behind integral bridge abutments,Douglas G. Morley,2025,Geotextiles and Geomembranes,10.1016/j.geotexmem.2025.07.005,https://api.elsevier.com/content/article/pii/S0266114425000871,ScienceDirect,unclear,unclear,S0266114425000871,Concrete/cementitious material or calcium-rich object inferred from title/abstract,Geotechnical centrifuge model test,Condition present in query/title but not quantitatively stated in available metadata,ScienceDirect direct metadata did not provide enough abstract detail.,"It uses a centrifuge to scale gravity stress fields around concrete infrastructure, so it is useful as a parallel modeling reference but not direct material research.","Medium: useful for structural-geotechnical similitude and loading references, but less useful for concrete material design.","abstract unavailable or too short in API metadata; this is a parallel geotechnical modeling field, not direct hypergravity concrete material research.",2,3,3,3,2.6,excluded_or_low_relevance,"Studies geotechnical models involving concrete structures; use as parallel field reference, not as hypergravity concrete material evidence."
geotechnical_centrifuge_modeling,D2,土工离心模型,Geotechnical centrifuge modeling involving concrete structures,"""geotechnical centrifuge modeling"" concrete",Chapter 11: Physical modeling of interaction problems in geotechnical engineering,Subhamoy Bhattacharya,2021,Modeling in Geotechnical Engineering,10.1016/b978-0-12-821205-9.00017-4,https://api.elsevier.com/content/article/pii/B9780128212059000174,ScienceDirect,unclear,unclear,B9780128212059000174,Concrete/cementitious material or calcium-rich object inferred from title/abstract,Method inferred from ScienceDirect title/abstract,Condition present in query/title but not quantitatively stated in available metadata,ScienceDirect direct metadata did not provide enough abstract detail.,"It uses a centrifuge to scale gravity stress fields around concrete infrastructure, so it is useful as a parallel modeling reference but not direct material research.","Medium: useful for structural-geotechnical similitude and loading references, but less useful for concrete material design.","abstract unavailable or too short in API metadata; this is a parallel geotechnical modeling field, not direct hypergravity concrete material research.",2,3,3,3,2.6,excluded_or_low_relevance,"Studies geotechnical models involving concrete structures; use as parallel field reference, not as hypergravity concrete material evidence."
geotechnical_centrifuge_modeling,D2,土工离心模型,Geotechnical centrifuge modeling involving concrete structures,"""cross passage"" AND centrifuge",Continuum-discrete coupling model for mechanical response analysis of tunnels subjected to non-uniform reverse faulting,Zhenning Ba,2025,Underground Space,10.1016/j.undsp.2025.03.005,https://api.elsevier.com/content/article/pii/S2467967425000558,ScienceDirect,unclear,unclear,S2467967425000558,Concrete/cementitious material or calcium-rich object inferred from title/abstract,Method inferred from ScienceDirect title/abstract,Condition present in query/title but not quantitatively stated in available metadata,ScienceDirect direct metadata did not provide enough abstract detail.,"It uses a centrifuge to scale gravity stress fields around concrete infrastructure, so it is useful as a parallel modeling reference but not direct material research.","Medium: useful for structural-geotechnical similitude and loading references, but less useful for concrete material design.","abstract unavailable or too short in API metadata; this is a parallel geotechnical modeling field, not direct hypergravity concrete material research.",2,3,3,3,2.6,excluded_or_low_relevance,"Studies geotechnical models involving concrete structures; use as parallel field reference, not as hypergravity concrete material evidence."
geotechnical_centrifuge_modeling,D2,土工离心模型,Geotechnical centrifuge modeling involving concrete structures,"""centrifuge model test"" concrete",DIA of centrifuge model tests on geogrid reinforced soil walls with low-permeable backfills subjected to rainfall,M. Jayanandan,2023,Geotextiles and Geomembranes,10.1016/j.geotexmem.2023.03.002,https://api.elsevier.com/content/article/pii/S0266114423000237,ScienceDirect,unclear,unclear,S0266114423000237,Concrete/cementitious material or calcium-rich object inferred from title/abstract,Geotechnical centrifuge model test,Condition present in query/title but not quantitatively stated in available metadata,ScienceDirect direct metadata did not provide enough abstract detail.,"It uses a centrifuge to scale gravity stress fields around concrete infrastructure, so it is useful as a parallel modeling reference but not direct material research.","Medium: useful for structural-geotechnical similitude and loading references, but less useful for concrete material design.","abstract unavailable or too short in API metadata; this is a parallel geotechnical modeling field, not direct hypergravity concrete material research.",2,3,3,3,2.6,excluded_or_low_relevance,"Studies geotechnical models involving concrete structures; use as parallel field reference, not as hypergravity concrete material evidence."
geotechnical_centrifuge_modeling,D2,土工离心模型,Geotechnical centrifuge modeling involving concrete structures,"""cross passage"" AND centrifuge",Damage and failure analysis of twin tunnels with cross passages subjected to strike-slip faulting,Chaofan Yao,2025,Engineering Failure Analysis,10.1016/j.engfailanal.2024.109197,https://api.elsevier.com/content/article/pii/S1350630724012433,ScienceDirect,unclear,unclear,S1350630724012433,tunnel lining / pile foundation concrete structure,Method inferred from ScienceDirect title/abstract,Condition present in query/title but not quantitatively stated in available metadata,ScienceDirect direct metadata did not provide enough abstract detail.,"It uses a centrifuge to scale gravity stress fields around concrete infrastructure, so it is useful as a parallel modeling reference but not direct material research.","Medium: useful for structural-geotechnical similitude and loading references, but less useful for concrete material design.","abstract unavailable or too short in API metadata; this is a parallel geotechnical modeling field, not direct hypergravity concrete material research.",2,3,3,3,2.6,excluded_or_low_relevance,"Studies geotechnical models involving concrete structures; use as parallel field reference, not as hypergravity concrete material evidence."
geotechnical_centrifuge_modeling,D2,土工离心模型,Geotechnical centrifuge modeling involving concrete structures,"""shield tunnel"" AND centrifuge",Deformation characteristics and support force determination method during shield tunnelling undercrossing river channels,Wenchao Shi,2026,KSCE Journal of Civil Engineering,10.1016/j.kscej.2026.100611,https://api.elsevier.com/content/article/pii/S122679882600108X,ScienceDirect,unclear,unclear,S122679882600108X,tunnel lining / pile foundation concrete structure,Method inferred from ScienceDirect title/abstract,Condition present in query/title but not quantitatively stated in available metadata,ScienceDirect direct metadata did not provide enough abstract detail.,"It uses a centrifuge to scale gravity stress fields around concrete infrastructure, so it is useful as a parallel modeling reference but not direct material research.","Medium: useful for structural-geotechnical similitude and loading references, but less useful for concrete material design.","abstract unavailable or too short in API metadata; this is a parallel geotechnical modeling field, not direct hypergravity concrete material research.",2,3,3,3,2.6,excluded_or_low_relevance,"Studies geotechnical models involving concrete structures; use as parallel field reference, not as hypergravity concrete material evidence."
geotechnical_centrifuge_modeling,D2,土工离心模型,Geotechnical centrifuge modeling involving concrete structures,"""concrete lining"" AND centrifuge","Design criteria for plain concrete lining in power and water tunnels : Singh, B; Nayak, G C; Kumar, R Proc International Symposium on Underground Engineering, New Delhi, 14–17 April 1988 V1, P281–289. Publ Rotterdam: A A Balkema, 1988",unclear,1990,International Journal of Rock Mechanics and Mining Sciences & Geomechanics Abstracts,10.1016/0148-9062(90)91496-t,https://api.elsevier.com/content/article/pii/014890629091496T,ScienceDirect,unclear,unclear,014890629091496T,tunnel lining / pile foundation concrete structure,Method inferred from ScienceDirect title/abstract,Condition present in query/title but not quantitatively stated in available metadata,ScienceDirect direct metadata did not provide enough abstract detail.,"It uses a centrifuge to scale gravity stress fields around concrete infrastructure, so it is useful as a parallel modeling reference but not direct material research.","Medium: useful for structural-geotechnical similitude and loading references, but less useful for concrete material design.","abstract unavailable or too short in API metadata; this is a parallel geotechnical modeling field, not direct hypergravity concrete material research.",2,3,3,3,2.6,excluded_or_low_relevance,"Studies geotechnical models involving concrete structures; use as parallel field reference, not as hypergravity concrete material evidence."
geotechnical_centrifuge_modeling,D2,土工离心模型,Geotechnical centrifuge modeling involving concrete structures,"""soil-structure interaction"" AND centrifuge AND concrete",Differential longitudinal soil-structure interactions and damage analysis in tunnels crossing reverse and normal active faults,Guanxiong Zeng,2026,Tunnelling and Underground Space Technology,10.1016/j.tust.2026.107640,https://api.elsevier.com/content/article/pii/S0886779826001987,ScienceDirect,unclear,unclear,S0886779826001987,Concrete/cementitious material or calcium-rich object inferred from title/abstract,Method inferred from ScienceDirect title/abstract,Condition present in query/title but not quantitatively stated in available metadata,ScienceDirect direct metadata did not provide enough abstract detail.,"It uses a centrifuge to scale gravity stress fields around concrete infrastructure, so it is useful as a parallel modeling reference but not direct material research.","Medium: useful for structural-geotechnical similitude and loading references, but less useful for concrete material design.","abstract unavailable or too short in API metadata; this is a parallel geotechnical modeling field, not direct hypergravity concrete material research.",2,3,3,3,2.6,excluded_or_low_relevance,"Studies geotechnical models involving concrete structures; use as parallel field reference, not as hypergravity concrete material evidence."
geotechnical_centrifuge_modeling,D2,土工离心模型,Geotechnical centrifuge modeling involving concrete structures,"""shield tunnel"" AND centrifuge",Differential settlement patterns and resilience evaluation of airport runways induced by Super-Large-Diameter shield tunneling,Kaihang Han,2026,Tunnelling and Underground Space Technology,10.1016/j.tust.2026.107620,https://api.elsevier.com/content/article/pii/S0886779826001781,ScienceDirect,unclear,unclear,S0886779826001781,tunnel lining / pile foundation concrete structure,Method inferred from ScienceDirect title/abstract,Condition present in query/title but not quantitatively stated in available metadata,ScienceDirect direct metadata did not provide enough abstract detail.,"It uses a centrifuge to scale gravity stress fields around concrete infrastructure, so it is useful as a parallel modeling reference but not direct material research.","Medium: useful for structural-geotechnical similitude and loading references, but less useful for concrete material design.","abstract unavailable or too short in API metadata; this is a parallel geotechnical modeling field, not direct hypergravity concrete material research.",2,3,3,3,2.6,excluded_or_low_relevance,"Studies geotechnical models involving concrete structures; use as parallel field reference, not as hypergravity concrete material evidence."
geotechnical_centrifuge_modeling,D2,土工离心模型,Geotechnical centrifuge modeling involving concrete structures,"""pile foundation"" AND centrifuge AND concrete",Displacement analysis for energy pile foundations under thermomechanical loads,Jincheng Fang,2025,Geomechanics for Energy and the Environment,10.1016/j.gete.2025.100725,https://api.elsevier.com/content/article/pii/S2352380825000905,ScienceDirect,unclear,unclear,S2352380825000905,tunnel lining / pile foundation concrete structure,Method inferred from ScienceDirect title/abstract,Condition present in query/title but not quantitatively stated in available metadata,ScienceDirect direct metadata did not provide enough abstract detail.,"It uses a centrifuge to scale gravity stress fields around concrete infrastructure, so it is useful as a parallel modeling reference but not direct material research.","Medium: useful for structural-geotechnical similitude and loading references, but less useful for concrete material design.","abstract unavailable or too short in API metadata; this is a parallel geotechnical modeling field, not direct hypergravity concrete material research.",2,3,3,3,2.6,excluded_or_low_relevance,"Studies geotechnical models involving concrete structures; use as parallel field reference, not as hypergravity concrete material evidence."
geotechnical_centrifuge_modeling,D2,土工离心模型,Geotechnical centrifuge modeling involving concrete structures,"""geotechnical centrifuge test"" concrete",Distributed Multiple Tuned Mass Dampers for Wind Response Control of Chimney with Flexible Foundation,Said Elias,2017,Procedia Engineering,10.1016/j.proeng.2017.09.087,https://api.elsevier.com/content/article/pii/S1877705817335233,ScienceDirect,unclear,unclear,S1877705817335233,Concrete/cementitious material or calcium-rich object inferred from title/abstract,Method inferred from ScienceDirect title/abstract,Condition present in query/title but not quantitatively stated in available metadata,ScienceDirect direct metadata did not provide enough abstract detail.,"It uses a centrifuge to scale gravity stress fields around concrete infrastructure, so it is useful as a parallel modeling reference but not direct material research.","Medium: useful for structural-geotechnical similitude and loading references, but less useful for concrete material design.","abstract unavailable or too short in API metadata; this is a parallel geotechnical modeling field, not direct hypergravity concrete material research.",2,3,3,3,2.6,excluded_or_low_relevance,"Studies geotechnical models involving concrete structures; use as parallel field reference, not as hypergravity concrete material evidence."
geotechnical_centrifuge_modeling,D2,土工离心模型,Geotechnical centrifuge modeling involving concrete structures,"""geotechnical centrifuge modeling"" concrete",Duxseal as backfill material for subway lining to mitigate railway vibrations: Field experiments,Zhisong Zhang,2021,Transportation Geotechnics,10.1016/j.trgeo.2021.100607,https://api.elsevier.com/content/article/pii/S2214391221000970,ScienceDirect,unclear,unclear,S2214391221000970,tunnel lining / pile foundation concrete structure,Method inferred from ScienceDirect title/abstract,Condition present in query/title but not quantitatively stated in available metadata,ScienceDirect direct metadata did not provide enough abstract detail.,"It uses a centrifuge to scale gravity stress fields around concrete infrastructure, so it is useful as a parallel modeling reference but not direct material research.","Medium: useful for structural-geotechnical similitude and loading references, but less useful for concrete material design.","abstract unavailable or too short in API metadata; this is a parallel geotechnical modeling field, not direct hypergravity concrete material research.",2,3,3,3,2.6,excluded_or_low_relevance,"Studies geotechnical models involving concrete structures; use as parallel field reference, not as hypergravity concrete material evidence."
geotechnical_centrifuge_modeling,D2,土工离心模型,Geotechnical centrifuge modeling involving concrete structures,"""soil-structure interaction"" AND centrifuge AND concrete",Effect of soil-structure interaction on seismic behavior of self-centering rocking piers supported on shallow foundations,Sepehr Rassoulpour,2025,Soil Dynamics and Earthquake Engineering,10.1016/j.soildyn.2025.109339,https://api.elsevier.com/content/article/pii/S0267726125001320,ScienceDirect,unclear,unclear,S0267726125001320,Concrete/cementitious material or calcium-rich object inferred from title/abstract,Method inferred from ScienceDirect title/abstract,Condition present in query/title but not quantitatively stated in available metadata,ScienceDirect direct metadata did not provide enough abstract detail.,"It uses a centrifuge to scale gravity stress fields around concrete infrastructure, so it is useful as a parallel modeling reference but not direct material research.","Medium: useful for structural-geotechnical similitude and loading references, but less useful for concrete material design.","abstract unavailable or too short in API metadata; this is a parallel geotechnical modeling field, not direct hypergravity concrete material research.",2,3,3,3,2.6,excluded_or_low_relevance,"Studies geotechnical models involving concrete structures; use as parallel field reference, not as hypergravity concrete material evidence."
geotechnical_centrifuge_modeling,D2,土工离心模型,Geotechnical centrifuge modeling involving concrete structures,"""soil-structure interaction"" AND centrifuge AND concrete",Effect of soil-structure interaction on the seismic response of a building with combined bracing and shear wall,Sheraz Khan,2026,Structures,10.1016/j.istruc.2025.110985,https://api.elsevier.com/content/article/pii/S2352012425028024,ScienceDirect,unclear,unclear,S2352012425028024,Concrete/cementitious material or calcium-rich object inferred from title/abstract,Method inferred from ScienceDirect title/abstract,Condition present in query/title but not quantitatively stated in available metadata,ScienceDirect direct metadata did not provide enough abstract detail.,"It uses a centrifuge to scale gravity stress fields around concrete infrastructure, so it is useful as a parallel modeling reference but not direct material research.","Medium: useful for structural-geotechnical similitude and loading references, but less useful for concrete material design.","abstract unavailable or too short in API metadata; this is a parallel geotechnical modeling field, not direct hypergravity concrete material research.",2,3,3,3,2.6,excluded_or_low_relevance,"Studies geotechnical models involving concrete structures; use as parallel field reference, not as hypergravity concrete material evidence."
geotechnical_centrifuge_modeling,D2,土工离心模型,Geotechnical centrifuge modeling involving concrete structures,"""soil-structure interaction"" AND centrifuge AND concrete",Effect of tunnel-building separation distance on the dynamic soil-structure interaction response,Zhengyao He,2024,Tunnelling and Underground Space Technology,10.1016/j.tust.2024.105918,https://api.elsevier.com/content/article/pii/S0886779824003365,ScienceDirect,unclear,unclear,S0886779824003365,Concrete/cementitious material or calcium-rich object inferred from title/abstract,Method inferred from ScienceDirect title/abstract,Condition present in query/title but not quantitatively stated in available metadata,ScienceDirect direct metadata did not provide enough abstract detail.,"It uses a centrifuge to scale gravity stress fields around concrete infrastructure, so it is useful as a parallel modeling reference but not direct material research.","Medium: useful for structural-geotechnical similitude and loading references, but less useful for concrete material design.","abstract unavailable or too short in API metadata; this is a parallel geotechnical modeling field, not direct hypergravity concrete material research.",2,3,3,3,2.6,excluded_or_low_relevance,"Studies geotechnical models involving concrete structures; use as parallel field reference, not as hypergravity concrete material evidence."
geotechnical_centrifuge_modeling,D2,土工离心模型,Geotechnical centrifuge modeling involving concrete structures,"""shield tunnel"" AND centrifuge",Effects of shield tunnelling parameters on the long-term settlement of piled buildings in soft ground,Ruikun Wang,2026,Underground Space,10.1016/j.undsp.2025.10.003,https://api.elsevier.com/content/article/pii/S2467967425001370,ScienceDirect,unclear,unclear,S2467967425001370,tunnel lining / pile foundation concrete structure,Method inferred from ScienceDirect title/abstract,Condition present in query/title but not quantitatively stated in available metadata,ScienceDirect direct metadata did not provide enough abstract detail.,"It uses a centrifuge to scale gravity stress fields around concrete infrastructure, so it is useful as a parallel modeling reference but not direct material research.","Medium: useful for structural-geotechnical similitude and loading references, but less useful for concrete material design.","abstract unavailable or too short in API metadata; this is a parallel geotechnical modeling field, not direct hypergravity concrete material research.",2,3,3,3,2.6,excluded_or_low_relevance,"Studies geotechnical models involving concrete structures; use as parallel field reference, not as hypergravity concrete material evidence."
geotechnical_centrifuge_modeling,D2,土工离心模型,Geotechnical centrifuge modeling involving concrete structures,"""concrete lining"" AND centrifuge",Effects of twin tunnel undercrossing excavation on the operational high speed railway tunnel with ballastless track,Jinyang Fu,2022,Tunnelling and Underground Space Technology,10.1016/j.tust.2022.104470,https://api.elsevier.com/content/article/pii/S0886779822001109,ScienceDirect,unclear,unclear,S0886779822001109,Concrete/cementitious material or calcium-rich object inferred from title/abstract,Method inferred from ScienceDirect title/abstract,Condition present in query/title but not quantitatively stated in available metadata,ScienceDirect direct metadata did not provide enough abstract detail.,"It uses a centrifuge to scale gravity stress fields around concrete infrastructure, so it is useful as a parallel modeling reference but not direct material research.","Medium: useful for structural-geotechnical similitude and loading references, but less useful for concrete material design.","abstract unavailable or too short in API metadata; this is a parallel geotechnical modeling field, not direct hypergravity concrete material research.",2,3,3,3,2.6,excluded_or_low_relevance,"Studies geotechnical models involving concrete structures; use as parallel field reference, not as hypergravity concrete material evidence."
geotechnical_centrifuge_modeling,D2,土工离心模型,Geotechnical centrifuge modeling involving concrete structures,"""shield tunnel"" AND centrifuge",Experimental investigation of face passive failure modes in a shallow shield tunnel within coastal backfill sand,Ronghan Wu,2026,Measurement,10.1016/j.measurement.2026.120622,https://api.elsevier.com/content/article/pii/S0263224126003313,ScienceDirect,unclear,unclear,S0263224126003313,tunnel lining / pile foundation concrete structure,Method inferred from ScienceDirect title/abstract,Condition present in query/title but not quantitatively stated in available metadata,ScienceDirect direct metadata did not provide enough abstract detail.,"It uses a centrifuge to scale gravity stress fields around concrete infrastructure, so it is useful as a parallel modeling reference but not direct material research.","Medium: useful for structural-geotechnical similitude and loading references, but less useful for concrete material design.","abstract unavailable or too short in API metadata; this is a parallel geotechnical modeling field, not direct hypergravity concrete material research.",2,3,3,3,2.6,excluded_or_low_relevance,"Studies geotechnical models involving concrete structures; use as parallel field reference, not as hypergravity concrete material evidence."
geotechnical_centrifuge_modeling,D2,土工离心模型,Geotechnical centrifuge modeling involving concrete structures,"""concrete lining"" AND centrifuge","Extruded reiforced concrete lining method with superior watertightness : Kiritani, Y Proc International Congress on Tunnels and Water, Madrid, 15–18 June 1988 V1, P481–487. Publ Rotterdam: A A Balkema, 1988",unclear,1990,International Journal of Rock Mechanics and Mining Sciences & Geomechanics Abstracts,10.1016/0148-9062(90)91494-r,https://api.elsevier.com/content/article/pii/014890629091494R,ScienceDirect,unclear,unclear,014890629091494R,tunnel lining / pile foundation concrete structure,Method inferred from ScienceDirect title/abstract,Condition present in query/title but not quantitatively stated in available metadata,ScienceDirect direct metadata did not provide enough abstract detail.,"It uses a centrifuge to scale gravity stress fields around concrete infrastructure, so it is useful as a parallel modeling reference but not direct material research.","Medium: useful for structural-geotechnical similitude and loading references, but less useful for concrete material design.","abstract unavailable or too short in API metadata; this is a parallel geotechnical modeling field, not direct hypergravity concrete material research.",2,3,3,3,2.6,excluded_or_low_relevance,"Studies geotechnical models involving concrete structures; use as parallel field reference, not as hypergravity concrete material evidence."
geotechnical_centrifuge_modeling,D2,土工离心模型,Geotechnical centrifuge modeling involving concrete structures,"""shield tunnel"" AND centrifuge",Face stability of shallow shield tunnels in inclined sand-clay strata: effects of dip angle and interface elevation,Xuancong Li,2026,Tunnelling and Underground Space Technology,10.1016/j.tust.2026.107651,https://api.elsevier.com/content/article/pii/S0886779826002099,ScienceDirect,unclear,unclear,S0886779826002099,tunnel lining / pile foundation concrete structure,Method inferred from ScienceDirect title/abstract,Condition present in query/title but not quantitatively stated in available metadata,ScienceDirect direct metadata did not provide enough abstract detail.,"It uses a centrifuge to scale gravity stress fields around concrete infrastructure, so it is useful as a parallel modeling reference but not direct material research.","Medium: useful for structural-geotechnical similitude and loading references, but less useful for concrete material design.","abstract unavailable or too short in API metadata; this is a parallel geotechnical modeling field, not direct hypergravity concrete material research.",2,3,3,3,2.6,excluded_or_low_relevance,"Studies geotechnical models involving concrete structures; use as parallel field reference, not as hypergravity concrete material evidence."
geotechnical_centrifuge_modeling,D2,土工离心模型,Geotechnical centrifuge modeling involving concrete structures,"""concrete lining"" AND centrifuge",Failure mechanism of rock tunnels subjected to combined reversed fault dislocation and subsequent seismic excitation,Dong-Mei Zhang,2025,Computers and Geotechnics,10.1016/j.compgeo.2025.107485,https://api.elsevier.com/content/article/pii/S0266352X25004343,ScienceDirect,unclear,unclear,S0266352X25004343,Concrete/cementitious material or calcium-rich object inferred from title/abstract,Method inferred from ScienceDirect title/abstract,Condition present in query/title but not quantitatively stated in available metadata,ScienceDirect direct metadata did not provide enough abstract detail.,"It uses a centrifuge to scale gravity stress fields around concrete infrastructure, so it is useful as a parallel modeling reference but not direct material research.","Medium: useful for structural-geotechnical similitude and loading references, but less useful for concrete material design.","abstract unavailable or too short in API metadata; this is a parallel geotechnical modeling field, not direct hypergravity concrete material research.",2,3,3,3,2.6,excluded_or_low_relevance,"Studies geotechnical models involving concrete structures; use as parallel field reference, not as hypergravity concrete material evidence."
geotechnical_centrifuge_modeling,D2,土工离心模型,Geotechnical centrifuge modeling involving concrete structures,"""geotechnical centrifuge modeling"" concrete",Failure mechanisms and characteristics of high-filled embankments with different types of basal reinforcement,Boyang Xia,2025,Transportation Geotechnics,10.1016/j.trgeo.2025.101528,https://api.elsevier.com/content/article/pii/S2214391225000479,ScienceDirect,unclear,unclear,S2214391225000479,cementitious or calcium-rich carbonation material,Method inferred from ScienceDirect title/abstract,Condition present in query/title but not quantitatively stated in available metadata,ScienceDirect direct metadata did not provide enough abstract detail.,"It uses a centrifuge to scale gravity stress fields around concrete infrastructure, so it is useful as a parallel modeling reference but not direct material research.","Medium: useful for structural-geotechnical similitude and loading references, but less useful for concrete material design.","abstract unavailable or too short in API metadata; this is a parallel geotechnical modeling field, not direct hypergravity concrete material research.",2,3,3,3,2.6,excluded_or_low_relevance,"Studies geotechnical models involving concrete structures; use as parallel field reference, not as hypergravity concrete material evidence."
geotechnical_centrifuge_modeling,D2,土工离心模型,Geotechnical centrifuge modeling involving concrete structures,"""geotechnical centrifuge test"" concrete",Fly-by-Pi: Open source closed-loop control for geotechnical centrifuge testing applications,André Broekman,2020,HardwareX,10.1016/j.ohx.2020.e00151,https://api.elsevier.com/content/article/pii/S2468067220300602,ScienceDirect,unclear,unclear,S2468067220300602,Concrete/cementitious material or calcium-rich object inferred from title/abstract,Geotechnical centrifuge model test,Condition present in query/title but not quantitatively stated in available metadata,ScienceDirect direct metadata did not provide enough abstract detail.,"It uses a centrifuge to scale gravity stress fields around concrete infrastructure, so it is useful as a parallel modeling reference but not direct material research.","Medium: useful for structural-geotechnical similitude and loading references, but less useful for concrete material design.","abstract unavailable or too short in API metadata; this is a parallel geotechnical modeling field, not direct hypergravity concrete material research.",2,3,3,3,2.6,excluded_or_low_relevance,"Studies geotechnical models involving concrete structures; use as parallel field reference, not as hypergravity concrete material evidence."
geotechnical_centrifuge_modeling,D2,土工离心模型,Geotechnical centrifuge modeling involving concrete structures,"""soil-structure interaction"" AND centrifuge AND concrete","Fragility curves for existing reinforced concrete buildings, including soil–structure interaction and site amplification effects",Dimitris Pitilakis,2022,Engineering Structures,10.1016/j.engstruct.2022.114733,https://api.elsevier.com/content/article/pii/S0141029622008227,ScienceDirect,unclear,unclear,S0141029622008227,Concrete/cementitious material or calcium-rich object inferred from title/abstract,Method inferred from ScienceDirect title/abstract,Condition present in query/title but not quantitatively stated in available metadata,ScienceDirect direct metadata did not provide enough abstract detail.,"It uses a centrifuge to scale gravity stress fields around concrete infrastructure, so it is useful as a parallel modeling reference but not direct material research.","Medium: useful for structural-geotechnical similitude and loading references, but less useful for concrete material design.","abstract unavailable or too short in API metadata; this is a parallel geotechnical modeling field, not direct hypergravity concrete material research.",2,3,3,3,2.6,excluded_or_low_relevance,"Studies geotechnical models involving concrete structures; use as parallel field reference, not as hypergravity concrete material evidence."
geotechnical_centrifuge_modeling,D2,土工离心模型,Geotechnical centrifuge modeling involving concrete structures,"""geotechnical centrifuge modeling"" concrete",From black box to physical insight: An explainable machine learning framework for dam break forecasting validated by numerical and physical tests,Meiman Zhang,2026,Engineering Geology,10.1016/j.enggeo.2026.108683,https://api.elsevier.com/content/article/pii/S0013795226001420,ScienceDirect,unclear,unclear,S0013795226001420,Concrete/cementitious material or calcium-rich object inferred from title/abstract,Method inferred from ScienceDirect title/abstract,Condition present in query/title but not quantitatively stated in available metadata,ScienceDirect direct metadata did not provide enough abstract detail.,"It uses a centrifuge to scale gravity stress fields around concrete infrastructure, so it is useful as a parallel modeling reference but not direct material research.","Medium: useful for structural-geotechnical similitude and loading references, but less useful for concrete material design.","abstract unavailable or too short in API metadata; this is a parallel geotechnical modeling field, not direct hypergravity concrete material research.",2,3,3,3,2.6,excluded_or_low_relevance,"Studies geotechnical models involving concrete structures; use as parallel field reference, not as hypergravity concrete material evidence."
geotechnical_centrifuge_modeling,D2,土工离心模型,Geotechnical centrifuge modeling involving concrete structures,"""geotechnical centrifuge test"" concrete",Ground collapse: effect of building position on tunnelling-induced soil movements,Chuanjin Tang,2025,Geohazard Mechanics,10.1016/j.ghm.2025.08.001,https://api.elsevier.com/content/article/pii/S2949741825000366,ScienceDirect,unclear,unclear,S2949741825000366,Concrete/cementitious material or calcium-rich object inferred from title/abstract,Method inferred from ScienceDirect title/abstract,Condition present in query/title but not quantitatively stated in available metadata,ScienceDirect direct metadata did not provide enough abstract detail.,"It uses a centrifuge to scale gravity stress fields around concrete infrastructure, so it is useful as a parallel modeling reference but not direct material research.","Medium: useful for structural-geotechnical similitude and loading references, but less useful for concrete material design.","abstract unavailable or too short in API metadata; this is a parallel geotechnical modeling field, not direct hypergravity concrete material research.",2,3,3,3,2.6,excluded_or_low_relevance,"Studies geotechnical models involving concrete structures; use as parallel field reference, not as hypergravity concrete material evidence."
geotechnical_centrifuge_modeling,D2,土工离心模型,Geotechnical centrifuge modeling involving concrete structures,"""shield tunnel"" AND centrifuge",Ground settlement induced by piggyback shield tunnelling in spatially variable soils: 3D random finite-element modelling,Yao Hu,2025,Journal of Rock Mechanics and Geotechnical Engineering,10.1016/j.jrmge.2025.12.019,https://api.elsevier.com/content/article/pii/S1674775525006171,ScienceDirect,unclear,unclear,S1674775525006171,tunnel lining / pile foundation concrete structure,Method inferred from ScienceDirect title/abstract,Condition present in query/title but not quantitatively stated in available metadata,ScienceDirect direct metadata did not provide enough abstract detail.,"It uses a centrifuge to scale gravity stress fields around concrete infrastructure, so it is useful as a parallel modeling reference but not direct material research.","Medium: useful for structural-geotechnical similitude and loading references, but less useful for concrete material design.","abstract unavailable or too short in API metadata; this is a parallel geotechnical modeling field, not direct hypergravity concrete material research.",2,3,3,3,2.6,excluded_or_low_relevance,"Studies geotechnical models involving concrete structures; use as parallel field reference, not as hypergravity concrete material evidence."
geotechnical_centrifuge_modeling,D2,土工离心模型,Geotechnical centrifuge modeling involving concrete structures,"""cross passage"" AND centrifuge",Heat transfer analysis of thawing behavior in artificially frozen subway cross passage under seepage conditions,Yunxi Han,2026,Tunnelling and Underground Space Technology,10.1016/j.tust.2026.107594,https://api.elsevier.com/content/article/pii/S0886779826001525,ScienceDirect,unclear,unclear,S0886779826001525,tunnel lining / pile foundation concrete structure,Method inferred from ScienceDirect title/abstract,Condition present in query/title but not quantitatively stated in available metadata,ScienceDirect direct metadata did not provide enough abstract detail.,"It uses a centrifuge to scale gravity stress fields around concrete infrastructure, so it is useful as a parallel modeling reference but not direct material research.","Medium: useful for structural-geotechnical similitude and loading references, but less useful for concrete material design.","abstract unavailable or too short in API metadata; this is a parallel geotechnical modeling field, not direct hypergravity concrete material research.",2,3,3,3,2.6,excluded_or_low_relevance,"Studies geotechnical models involving concrete structures; use as parallel field reference, not as hypergravity concrete material evidence."
geotechnical_centrifuge_modeling,D2,土工离心模型,Geotechnical centrifuge modeling involving concrete structures,"""geotechnical centrifuge modeling"" concrete",Horizontal bearing capacity of composite bucket foundation in clay: A case study,Kai-fang Fan,2022,Engineering Failure Analysis,10.1016/j.engfailanal.2022.106572,https://api.elsevier.com/content/article/pii/S1350630722005465,ScienceDirect,unclear,unclear,S1350630722005465,Concrete/cementitious material or calcium-rich object inferred from title/abstract,Method inferred from ScienceDirect title/abstract,Condition present in query/title but not quantitatively stated in available metadata,ScienceDirect direct metadata did not provide enough abstract detail.,"It uses a centrifuge to scale gravity stress fields around concrete infrastructure, so it is useful as a parallel modeling reference but not direct material research.","Medium: useful for structural-geotechnical similitude and loading references, but less useful for concrete material design.","abstract unavailable or too short in API metadata; this is a parallel geotechnical modeling field, not direct hypergravity concrete material research.",2,3,3,3,2.6,excluded_or_low_relevance,"Studies geotechnical models involving concrete structures; use as parallel field reference, not as hypergravity concrete material evidence."
geotechnical_centrifuge_modeling,D2,土工离心模型,Geotechnical centrifuge modeling involving concrete structures,"""shield tunnel"" AND centrifuge",Incomplete soil arching effect and responses of existing tunnels induced by undercrossing super-large-diameter shield tunneling in soft strata,Yuyang Cao,2026,Underground Space,10.1016/j.undsp.2025.04.013,https://api.elsevier.com/content/article/pii/S246796742600022X,ScienceDirect,unclear,unclear,S246796742600022X,tunnel lining / pile foundation concrete structure,Method inferred from ScienceDirect title/abstract,Condition present in query/title but not quantitatively stated in available metadata,ScienceDirect direct metadata did not provide enough abstract detail.,"It uses a centrifuge to scale gravity stress fields around concrete infrastructure, so it is useful as a parallel modeling reference but not direct material research.","Medium: useful for structural-geotechnical similitude and loading references, but less useful for concrete material design.","abstract unavailable or too short in API metadata; this is a parallel geotechnical modeling field, not direct hypergravity concrete material research.",2,3,3,3,2.6,excluded_or_low_relevance,"Studies geotechnical models involving concrete structures; use as parallel field reference, not as hypergravity concrete material evidence."
geotechnical_centrifuge_modeling,D2,土工离心模型,Geotechnical centrifuge modeling involving concrete structures,"""geotechnical centrifuge test"" concrete",Influence of erosion voids and traffic loads on buried large-diameter reinforced concrete pipes,Ming Xu,2024,Underground Space,10.1016/j.undsp.2023.11.005,https://api.elsevier.com/content/article/pii/S2467967424000023,ScienceDirect,unclear,unclear,S2467967424000023,Concrete/cementitious material or calcium-rich object inferred from title/abstract,Method inferred from ScienceDirect title/abstract,Condition present in query/title but not quantitatively stated in available metadata,ScienceDirect direct metadata did not provide enough abstract detail.,"It uses a centrifuge to scale gravity stress fields around concrete infrastructure, so it is useful as a parallel modeling reference but not direct material research.","Medium: useful for structural-geotechnical similitude and loading references, but less useful for concrete material design.","abstract unavailable or too short in API metadata; this is a parallel geotechnical modeling field, not direct hypergravity concrete material research.",2,3,3,3,2.6,excluded_or_low_relevance,"Studies geotechnical models involving concrete structures; use as parallel field reference, not as hypergravity concrete material evidence."
geotechnical_centrifuge_modeling,D2,土工离心模型,Geotechnical centrifuge modeling involving concrete structures,"""geotechnical centrifuge test"" concrete",Influence of ground-motion duration on seismic performance of shallow-founded buildings in liquefiable soils: An effective stress analysis approach,Chih-Wei Lu,2024,Soil Dynamics and Earthquake Engineering,10.1016/j.soildyn.2024.108629,https://api.elsevier.com/content/article/pii/S0267726124001817,ScienceDirect,unclear,unclear,S0267726124001817,Concrete/cementitious material or calcium-rich object inferred from title/abstract,Method inferred from ScienceDirect title/abstract,Condition present in query/title but not quantitatively stated in available metadata,ScienceDirect direct metadata did not provide enough abstract detail.,"It uses a centrifuge to scale gravity stress fields around concrete infrastructure, so it is useful as a parallel modeling reference but not direct material research.","Medium: useful for structural-geotechnical similitude and loading references, but less useful for concrete material design.","abstract unavailable or too short in API metadata; this is a parallel geotechnical modeling field, not direct hypergravity concrete material research.",2,3,3,3,2.6,excluded_or_low_relevance,"Studies geotechnical models involving concrete structures; use as parallel field reference, not as hypergravity concrete material evidence."
geotechnical_centrifuge_modeling,D2,土工离心模型,Geotechnical centrifuge modeling involving concrete structures,"""centrifuge model test"" concrete",Initiation process of tension cracks in soil embankment on liquefied sandy ground investigated from centrifuge model test,Yomi Harada,2022,Soil Dynamics and Earthquake Engineering,10.1016/j.soildyn.2022.107444,https://api.elsevier.com/content/article/pii/S0267726122002937,ScienceDirect,unclear,unclear,S0267726122002937,Concrete/cementitious material or calcium-rich object inferred from title/abstract,Geotechnical centrifuge model test,Condition present in query/title but not quantitatively stated in available metadata,ScienceDirect direct metadata did not provide enough abstract detail.,"It uses a centrifuge to scale gravity stress fields around concrete infrastructure, so it is useful as a parallel modeling reference but not direct material research.","Medium: useful for structural-geotechnical similitude and loading references, but less useful for concrete material design.","abstract unavailable or too short in API metadata; this is a parallel geotechnical modeling field, not direct hypergravity concrete material research.",2,3,3,3,2.6,excluded_or_low_relevance,"Studies geotechnical models involving concrete structures; use as parallel field reference, not as hypergravity concrete material evidence."
geotechnical_centrifuge_modeling,D2,土工离心模型,Geotechnical centrifuge modeling involving concrete structures,"""pile foundation"" AND centrifuge AND concrete",Insights into the mechanisms and seismic performance of reinforced concrete buildings on a pile foundation in liquefiable deposits,Faramarz Ranjbar,2026,Structures,10.1016/j.istruc.2026.111557,https://api.elsevier.com/content/article/pii/S2352012426005060,ScienceDirect,unclear,unclear,S2352012426005060,tunnel lining / pile foundation concrete structure,Method inferred from ScienceDirect title/abstract,Condition present in query/title but not quantitatively stated in available metadata,ScienceDirect direct metadata did not provide enough abstract detail.,"It uses a centrifuge to scale gravity stress fields around concrete infrastructure, so it is useful as a parallel modeling reference but not direct material research.","Medium: useful for structural-geotechnical similitude and loading references, but less useful for concrete material design.","abstract unavailable or too short in API metadata; this is a parallel geotechnical modeling field, not direct hypergravity concrete material research.",2,3,3,3,2.6,excluded_or_low_relevance,"Studies geotechnical models involving concrete structures; use as parallel field reference, not as hypergravity concrete material evidence."
geotechnical_centrifuge_modeling,D2,土工离心模型,Geotechnical centrifuge modeling involving concrete structures,"""cross passage"" AND centrifuge",Instability mechanism and reinforcement measures for segments of Ultra-Large diameter shield tunnels when constructing cross passages by mechanical methods,Zhenji Zheng,2024,Tunnelling and Underground Space Technology,10.1016/j.tust.2024.106125,https://api.elsevier.com/content/article/pii/S0886779824005431,ScienceDirect,unclear,unclear,S0886779824005431,tunnel lining / pile foundation concrete structure,Method inferred from ScienceDirect title/abstract,Condition present in query/title but not quantitatively stated in available metadata,ScienceDirect direct metadata did not provide enough abstract detail.,"It uses a centrifuge to scale gravity stress fields around concrete infrastructure, so it is useful as a parallel modeling reference but not direct material research.","Medium: useful for structural-geotechnical similitude and loading references, but less useful for concrete material design.","abstract unavailable or too short in API metadata; this is a parallel geotechnical modeling field, not direct hypergravity concrete material research.",2,3,3,3,2.6,excluded_or_low_relevance,"Studies geotechnical models involving concrete structures; use as parallel field reference, not as hypergravity concrete material evidence."
geotechnical_centrifuge_modeling,D2,土工离心模型,Geotechnical centrifuge modeling involving concrete structures,"""soil-structure interaction"" AND centrifuge AND concrete",Integrating soil-structure interaction and intelligent critical speed control for monorail networks: Design charts for enhancing the sustainability of autonomous trains,Mohammad Shamsi,2026,Results in Engineering,10.1016/j.rineng.2026.109950,https://api.elsevier.com/content/article/pii/S2590123026009874,ScienceDirect,unclear,unclear,S2590123026009874,Concrete/cementitious material or calcium-rich object inferred from title/abstract,Method inferred from ScienceDirect title/abstract,Condition present in query/title but not quantitatively stated in available metadata,ScienceDirect direct metadata did not provide enough abstract detail.,"It uses a centrifuge to scale gravity stress fields around concrete infrastructure, so it is useful as a parallel modeling reference but not direct material research.","Medium: useful for structural-geotechnical similitude and loading references, but less useful for concrete material design.","abstract unavailable or too short in API metadata; this is a parallel geotechnical modeling field, not direct hypergravity concrete material research.",2,3,3,3,2.6,excluded_or_low_relevance,"Studies geotechnical models involving concrete structures; use as parallel field reference, not as hypergravity concrete material evidence."
geotechnical_centrifuge_modeling,D2,土工离心模型,Geotechnical centrifuge modeling involving concrete structures,"""cross passage"" AND centrifuge",Investigation and simulation analysis of ground collapse accident caused by shield tunnelling: The Foshan Metro Line 3 case,Qinglun He,2024,Engineering Failure Analysis,10.1016/j.engfailanal.2024.108901,https://api.elsevier.com/content/article/pii/S1350630724009476,ScienceDirect,unclear,unclear,S1350630724009476,tunnel lining / pile foundation concrete structure,Method inferred from ScienceDirect title/abstract,Condition present in query/title but not quantitatively stated in available metadata,ScienceDirect direct metadata did not provide enough abstract detail.,"It uses a centrifuge to scale gravity stress fields around concrete infrastructure, so it is useful as a parallel modeling reference but not direct material research.","Medium: useful for structural-geotechnical similitude and loading references, but less useful for concrete material design.","abstract unavailable or too short in API metadata; this is a parallel geotechnical modeling field, not direct hypergravity concrete material research.",2,3,3,3,2.6,excluded_or_low_relevance,"Studies geotechnical models involving concrete structures; use as parallel field reference, not as hypergravity concrete material evidence."
geotechnical_centrifuge_modeling,D2,土工离心模型,Geotechnical centrifuge modeling involving concrete structures,"""centrifuge model test"" concrete",Investigation of Failure Behaviour of Soil Nailed Excavations under Surcharge by Centrifuge Model Test,S. Mohammad Shoari Shoar,2023,KSCE Journal of Civil Engineering,10.1007/s12205-022-1161-7,https://api.elsevier.com/content/article/pii/S1226798824013138,ScienceDirect,unclear,unclear,S1226798824013138,Concrete/cementitious material or calcium-rich object inferred from title/abstract,Geotechnical centrifuge model test,Condition present in query/title but not quantitatively stated in available metadata,ScienceDirect direct metadata did not provide enough abstract detail.,"It uses a centrifuge to scale gravity stress fields around concrete infrastructure, so it is useful as a parallel modeling reference but not direct material research.","Medium: useful for structural-geotechnical similitude and loading references, but less useful for concrete material design.","abstract unavailable or too short in API metadata; this is a parallel geotechnical modeling field, not direct hypergravity concrete material research.",2,3,3,3,2.6,excluded_or_low_relevance,"Studies geotechnical models involving concrete structures; use as parallel field reference, not as hypergravity concrete material evidence."
geotechnical_centrifuge_modeling,D2,土工离心模型,Geotechnical centrifuge modeling involving concrete structures,"""geotechnical centrifuge test"" concrete",Investigation of mechanical properties of corroded concrete pipes after cured-in-place-pipe (CIPP) rehabilitation under multi-field coupling,Kangjian Yang,2022,Tunnelling and Underground Space Technology,10.1016/j.tust.2022.104656,https://api.elsevier.com/content/article/pii/S0886779822002966,ScienceDirect,unclear,unclear,S0886779822002966,Concrete/cementitious material or calcium-rich object inferred from title/abstract,Method inferred from ScienceDirect title/abstract,Condition present in query/title but not quantitatively stated in available metadata,ScienceDirect direct metadata did not provide enough abstract detail.,"It uses a centrifuge to scale gravity stress fields around concrete infrastructure, so it is useful as a parallel modeling reference but not direct material research.","Medium: useful for structural-geotechnical similitude and loading references, but less useful for concrete material design.","abstract unavailable or too short in API metadata; this is a parallel geotechnical modeling field, not direct hypergravity concrete material research.",2,3,3,3,2.6,excluded_or_low_relevance,"Studies geotechnical models involving concrete structures; use as parallel field reference, not as hypergravity concrete material evidence."
geotechnical_centrifuge_modeling,D2,土工离心模型,Geotechnical centrifuge modeling involving concrete structures,"""cross passage"" AND centrifuge",Isolation of small nuclear ribonucleoprotein polypeptides,Sallie O. Hoch,1990,Methods in Enzymology,10.1016/0076-6879(90)81126-f,https://api.elsevier.com/content/article/pii/007668799081126F,ScienceDirect,unclear,unclear,007668799081126F,Concrete/cementitious material or calcium-rich object inferred from title/abstract,Method inferred from ScienceDirect title/abstract,Condition present in query/title but not quantitatively stated in available metadata,ScienceDirect direct metadata did not provide enough abstract detail.,"It uses a centrifuge to scale gravity stress fields around concrete infrastructure, so it is useful as a parallel modeling reference but not direct material research.","Medium: useful for structural-geotechnical similitude and loading references, but less useful for concrete material design.","abstract unavailable or too short in API metadata; this is a parallel geotechnical modeling field, not direct hypergravity concrete material research.",2,3,3,3,2.6,excluded_or_low_relevance,"Studies geotechnical models involving concrete structures; use as parallel field reference, not as hypergravity concrete material evidence."
geotechnical_centrifuge_modeling,D2,土工离心模型,Geotechnical centrifuge modeling involving concrete structures,"""pile foundation"" AND centrifuge AND concrete",Lateral behavior of high-speed railway bridge pile foundation in soft soils under adjacent surcharge loads considering time-dependent characteristics,Shuanglong Li,2025,Alexandria Engineering Journal,10.1016/j.aej.2024.10.044,https://api.elsevier.com/content/article/pii/S1110016824012006,ScienceDirect,unclear,unclear,S1110016824012006,tunnel lining / pile foundation concrete structure,Method inferred from ScienceDirect title/abstract,Condition present in query/title but not quantitatively stated in available metadata,ScienceDirect direct metadata did not provide enough abstract detail.,"It uses a centrifuge to scale gravity stress fields around concrete infrastructure, so it is useful as a parallel modeling reference but not direct material research.","Medium: useful for structural-geotechnical similitude and loading references, but less useful for concrete material design.","abstract unavailable or too short in API metadata; this is a parallel geotechnical modeling field, not direct hypergravity concrete material research.",2,3,3,3,2.6,excluded_or_low_relevance,"Studies geotechnical models involving concrete structures; use as parallel field reference, not as hypergravity concrete material evidence."
geotechnical_centrifuge_modeling,D2,土工离心模型,Geotechnical centrifuge modeling involving concrete structures,"""geotechnical centrifuge test"" concrete",Long-term mechanical performance of geothermal diaphragm walls in stiff clay,Quanwei Dai,2019,Tunnelling and Underground Space Technology,10.1016/j.tust.2019.103113,https://api.elsevier.com/content/article/pii/S0886779819304663,ScienceDirect,unclear,unclear,S0886779819304663,Concrete/cementitious material or calcium-rich object inferred from title/abstract,Method inferred from ScienceDirect title/abstract,Condition present in query/title but not quantitatively stated in available metadata,ScienceDirect direct metadata did not provide enough abstract detail.,"It uses a centrifuge to scale gravity stress fields around concrete infrastructure, so it is useful as a parallel modeling reference but not direct material research.","Medium: useful for structural-geotechnical similitude and loading references, but less useful for concrete material design.","abstract unavailable or too short in API metadata; this is a parallel geotechnical modeling field, not direct hypergravity concrete material research.",2,3,3,3,2.6,excluded_or_low_relevance,"Studies geotechnical models involving concrete structures; use as parallel field reference, not as hypergravity concrete material evidence."
geotechnical_centrifuge_modeling,D2,土工离心模型,Geotechnical centrifuge modeling involving concrete structures,"""shield tunnel"" AND centrifuge",Longitudinal seismic response characteristics of shield tunnel structures in liquefiable soils,Yiyao Shen,2025,Soil Dynamics and Earthquake Engineering,10.1016/j.soildyn.2025.109674,https://api.elsevier.com/content/article/pii/S0267726125004671,ScienceDirect,unclear,unclear,S0267726125004671,tunnel lining / pile foundation concrete structure,Method inferred from ScienceDirect title/abstract,Condition present in query/title but not quantitatively stated in available metadata,ScienceDirect direct metadata did not provide enough abstract detail.,"It uses a centrifuge to scale gravity stress fields around concrete infrastructure, so it is useful as a parallel modeling reference but not direct material research.","Medium: useful for structural-geotechnical similitude and loading references, but less useful for concrete material design.","abstract unavailable or too short in API metadata; this is a parallel geotechnical modeling field, not direct hypergravity concrete material research.",2,3,3,3,2.6,excluded_or_low_relevance,"Studies geotechnical models involving concrete structures; use as parallel field reference, not as hypergravity concrete material evidence."
geotechnical_centrifuge_modeling,D2,土工离心模型,Geotechnical centrifuge modeling involving concrete structures,"""shield tunnel"" AND centrifuge",Longitudinal seismic response of non-circular shield tunnels passing through soft-hard stratum,Lei Liu,2025,Soil Dynamics and Earthquake Engineering,10.1016/j.soildyn.2025.109640,https://api.elsevier.com/content/article/pii/S0267726125004336,ScienceDirect,unclear,unclear,S0267726125004336,tunnel lining / pile foundation concrete structure,Method inferred from ScienceDirect title/abstract,Condition present in query/title but not quantitatively stated in available metadata,ScienceDirect direct metadata did not provide enough abstract detail.,"It uses a centrifuge to scale gravity stress fields around concrete infrastructure, so it is useful as a parallel modeling reference but not direct material research.","Medium: useful for structural-geotechnical similitude and loading references, but less useful for concrete material design.","abstract unavailable or too short in API metadata; this is a parallel geotechnical modeling field, not direct hypergravity concrete material research.",2,3,3,3,2.6,excluded_or_low_relevance,"Studies geotechnical models involving concrete structures; use as parallel field reference, not as hypergravity concrete material evidence."
geotechnical_centrifuge_modeling,D2,土工离心模型,Geotechnical centrifuge modeling involving concrete structures,"""geotechnical centrifuge modeling"" concrete",Mechanical response of pile group and stratum induced by shallow tunneling based on the model test,Caixia Guo,2025,Tunnelling and Underground Space Technology,10.1016/j.tust.2025.106480,https://api.elsevier.com/content/article/pii/S088677982500118X,ScienceDirect,unclear,unclear,S088677982500118X,Concrete/cementitious material or calcium-rich object inferred from title/abstract,Method inferred from ScienceDirect title/abstract,Condition present in query/title but not quantitatively stated in available metadata,ScienceDirect direct metadata did not provide enough abstract detail.,"It uses a centrifuge to scale gravity stress fields around concrete infrastructure, so it is useful as a parallel modeling reference but not direct material research.","Medium: useful for structural-geotechnical similitude and loading references, but less useful for concrete material design.","abstract unavailable or too short in API metadata; this is a parallel geotechnical modeling field, not direct hypergravity concrete material research.",2,3,3,3,2.6,excluded_or_low_relevance,"Studies geotechnical models involving concrete structures; use as parallel field reference, not as hypergravity concrete material evidence."
geotechnical_centrifuge_modeling,D2,土工离心模型,Geotechnical centrifuge modeling involving concrete structures,"""centrifuge model test"" concrete",Mini time domain reflectometry probe for monitoring local soil moisture of cut-off walls in centrifuge model tests,Honghan Dong,2024,Transportation Geotechnics,10.1016/j.trgeo.2024.101278,https://api.elsevier.com/content/article/pii/S2214391224000990,ScienceDirect,unclear,unclear,S2214391224000990,Concrete/cementitious material or calcium-rich object inferred from title/abstract,Geotechnical centrifuge model test,Condition present in query/title but not quantitatively stated in available metadata,ScienceDirect direct metadata did not provide enough abstract detail.,"It uses a centrifuge to scale gravity stress fields around concrete infrastructure, so it is useful as a parallel modeling reference but not direct material research.","Medium: useful for structural-geotechnical similitude and loading references, but less useful for concrete material design.","abstract unavailable or too short in API metadata; this is a parallel geotechnical modeling field, not direct hypergravity concrete material research.",2,3,3,3,2.6,excluded_or_low_relevance,"Studies geotechnical models involving concrete structures; use as parallel field reference, not as hypergravity concrete material evidence."
geotechnical_centrifuge_modeling,D2,土工离心模型,Geotechnical centrifuge modeling involving concrete structures,"""geotechnical centrifuge test"" concrete",Modelling of soil–structure interaction for a piled bridge abutment in plane strain FEM analyses,E. A. Ellis,2001,Computers and Geotechnics,10.1016/s0266-352x(00)00025-2,https://api.elsevier.com/content/article/pii/S0266352X00000252,ScienceDirect,unclear,unclear,S0266352X00000252,Concrete/cementitious material or calcium-rich object inferred from title/abstract,Method inferred from ScienceDirect title/abstract,Condition present in query/title but not quantitatively stated in available metadata,ScienceDirect direct metadata did not provide enough abstract detail.,"It uses a centrifuge to scale gravity stress fields around concrete infrastructure, so it is useful as a parallel modeling reference but not direct material research.","Medium: useful for structural-geotechnical similitude and loading references, but less useful for concrete material design.","abstract unavailable or too short in API metadata; this is a parallel geotechnical modeling field, not direct hypergravity concrete material research.",2,3,3,3,2.6,excluded_or_low_relevance,"Studies geotechnical models involving concrete structures; use as parallel field reference, not as hypergravity concrete material evidence."
geotechnical_centrifuge_modeling,D2,土工离心模型,Geotechnical centrifuge modeling involving concrete structures,"""soil-structure interaction"" AND centrifuge AND concrete",Nonlinear seismic response of underground structures using domain reduction method and considering soil structure interaction,Abdel-Rahman Hazem,2025,Structures,10.1016/j.istruc.2025.108236,https://api.elsevier.com/content/article/pii/S2352012425000505,ScienceDirect,unclear,unclear,S2352012425000505,Concrete/cementitious material or calcium-rich object inferred from title/abstract,Method inferred from ScienceDirect title/abstract,Condition present in query/title but not quantitatively stated in available metadata,ScienceDirect direct metadata did not provide enough abstract detail.,"It uses a centrifuge to scale gravity stress fields around concrete infrastructure, so it is useful as a parallel modeling reference but not direct material research.","Medium: useful for structural-geotechnical similitude and loading references, but less useful for concrete material design.","abstract unavailable or too short in API metadata; this is a parallel geotechnical modeling field, not direct hypergravity concrete material research.",2,3,3,3,2.6,excluded_or_low_relevance,"Studies geotechnical models involving concrete structures; use as parallel field reference, not as hypergravity concrete material evidence."
geotechnical_centrifuge_modeling,D2,土工离心模型,Geotechnical centrifuge modeling involving concrete structures,"""soil-structure interaction"" AND centrifuge AND concrete",Nonlinear soil-structure interaction in geotechnical seismic isolation: A two-stage DEM-Preisach formalism framework,F. Maksimov,2026,Computers & Structures,10.1016/j.compstruc.2026.108159,https://api.elsevier.com/content/article/pii/S0045794926000635,ScienceDirect,unclear,unclear,S0045794926000635,Concrete/cementitious material or calcium-rich object inferred from title/abstract,Method inferred from ScienceDirect title/abstract,Condition present in query/title but not quantitatively stated in available metadata,ScienceDirect direct metadata did not provide enough abstract detail.,"It uses a centrifuge to scale gravity stress fields around concrete infrastructure, so it is useful as a parallel modeling reference but not direct material research.","Medium: useful for structural-geotechnical similitude and loading references, but less useful for concrete material design.","abstract unavailable or too short in API metadata; this is a parallel geotechnical modeling field, not direct hypergravity concrete material research.",2,3,3,3,2.6,excluded_or_low_relevance,"Studies geotechnical models involving concrete structures; use as parallel field reference, not as hypergravity concrete material evidence."
geotechnical_centrifuge_modeling,D2,土工离心模型,Geotechnical centrifuge modeling involving concrete structures,"""geotechnical centrifuge modeling"" concrete",On seismic response of stiff and flexible retaining structures,Nathaniel Wagner,2016,Soil Dynamics and Earthquake Engineering,10.1016/j.soildyn.2016.09.025,https://api.elsevier.com/content/article/pii/S0267726116302949,ScienceDirect,unclear,unclear,S0267726116302949,Concrete/cementitious material or calcium-rich object inferred from title/abstract,Method inferred from ScienceDirect title/abstract,Condition present in query/title but not quantitatively stated in available metadata,ScienceDirect direct metadata did not provide enough abstract detail.,"It uses a centrifuge to scale gravity stress fields around concrete infrastructure, so it is useful as a parallel modeling reference but not direct material research.","Medium: useful for structural-geotechnical similitude and loading references, but less useful for concrete material design.","abstract unavailable or too short in API metadata; this is a parallel geotechnical modeling field, not direct hypergravity concrete material research.",2,3,3,3,2.6,excluded_or_low_relevance,"Studies geotechnical models involving concrete structures; use as parallel field reference, not as hypergravity concrete material evidence."
geotechnical_centrifuge_modeling,D2,土工离心模型,Geotechnical centrifuge modeling involving concrete structures,"""concrete lining"" AND centrifuge",On the dynamic response of square tunnels in sand,Grigorios Tsinidis,2016,Engineering Structures,10.1016/j.engstruct.2016.07.014,https://api.elsevier.com/content/article/pii/S014102961630342X,ScienceDirect,unclear,unclear,S014102961630342X,Concrete/cementitious material or calcium-rich object inferred from title/abstract,Method inferred from ScienceDirect title/abstract,Condition present in query/title but not quantitatively stated in available metadata,ScienceDirect direct metadata did not provide enough abstract detail.,"It uses a centrifuge to scale gravity stress fields around concrete infrastructure, so it is useful as a parallel modeling reference but not direct material research.","Medium: useful for structural-geotechnical similitude and loading references, but less useful for concrete material design.","abstract unavailable or too short in API metadata; this is a parallel geotechnical modeling field, not direct hypergravity concrete material research.",2,3,3,3,2.6,excluded_or_low_relevance,"Studies geotechnical models involving concrete structures; use as parallel field reference, not as hypergravity concrete material evidence."
geotechnical_centrifuge_modeling,D2,土工离心模型,Geotechnical centrifuge modeling involving concrete structures,"""centrifuge model test"" concrete",Performance evaluation of light-weighted cement-stabilized-clay columns for soft ground improvement using the centrifuge model test,Zhenping Zhao,2023,Transportation Geotechnics,10.1016/j.trgeo.2023.101034,https://api.elsevier.com/content/article/pii/S2214391223001071,ScienceDirect,unclear,unclear,S2214391223001071,cementitious or calcium-rich carbonation material,Geotechnical centrifuge model test,Condition present in query/title but not quantitatively stated in available metadata,ScienceDirect direct metadata did not provide enough abstract detail.,"It uses a centrifuge to scale gravity stress fields around concrete infrastructure, so it is useful as a parallel modeling reference but not direct material research.","Medium: useful for structural-geotechnical similitude and loading references, but less useful for concrete material design.","abstract unavailable or too short in API metadata; this is a parallel geotechnical modeling field, not direct hypergravity concrete material research.",2,3,3,3,2.6,excluded_or_low_relevance,"Studies geotechnical models involving concrete structures; use as parallel field reference, not as hypergravity concrete material evidence."
geotechnical_centrifuge_modeling,D2,土工离心模型,Geotechnical centrifuge modeling involving concrete structures,"""shield tunnel"" AND centrifuge",Performance of seismic isolated shield tunnel with longitudinal seismic motion on non-uniform ground - theory analysis and shaking table test,Jiahui Lu,2026,Soil Dynamics and Earthquake Engineering,10.1016/j.soildyn.2025.109987,https://api.elsevier.com/content/article/pii/S026772612500781X,ScienceDirect,unclear,unclear,S026772612500781X,tunnel lining / pile foundation concrete structure,Method inferred from ScienceDirect title/abstract,Condition present in query/title but not quantitatively stated in available metadata,ScienceDirect direct metadata did not provide enough abstract detail.,"It uses a centrifuge to scale gravity stress fields around concrete infrastructure, so it is useful as a parallel modeling reference but not direct material research.","Medium: useful for structural-geotechnical similitude and loading references, but less useful for concrete material design.","abstract unavailable or too short in API metadata; this is a parallel geotechnical modeling field, not direct hypergravity concrete material research.",2,3,3,3,2.6,excluded_or_low_relevance,"Studies geotechnical models involving concrete structures; use as parallel field reference, not as hypergravity concrete material evidence."
geotechnical_centrifuge_modeling,D2,土工离心模型,Geotechnical centrifuge modeling involving concrete structures,"""concrete lining"" AND centrifuge",Performance-based analysis of Transit tunnels in the Chilean subduction zone,Benjamín Lyon,2022,Soil Dynamics and Earthquake Engineering,10.1016/j.soildyn.2021.107047,https://api.elsevier.com/content/article/pii/S0267726121004693,ScienceDirect,unclear,unclear,S0267726121004693,Concrete/cementitious material or calcium-rich object inferred from title/abstract,Method inferred from ScienceDirect title/abstract,Condition present in query/title but not quantitatively stated in available metadata,ScienceDirect direct metadata did not provide enough abstract detail.,"It uses a centrifuge to scale gravity stress fields around concrete infrastructure, so it is useful as a parallel modeling reference but not direct material research.","Medium: useful for structural-geotechnical similitude and loading references, but less useful for concrete material design.","abstract unavailable or too short in API metadata; this is a parallel geotechnical modeling field, not direct hypergravity concrete material research.",2,3,3,3,2.6,excluded_or_low_relevance,"Studies geotechnical models involving concrete structures; use as parallel field reference, not as hypergravity concrete material evidence."
geotechnical_centrifuge_modeling,D2,土工离心模型,Geotechnical centrifuge modeling involving concrete structures,"""shield tunnel"" AND centrifuge",Physical modelling of face stability and ground settlement in EPB shield tunnelling incorporating dynamic cutterhead–soil interaction,Xuejian Chen,2026,Tunnelling and Underground Space Technology,10.1016/j.tust.2025.107332,https://api.elsevier.com/content/article/pii/S0886779825009708,ScienceDirect,unclear,unclear,S0886779825009708,tunnel lining / pile foundation concrete structure,Method inferred from ScienceDirect title/abstract,Condition present in query/title but not quantitatively stated in available metadata,ScienceDirect direct metadata did not provide enough abstract detail.,"It uses a centrifuge to scale gravity stress fields around concrete infrastructure, so it is useful as a parallel modeling reference but not direct material research.","Medium: useful for structural-geotechnical similitude and loading references, but less useful for concrete material design.","abstract unavailable or too short in API metadata; this is a parallel geotechnical modeling field, not direct hypergravity concrete material research.",2,3,3,3,2.6,excluded_or_low_relevance,"Studies geotechnical models involving concrete structures; use as parallel field reference, not as hypergravity concrete material evidence."
geotechnical_centrifuge_modeling,D2,土工离心模型,Geotechnical centrifuge modeling involving concrete structures,"""geotechnical centrifuge modeling"" concrete",Pressure distribution lawon vertical plate of cellular-counterfort retaining structure,Ningyu Zhao,2022,Alexandria Engineering Journal,10.1016/j.aej.2021.08.076,https://api.elsevier.com/content/article/pii/S1110016821005913,ScienceDirect,unclear,unclear,S1110016821005913,Concrete/cementitious material or calcium-rich object inferred from title/abstract,Method inferred from ScienceDirect title/abstract,Condition present in query/title but not quantitatively stated in available metadata,ScienceDirect direct metadata did not provide enough abstract detail.,"It uses a centrifuge to scale gravity stress fields around concrete infrastructure, so it is useful as a parallel modeling reference but not direct material research.","Medium: useful for structural-geotechnical similitude and loading references, but less useful for concrete material design.","abstract unavailable or too short in API metadata; this is a parallel geotechnical modeling field, not direct hypergravity concrete material research.",2,3,3,3,2.6,excluded_or_low_relevance,"Studies geotechnical models involving concrete structures; use as parallel field reference, not as hypergravity concrete material evidence."
geotechnical_centrifuge_modeling,D2,土工离心模型,Geotechnical centrifuge modeling involving concrete structures,"""geotechnical centrifuge modeling"" concrete",Preventing seismic tunnel flotation in liquefiable soil: a numerical Investigation of a tension pile system,Zhengyao He,2026,Tunnelling and Underground Space Technology,10.1016/j.tust.2026.107561,https://api.elsevier.com/content/article/pii/S0886779826001197,ScienceDirect,unclear,unclear,S0886779826001197,Concrete/cementitious material or calcium-rich object inferred from title/abstract,Method inferred from ScienceDirect title/abstract,Condition present in query/title but not quantitatively stated in available metadata,ScienceDirect direct metadata did not provide enough abstract detail.,"It uses a centrifuge to scale gravity stress fields around concrete infrastructure, so it is useful as a parallel modeling reference but not direct material research.","Medium: useful for structural-geotechnical similitude and loading references, but less useful for concrete material design.","abstract unavailable or too short in API metadata; this is a parallel geotechnical modeling field, not direct hypergravity concrete material research.",2,3,3,3,2.6,excluded_or_low_relevance,"Studies geotechnical models involving concrete structures; use as parallel field reference, not as hypergravity concrete material evidence."
geotechnical_centrifuge_modeling,D2,土工离心模型,Geotechnical centrifuge modeling involving concrete structures,"""concrete lining"" AND centrifuge",Progressive failure mechanisms of geosynthetic-reinforced column-supported embankments over soft soil: Numerical analyses considering the cracks-induced softening,Heng Wang,2024,Engineering Structures,10.1016/j.engstruct.2023.117425,https://api.elsevier.com/content/article/pii/S0141029623018400,ScienceDirect,unclear,unclear,S0141029623018400,Concrete/cementitious material or calcium-rich object inferred from title/abstract,Method inferred from ScienceDirect title/abstract,Condition present in query/title but not quantitatively stated in available metadata,ScienceDirect direct metadata did not provide enough abstract detail.,"It uses a centrifuge to scale gravity stress fields around concrete infrastructure, so it is useful as a parallel modeling reference but not direct material research.","Medium: useful for structural-geotechnical similitude and loading references, but less useful for concrete material design.","abstract unavailable or too short in API metadata; this is a parallel geotechnical modeling field, not direct hypergravity concrete material research.",2,3,3,3,2.6,excluded_or_low_relevance,"Studies geotechnical models involving concrete structures; use as parallel field reference, not as hypergravity concrete material evidence."
geotechnical_centrifuge_modeling,D2,土工离心模型,Geotechnical centrifuge modeling involving concrete structures,"""soil-structure interaction"" AND centrifuge AND concrete",Resilience-based seismic assessment of BRBFs considering soil-structure interaction: A FEMA P-58 approach,S. Javad Vaziri,2026,Structures,10.1016/j.istruc.2026.111868,https://api.elsevier.com/content/article/pii/S2352012426008179,ScienceDirect,unclear,unclear,S2352012426008179,Concrete/cementitious material or calcium-rich object inferred from title/abstract,Method inferred from ScienceDirect title/abstract,Condition present in query/title but not quantitatively stated in available metadata,ScienceDirect direct metadata did not provide enough abstract detail.,"It uses a centrifuge to scale gravity stress fields around concrete infrastructure, so it is useful as a parallel modeling reference but not direct material research.","Medium: useful for structural-geotechnical similitude and loading references, but less useful for concrete material design.","abstract unavailable or too short in API metadata; this is a parallel geotechnical modeling field, not direct hypergravity concrete material research.",2,3,3,3,2.6,excluded_or_low_relevance,"Studies geotechnical models involving concrete structures; use as parallel field reference, not as hypergravity concrete material evidence."
geotechnical_centrifuge_modeling,D2,土工离心模型,Geotechnical centrifuge modeling involving concrete structures,"""pile foundation"" AND centrifuge AND concrete",Role of Pile-Joint-Soil Interaction in Lateral Resistance: Finite Element Exploration of Steel Pipe Sheet Pile Foundations,Junxiong Peng,2025,Computers and Geotechnics,10.1016/j.compgeo.2025.107437,https://api.elsevier.com/content/article/pii/S0266352X25003866,ScienceDirect,unclear,unclear,S0266352X25003866,tunnel lining / pile foundation concrete structure,Method inferred from ScienceDirect title/abstract,Condition present in query/title but not quantitatively stated in available metadata,ScienceDirect direct metadata did not provide enough abstract detail.,"It uses a centrifuge to scale gravity stress fields around concrete infrastructure, so it is useful as a parallel modeling reference but not direct material research.","Medium: useful for structural-geotechnical similitude and loading references, but less useful for concrete material design.","abstract unavailable or too short in API metadata; this is a parallel geotechnical modeling field, not direct hypergravity concrete material research.",2,3,3,3,2.6,excluded_or_low_relevance,"Studies geotechnical models involving concrete structures; use as parallel field reference, not as hypergravity concrete material evidence."
geotechnical_centrifuge_modeling,D2,土工离心模型,Geotechnical centrifuge modeling involving concrete structures,"""cross passage"" AND centrifuge",Seismic behaviour of tunnels: From experiments to analysis,Grigorios Tsinidis,2020,Tunnelling and Underground Space Technology,10.1016/j.tust.2020.103334,https://api.elsevier.com/content/article/pii/S0886779819317456,ScienceDirect,unclear,unclear,S0886779819317456,Concrete/cementitious material or calcium-rich object inferred from title/abstract,Method inferred from ScienceDirect title/abstract,Condition present in query/title but not quantitatively stated in available metadata,ScienceDirect direct metadata did not provide enough abstract detail.,"It uses a centrifuge to scale gravity stress fields around concrete infrastructure, so it is useful as a parallel modeling reference but not direct material research.","Medium: useful for structural-geotechnical similitude and loading references, but less useful for concrete material design.","abstract unavailable or too short in API metadata; this is a parallel geotechnical modeling field, not direct hypergravity concrete material research.",2,3,3,3,2.6,excluded_or_low_relevance,"Studies geotechnical models involving concrete structures; use as parallel field reference, not as hypergravity concrete material evidence."
geotechnical_centrifuge_modeling,D2,土工离心模型,Geotechnical centrifuge modeling involving concrete structures,"""concrete lining"" AND centrifuge",Seismic capacity of cut-and-cover frame structures with isolation layer: A parametric study,Xiangbo Bu,2026,Tunnelling and Underground Space Technology,10.1016/j.tust.2026.107729,https://api.elsevier.com/content/article/pii/S0886779826002877,ScienceDirect,unclear,unclear,S0886779826002877,Concrete/cementitious material or calcium-rich object inferred from title/abstract,Method inferred from ScienceDirect title/abstract,Condition present in query/title but not quantitatively stated in available metadata,ScienceDirect direct metadata did not provide enough abstract detail.,"It uses a centrifuge to scale gravity stress fields around concrete infrastructure, so it is useful as a parallel modeling reference but not direct material research.","Medium: useful for structural-geotechnical similitude and loading references, but less useful for concrete material design.","abstract unavailable or too short in API metadata; this is a parallel geotechnical modeling field, not direct hypergravity concrete material research.",2,3,3,3,2.6,excluded_or_low_relevance,"Studies geotechnical models involving concrete structures; use as parallel field reference, not as hypergravity concrete material evidence."
geotechnical_centrifuge_modeling,D2,土工离心模型,Geotechnical centrifuge modeling involving concrete structures,"""soil-structure interaction"" AND centrifuge AND concrete",Seismic fragility assessment of CFST cable stayed bridges incorporating soil structure interaction and LSTM-based demand prediction,Min Ji,2026,Structures,10.1016/j.istruc.2026.111553,https://api.elsevier.com/content/article/pii/S2352012426005023,ScienceDirect,unclear,unclear,S2352012426005023,Concrete/cementitious material or calcium-rich object inferred from title/abstract,Method inferred from ScienceDirect title/abstract,Condition present in query/title but not quantitatively stated in available metadata,ScienceDirect direct metadata did not provide enough abstract detail.,"It uses a centrifuge to scale gravity stress fields around concrete infrastructure, so it is useful as a parallel modeling reference but not direct material research.","Medium: useful for structural-geotechnical similitude and loading references, but less useful for concrete material design.","abstract unavailable or too short in API metadata; this is a parallel geotechnical modeling field, not direct hypergravity concrete material research.",2,3,3,3,2.6,excluded_or_low_relevance,"Studies geotechnical models involving concrete structures; use as parallel field reference, not as hypergravity concrete material evidence."
geotechnical_centrifuge_modeling,D2,土工离心模型,Geotechnical centrifuge modeling involving concrete structures,"""concrete lining"" AND centrifuge",Seismic fragility curves of circular tunnels in saturated sand,Guoguo Liu,2024,Engineering Failure Analysis,10.1016/j.engfailanal.2023.107938,https://api.elsevier.com/content/article/pii/S1350630723008920,ScienceDirect,unclear,unclear,S1350630723008920,Concrete/cementitious material or calcium-rich object inferred from title/abstract,Method inferred from ScienceDirect title/abstract,Condition present in query/title but not quantitatively stated in available metadata,ScienceDirect direct metadata did not provide enough abstract detail.,"It uses a centrifuge to scale gravity stress fields around concrete infrastructure, so it is useful as a parallel modeling reference but not direct material research.","Medium: useful for structural-geotechnical similitude and loading references, but less useful for concrete material design.","abstract unavailable or too short in API metadata; this is a parallel geotechnical modeling field, not direct hypergravity concrete material research.",2,3,3,3,2.6,excluded_or_low_relevance,"Studies geotechnical models involving concrete structures; use as parallel field reference, not as hypergravity concrete material evidence."
geotechnical_centrifuge_modeling,D2,土工离心模型,Geotechnical centrifuge modeling involving concrete structures,"""soil-structure interaction"" AND centrifuge AND concrete",Seismic performance and soil-structure interaction of shallow reinforced concrete tunnels,Ahmad Abdelhalim,2025,Soil Dynamics and Earthquake Engineering,10.1016/j.soildyn.2025.109372,https://api.elsevier.com/content/article/pii/S0267726125001654,ScienceDirect,unclear,unclear,S0267726125001654,Concrete/cementitious material or calcium-rich object inferred from title/abstract,Method inferred from ScienceDirect title/abstract,Condition present in query/title but not quantitatively stated in available metadata,ScienceDirect direct metadata did not provide enough abstract detail.,"It uses a centrifuge to scale gravity stress fields around concrete infrastructure, so it is useful as a parallel modeling reference but not direct material research.","Medium: useful for structural-geotechnical similitude and loading references, but less useful for concrete material design.","abstract unavailable or too short in API metadata; this is a parallel geotechnical modeling field, not direct hypergravity concrete material research.",2,3,3,3,2.6,excluded_or_low_relevance,"Studies geotechnical models involving concrete structures; use as parallel field reference, not as hypergravity concrete material evidence."
geotechnical_centrifuge_modeling,D2,土工离心模型,Geotechnical centrifuge modeling involving concrete structures,"""concrete lining"" AND centrifuge",Seismic performance of double-layer tunnel linings: a multi-performance-level framework,Bahram Salehi,2026,Tunnelling and Underground Space Technology,10.1016/j.tust.2025.107394,https://api.elsevier.com/content/article/pii/S0886779825010326,ScienceDirect,unclear,unclear,S0886779825010326,tunnel lining / pile foundation concrete structure,Method inferred from ScienceDirect title/abstract,Condition present in query/title but not quantitatively stated in available metadata,ScienceDirect direct metadata did not provide enough abstract detail.,"It uses a centrifuge to scale gravity stress fields around concrete infrastructure, so it is useful as a parallel modeling reference but not direct material research.","Medium: useful for structural-geotechnical similitude and loading references, but less useful for concrete material design.","abstract unavailable or too short in API metadata; this is a parallel geotechnical modeling field, not direct hypergravity concrete material research.",2,3,3,3,2.6,excluded_or_low_relevance,"Studies geotechnical models involving concrete structures; use as parallel field reference, not as hypergravity concrete material evidence."
geotechnical_centrifuge_modeling,D2,土工离心模型,Geotechnical centrifuge modeling involving concrete structures,"""pile foundation"" AND centrifuge AND concrete",Seismic performance of group pile foundation with ground improvement during liquefaction,Yasuo Sawamura,2021,Soils and Foundations,10.1016/j.sandf.2021.06.010,https://api.elsevier.com/content/article/pii/S0038080621000901,ScienceDirect,unclear,unclear,S0038080621000901,tunnel lining / pile foundation concrete structure,Method inferred from ScienceDirect title/abstract,Condition present in query/title but not quantitatively stated in available metadata,ScienceDirect direct metadata did not provide enough abstract detail.,"It uses a centrifuge to scale gravity stress fields around concrete infrastructure, so it is useful as a parallel modeling reference but not direct material research.","Medium: useful for structural-geotechnical similitude and loading references, but less useful for concrete material design.","abstract unavailable or too short in API metadata; this is a parallel geotechnical modeling field, not direct hypergravity concrete material research.",2,3,3,3,2.6,excluded_or_low_relevance,"Studies geotechnical models involving concrete structures; use as parallel field reference, not as hypergravity concrete material evidence."
geotechnical_centrifuge_modeling,D2,土工离心模型,Geotechnical centrifuge modeling involving concrete structures,"""soil-structure interaction"" AND centrifuge AND concrete",Seismic performance-based design of intelligent concrete beam column connections with adaptive mechanical properties using deep reinforcement learning considering soil structure interaction,Qiang Li,2026,Structures,10.1016/j.istruc.2026.111252,https://api.elsevier.com/content/article/pii/S2352012426002018,ScienceDirect,unclear,unclear,S2352012426002018,cementitious or calcium-rich carbonation material,Method inferred from ScienceDirect title/abstract,Condition present in query/title but not quantitatively stated in available metadata,ScienceDirect direct metadata did not provide enough abstract detail.,"It uses a centrifuge to scale gravity stress fields around concrete infrastructure, so it is useful as a parallel modeling reference but not direct material research.","Medium: useful for structural-geotechnical similitude and loading references, but less useful for concrete material design.","abstract unavailable or too short in API metadata; this is a parallel geotechnical modeling field, not direct hypergravity concrete material research.",2,3,3,3,2.6,excluded_or_low_relevance,"Studies geotechnical models involving concrete structures; use as parallel field reference, not as hypergravity concrete material evidence."
geotechnical_centrifuge_modeling,D2,土工离心模型,Geotechnical centrifuge modeling involving concrete structures,"""geotechnical centrifuge test"" concrete",Seismic resilience of steel moment resisting frame (MRF) structures on slopes considering earthquake frequency content,Md. Rajibul Islam,2025,Structures,10.1016/j.istruc.2025.110720,https://api.elsevier.com/content/article/pii/S2352012425025378,ScienceDirect,unclear,unclear,S2352012425025378,Concrete/cementitious material or calcium-rich object inferred from title/abstract,Method inferred from ScienceDirect title/abstract,Condition present in query/title but not quantitatively stated in available metadata,ScienceDirect direct metadata did not provide enough abstract detail.,"It uses a centrifuge to scale gravity stress fields around concrete infrastructure, so it is useful as a parallel modeling reference but not direct material research.","Medium: useful for structural-geotechnical similitude and loading references, but less useful for concrete material design.","abstract unavailable or too short in API metadata; this is a parallel geotechnical modeling field, not direct hypergravity concrete material research.",2,3,3,3,2.6,excluded_or_low_relevance,"Studies geotechnical models involving concrete structures; use as parallel field reference, not as hypergravity concrete material evidence."
geotechnical_centrifuge_modeling,D2,土工离心模型,Geotechnical centrifuge modeling involving concrete structures,"""soil-structure interaction"" AND centrifuge AND concrete",Seismic response and soil-structure interaction of reinforced concrete large span three-sided culverts,Ahmad Abdelhalim,2026,Soil Dynamics and Earthquake Engineering,10.1016/j.soildyn.2025.109852,https://api.elsevier.com/content/article/pii/S0267726125006463,ScienceDirect,unclear,unclear,S0267726125006463,Concrete/cementitious material or calcium-rich object inferred from title/abstract,Method inferred from ScienceDirect title/abstract,Condition present in query/title but not quantitatively stated in available metadata,ScienceDirect direct metadata did not provide enough abstract detail.,"It uses a centrifuge to scale gravity stress fields around concrete infrastructure, so it is useful as a parallel modeling reference but not direct material research.","Medium: useful for structural-geotechnical similitude and loading references, but less useful for concrete material design.","abstract unavailable or too short in API metadata; this is a parallel geotechnical modeling field, not direct hypergravity concrete material research.",2,3,3,3,2.6,excluded_or_low_relevance,"Studies geotechnical models involving concrete structures; use as parallel field reference, not as hypergravity concrete material evidence."
geotechnical_centrifuge_modeling,D2,土工离心模型,Geotechnical centrifuge modeling involving concrete structures,"""geotechnical centrifuge modeling"" concrete",Seismic response of a novel hybrid foundation for offshore wind turbine by geotechnical centrifuge modeling,Xinyao Li,2021,Renewable Energy,10.1016/j.renene.2020.11.140,https://api.elsevier.com/content/article/pii/S0960148120318929,ScienceDirect,unclear,unclear,S0960148120318929,Concrete/cementitious material or calcium-rich object inferred from title/abstract,Geotechnical centrifuge model test,Condition present in query/title but not quantitatively stated in available metadata,ScienceDirect direct metadata did not provide enough abstract detail.,"It uses a centrifuge to scale gravity stress fields around concrete infrastructure, so it is useful as a parallel modeling reference but not direct material research.","Medium: useful for structural-geotechnical similitude and loading references, but less useful for concrete material design.","abstract unavailable or too short in API metadata; this is a parallel geotechnical modeling field, not direct hypergravity concrete material research.",2,3,3,3,2.6,excluded_or_low_relevance,"Studies geotechnical models involving concrete structures; use as parallel field reference, not as hypergravity concrete material evidence."
geotechnical_centrifuge_modeling,D2,土工离心模型,Geotechnical centrifuge modeling involving concrete structures,"""cross passage"" AND centrifuge",Seismic response of tunnels revealed in two decades following the 1999 Chi-Chi earthquake (Mw 7.6) in Taiwan: A review,Tai-Tien Wang,2021,Engineering Geology,10.1016/j.enggeo.2021.106090,https://api.elsevier.com/content/article/pii/S0013795221001010,ScienceDirect,unclear,unclear,S0013795221001010,Concrete/cementitious material or calcium-rich object inferred from title/abstract,Method inferred from ScienceDirect title/abstract,Condition present in query/title but not quantitatively stated in available metadata,ScienceDirect direct metadata did not provide enough abstract detail.,"It uses a centrifuge to scale gravity stress fields around concrete infrastructure, so it is useful as a parallel modeling reference but not direct material research.","Medium: useful for structural-geotechnical similitude and loading references, but less useful for concrete material design.","abstract unavailable or too short in API metadata; this is a parallel geotechnical modeling field, not direct hypergravity concrete material research.",2,3,3,3,2.6,excluded_or_low_relevance,"Studies geotechnical models involving concrete structures; use as parallel field reference, not as hypergravity concrete material evidence."
geotechnical_centrifuge_modeling,D2,土工离心模型,Geotechnical centrifuge modeling involving concrete structures,"""soil-structure interaction"" AND centrifuge AND concrete",Shaking table test and numerical simulation of rocking wall frame structure considering dynamic soil-structure interaction,Dongyi He,2025,Engineering Structures,10.1016/j.engstruct.2024.119156,https://api.elsevier.com/content/article/pii/S0141029624017188,ScienceDirect,unclear,unclear,S0141029624017188,Concrete/cementitious material or calcium-rich object inferred from title/abstract,Method inferred from ScienceDirect title/abstract,Condition present in query/title but not quantitatively stated in available metadata,ScienceDirect direct metadata did not provide enough abstract detail.,"It uses a centrifuge to scale gravity stress fields around concrete infrastructure, so it is useful as a parallel modeling reference but not direct material research.","Medium: useful for structural-geotechnical similitude and loading references, but less useful for concrete material design.","abstract unavailable or too short in API metadata; this is a parallel geotechnical modeling field, not direct hypergravity concrete material research.",2,3,3,3,2.6,excluded_or_low_relevance,"Studies geotechnical models involving concrete structures; use as parallel field reference, not as hypergravity concrete material evidence."
geotechnical_centrifuge_modeling,D2,土工离心模型,Geotechnical centrifuge modeling involving concrete structures,"""cross passage"" AND centrifuge",Shaking table tests on the intersection of cross passage and twin tunnels,Jinghua Zhang,2019,Soil Dynamics and Earthquake Engineering,10.1016/j.soildyn.2019.05.035,https://api.elsevier.com/content/article/pii/S0267726119301356,ScienceDirect,unclear,unclear,S0267726119301356,tunnel lining / pile foundation concrete structure,Method inferred from ScienceDirect title/abstract,Condition present in query/title but not quantitatively stated in available metadata,ScienceDirect direct metadata did not provide enough abstract detail.,"It uses a centrifuge to scale gravity stress fields around concrete infrastructure, so it is useful as a parallel modeling reference but not direct material research.","Medium: useful for structural-geotechnical similitude and loading references, but less useful for concrete material design.","abstract unavailable or too short in API metadata; this is a parallel geotechnical modeling field, not direct hypergravity concrete material research.",2,3,3,3,2.6,excluded_or_low_relevance,"Studies geotechnical models involving concrete structures; use as parallel field reference, not as hypergravity concrete material evidence."
geotechnical_centrifuge_modeling,D2,土工离心模型,Geotechnical centrifuge modeling involving concrete structures,"""soil-structure interaction"" AND centrifuge AND concrete",Soil structure interaction and the radiation damping: A state-of-the-art review,Yaseen Shayah,2025,Results in Engineering,10.1016/j.rineng.2025.104755,https://api.elsevier.com/content/article/pii/S2590123025008321,ScienceDirect,unclear,unclear,S2590123025008321,Concrete/cementitious material or calcium-rich object inferred from title/abstract,Method inferred from ScienceDirect title/abstract,Condition present in query/title but not quantitatively stated in available metadata,ScienceDirect direct metadata did not provide enough abstract detail.,"It uses a centrifuge to scale gravity stress fields around concrete infrastructure, so it is useful as a parallel modeling reference but not direct material research.","Medium: useful for structural-geotechnical similitude and loading references, but less useful for concrete material design.","abstract unavailable or too short in API metadata; this is a parallel geotechnical modeling field, not direct hypergravity concrete material research.",2,3,3,3,2.6,excluded_or_low_relevance,"Studies geotechnical models involving concrete structures; use as parallel field reference, not as hypergravity concrete material evidence."
geotechnical_centrifuge_modeling,D2,土工离心模型,Geotechnical centrifuge modeling involving concrete structures,"""soil-structure interaction"" AND centrifuge AND concrete",Soil-structure interaction and uplift bearing capacity: A study on low-header CEP single pile foundations,Muhammad Rizwan,2026,"Physics and Chemistry of the Earth, Parts A/B/C",10.1016/j.pce.2025.104255,https://api.elsevier.com/content/article/pii/S147470652500405X,ScienceDirect,unclear,unclear,S147470652500405X,tunnel lining / pile foundation concrete structure,Method inferred from ScienceDirect title/abstract,Condition present in query/title but not quantitatively stated in available metadata,ScienceDirect direct metadata did not provide enough abstract detail.,"It uses a centrifuge to scale gravity stress fields around concrete infrastructure, so it is useful as a parallel modeling reference but not direct material research.","Medium: useful for structural-geotechnical similitude and loading references, but less useful for concrete material design.","abstract unavailable or too short in API metadata; this is a parallel geotechnical modeling field, not direct hypergravity concrete material research.",2,3,3,3,2.6,excluded_or_low_relevance,"Studies geotechnical models involving concrete structures; use as parallel field reference, not as hypergravity concrete material evidence."
geotechnical_centrifuge_modeling,D2,土工离心模型,Geotechnical centrifuge modeling involving concrete structures,"""geotechnical centrifuge test"" concrete",Soil-structure interaction of a laterally loaded hybrid foundation for offshore wind turbine,Xinyao Li,2022,Ocean Engineering,10.1016/j.oceaneng.2022.112197,https://api.elsevier.com/content/article/pii/S0029801822015128,ScienceDirect,unclear,unclear,S0029801822015128,Concrete/cementitious material or calcium-rich object inferred from title/abstract,Method inferred from ScienceDirect title/abstract,Condition present in query/title but not quantitatively stated in available metadata,ScienceDirect direct metadata did not provide enough abstract detail.,"It uses a centrifuge to scale gravity stress fields around concrete infrastructure, so it is useful as a parallel modeling reference but not direct material research.","Medium: useful for structural-geotechnical similitude and loading references, but less useful for concrete material design.","abstract unavailable or too short in API metadata; this is a parallel geotechnical modeling field, not direct hypergravity concrete material research.",2,3,3,3,2.6,excluded_or_low_relevance,"Studies geotechnical models involving concrete structures; use as parallel field reference, not as hypergravity concrete material evidence."
geotechnical_centrifuge_modeling,D2,土工离心模型,Geotechnical centrifuge modeling involving concrete structures,"""soil-structure interaction"" AND centrifuge AND concrete","Soil-structure interaction of metro tunnel in layered strata: mechanical mechanism, parameter analysis and field monitoring",Hongliang Tu,2026,Transportation Geotechnics,10.1016/j.trgeo.2026.102084,https://api.elsevier.com/content/article/pii/S2214391226001947,ScienceDirect,unclear,unclear,S2214391226001947,Concrete/cementitious material or calcium-rich object inferred from title/abstract,Method inferred from ScienceDirect title/abstract,Condition present in query/title but not quantitatively stated in available metadata,ScienceDirect direct metadata did not provide enough abstract detail.,"It uses a centrifuge to scale gravity stress fields around concrete infrastructure, so it is useful as a parallel modeling reference but not direct material research.","Medium: useful for structural-geotechnical similitude and loading references, but less useful for concrete material design.","abstract unavailable or too short in API metadata; this is a parallel geotechnical modeling field, not direct hypergravity concrete material research.",2,3,3,3,2.6,excluded_or_low_relevance,"Studies geotechnical models involving concrete structures; use as parallel field reference, not as hypergravity concrete material evidence."
geotechnical_centrifuge_modeling,D2,土工离心模型,Geotechnical centrifuge modeling involving concrete structures,"""pile foundation"" AND centrifuge AND concrete",State-of-the-art review of composite caisson-pile foundation (CCPF),Rajan KC,2023,Applied Ocean Research,10.1016/j.apor.2023.103571,https://api.elsevier.com/content/article/pii/S0141118723001128,ScienceDirect,unclear,unclear,S0141118723001128,tunnel lining / pile foundation concrete structure,Method inferred from ScienceDirect title/abstract,Condition present in query/title but not quantitatively stated in available metadata,ScienceDirect direct metadata did not provide enough abstract detail.,"It uses a centrifuge to scale gravity stress fields around concrete infrastructure, so it is useful as a parallel modeling reference but not direct material research.","Medium: useful for structural-geotechnical similitude and loading references, but less useful for concrete material design.","abstract unavailable or too short in API metadata; this is a parallel geotechnical modeling field, not direct hypergravity concrete material research.",2,3,3,3,2.6,excluded_or_low_relevance,"Studies geotechnical models involving concrete structures; use as parallel field reference, not as hypergravity concrete material evidence."
geotechnical_centrifuge_modeling,D2,土工离心模型,Geotechnical centrifuge modeling involving concrete structures,"""pile foundation"" AND centrifuge AND concrete",Structural performance assessment of preloading effects on pile foundation reinforcement for vertical extension retrofitting,Kyoungseok Oh,2026,Structures,10.1016/j.istruc.2026.111149,https://api.elsevier.com/content/article/pii/S2352012426000986,ScienceDirect,unclear,unclear,S2352012426000986,tunnel lining / pile foundation concrete structure,Method inferred from ScienceDirect title/abstract,Condition present in query/title but not quantitatively stated in available metadata,ScienceDirect direct metadata did not provide enough abstract detail.,"It uses a centrifuge to scale gravity stress fields around concrete infrastructure, so it is useful as a parallel modeling reference but not direct material research.","Medium: useful for structural-geotechnical similitude and loading references, but less useful for concrete material design.","abstract unavailable or too short in API metadata; this is a parallel geotechnical modeling field, not direct hypergravity concrete material research.",2,3,3,3,2.6,excluded_or_low_relevance,"Studies geotechnical models involving concrete structures; use as parallel field reference, not as hypergravity concrete material evidence."
geotechnical_centrifuge_modeling,D2,土工离心模型,Geotechnical centrifuge modeling involving concrete structures,"""shield tunnel"" AND centrifuge",Structural response of ultra-large diameter shield tunnels subjected to mechanized cross-passage construction: Insights from the Haizhu Bay Tunnel Project,Zhenji Zheng,2026,Tunnelling and Underground Space Technology,10.1016/j.tust.2025.107375,https://api.elsevier.com/content/article/pii/S0886779825010132,ScienceDirect,unclear,unclear,S0886779825010132,tunnel lining / pile foundation concrete structure,Method inferred from ScienceDirect title/abstract,Condition present in query/title but not quantitatively stated in available metadata,ScienceDirect direct metadata did not provide enough abstract detail.,"It uses a centrifuge to scale gravity stress fields around concrete infrastructure, so it is useful as a parallel modeling reference but not direct material research.","Medium: useful for structural-geotechnical similitude and loading references, but less useful for concrete material design.","abstract unavailable or too short in API metadata; this is a parallel geotechnical modeling field, not direct hypergravity concrete material research.",2,3,3,3,2.6,excluded_or_low_relevance,"Studies geotechnical models involving concrete structures; use as parallel field reference, not as hypergravity concrete material evidence."
geotechnical_centrifuge_modeling,D2,土工离心模型,Geotechnical centrifuge modeling involving concrete structures,"""centrifuge model test"" concrete",Study on liquefaction and re-liquefaction settlement of shallow foundations with centrifuge model tests considering the existence of a non-liquefiable layer,Shayan Zare Bidaki,2025,Results in Engineering,10.1016/j.rineng.2025.107540,https://api.elsevier.com/content/article/pii/S2590123025035959,ScienceDirect,unclear,unclear,S2590123025035959,Concrete/cementitious material or calcium-rich object inferred from title/abstract,Geotechnical centrifuge model test,Condition present in query/title but not quantitatively stated in available metadata,ScienceDirect direct metadata did not provide enough abstract detail.,"It uses a centrifuge to scale gravity stress fields around concrete infrastructure, so it is useful as a parallel modeling reference but not direct material research.","Medium: useful for structural-geotechnical similitude and loading references, but less useful for concrete material design.","abstract unavailable or too short in API metadata; this is a parallel geotechnical modeling field, not direct hypergravity concrete material research.",2,3,3,3,2.6,excluded_or_low_relevance,"Studies geotechnical models involving concrete structures; use as parallel field reference, not as hypergravity concrete material evidence."
geotechnical_centrifuge_modeling,D2,土工离心模型,Geotechnical centrifuge modeling involving concrete structures,"""pile foundation"" AND centrifuge AND concrete",Study on the dynamic response and progressive damage mechanisms of variable-section pile foundations in liquefiable soil-rock media,Zhang Chengcheng,2025,Soil Dynamics and Earthquake Engineering,10.1016/j.soildyn.2025.109466,https://api.elsevier.com/content/article/pii/S0267726125002593,ScienceDirect,unclear,unclear,S0267726125002593,tunnel lining / pile foundation concrete structure,Method inferred from ScienceDirect title/abstract,Condition present in query/title but not quantitatively stated in available metadata,ScienceDirect direct metadata did not provide enough abstract detail.,"It uses a centrifuge to scale gravity stress fields around concrete infrastructure, so it is useful as a parallel modeling reference but not direct material research.","Medium: useful for structural-geotechnical similitude and loading references, but less useful for concrete material design.","abstract unavailable or too short in API metadata; this is a parallel geotechnical modeling field, not direct hypergravity concrete material research.",2,3,3,3,2.6,excluded_or_low_relevance,"Studies geotechnical models involving concrete structures; use as parallel field reference, not as hypergravity concrete material evidence."
geotechnical_centrifuge_modeling,D2,土工离心模型,Geotechnical centrifuge modeling involving concrete structures,"""geotechnical centrifuge test"" concrete",Study on the influence of unsymmetrical surcharge on adjacent pile foundations in a coastal soft soil area,Zhiwei Chen,2025,Soil Dynamics and Earthquake Engineering,10.1016/j.soildyn.2025.109365,https://api.elsevier.com/content/article/pii/S0267726125001587,ScienceDirect,unclear,unclear,S0267726125001587,tunnel lining / pile foundation concrete structure,Method inferred from ScienceDirect title/abstract,Condition present in query/title but not quantitatively stated in available metadata,ScienceDirect direct metadata did not provide enough abstract detail.,"It uses a centrifuge to scale gravity stress fields around concrete infrastructure, so it is useful as a parallel modeling reference but not direct material research.","Medium: useful for structural-geotechnical similitude and loading references, but less useful for concrete material design.","abstract unavailable or too short in API metadata; this is a parallel geotechnical modeling field, not direct hypergravity concrete material research.",2,3,3,3,2.6,excluded_or_low_relevance,"Studies geotechnical models involving concrete structures; use as parallel field reference, not as hypergravity concrete material evidence."
geotechnical_centrifuge_modeling,D2,土工离心模型,Geotechnical centrifuge modeling involving concrete structures,"""geotechnical centrifuge modeling"" concrete",Study on the stability of bucket foundation revetment under different backfill materials: Based on geotechnical centrifugal model test,Yunfei Guan,2025,Ocean Engineering,10.1016/j.oceaneng.2025.121136,https://api.elsevier.com/content/article/pii/S0029801825008492,ScienceDirect,unclear,unclear,S0029801825008492,Concrete/cementitious material or calcium-rich object inferred from title/abstract,Centrifugal forming / spinning / casting,centrifugal,ScienceDirect direct metadata did not provide enough abstract detail.,"It uses a centrifuge to scale gravity stress fields around concrete infrastructure, so it is useful as a parallel modeling reference but not direct material research.","Medium: useful for structural-geotechnical similitude and loading references, but less useful for concrete material design.","abstract unavailable or too short in API metadata; this is a parallel geotechnical modeling field, not direct hypergravity concrete material research.",2,3,3,3,2.6,excluded_or_low_relevance,"Studies geotechnical models involving concrete structures; use as parallel field reference, not as hypergravity concrete material evidence."
geotechnical_centrifuge_modeling,D2,土工离心模型,Geotechnical centrifuge modeling involving concrete structures,"""geotechnical centrifuge test"" concrete",Study on the superimposed effect of cyclic impact load on subgrade settlement by centrifuge modeling,Xingxu Yao,2026,Transportation Geotechnics,10.1016/j.trgeo.2025.101746,https://api.elsevier.com/content/article/pii/S221439122500265X,ScienceDirect,unclear,unclear,S221439122500265X,Concrete/cementitious material or calcium-rich object inferred from title/abstract,Geotechnical centrifuge model test,Condition present in query/title but not quantitatively stated in available metadata,ScienceDirect direct metadata did not provide enough abstract detail.,"It uses a centrifuge to scale gravity stress fields around concrete infrastructure, so it is useful as a parallel modeling reference but not direct material research.","Medium: useful for structural-geotechnical similitude and loading references, but less useful for concrete material design.","abstract unavailable or too short in API metadata; this is a parallel geotechnical modeling field, not direct hypergravity concrete material research.",2,3,3,3,2.6,excluded_or_low_relevance,"Studies geotechnical models involving concrete structures; use as parallel field reference, not as hypergravity concrete material evidence."
geotechnical_centrifuge_modeling,D2,土工离心模型,Geotechnical centrifuge modeling involving concrete structures,"""cross passage"" AND centrifuge",Temporal and spatial variation of temperature and displacement fields throughout cross-passage artificial ground freezing,Qixiang Yan,2023,Cold Regions Science and Technology,10.1016/j.coldregions.2023.103817,https://api.elsevier.com/content/article/pii/S0165232X23000472,ScienceDirect,unclear,unclear,S0165232X23000472,cementitious or calcium-rich carbonation material,Method inferred from ScienceDirect title/abstract,Condition present in query/title but not quantitatively stated in available metadata,ScienceDirect direct metadata did not provide enough abstract detail.,"It uses a centrifuge to scale gravity stress fields around concrete infrastructure, so it is useful as a parallel modeling reference but not direct material research.","Medium: useful for structural-geotechnical similitude and loading references, but less useful for concrete material design.","abstract unavailable or too short in API metadata; this is a parallel geotechnical modeling field, not direct hypergravity concrete material research.",2,3,3,3,2.6,excluded_or_low_relevance,"Studies geotechnical models involving concrete structures; use as parallel field reference, not as hypergravity concrete material evidence."
geotechnical_centrifuge_modeling,D2,土工离心模型,Geotechnical centrifuge modeling involving concrete structures,"""pile foundation"" AND centrifuge AND concrete",The influence of different head loads combined with multiple cycle temperature loads on the thermo-mechanical response of pile foundation ground heat exchanger,Hong Chang,2026,Applied Thermal Engineering,10.1016/j.applthermaleng.2026.131187,https://api.elsevier.com/content/article/pii/S135943112601495X,ScienceDirect,unclear,unclear,S135943112601495X,tunnel lining / pile foundation concrete structure,Method inferred from ScienceDirect title/abstract,Condition present in query/title but not quantitatively stated in available metadata,ScienceDirect direct metadata did not provide enough abstract detail.,"It uses a centrifuge to scale gravity stress fields around concrete infrastructure, so it is useful as a parallel modeling reference but not direct material research.","Medium: useful for structural-geotechnical similitude and loading references, but less useful for concrete material design.","abstract unavailable or too short in API metadata; this is a parallel geotechnical modeling field, not direct hypergravity concrete material research.",2,3,3,3,2.6,excluded_or_low_relevance,"Studies geotechnical models involving concrete structures; use as parallel field reference, not as hypergravity concrete material evidence."
geotechnical_centrifuge_modeling,D2,土工离心模型,Geotechnical centrifuge modeling involving concrete structures,"""geotechnical centrifuge test"" concrete",The influence of erosion voids on the longitudinal behaviour of a jointed large-diameter reinforced concrete pipeline,Ming Xu,2020,Tunnelling and Underground Space Technology,10.1016/j.tust.2020.103494,https://api.elsevier.com/content/article/pii/S088677982030448X,ScienceDirect,unclear,unclear,S088677982030448X,Concrete/cementitious material or calcium-rich object inferred from title/abstract,Method inferred from ScienceDirect title/abstract,Condition present in query/title but not quantitatively stated in available metadata,ScienceDirect direct metadata did not provide enough abstract detail.,"It uses a centrifuge to scale gravity stress fields around concrete infrastructure, so it is useful as a parallel modeling reference but not direct material research.","Medium: useful for structural-geotechnical similitude and loading references, but less useful for concrete material design.","abstract unavailable or too short in API metadata; this is a parallel geotechnical modeling field, not direct hypergravity concrete material research.",2,3,3,3,2.6,excluded_or_low_relevance,"Studies geotechnical models involving concrete structures; use as parallel field reference, not as hypergravity concrete material evidence."
geotechnical_centrifuge_modeling,D2,土工离心模型,Geotechnical centrifuge modeling involving concrete structures,"""geotechnical centrifuge test"" concrete",The longitudinal response of buried large-diameter reinforced concrete pipeline with gasketed bell-and-spigot joints subjected to traffic loading,Ming Xu,2017,Tunnelling and Underground Space Technology,10.1016/j.tust.2016.12.020,https://api.elsevier.com/content/article/pii/S0886779816302346,ScienceDirect,unclear,unclear,S0886779816302346,Concrete/cementitious material or calcium-rich object inferred from title/abstract,Method inferred from ScienceDirect title/abstract,Condition present in query/title but not quantitatively stated in available metadata,ScienceDirect direct metadata did not provide enough abstract detail.,"It uses a centrifuge to scale gravity stress fields around concrete infrastructure, so it is useful as a parallel modeling reference but not direct material research.","Medium: useful for structural-geotechnical similitude and loading references, but less useful for concrete material design.","abstract unavailable or too short in API metadata; this is a parallel geotechnical modeling field, not direct hypergravity concrete material research.",2,3,3,3,2.6,excluded_or_low_relevance,"Studies geotechnical models involving concrete structures; use as parallel field reference, not as hypergravity concrete material evidence."
geotechnical_centrifuge_modeling,D2,土工离心模型,Geotechnical centrifuge modeling involving concrete structures,"""shield tunnel"" AND centrifuge",Theoretical analysis on soil deformation and pore pressure subjected to shield tunneling in unsaturated soil,Yun Zhao,2026,Applied Mathematical Modelling,10.1016/j.apm.2025.116448,https://api.elsevier.com/content/article/pii/S0307904X25005220,ScienceDirect,unclear,unclear,S0307904X25005220,tunnel lining / pile foundation concrete structure,Method inferred from ScienceDirect title/abstract,Condition present in query/title but not quantitatively stated in available metadata,ScienceDirect direct metadata did not provide enough abstract detail.,"It uses a centrifuge to scale gravity stress fields around concrete infrastructure, so it is useful as a parallel modeling reference but not direct material research.","Medium: useful for structural-geotechnical similitude and loading references, but less useful for concrete material design.","abstract unavailable or too short in API metadata; this is a parallel geotechnical modeling field, not direct hypergravity concrete material research.",2,3,3,3,2.6,excluded_or_low_relevance,"Studies geotechnical models involving concrete structures; use as parallel field reference, not as hypergravity concrete material evidence."
geotechnical_centrifuge_modeling,D2,土工离心模型,Geotechnical centrifuge modeling involving concrete structures,"""concrete lining"" AND centrifuge",Three-dimensional investigation of how newly constructed buildings supported on raft foundations affect pre-existing tunnels,Anna Maria Zakhem,2020,Transportation Geotechnics,10.1016/j.trgeo.2020.100324,https://api.elsevier.com/content/article/pii/S2214391219304271,ScienceDirect,unclear,unclear,S2214391219304271,Concrete/cementitious material or calcium-rich object inferred from title/abstract,Method inferred from ScienceDirect title/abstract,Condition present in query/title but not quantitatively stated in available metadata,ScienceDirect direct metadata did not provide enough abstract detail.,"It uses a centrifuge to scale gravity stress fields around concrete infrastructure, so it is useful as a parallel modeling reference but not direct material research.","Medium: useful for structural-geotechnical similitude and loading references, but less useful for concrete material design.","abstract unavailable or too short in API metadata; this is a parallel geotechnical modeling field, not direct hypergravity concrete material research.",2,3,3,3,2.6,excluded_or_low_relevance,"Studies geotechnical models involving concrete structures; use as parallel field reference, not as hypergravity concrete material evidence."
geotechnical_centrifuge_modeling,D2,土工离心模型,Geotechnical centrifuge modeling involving concrete structures,"""geotechnical centrifuge test"" concrete",Three-dimensional numerical analyses of the response of a single pile and pile groups to tunnelling in weak weathered rock,C. J. Lee,2012,Tunnelling and Underground Space Technology,10.1016/j.tust.2012.06.005,https://api.elsevier.com/content/article/pii/S0886779812001150,ScienceDirect,unclear,unclear,S0886779812001150,Concrete/cementitious material or calcium-rich object inferred from title/abstract,Method inferred from ScienceDirect title/abstract,Condition present in query/title but not quantitatively stated in available metadata,ScienceDirect direct metadata did not provide enough abstract detail.,"It uses a centrifuge to scale gravity stress fields around concrete infrastructure, so it is useful as a parallel modeling reference but not direct material research.","Medium: useful for structural-geotechnical similitude and loading references, but less useful for concrete material design.","abstract unavailable or too short in API metadata; this is a parallel geotechnical modeling field, not direct hypergravity concrete material research.",2,3,3,3,2.6,excluded_or_low_relevance,"Studies geotechnical models involving concrete structures; use as parallel field reference, not as hypergravity concrete material evidence."
geotechnical_centrifuge_modeling,D2,土工离心模型,Geotechnical centrifuge modeling involving concrete structures,"""concrete lining"" AND centrifuge",Unified method for assessing soil disturbance caused by underground construction,Caixia Song,2026,Tunnelling and Underground Space Technology,10.1016/j.tust.2025.107058,https://api.elsevier.com/content/article/pii/S0886779825006960,ScienceDirect,unclear,unclear,S0886779825006960,Concrete/cementitious material or calcium-rich object inferred from title/abstract,Method inferred from ScienceDirect title/abstract,Condition present in query/title but not quantitatively stated in available metadata,ScienceDirect direct metadata did not provide enough abstract detail.,"It uses a centrifuge to scale gravity stress fields around concrete infrastructure, so it is useful as a parallel modeling reference but not direct material research.","Medium: useful for structural-geotechnical similitude and loading references, but less useful for concrete material design.","abstract unavailable or too short in API metadata; this is a parallel geotechnical modeling field, not direct hypergravity concrete material research.",2,3,3,3,2.6,excluded_or_low_relevance,"Studies geotechnical models involving concrete structures; use as parallel field reference, not as hypergravity concrete material evidence."
geotechnical_centrifuge_modeling,D2,土工离心模型,Geotechnical centrifuge modeling involving concrete structures,"""cross passage"" AND centrifuge",Upward propagation of ground disturbance induced by water–sand inrush into a defective tunnel in a dual-stratum geological condition,Zhifu Shen,2025,Tunnelling and Underground Space Technology,10.1016/j.tust.2025.106422,https://api.elsevier.com/content/article/pii/S0886779825000604,ScienceDirect,unclear,unclear,S0886779825000604,Concrete/cementitious material or calcium-rich object inferred from title/abstract,Method inferred from ScienceDirect title/abstract,Condition present in query/title but not quantitatively stated in available metadata,ScienceDirect direct metadata did not provide enough abstract detail.,"It uses a centrifuge to scale gravity stress fields around concrete infrastructure, so it is useful as a parallel modeling reference but not direct material research.","Medium: useful for structural-geotechnical similitude and loading references, but less useful for concrete material design.","abstract unavailable or too short in API metadata; this is a parallel geotechnical modeling field, not direct hypergravity concrete material research.",2,3,3,3,2.6,excluded_or_low_relevance,"Studies geotechnical models involving concrete structures; use as parallel field reference, not as hypergravity concrete material evidence."
geotechnical_centrifuge_modeling,D2,土工离心模型,Geotechnical centrifuge modeling involving concrete structures,"""geotechnical centrifuge modeling"" concrete",Use of tension piles to prevent tunnel floatation in liquefiable soils,Zhengyao He,2026,Soil Dynamics and Earthquake Engineering,10.1016/j.soildyn.2025.109954,https://api.elsevier.com/content/article/pii/S0267726125007481,ScienceDirect,unclear,unclear,S0267726125007481,Concrete/cementitious material or calcium-rich object inferred from title/abstract,Method inferred from ScienceDirect title/abstract,Condition present in query/title but not quantitatively stated in available metadata,ScienceDirect direct metadata did not provide enough abstract detail.,"It uses a centrifuge to scale gravity stress fields around concrete infrastructure, so it is useful as a parallel modeling reference but not direct material research.","Medium: useful for structural-geotechnical similitude and loading references, but less useful for concrete material design.","abstract unavailable or too short in API metadata; this is a parallel geotechnical modeling field, not direct hypergravity concrete material research.",2,3,3,3,2.6,excluded_or_low_relevance,"Studies geotechnical models involving concrete structures; use as parallel field reference, not as hypergravity concrete material evidence."
gravity_cement_hydration,D3,水泥水化重力效应,Gravity effects on cement hydration and microstructure,"""cement hydration"" AND microgravity",Influence of gravity on the micromechanical properties of portland cement and lunar regolith simulant composites,Peter J. Collins,2023,Cement and Concrete Research,10.1016/j.cemconres.2023.107232,https://api.elsevier.com/content/article/pii/S0008884623001461,ScienceDirect,"Concrete materials utilizing in-situ planetary resources are a promising option for construction on the Moon and Mars but the influence of variables, such as reduced gravity, needs to be understood. In this paper, we investigate the influence of gravity on the micromechanical properties of portland cement pastes that contain the lunar regolith simulant JSC-1A. Samples were prepared by astronauts onboard the International Space Station (ISS) and hydrated in microgravity (μg), lunar gravity (0.17 g), Martian gravity (0.38 g), and a statistical point at 0.7 g. Results were compared to a control sample hydrated on Earth (1.0 g). Specimens were analyzed by statistical nanoindentation and results for the paste suggest that gravity does not influence the in-situ mechanical properties of the hydrated phases. Results for the simulant give insight into the potential performance of lunar regolith as a component in a composite material. These results are critical to the continued development of lunar concrete technology.",Gravity; Lunar concrete; Lunar simulant; Micromechanical properties; Nanoindentation,S0008884623001461,cement paste / cement hydration products,Gravity-field or centrifugation-controlled cement hydration experiment,microgravity,See abstract metadata; detailed findings require full-text reading where access is lawful.,"It links gravity level or centrifugation to cement hydration, C-S-H, settling, or microstructure, matching the mechanism side of hypergravity concrete.","Medium-low: mechanistic value is high, but experiments are harder to reproduce without gravity-field equipment.",metadata is usable for initial screening,5,2,4,5,4.05,included,"Directly studies cementitious hydration/microstructure only when gravity, microgravity, hypergravity, or centrifugation is an experimental variable."
gravity_cement_hydration,D3,水泥水化重力效应,Gravity effects on cement hydration and microstructure,"""cement hydration"" AND microgravity",Early hydration of Portland cement studied under microgravity conditions,Markus R. Meier,2015,Construction and Building Materials,10.1016/j.conbuildmat.2015.05.074,https://api.elsevier.com/content/article/pii/S0950061815005711,ScienceDirect,"Early ettringite formation from an industrial CEM I 42.5 N hydrated for 10 s at terrestrial and micro gravity conditions was studied in the presence and absence of a polycarboxylate (PCE) superplasticizer. The cement produced very tiny hexagonal ettringite crystals (l ∼ 180 nm, d ∼ 250 nm). The microgravity resulted in ∼25% more crystals at slightly higher aspect ratio (1.4 versus 0.8 at 1 g). In the presence of PCE, generally larger ettringite crystals (l ∼ 325 nm, d ∼ 225 nm) were formed. Microgravity seems to hinder the growth of ettringite on the lateral faces.",Crystal growth; Ettringite; Hydration; Microgravity; Nucleation; Portland cement,S0950061815005711,cementitious or calcium-rich carbonation material,Gravity-field or centrifugation-controlled cement hydration experiment,microgravity,See abstract metadata; detailed findings require full-text reading where access is lawful.,"It links gravity level or centrifugation to cement hydration, C-S-H, settling, or microstructure, matching the mechanism side of hypergravity concrete.","Medium-low: mechanistic value is high, but experiments are harder to reproduce without gravity-field equipment.",metadata is usable for initial screening,5,2,4,5,4.05,included,"Directly studies cementitious hydration/microstructure only when gravity, microgravity, hypergravity, or centrifugation is an experimental variable."
gravity_cement_hydration,D3,水泥水化重力效应,Gravity effects on cement hydration and microstructure,"""cement hydration"" AND microgravity",1: Artificial intelligence in civil engineering: An immersive view,Nishant Raj Kapoor,2024,Artificial Intelligence Applications for Sustainable Construction,10.1016/b978-0-443-13191-2.00009-2,https://api.elsevier.com/content/article/pii/B9780443131912000092,ScienceDirect,unclear,unclear,B9780443131912000092,Concrete/cementitious material or calcium-rich object inferred from title/abstract,Method inferred from ScienceDirect title/abstract,Condition present in query/title but not quantitatively stated in available metadata,ScienceDirect direct metadata did not provide enough abstract detail.,"It links gravity level or centrifugation to cement hydration, C-S-H, settling, or microstructure, matching the mechanism side of hypergravity concrete.","Medium-low: mechanistic value is high, but experiments are harder to reproduce without gravity-field equipment.",abstract unavailable or too short in API metadata,2,3,3,3,2.6,excluded_or_low_relevance,"Directly studies cementitious hydration/microstructure only when gravity, microgravity, hypergravity, or centrifugation is an experimental variable."
gravity_cement_hydration,D3,水泥水化重力效应,Gravity effects on cement hydration and microstructure,"""calcium silicate hydrate"" AND microgravity",1: Crystal Growth in Geology: Patterns on the Rocks,Juan Manuel García-Ruiz,2015,Handbook of Crystal Growth,10.1016/b978-0-444-63303-3.00001-8,https://api.elsevier.com/content/article/pii/B9780444633033000018,ScienceDirect,unclear,unclear,B9780444633033000018,Concrete/cementitious material or calcium-rich object inferred from title/abstract,Method inferred from ScienceDirect title/abstract,Condition present in query/title but not quantitatively stated in available metadata,ScienceDirect direct metadata did not provide enough abstract detail.,"It links gravity level or centrifugation to cement hydration, C-S-H, settling, or microstructure, matching the mechanism side of hypergravity concrete.","Medium-low: mechanistic value is high, but experiments are harder to reproduce without gravity-field equipment.",abstract unavailable or too short in API metadata,2,3,3,3,2.6,excluded_or_low_relevance,"Directly studies cementitious hydration/microstructure only when gravity, microgravity, hypergravity, or centrifugation is an experimental variable."
gravity_cement_hydration,D3,水泥水化重力效应,Gravity effects on cement hydration and microstructure,"""cement hydration"" AND hypergravity",A bounding surface model for methane hydrate-bearing sediment incorporating hydrate dissociation,Lujun Wang,2026,Computers and Geotechnics,10.1016/j.compgeo.2026.108259,https://api.elsevier.com/content/article/pii/S0266352X26003654,ScienceDirect,unclear,unclear,S0266352X26003654,Concrete/cementitious material or calcium-rich object inferred from title/abstract,Method inferred from ScienceDirect title/abstract,Condition present in query/title but not quantitatively stated in available metadata,ScienceDirect direct metadata did not provide enough abstract detail.,"It links gravity level or centrifugation to cement hydration, C-S-H, settling, or microstructure, matching the mechanism side of hypergravity concrete.","Medium-low: mechanistic value is high, but experiments are harder to reproduce without gravity-field equipment.",abstract unavailable or too short in API metadata,2,3,3,3,2.6,excluded_or_low_relevance,"Directly studies cementitious hydration/microstructure only when gravity, microgravity, hypergravity, or centrifugation is an experimental variable."
gravity_cement_hydration,D3,水泥水化重力效应,Gravity effects on cement hydration and microstructure,"""C-S-H"" AND gravity",A combined SPM/NI/EDS method to quantify properties of inner and outer C-S-H in OPC and slag-blended cement pastes,Y. Wei,2018,Cement and Concrete Composites,10.1016/j.cemconcomp.2017.09.017,https://api.elsevier.com/content/article/pii/S0958946517301336,ScienceDirect,unclear,unclear,S0958946517301336,cement paste / cement hydration products,Method inferred from ScienceDirect title/abstract,Condition present in query/title but not quantitatively stated in available metadata,ScienceDirect direct metadata did not provide enough abstract detail.,"It links gravity level or centrifugation to cement hydration, C-S-H, settling, or microstructure, matching the mechanism side of hypergravity concrete.","Medium-low: mechanistic value is high, but experiments are harder to reproduce without gravity-field equipment.",abstract unavailable or too short in API metadata,2,3,3,3,2.6,excluded_or_low_relevance,"Directly studies cementitious hydration/microstructure only when gravity, microgravity, hypergravity, or centrifugation is an experimental variable."
gravity_cement_hydration,D3,水泥水化重力效应,Gravity effects on cement hydration and microstructure,"""cement hydration"" AND hypergravity",A comparative study on the occurrence and pore structure characteristics of CH 4 and CO 2 hydrates in sandy sediments using SEM-EDS technology,Lujun Wang,2026,Gas Science and Engineering,10.1016/j.jgsce.2025.205803,https://api.elsevier.com/content/article/pii/S2949908925002675,ScienceDirect,unclear,unclear,S2949908925002675,Concrete/cementitious material or calcium-rich object inferred from title/abstract,Method inferred from ScienceDirect title/abstract,Condition present in query/title but not quantitatively stated in available metadata,ScienceDirect direct metadata did not provide enough abstract detail.,"It links gravity level or centrifugation to cement hydration, C-S-H, settling, or microstructure, matching the mechanism side of hypergravity concrete.","Medium-low: mechanistic value is high, but experiments are harder to reproduce without gravity-field equipment.",abstract unavailable or too short in API metadata,2,3,3,3,2.6,excluded_or_low_relevance,"Directly studies cementitious hydration/microstructure only when gravity, microgravity, hypergravity, or centrifugation is an experimental variable."
gravity_cement_hydration,D3,水泥水化重力效应,Gravity effects on cement hydration and microstructure,"""cement hydration"" AND microgravity","A comprehensive review of extraterrestrial construction, from space concrete materials to habitat structures",Chengqing Wu,2024,Engineering Structures,10.1016/j.engstruct.2024.118723,https://api.elsevier.com/content/article/pii/S0141029624012859,ScienceDirect,unclear,unclear,S0141029624012859,Concrete/cementitious material or calcium-rich object inferred from title/abstract,Method inferred from ScienceDirect title/abstract,Condition present in query/title but not quantitatively stated in available metadata,ScienceDirect direct metadata did not provide enough abstract detail.,"It links gravity level or centrifugation to cement hydration, C-S-H, settling, or microstructure, matching the mechanism side of hypergravity concrete.","Medium-low: mechanistic value is high, but experiments are harder to reproduce without gravity-field equipment.",abstract unavailable or too short in API metadata,2,3,3,3,2.6,excluded_or_low_relevance,"Directly studies cementitious hydration/microstructure only when gravity, microgravity, hypergravity, or centrifugation is an experimental variable."
gravity_cement_hydration,D3,水泥水化重力效应,Gravity effects on cement hydration and microstructure,"""cement paste"" AND gravity",A novel defoaming technology for cement paste by using power ultrasound treatment,Guangqi Xiong,2026,Cement and Concrete Research,10.1016/j.cemconres.2025.108072,https://api.elsevier.com/content/article/pii/S0008884625002911,ScienceDirect,unclear,unclear,S0008884625002911,cement paste / cement hydration products,Method inferred from ScienceDirect title/abstract,Condition present in query/title but not quantitatively stated in available metadata,ScienceDirect direct metadata did not provide enough abstract detail.,"It links gravity level or centrifugation to cement hydration, C-S-H, settling, or microstructure, matching the mechanism side of hypergravity concrete.","Medium-low: mechanistic value is high, but experiments are harder to reproduce without gravity-field equipment.",abstract unavailable or too short in API metadata,2,3,3,3,2.6,excluded_or_low_relevance,"Directly studies cementitious hydration/microstructure only when gravity, microgravity, hypergravity, or centrifugation is an experimental variable."
gravity_cement_hydration,D3,水泥水化重力效应,Gravity effects on cement hydration and microstructure,"""cement hydration"" AND microgravity",Abstracts,unclear,2024,Fuel and Energy Abstracts,10.1016/j.fueleneab.2023.12.002,https://api.elsevier.com/content/article/pii/S0140670123000437,ScienceDirect,unclear,unclear,S0140670123000437,Concrete/cementitious material or calcium-rich object inferred from title/abstract,Method inferred from ScienceDirect title/abstract,Condition present in query/title but not quantitatively stated in available metadata,ScienceDirect direct metadata did not provide enough abstract detail.,"It links gravity level or centrifugation to cement hydration, C-S-H, settling, or microstructure, matching the mechanism side of hypergravity concrete.","Medium-low: mechanistic value is high, but experiments are harder to reproduce without gravity-field equipment.",abstract unavailable or too short in API metadata,2,3,3,3,2.6,excluded_or_low_relevance,"Directly studies cementitious hydration/microstructure only when gravity, microgravity, hypergravity, or centrifugation is an experimental variable."
gravity_cement_hydration,D3,水泥水化重力效应,Gravity effects on cement hydration and microstructure,"""calcium silicate hydrate"" AND microgravity",Abstracts of Posters,unclear,2005,Magnetic Resonance Imaging,10.1016/j.mri.2005.01.004,https://api.elsevier.com/content/article/pii/S0730725X05000718,ScienceDirect,unclear,unclear,S0730725X05000718,Concrete/cementitious material or calcium-rich object inferred from title/abstract,Method inferred from ScienceDirect title/abstract,Condition present in query/title but not quantitatively stated in available metadata,ScienceDirect direct metadata did not provide enough abstract detail.,"It links gravity level or centrifugation to cement hydration, C-S-H, settling, or microstructure, matching the mechanism side of hypergravity concrete.","Medium-low: mechanistic value is high, but experiments are harder to reproduce without gravity-field equipment.",abstract unavailable or too short in API metadata,2,3,3,3,2.6,excluded_or_low_relevance,"Directly studies cementitious hydration/microstructure only when gravity, microgravity, hypergravity, or centrifugation is an experimental variable."
gravity_cement_hydration,D3,水泥水化重力效应,Gravity effects on cement hydration and microstructure,"""cement hydration"" AND centrifugation",Accelerating mechanism of cement hydration by hydroxyl free radicals: new perspectives from photoexcited nano-TiO 2,Jihong Jiang,2025,Composites Part B: Engineering,10.1016/j.compositesb.2025.112524,https://api.elsevier.com/content/article/pii/S1359836825004251,ScienceDirect,unclear,unclear,S1359836825004251,cement paste / cement hydration products,Method inferred from ScienceDirect title/abstract,Condition present in query/title but not quantitatively stated in available metadata,ScienceDirect direct metadata did not provide enough abstract detail.,"It links gravity level or centrifugation to cement hydration, C-S-H, settling, or microstructure, matching the mechanism side of hypergravity concrete.","Medium-low: mechanistic value is high, but experiments are harder to reproduce without gravity-field equipment.",abstract unavailable or too short in API metadata,2,3,3,3,2.6,excluded_or_low_relevance,"Directly studies cementitious hydration/microstructure only when gravity, microgravity, hypergravity, or centrifugation is an experimental variable."
gravity_cement_hydration,D3,水泥水化重力效应,Gravity effects on cement hydration and microstructure,"""cement hydration"" AND microgravity","Additive manufacturing of cementitious composites: Materials, methods, potentials, and challenges",Fatemeh Hamidi,2019,Construction and Building Materials,10.1016/j.conbuildmat.2019.05.140,https://api.elsevier.com/content/article/pii/S0950061819313194,ScienceDirect,unclear,unclear,S0950061819313194,cementitious or calcium-rich carbonation material,Method inferred from ScienceDirect title/abstract,Condition present in query/title but not quantitatively stated in available metadata,ScienceDirect direct metadata did not provide enough abstract detail.,"It links gravity level or centrifugation to cement hydration, C-S-H, settling, or microstructure, matching the mechanism side of hypergravity concrete.","Medium-low: mechanistic value is high, but experiments are harder to reproduce without gravity-field equipment.",abstract unavailable or too short in API metadata,2,3,3,3,2.6,excluded_or_low_relevance,"Directly studies cementitious hydration/microstructure only when gravity, microgravity, hypergravity, or centrifugation is an experimental variable."
gravity_cement_hydration,D3,水泥水化重力效应,Gravity effects on cement hydration and microstructure,"""C-S-H"" AND gravity",Bimodal behavior of C-S-H interpreted from short-term length change and water vapor sorption isotherms of hardened cement paste,Ippei Maruyama,2015,Cement and Concrete Research,10.1016/j.cemconres.2015.03.010,https://api.elsevier.com/content/article/pii/S0008884615000782,ScienceDirect,unclear,unclear,S0008884615000782,cement paste / cement hydration products,Method inferred from ScienceDirect title/abstract,Condition present in query/title but not quantitatively stated in available metadata,ScienceDirect direct metadata did not provide enough abstract detail.,"It links gravity level or centrifugation to cement hydration, C-S-H, settling, or microstructure, matching the mechanism side of hypergravity concrete.","Medium-low: mechanistic value is high, but experiments are harder to reproduce without gravity-field equipment.",abstract unavailable or too short in API metadata,2,3,3,3,2.6,excluded_or_low_relevance,"Directly studies cementitious hydration/microstructure only when gravity, microgravity, hypergravity, or centrifugation is an experimental variable."
gravity_cement_hydration,D3,水泥水化重力效应,Gravity effects on cement hydration and microstructure,"""cement paste"" AND gravity",Cation leaching behaviors of carbonation-cured belite-rich cement paste,Hyeju Kim,2026,Results in Engineering,10.1016/j.rineng.2026.109227,https://api.elsevier.com/content/article/pii/S2590123026002689,ScienceDirect,unclear,unclear,S2590123026002689,cement paste / cement hydration products,Method inferred from ScienceDirect title/abstract,Condition present in query/title but not quantitatively stated in available metadata,ScienceDirect direct metadata did not provide enough abstract detail.,"It links gravity level or centrifugation to cement hydration, C-S-H, settling, or microstructure, matching the mechanism side of hypergravity concrete.","Medium-low: mechanistic value is high, but experiments are harder to reproduce without gravity-field equipment.",abstract unavailable or too short in API metadata,2,3,3,3,2.6,excluded_or_low_relevance,"Directly studies cementitious hydration/microstructure only when gravity, microgravity, hypergravity, or centrifugation is an experimental variable."
gravity_cement_hydration,D3,水泥水化重力效应,Gravity effects on cement hydration and microstructure,"""cement hydration"" AND microgravity",Chapter 4: Characterization of Surface Contaminants and Features,unclear,2019,"Developments in Surface Contamination and Cleaning, Volume 12",10.1016/b978-0-12-816081-7.00004-8,https://api.elsevier.com/content/article/pii/B9780128160817000048,ScienceDirect,unclear,unclear,B9780128160817000048,Concrete/cementitious material or calcium-rich object inferred from title/abstract,Method inferred from ScienceDirect title/abstract,Condition present in query/title but not quantitatively stated in available metadata,ScienceDirect direct metadata did not provide enough abstract detail.,"It links gravity level or centrifugation to cement hydration, C-S-H, settling, or microstructure, matching the mechanism side of hypergravity concrete.","Medium-low: mechanistic value is high, but experiments are harder to reproduce without gravity-field equipment.",abstract unavailable or too short in API metadata,2,3,3,3,2.6,excluded_or_low_relevance,"Directly studies cementitious hydration/microstructure only when gravity, microgravity, hypergravity, or centrifugation is an experimental variable."
gravity_cement_hydration,D3,水泥水化重力效应,Gravity effects on cement hydration and microstructure,"""cement hydration"" AND microgravity",Chapter 6.3: Extremophiles-Mediated Carbon Dioxide Sequestration,Tanvi Govil,2024,Microbial Diversity in the Genomic Era,10.1016/b978-0-443-13320-6.00017-2,https://api.elsevier.com/content/article/pii/B9780443133206000172,ScienceDirect,unclear,unclear,B9780443133206000172,Concrete/cementitious material or calcium-rich object inferred from title/abstract,Method inferred from ScienceDirect title/abstract,Condition present in query/title but not quantitatively stated in available metadata,ScienceDirect direct metadata did not provide enough abstract detail.,"It links gravity level or centrifugation to cement hydration, C-S-H, settling, or microstructure, matching the mechanism side of hypergravity concrete.","Medium-low: mechanistic value is high, but experiments are harder to reproduce without gravity-field equipment.",abstract unavailable or too short in API metadata,2,3,3,3,2.6,excluded_or_low_relevance,"Directly studies cementitious hydration/microstructure only when gravity, microgravity, hypergravity, or centrifugation is an experimental variable."
gravity_cement_hydration,D3,水泥水化重力效应,Gravity effects on cement hydration and microstructure,"""calcium silicate hydrate"" AND microgravity","Characterization, mechanical properties, and microstructural development of lunar regolith simulant-portland cement blended mixtures",Juliana Moraes Neves,2020,Construction and Building Materials,10.1016/j.conbuildmat.2020.120315,https://api.elsevier.com/content/article/pii/S0950061820323205,ScienceDirect,unclear,unclear,S0950061820323205,cementitious or calcium-rich carbonation material,Method inferred from ScienceDirect title/abstract,Condition present in query/title but not quantitatively stated in available metadata,ScienceDirect direct metadata did not provide enough abstract detail.,"It links gravity level or centrifugation to cement hydration, C-S-H, settling, or microstructure, matching the mechanism side of hypergravity concrete.","Medium-low: mechanistic value is high, but experiments are harder to reproduce without gravity-field equipment.",abstract unavailable or too short in API metadata,2,3,3,3,2.6,excluded_or_low_relevance,"Directly studies cementitious hydration/microstructure only when gravity, microgravity, hypergravity, or centrifugation is an experimental variable."
gravity_cement_hydration,D3,水泥水化重力效应,Gravity effects on cement hydration and microstructure,"""C-S-H"" AND gravity","Comparison between the effects of phosphorous slag and fly ash on the C-S-H structure, long-term hydration heat and volume deformation of cement-based materials",Lei Wang,2020,Construction and Building Materials,10.1016/j.conbuildmat.2020.118807,https://api.elsevier.com/content/article/pii/S0950061820308126,ScienceDirect,unclear,unclear,S0950061820308126,cement paste / cement hydration products,Method inferred from ScienceDirect title/abstract,Condition present in query/title but not quantitatively stated in available metadata,ScienceDirect direct metadata did not provide enough abstract detail.,"It links gravity level or centrifugation to cement hydration, C-S-H, settling, or microstructure, matching the mechanism side of hypergravity concrete.","Medium-low: mechanistic value is high, but experiments are harder to reproduce without gravity-field equipment.",abstract unavailable or too short in API metadata,2,3,3,3,2.6,excluded_or_low_relevance,"Directly studies cementitious hydration/microstructure only when gravity, microgravity, hypergravity, or centrifugation is an experimental variable."
gravity_cement_hydration,D3,水泥水化重力效应,Gravity effects on cement hydration and microstructure,"""cement solidification"" AND microgravity",Conceptual design and experimental investigation of regolith bag structures for lunar in situ construction,Charun Bao,2024,Journal of Building Engineering,10.1016/j.jobe.2024.110245,https://api.elsevier.com/content/article/pii/S2352710224018138,ScienceDirect,unclear,unclear,S2352710224018138,Concrete/cementitious material or calcium-rich object inferred from title/abstract,Method inferred from ScienceDirect title/abstract,Condition present in query/title but not quantitatively stated in available metadata,ScienceDirect direct metadata did not provide enough abstract detail.,"It links gravity level or centrifugation to cement hydration, C-S-H, settling, or microstructure, matching the mechanism side of hypergravity concrete.","Medium-low: mechanistic value is high, but experiments are harder to reproduce without gravity-field equipment.",abstract unavailable or too short in API metadata,2,3,3,3,2.6,excluded_or_low_relevance,"Directly studies cementitious hydration/microstructure only when gravity, microgravity, hypergravity, or centrifugation is an experimental variable."
gravity_cement_hydration,D3,水泥水化重力效应,Gravity effects on cement hydration and microstructure,"""cement hydration"" AND microgravity","Concrete on Mars: Options, challenges, and solutions for binder-based construction on the Red Planet",Yonathan Reches,2019,Cement and Concrete Composites,10.1016/j.cemconcomp.2019.103349,https://api.elsevier.com/content/article/pii/S0958946518312885,ScienceDirect,unclear,unclear,S0958946518312885,Concrete/cementitious material or calcium-rich object inferred from title/abstract,Method inferred from ScienceDirect title/abstract,Condition present in query/title but not quantitatively stated in available metadata,ScienceDirect direct metadata did not provide enough abstract detail.,"It links gravity level or centrifugation to cement hydration, C-S-H, settling, or microstructure, matching the mechanism side of hypergravity concrete.","Medium-low: mechanistic value is high, but experiments are harder to reproduce without gravity-field equipment.",abstract unavailable or too short in API metadata,2,3,3,3,2.6,excluded_or_low_relevance,"Directly studies cementitious hydration/microstructure only when gravity, microgravity, hypergravity, or centrifugation is an experimental variable."
gravity_cement_hydration,D3,水泥水化重力效应,Gravity effects on cement hydration and microstructure,"""cement paste"" AND gravity",Coupled polymer gelation and cement hydration in the structural build-up of xanthan gum-modified cement pastes,Huanchun Cai,2026,Construction and Building Materials,10.1016/j.conbuildmat.2026.146413,https://api.elsevier.com/content/article/pii/S095006182601319X,ScienceDirect,unclear,unclear,S095006182601319X,cement paste / cement hydration products,Method inferred from ScienceDirect title/abstract,Condition present in query/title but not quantitatively stated in available metadata,ScienceDirect direct metadata did not provide enough abstract detail.,"It links gravity level or centrifugation to cement hydration, C-S-H, settling, or microstructure, matching the mechanism side of hypergravity concrete.","Medium-low: mechanistic value is high, but experiments are harder to reproduce without gravity-field equipment.",abstract unavailable or too short in API metadata,2,3,3,3,2.6,excluded_or_low_relevance,"Directly studies cementitious hydration/microstructure only when gravity, microgravity, hypergravity, or centrifugation is an experimental variable."
gravity_cement_hydration,D3,水泥水化重力效应,Gravity effects on cement hydration and microstructure,"""calcium silicate hydrate"" AND microgravity",Cumulative Keyword Index for Volumes 293–304,unclear,2006,Journal of Colloid and Interface Science,10.1016/s0021-9797(06)01001-0,https://api.elsevier.com/content/article/pii/S0021979706010010,ScienceDirect,unclear,unclear,S0021979706010010,Concrete/cementitious material or calcium-rich object inferred from title/abstract,Method inferred from ScienceDirect title/abstract,Condition present in query/title but not quantitatively stated in available metadata,ScienceDirect direct metadata did not provide enough abstract detail.,"It links gravity level or centrifugation to cement hydration, C-S-H, settling, or microstructure, matching the mechanism side of hypergravity concrete.","Medium-low: mechanistic value is high, but experiments are harder to reproduce without gravity-field equipment.",abstract unavailable or too short in API metadata,2,3,3,3,2.6,excluded_or_low_relevance,"Directly studies cementitious hydration/microstructure only when gravity, microgravity, hypergravity, or centrifugation is an experimental variable."
gravity_cement_hydration,D3,水泥水化重力效应,Gravity effects on cement hydration and microstructure,"""calcium silicate hydrate"" AND microgravity",Cumulative Keyword Index for Volumes 305–316,unclear,2007,Journal of Colloid and Interface Science,10.1016/s0021-9797(07)01504-4,https://api.elsevier.com/content/article/pii/S0021979707015044,ScienceDirect,unclear,unclear,S0021979707015044,Concrete/cementitious material or calcium-rich object inferred from title/abstract,Method inferred from ScienceDirect title/abstract,Condition present in query/title but not quantitatively stated in available metadata,ScienceDirect direct metadata did not provide enough abstract detail.,"It links gravity level or centrifugation to cement hydration, C-S-H, settling, or microstructure, matching the mechanism side of hypergravity concrete.","Medium-low: mechanistic value is high, but experiments are harder to reproduce without gravity-field equipment.",abstract unavailable or too short in API metadata,2,3,3,3,2.6,excluded_or_low_relevance,"Directly studies cementitious hydration/microstructure only when gravity, microgravity, hypergravity, or centrifugation is an experimental variable."
gravity_cement_hydration,D3,水泥水化重力效应,Gravity effects on cement hydration and microstructure,"""cement paste"" AND gravity",Deep and reinforcement learning-driven analysis of silica flour at different temperatures on the performance of cement paste compressive strength,David Sinkhonde,2026,Progress in Engineering Science,10.1016/j.pes.2026.100276,https://api.elsevier.com/content/article/pii/S295042522600071X,ScienceDirect,unclear,unclear,S295042522600071X,cement paste / cement hydration products,Method inferred from ScienceDirect title/abstract,Condition present in query/title but not quantitatively stated in available metadata,ScienceDirect direct metadata did not provide enough abstract detail.,"It links gravity level or centrifugation to cement hydration, C-S-H, settling, or microstructure, matching the mechanism side of hypergravity concrete.","Medium-low: mechanistic value is high, but experiments are harder to reproduce without gravity-field equipment.",abstract unavailable or too short in API metadata,2,3,3,3,2.6,excluded_or_low_relevance,"Directly studies cementitious hydration/microstructure only when gravity, microgravity, hypergravity, or centrifugation is an experimental variable."
gravity_cement_hydration,D3,水泥水化重力效应,Gravity effects on cement hydration and microstructure,"""cement hydration"" AND centrifugation",Discovering the impact of triethanolamine (TEA): how TEA dosage transforms blast-furnace slag cement hydration,Qi Zhai,2025,Construction and Building Materials,10.1016/j.conbuildmat.2025.142576,https://api.elsevier.com/content/article/pii/S0950061825027278,ScienceDirect,unclear,unclear,S0950061825027278,cement paste / cement hydration products,Method inferred from ScienceDirect title/abstract,Condition present in query/title but not quantitatively stated in available metadata,ScienceDirect direct metadata did not provide enough abstract detail.,"It links gravity level or centrifugation to cement hydration, C-S-H, settling, or microstructure, matching the mechanism side of hypergravity concrete.","Medium-low: mechanistic value is high, but experiments are harder to reproduce without gravity-field equipment.",abstract unavailable or too short in API metadata,2,3,3,3,2.6,excluded_or_low_relevance,"Directly studies cementitious hydration/microstructure only when gravity, microgravity, hypergravity, or centrifugation is an experimental variable."
gravity_cement_hydration,D3,水泥水化重力效应,Gravity effects on cement hydration and microstructure,"""C-S-H"" AND gravity","Early-stage performance enhancement of concrete via commercial C-S-H seeds: From lab investigation to field implementation in Illinois, US",Faisal Qadri,2023,Case Studies in Construction Materials,10.1016/j.cscm.2023.e02353,https://api.elsevier.com/content/article/pii/S2214509523005338,ScienceDirect,unclear,unclear,S2214509523005338,cement paste / cement hydration products,Method inferred from ScienceDirect title/abstract,Condition present in query/title but not quantitatively stated in available metadata,ScienceDirect direct metadata did not provide enough abstract detail.,"It links gravity level or centrifugation to cement hydration, C-S-H, settling, or microstructure, matching the mechanism side of hypergravity concrete.","Medium-low: mechanistic value is high, but experiments are harder to reproduce without gravity-field equipment.",abstract unavailable or too short in API metadata,2,3,3,3,2.6,excluded_or_low_relevance,"Directly studies cementitious hydration/microstructure only when gravity, microgravity, hypergravity, or centrifugation is an experimental variable."
gravity_cement_hydration,D3,水泥水化重力效应,Gravity effects on cement hydration and microstructure,"""C-S-H"" AND gravity",Effect of magnesium silicate hydrate (M-S-H) formation on the local atomic arrangements and mechanical properties of calcium silicate hydrate (C-S-H): In situ X-ray scattering study,Gyeongryul Kim,2022,Cement and Concrete Research,10.1016/j.cemconres.2022.106869,https://api.elsevier.com/content/article/pii/S0008884622001612,ScienceDirect,unclear,unclear,S0008884622001612,cement paste / cement hydration products,Method inferred from ScienceDirect title/abstract,Condition present in query/title but not quantitatively stated in available metadata,ScienceDirect direct metadata did not provide enough abstract detail.,"It links gravity level or centrifugation to cement hydration, C-S-H, settling, or microstructure, matching the mechanism side of hypergravity concrete.","Medium-low: mechanistic value is high, but experiments are harder to reproduce without gravity-field equipment.",abstract unavailable or too short in API metadata,2,3,3,3,2.6,excluded_or_low_relevance,"Directly studies cementitious hydration/microstructure only when gravity, microgravity, hypergravity, or centrifugation is an experimental variable."
gravity_cement_hydration,D3,水泥水化重力效应,Gravity effects on cement hydration and microstructure,"""C-S-H"" AND gravity",Effect of normal and PCE-Modified C-S-H seeds on cement paste properties: A statistical approach using local polynomial regression and functional ANOVA,Aaditya Bikram Chand,2025,Developments in the Built Environment,10.1016/j.dibe.2025.100764,https://api.elsevier.com/content/article/pii/S2666165925001644,ScienceDirect,unclear,unclear,S2666165925001644,cement paste / cement hydration products,Method inferred from ScienceDirect title/abstract,Condition present in query/title but not quantitatively stated in available metadata,ScienceDirect direct metadata did not provide enough abstract detail.,"It links gravity level or centrifugation to cement hydration, C-S-H, settling, or microstructure, matching the mechanism side of hypergravity concrete.","Medium-low: mechanistic value is high, but experiments are harder to reproduce without gravity-field equipment.",abstract unavailable or too short in API metadata,2,3,3,3,2.6,excluded_or_low_relevance,"Directly studies cementitious hydration/microstructure only when gravity, microgravity, hypergravity, or centrifugation is an experimental variable."
gravity_cement_hydration,D3,水泥水化重力效应,Gravity effects on cement hydration and microstructure,"""cement hydration"" AND centrifugation",Effect of polycarboxylate superplasticizer grafted on graphene oxide on cement hydration,Yizhou Zhu,2026,Colloids and Surfaces A: Physicochemical and Engineering Aspects,10.1016/j.colsurfa.2025.139457,https://api.elsevier.com/content/article/pii/S0927775725033618,ScienceDirect,unclear,unclear,S0927775725033618,cement paste / cement hydration products,Method inferred from ScienceDirect title/abstract,Condition present in query/title but not quantitatively stated in available metadata,ScienceDirect direct metadata did not provide enough abstract detail.,"It links gravity level or centrifugation to cement hydration, C-S-H, settling, or microstructure, matching the mechanism side of hypergravity concrete.","Medium-low: mechanistic value is high, but experiments are harder to reproduce without gravity-field equipment.",abstract unavailable or too short in API metadata,2,3,3,3,2.6,excluded_or_low_relevance,"Directly studies cementitious hydration/microstructure only when gravity, microgravity, hypergravity, or centrifugation is an experimental variable."
gravity_cement_hydration,D3,水泥水化重力效应,Gravity effects on cement hydration and microstructure,"""cement paste"" AND gravity",Effect of polycarboxylate superplasticizer on the adsorption and dispersion of cement paste containing recycled concrete powder,Minjie Hou,2026,Journal of Building Engineering,10.1016/j.jobe.2026.115548,https://api.elsevier.com/content/article/pii/S2352710226003694,ScienceDirect,unclear,unclear,S2352710226003694,cement paste / cement hydration products,Method inferred from ScienceDirect title/abstract,Condition present in query/title but not quantitatively stated in available metadata,ScienceDirect direct metadata did not provide enough abstract detail.,"It links gravity level or centrifugation to cement hydration, C-S-H, settling, or microstructure, matching the mechanism side of hypergravity concrete.","Medium-low: mechanistic value is high, but experiments are harder to reproduce without gravity-field equipment.",abstract unavailable or too short in API metadata,2,3,3,3,2.6,excluded_or_low_relevance,"Directly studies cementitious hydration/microstructure only when gravity, microgravity, hypergravity, or centrifugation is an experimental variable."
gravity_cement_hydration,D3,水泥水化重力效应,Gravity effects on cement hydration and microstructure,"""cement hydration"" AND centrifugation",Effect of power ultrasound treatment on cement hydration in the presence of polycarboxylate,Jing Wang,2025,Construction and Building Materials,10.1016/j.conbuildmat.2024.139493,https://api.elsevier.com/content/article/pii/S095006182404635X,ScienceDirect,unclear,unclear,S095006182404635X,cement paste / cement hydration products,Method inferred from ScienceDirect title/abstract,Condition present in query/title but not quantitatively stated in available metadata,ScienceDirect direct metadata did not provide enough abstract detail.,"It links gravity level or centrifugation to cement hydration, C-S-H, settling, or microstructure, matching the mechanism side of hypergravity concrete.","Medium-low: mechanistic value is high, but experiments are harder to reproduce without gravity-field equipment.",abstract unavailable or too short in API metadata,2,3,3,3,2.6,excluded_or_low_relevance,"Directly studies cementitious hydration/microstructure only when gravity, microgravity, hypergravity, or centrifugation is an experimental variable."
gravity_cement_hydration,D3,水泥水化重力效应,Gravity effects on cement hydration and microstructure,"""cement paste"" AND gravity","Effect of silica fume and water-to-binder ratio on workability, strength, and CO₂ emissions of cement pastes: A response surface methodology approach",Melissa Cindy Merino Llaves,2026,Progress in Engineering Science,10.1016/j.pes.2026.100232,https://api.elsevier.com/content/article/pii/S2950425226000277,ScienceDirect,unclear,unclear,S2950425226000277,cement paste / cement hydration products,Method inferred from ScienceDirect title/abstract,Condition present in query/title but not quantitatively stated in available metadata,ScienceDirect direct metadata did not provide enough abstract detail.,"It links gravity level or centrifugation to cement hydration, C-S-H, settling, or microstructure, matching the mechanism side of hypergravity concrete.","Medium-low: mechanistic value is high, but experiments are harder to reproduce without gravity-field equipment.",abstract unavailable or too short in API metadata,2,3,3,3,2.6,excluded_or_low_relevance,"Directly studies cementitious hydration/microstructure only when gravity, microgravity, hypergravity, or centrifugation is an experimental variable."
gravity_cement_hydration,D3,水泥水化重力效应,Gravity effects on cement hydration and microstructure,"""cement hydration"" AND hypergravity",Effects of biochar on plant growth and hydro-chemical properties of recycled concrete aggregate,Haowen Guo,2023,Science of The Total Environment,10.1016/j.scitotenv.2023.163557,https://api.elsevier.com/content/article/pii/S0048969723021769,ScienceDirect,unclear,unclear,S0048969723021769,Concrete/cementitious material or calcium-rich object inferred from title/abstract,Method inferred from ScienceDirect title/abstract,Condition present in query/title but not quantitatively stated in available metadata,ScienceDirect direct metadata did not provide enough abstract detail.,"It links gravity level or centrifugation to cement hydration, C-S-H, settling, or microstructure, matching the mechanism side of hypergravity concrete.","Medium-low: mechanistic value is high, but experiments are harder to reproduce without gravity-field equipment.",abstract unavailable or too short in API metadata,2,3,3,3,2.6,excluded_or_low_relevance,"Directly studies cementitious hydration/microstructure only when gravity, microgravity, hypergravity, or centrifugation is an experimental variable."
gravity_cement_hydration,D3,水泥水化重力效应,Gravity effects on cement hydration and microstructure,"""C-S-H"" AND gravity",Effects of nanoscale C-S-H seeds dispersed in PCE on rheological and early mechanical properties of mortar,Weisong Yin,2024,Case Studies in Construction Materials,10.1016/j.cscm.2024.e04035,https://api.elsevier.com/content/article/pii/S2214509524011872,ScienceDirect,unclear,unclear,S2214509524011872,cement paste / cement hydration products,Method inferred from ScienceDirect title/abstract,Condition present in query/title but not quantitatively stated in available metadata,ScienceDirect direct metadata did not provide enough abstract detail.,"It links gravity level or centrifugation to cement hydration, C-S-H, settling, or microstructure, matching the mechanism side of hypergravity concrete.","Medium-low: mechanistic value is high, but experiments are harder to reproduce without gravity-field equipment.",abstract unavailable or too short in API metadata,2,3,3,3,2.6,excluded_or_low_relevance,"Directly studies cementitious hydration/microstructure only when gravity, microgravity, hypergravity, or centrifugation is an experimental variable."
gravity_cement_hydration,D3,水泥水化重力效应,Gravity effects on cement hydration and microstructure,"""cement hydration"" AND microgravity",Effects of temperature rising inhibitor on nucleation and growth process of ettringite,Hao Zhang,2019,Journal of Solid State Chemistry,10.1016/j.jssc.2019.03.037,https://api.elsevier.com/content/article/pii/S0022459619301471,ScienceDirect,unclear,unclear,S0022459619301471,Concrete/cementitious material or calcium-rich object inferred from title/abstract,Method inferred from ScienceDirect title/abstract,Condition present in query/title but not quantitatively stated in available metadata,ScienceDirect direct metadata did not provide enough abstract detail.,"It links gravity level or centrifugation to cement hydration, C-S-H, settling, or microstructure, matching the mechanism side of hypergravity concrete.","Medium-low: mechanistic value is high, but experiments are harder to reproduce without gravity-field equipment.",abstract unavailable or too short in API metadata,2,3,3,3,2.6,excluded_or_low_relevance,"Directly studies cementitious hydration/microstructure only when gravity, microgravity, hypergravity, or centrifugation is an experimental variable."
gravity_cement_hydration,D3,水泥水化重力效应,Gravity effects on cement hydration and microstructure,"""C-S-H"" AND gravity",Enhancing long-term strength of liquid-accelerated shotcrete: Effect of nano-silica and synthesized nano-crystalline C-S-H seeds,Mustapha Jamaa Garba,2025,Construction and Building Materials,10.1016/j.conbuildmat.2024.139798,https://api.elsevier.com/content/article/pii/S0950061824049407,ScienceDirect,unclear,unclear,S0950061824049407,cement paste / cement hydration products,Method inferred from ScienceDirect title/abstract,Condition present in query/title but not quantitatively stated in available metadata,ScienceDirect direct metadata did not provide enough abstract detail.,"It links gravity level or centrifugation to cement hydration, C-S-H, settling, or microstructure, matching the mechanism side of hypergravity concrete.","Medium-low: mechanistic value is high, but experiments are harder to reproduce without gravity-field equipment.",abstract unavailable or too short in API metadata,2,3,3,3,2.6,excluded_or_low_relevance,"Directly studies cementitious hydration/microstructure only when gravity, microgravity, hypergravity, or centrifugation is an experimental variable."
gravity_cement_hydration,D3,水泥水化重力效应,Gravity effects on cement hydration and microstructure,"""cement hydration"" AND centrifugation",Enhancing thermal energy storage and cement hydration control in concrete: Silica-encapsulated nanometric n-octadecane phase change materials,Soumen Mandal,2025,Journal of Building Engineering,10.1016/j.jobe.2025.114084,https://api.elsevier.com/content/article/pii/S2352710225023216,ScienceDirect,unclear,unclear,S2352710225023216,cement paste / cement hydration products,Method inferred from ScienceDirect title/abstract,Condition present in query/title but not quantitatively stated in available metadata,ScienceDirect direct metadata did not provide enough abstract detail.,"It links gravity level or centrifugation to cement hydration, C-S-H, settling, or microstructure, matching the mechanism side of hypergravity concrete.","Medium-low: mechanistic value is high, but experiments are harder to reproduce without gravity-field equipment.",abstract unavailable or too short in API metadata,2,3,3,3,2.6,excluded_or_low_relevance,"Directly studies cementitious hydration/microstructure only when gravity, microgravity, hypergravity, or centrifugation is an experimental variable."
gravity_cement_hydration,D3,水泥水化重力效应,Gravity effects on cement hydration and microstructure,"""C-S-H"" AND gravity",Estimate the relative electrical conductivity of C–S–H gel from experimental results,Hongyan Ma,2014,Construction and Building Materials,10.1016/j.conbuildmat.2014.08.036,https://api.elsevier.com/content/article/pii/S0950061814009477,ScienceDirect,unclear,unclear,S0950061814009477,Concrete/cementitious material or calcium-rich object inferred from title/abstract,Method inferred from ScienceDirect title/abstract,Condition present in query/title but not quantitatively stated in available metadata,ScienceDirect direct metadata did not provide enough abstract detail.,"It links gravity level or centrifugation to cement hydration, C-S-H, settling, or microstructure, matching the mechanism side of hypergravity concrete.","Medium-low: mechanistic value is high, but experiments are harder to reproduce without gravity-field equipment.",abstract unavailable or too short in API metadata,2,3,3,3,2.6,excluded_or_low_relevance,"Directly studies cementitious hydration/microstructure only when gravity, microgravity, hypergravity, or centrifugation is an experimental variable."
gravity_cement_hydration,D3,水泥水化重力效应,Gravity effects on cement hydration and microstructure,"""cement paste"" AND gravity",Estimating the hydration degree of cement paste using micro X-ray computed tomography (X-ray μCT),Gui Li,2025,Journal of Building Engineering,10.1016/j.jobe.2025.114310,https://api.elsevier.com/content/article/pii/S2352710225025471,ScienceDirect,unclear,unclear,S2352710225025471,cement paste / cement hydration products,Method inferred from ScienceDirect title/abstract,Condition present in query/title but not quantitatively stated in available metadata,ScienceDirect direct metadata did not provide enough abstract detail.,"It links gravity level or centrifugation to cement hydration, C-S-H, settling, or microstructure, matching the mechanism side of hypergravity concrete.","Medium-low: mechanistic value is high, but experiments are harder to reproduce without gravity-field equipment.",abstract unavailable or too short in API metadata,2,3,3,3,2.6,excluded_or_low_relevance,"Directly studies cementitious hydration/microstructure only when gravity, microgravity, hypergravity, or centrifugation is an experimental variable."
gravity_cement_hydration,D3,水泥水化重力效应,Gravity effects on cement hydration and microstructure,"""cement solidification"" AND microgravity","Exploiting biocementation for Martian construction: pathways, challenges, and research gaps",Shiva Khoshtinat,2026,Advances in Space Research,10.1016/j.asr.2025.10.061,https://api.elsevier.com/content/article/pii/S0273117725012086,ScienceDirect,unclear,unclear,S0273117725012086,cementitious or calcium-rich carbonation material,Method inferred from ScienceDirect title/abstract,Condition present in query/title but not quantitatively stated in available metadata,ScienceDirect direct metadata did not provide enough abstract detail.,"It links gravity level or centrifugation to cement hydration, C-S-H, settling, or microstructure, matching the mechanism side of hypergravity concrete.","Medium-low: mechanistic value is high, but experiments are harder to reproduce without gravity-field equipment.",abstract unavailable or too short in API metadata,2,3,3,3,2.6,excluded_or_low_relevance,"Directly studies cementitious hydration/microstructure only when gravity, microgravity, hypergravity, or centrifugation is an experimental variable."
gravity_cement_hydration,D3,水泥水化重力效应,Gravity effects on cement hydration and microstructure,"""cement hydration"" AND microgravity",Feasibility study on in-situ development of cement-based materials from lunar regolith,Shiqin He,2025,Space Habitation,10.1016/j.spaceh.2025.100031,https://api.elsevier.com/content/article/pii/S2950616625000294,ScienceDirect,unclear,unclear,S2950616625000294,cementitious or calcium-rich carbonation material,Method inferred from ScienceDirect title/abstract,Condition present in query/title but not quantitatively stated in available metadata,ScienceDirect direct metadata did not provide enough abstract detail.,"It links gravity level or centrifugation to cement hydration, C-S-H, settling, or microstructure, matching the mechanism side of hypergravity concrete.","Medium-low: mechanistic value is high, but experiments are harder to reproduce without gravity-field equipment.",abstract unavailable or too short in API metadata,2,3,3,3,2.6,excluded_or_low_relevance,"Directly studies cementitious hydration/microstructure only when gravity, microgravity, hypergravity, or centrifugation is an experimental variable."
gravity_cement_hydration,D3,水泥水化重力效应,Gravity effects on cement hydration and microstructure,"""cement solidification"" AND microgravity",Fiber-reinforced lunar geopolymers synthesized using lunar regolith simulants,Solomon Debbarma,2024,Acta Astronautica,10.1016/j.actaastro.2023.11.013,https://api.elsevier.com/content/article/pii/S009457652300574X,ScienceDirect,unclear,unclear,S009457652300574X,Concrete/cementitious material or calcium-rich object inferred from title/abstract,Method inferred from ScienceDirect title/abstract,Condition present in query/title but not quantitatively stated in available metadata,ScienceDirect direct metadata did not provide enough abstract detail.,"It links gravity level or centrifugation to cement hydration, C-S-H, settling, or microstructure, matching the mechanism side of hypergravity concrete.","Medium-low: mechanistic value is high, but experiments are harder to reproduce without gravity-field equipment.",abstract unavailable or too short in API metadata,2,3,3,3,2.6,excluded_or_low_relevance,"Directly studies cementitious hydration/microstructure only when gravity, microgravity, hypergravity, or centrifugation is an experimental variable."
gravity_cement_hydration,D3,水泥水化重力效应,Gravity effects on cement hydration and microstructure,"""cement hydration"" AND microgravity",Formation of Chemical Gardens,Julyan H. E. Cartwright,2002,Journal of Colloid and Interface Science,10.1006/jcis.2002.8620,https://api.elsevier.com/content/article/pii/S0021979702986200,ScienceDirect,unclear,unclear,S0021979702986200,Concrete/cementitious material or calcium-rich object inferred from title/abstract,Method inferred from ScienceDirect title/abstract,Condition present in query/title but not quantitatively stated in available metadata,ScienceDirect direct metadata did not provide enough abstract detail.,"It links gravity level or centrifugation to cement hydration, C-S-H, settling, or microstructure, matching the mechanism side of hypergravity concrete.","Medium-low: mechanistic value is high, but experiments are harder to reproduce without gravity-field equipment.",abstract unavailable or too short in API metadata,2,3,3,3,2.6,excluded_or_low_relevance,"Directly studies cementitious hydration/microstructure only when gravity, microgravity, hypergravity, or centrifugation is an experimental variable."
gravity_cement_hydration,D3,水泥水化重力效应,Gravity effects on cement hydration and microstructure,"""cement hydration"" AND centrifugation",Formation pathways and nanoscale texture of calcium silicate hydrate in cement hydration: Full-atom decoding of hydration microstructure,Yu Zhang,2026,Construction and Building Materials,10.1016/j.conbuildmat.2026.146176,https://api.elsevier.com/content/article/pii/S0950061826010822,ScienceDirect,unclear,unclear,S0950061826010822,cement paste / cement hydration products,Method inferred from ScienceDirect title/abstract,Condition present in query/title but not quantitatively stated in available metadata,ScienceDirect direct metadata did not provide enough abstract detail.,"It links gravity level or centrifugation to cement hydration, C-S-H, settling, or microstructure, matching the mechanism side of hypergravity concrete.","Medium-low: mechanistic value is high, but experiments are harder to reproduce without gravity-field equipment.",abstract unavailable or too short in API metadata,2,3,3,3,2.6,excluded_or_low_relevance,"Directly studies cementitious hydration/microstructure only when gravity, microgravity, hypergravity, or centrifugation is an experimental variable."
gravity_cement_hydration,D3,水泥水化重力效应,Gravity effects on cement hydration and microstructure,"""cement paste"" AND gravity",Four-stage model of cement pastes’ yield stress versus polysaccharide concentration: Mechanistic elucidation via xanthan gum,Huanchun Cai,2025,Construction and Building Materials,10.1016/j.conbuildmat.2025.144632,https://api.elsevier.com/content/article/pii/S0950061825047841,ScienceDirect,unclear,unclear,S0950061825047841,cement paste / cement hydration products,Method inferred from ScienceDirect title/abstract,Condition present in query/title but not quantitatively stated in available metadata,ScienceDirect direct metadata did not provide enough abstract detail.,"It links gravity level or centrifugation to cement hydration, C-S-H, settling, or microstructure, matching the mechanism side of hypergravity concrete.","Medium-low: mechanistic value is high, but experiments are harder to reproduce without gravity-field equipment.",abstract unavailable or too short in API metadata,2,3,3,3,2.6,excluded_or_low_relevance,"Directly studies cementitious hydration/microstructure only when gravity, microgravity, hypergravity, or centrifugation is an experimental variable."
gravity_cement_hydration,D3,水泥水化重力效应,Gravity effects on cement hydration and microstructure,"""cement paste"" AND gravity",From static to continuous shear: Unraveling the time-dependent evolution of cement paste rheology,Tengfei Feng,2026,Cement and Concrete Research,10.1016/j.cemconres.2026.108228,https://api.elsevier.com/content/article/pii/S0008884626000979,ScienceDirect,unclear,unclear,S0008884626000979,cement paste / cement hydration products,Method inferred from ScienceDirect title/abstract,Condition present in query/title but not quantitatively stated in available metadata,ScienceDirect direct metadata did not provide enough abstract detail.,"It links gravity level or centrifugation to cement hydration, C-S-H, settling, or microstructure, matching the mechanism side of hypergravity concrete.","Medium-low: mechanistic value is high, but experiments are harder to reproduce without gravity-field equipment.",abstract unavailable or too short in API metadata,2,3,3,3,2.6,excluded_or_low_relevance,"Directly studies cementitious hydration/microstructure only when gravity, microgravity, hypergravity, or centrifugation is an experimental variable."
gravity_cement_hydration,D3,水泥水化重力效应,Gravity effects on cement hydration and microstructure,"""cement paste"" AND gravity","Fumed silica modulation of 3D-printed cement paste: Rheology, microstructure, and printability",Yong Mao,2026,Construction and Building Materials,10.1016/j.conbuildmat.2026.146019,https://api.elsevier.com/content/article/pii/S0950061826009256,ScienceDirect,unclear,unclear,S0950061826009256,cement paste / cement hydration products,Method inferred from ScienceDirect title/abstract,Condition present in query/title but not quantitatively stated in available metadata,ScienceDirect direct metadata did not provide enough abstract detail.,"It links gravity level or centrifugation to cement hydration, C-S-H, settling, or microstructure, matching the mechanism side of hypergravity concrete.","Medium-low: mechanistic value is high, but experiments are harder to reproduce without gravity-field equipment.",abstract unavailable or too short in API metadata,2,3,3,3,2.6,excluded_or_low_relevance,"Directly studies cementitious hydration/microstructure only when gravity, microgravity, hypergravity, or centrifugation is an experimental variable."
gravity_cement_hydration,D3,水泥水化重力效应,Gravity effects on cement hydration and microstructure,"""cement hydration"" AND centrifugation",High energy X-ray scattering reveals the short-range order of proto-C-S-H: Implications for the nucleation of cement hydrates,R. Besselink,2025,Cement and Concrete Research,10.1016/j.cemconres.2025.107855,https://api.elsevier.com/content/article/pii/S0008884625000742,ScienceDirect,unclear,unclear,S0008884625000742,cement paste / cement hydration products,Method inferred from ScienceDirect title/abstract,Condition present in query/title but not quantitatively stated in available metadata,ScienceDirect direct metadata did not provide enough abstract detail.,"It links gravity level or centrifugation to cement hydration, C-S-H, settling, or microstructure, matching the mechanism side of hypergravity concrete.","Medium-low: mechanistic value is high, but experiments are harder to reproduce without gravity-field equipment.",abstract unavailable or too short in API metadata,2,3,3,3,2.6,excluded_or_low_relevance,"Directly studies cementitious hydration/microstructure only when gravity, microgravity, hypergravity, or centrifugation is an experimental variable."
gravity_cement_hydration,D3,水泥水化重力效应,Gravity effects on cement hydration and microstructure,"""cement paste"" AND gravity",How does competitive adsorption between VMA and PCE influence yield stress of cement paste? A novel insight from interparticle forces and percolation threshold,Huamin Sun,2026,Cement and Concrete Research,10.1016/j.cemconres.2026.108233,https://api.elsevier.com/content/article/pii/S000888462600102X,ScienceDirect,unclear,unclear,S000888462600102X,cement paste / cement hydration products,Method inferred from ScienceDirect title/abstract,Condition present in query/title but not quantitatively stated in available metadata,ScienceDirect direct metadata did not provide enough abstract detail.,"It links gravity level or centrifugation to cement hydration, C-S-H, settling, or microstructure, matching the mechanism side of hypergravity concrete.","Medium-low: mechanistic value is high, but experiments are harder to reproduce without gravity-field equipment.",abstract unavailable or too short in API metadata,2,3,3,3,2.6,excluded_or_low_relevance,"Directly studies cementitious hydration/microstructure only when gravity, microgravity, hypergravity, or centrifugation is an experimental variable."
gravity_cement_hydration,D3,水泥水化重力效应,Gravity effects on cement hydration and microstructure,"""cement hydration"" AND microgravity",Hydration of tricalcium aluminate and gypsum pastes on the International Space Station,Peter J. Collins,2021,Construction and Building Materials,10.1016/j.conbuildmat.2021.122919,https://api.elsevier.com/content/article/pii/S0950061821006796,ScienceDirect,unclear,unclear,S0950061821006796,Concrete/cementitious material or calcium-rich object inferred from title/abstract,Method inferred from ScienceDirect title/abstract,Condition present in query/title but not quantitatively stated in available metadata,ScienceDirect direct metadata did not provide enough abstract detail.,"It links gravity level or centrifugation to cement hydration, C-S-H, settling, or microstructure, matching the mechanism side of hypergravity concrete.","Medium-low: mechanistic value is high, but experiments are harder to reproduce without gravity-field equipment.",abstract unavailable or too short in API metadata,2,3,3,3,2.6,excluded_or_low_relevance,"Directly studies cementitious hydration/microstructure only when gravity, microgravity, hypergravity, or centrifugation is an experimental variable."
gravity_cement_hydration,D3,水泥水化重力效应,Gravity effects on cement hydration and microstructure,"""C-S-H"" AND gravity",Impact of Ca/Si and Al/Si ratios on the composition and structure of the alumina-silica gel formed by wet carbonation of synthesized C-S-H in blends with portlandite and ettringite,Jiayi Song,2025,Cement and Concrete Research,10.1016/j.cemconres.2025.107931,https://api.elsevier.com/content/article/pii/S0008884625001504,ScienceDirect,unclear,unclear,S0008884625001504,cement paste / cement hydration products,Method inferred from ScienceDirect title/abstract,Condition present in query/title but not quantitatively stated in available metadata,ScienceDirect direct metadata did not provide enough abstract detail.,"It links gravity level or centrifugation to cement hydration, C-S-H, settling, or microstructure, matching the mechanism side of hypergravity concrete.","Medium-low: mechanistic value is high, but experiments are harder to reproduce without gravity-field equipment.",abstract unavailable or too short in API metadata,2,3,3,3,2.6,excluded_or_low_relevance,"Directly studies cementitious hydration/microstructure only when gravity, microgravity, hypergravity, or centrifugation is an experimental variable."
gravity_cement_hydration,D3,水泥水化重力效应,Gravity effects on cement hydration and microstructure,"""cement paste"" AND gravity",Improving the mechanical properties of cement paste with carbonated blast furnace slag by tailoring CaCO 3 polymorphs and increasing carbonation degree,Hammad Ahmed Shah,2026,Cement and Concrete Composites,10.1016/j.cemconcomp.2025.106343,https://api.elsevier.com/content/article/pii/S0958946525004251,ScienceDirect,unclear,unclear,S0958946525004251,cement paste / cement hydration products,Method inferred from ScienceDirect title/abstract,Condition present in query/title but not quantitatively stated in available metadata,ScienceDirect direct metadata did not provide enough abstract detail.,"It links gravity level or centrifugation to cement hydration, C-S-H, settling, or microstructure, matching the mechanism side of hypergravity concrete.","Medium-low: mechanistic value is high, but experiments are harder to reproduce without gravity-field equipment.",abstract unavailable or too short in API metadata,2,3,3,3,2.6,excluded_or_low_relevance,"Directly studies cementitious hydration/microstructure only when gravity, microgravity, hypergravity, or centrifugation is an experimental variable."
gravity_cement_hydration,D3,水泥水化重力效应,Gravity effects on cement hydration and microstructure,"""cement paste"" AND gravity","Influence of hydrophilic polymers contamination on hydration, hardened properties, and microstructure of cement paste",Matthew Zhi Yeon Ting,2026,Journal of Building Engineering,10.1016/j.jobe.2026.115246,https://api.elsevier.com/content/article/pii/S2352710226000677,ScienceDirect,unclear,unclear,S2352710226000677,cement paste / cement hydration products,Method inferred from ScienceDirect title/abstract,Condition present in query/title but not quantitatively stated in available metadata,ScienceDirect direct metadata did not provide enough abstract detail.,"It links gravity level or centrifugation to cement hydration, C-S-H, settling, or microstructure, matching the mechanism side of hypergravity concrete.","Medium-low: mechanistic value is high, but experiments are harder to reproduce without gravity-field equipment.",abstract unavailable or too short in API metadata,2,3,3,3,2.6,excluded_or_low_relevance,"Directly studies cementitious hydration/microstructure only when gravity, microgravity, hypergravity, or centrifugation is an experimental variable."
gravity_cement_hydration,D3,水泥水化重力效应,Gravity effects on cement hydration and microstructure,"""cement hydration"" AND centrifugation","Interaction between demulsification, curing of waterborne epoxy resin emulsions and cement hydration",Yansheng Wang,2024,Journal of Building Engineering,10.1016/j.jobe.2024.109639,https://api.elsevier.com/content/article/pii/S2352710224012075,ScienceDirect,unclear,unclear,S2352710224012075,cement paste / cement hydration products,Method inferred from ScienceDirect title/abstract,Condition present in query/title but not quantitatively stated in available metadata,ScienceDirect direct metadata did not provide enough abstract detail.,"It links gravity level or centrifugation to cement hydration, C-S-H, settling, or microstructure, matching the mechanism side of hypergravity concrete.","Medium-low: mechanistic value is high, but experiments are harder to reproduce without gravity-field equipment.",abstract unavailable or too short in API metadata,2,3,3,3,2.6,excluded_or_low_relevance,"Directly studies cementitious hydration/microstructure only when gravity, microgravity, hypergravity, or centrifugation is an experimental variable."
gravity_cement_hydration,D3,水泥水化重力效应,Gravity effects on cement hydration and microstructure,"""C-S-H"" AND gravity",Investigation of compressive creep of calcium-silicate-hydrates (C-S-H) in hardened cement paste through micropillar testing,Weiqiang Guo,2024,Cement and Concrete Research,10.1016/j.cemconres.2024.107427,https://api.elsevier.com/content/article/pii/S0008884624000085,ScienceDirect,unclear,unclear,S0008884624000085,cement paste / cement hydration products,Method inferred from ScienceDirect title/abstract,Condition present in query/title but not quantitatively stated in available metadata,ScienceDirect direct metadata did not provide enough abstract detail.,"It links gravity level or centrifugation to cement hydration, C-S-H, settling, or microstructure, matching the mechanism side of hypergravity concrete.","Medium-low: mechanistic value is high, but experiments are harder to reproduce without gravity-field equipment.",abstract unavailable or too short in API metadata,2,3,3,3,2.6,excluded_or_low_relevance,"Directly studies cementitious hydration/microstructure only when gravity, microgravity, hypergravity, or centrifugation is an experimental variable."
gravity_cement_hydration,D3,水泥水化重力效应,Gravity effects on cement hydration and microstructure,"""cement paste"" AND gravity",Investigation on mechanical properties and micro-mechanisms of low-carbon cemented paste backfill utilizing steel-slag binder,Fan Wu,2026,Powder Technology,10.1016/j.powtec.2026.122673,https://api.elsevier.com/content/article/pii/S0032591026005620,ScienceDirect,unclear,unclear,S0032591026005620,cementitious or calcium-rich carbonation material,Method inferred from ScienceDirect title/abstract,Condition present in query/title but not quantitatively stated in available metadata,ScienceDirect direct metadata did not provide enough abstract detail.,"It links gravity level or centrifugation to cement hydration, C-S-H, settling, or microstructure, matching the mechanism side of hypergravity concrete.","Medium-low: mechanistic value is high, but experiments are harder to reproduce without gravity-field equipment.",abstract unavailable or too short in API metadata,2,3,3,3,2.6,excluded_or_low_relevance,"Directly studies cementitious hydration/microstructure only when gravity, microgravity, hypergravity, or centrifugation is an experimental variable."
gravity_cement_hydration,D3,水泥水化重力效应,Gravity effects on cement hydration and microstructure,"""cement hydration"" AND centrifugation",Iron-modified cement hydration regulates DOM transformation and carbon stabilization in soil-concrete systems during rainfall-runoff,Qiao Li,2026,Environmental Research,10.1016/j.envres.2026.124123,https://api.elsevier.com/content/article/pii/S0013935126004512,ScienceDirect,unclear,unclear,S0013935126004512,cement paste / cement hydration products,Method inferred from ScienceDirect title/abstract,Condition present in query/title but not quantitatively stated in available metadata,ScienceDirect direct metadata did not provide enough abstract detail.,"It links gravity level or centrifugation to cement hydration, C-S-H, settling, or microstructure, matching the mechanism side of hypergravity concrete.","Medium-low: mechanistic value is high, but experiments are harder to reproduce without gravity-field equipment.",abstract unavailable or too short in API metadata,2,3,3,3,2.6,excluded_or_low_relevance,"Directly studies cementitious hydration/microstructure only when gravity, microgravity, hypergravity, or centrifugation is an experimental variable."
gravity_cement_hydration,D3,水泥水化重力效应,Gravity effects on cement hydration and microstructure,"""cement hydration"" AND microgravity",Martian buildings: Feasible cement/concrete for onsite sustainable construction from the structural point of view,Omid Karimzade Soureshjani,2025,Acta Astronautica,10.1016/j.actaastro.2024.10.056,https://api.elsevier.com/content/article/pii/S0094576524006301,ScienceDirect,unclear,unclear,S0094576524006301,cementitious or calcium-rich carbonation material,Method inferred from ScienceDirect title/abstract,Condition present in query/title but not quantitatively stated in available metadata,ScienceDirect direct metadata did not provide enough abstract detail.,"It links gravity level or centrifugation to cement hydration, C-S-H, settling, or microstructure, matching the mechanism side of hypergravity concrete.","Medium-low: mechanistic value is high, but experiments are harder to reproduce without gravity-field equipment.",abstract unavailable or too short in API metadata,2,3,3,3,2.6,excluded_or_low_relevance,"Directly studies cementitious hydration/microstructure only when gravity, microgravity, hypergravity, or centrifugation is an experimental variable."
gravity_cement_hydration,D3,水泥水化重力效应,Gravity effects on cement hydration and microstructure,"""cement solidification"" AND microgravity",Materials characterization of various lunar regolith simulants for use in geopolymer lunar concrete,Peter J. Collins,2022,Advances in Space Research,10.1016/j.asr.2022.03.012,https://api.elsevier.com/content/article/pii/S0273117722001983,ScienceDirect,unclear,unclear,S0273117722001983,Concrete/cementitious material or calcium-rich object inferred from title/abstract,Method inferred from ScienceDirect title/abstract,Condition present in query/title but not quantitatively stated in available metadata,ScienceDirect direct metadata did not provide enough abstract detail.,"It links gravity level or centrifugation to cement hydration, C-S-H, settling, or microstructure, matching the mechanism side of hypergravity concrete.","Medium-low: mechanistic value is high, but experiments are harder to reproduce without gravity-field equipment.",abstract unavailable or too short in API metadata,2,3,3,3,2.6,excluded_or_low_relevance,"Directly studies cementitious hydration/microstructure only when gravity, microgravity, hypergravity, or centrifugation is an experimental variable."
gravity_cement_hydration,D3,水泥水化重力效应,Gravity effects on cement hydration and microstructure,"""C-S-H"" AND gravity",Nanoconfined ion exchange mechanisms: The interactive process between aggressive ions and C-S-H Gel pore solution,Dongshuai Hou,2025,Construction and Building Materials,10.1016/j.conbuildmat.2025.141856,https://api.elsevier.com/content/article/pii/S0950061825020070,ScienceDirect,unclear,unclear,S0950061825020070,cement paste / cement hydration products,Method inferred from ScienceDirect title/abstract,Condition present in query/title but not quantitatively stated in available metadata,ScienceDirect direct metadata did not provide enough abstract detail.,"It links gravity level or centrifugation to cement hydration, C-S-H, settling, or microstructure, matching the mechanism side of hypergravity concrete.","Medium-low: mechanistic value is high, but experiments are harder to reproduce without gravity-field equipment.",abstract unavailable or too short in API metadata,2,3,3,3,2.6,excluded_or_low_relevance,"Directly studies cementitious hydration/microstructure only when gravity, microgravity, hypergravity, or centrifugation is an experimental variable."
gravity_cement_hydration,D3,水泥水化重力效应,Gravity effects on cement hydration and microstructure,"""cement hydration"" AND centrifugation",New insights into the retardation mechanism of phosphorus slag on the early cement hydration,Shiyu Zhuang,2025,Cement and Concrete Composites,10.1016/j.cemconcomp.2025.105963,https://api.elsevier.com/content/article/pii/S0958946525000459,ScienceDirect,unclear,unclear,S0958946525000459,cement paste / cement hydration products,Method inferred from ScienceDirect title/abstract,Condition present in query/title but not quantitatively stated in available metadata,ScienceDirect direct metadata did not provide enough abstract detail.,"It links gravity level or centrifugation to cement hydration, C-S-H, settling, or microstructure, matching the mechanism side of hypergravity concrete.","Medium-low: mechanistic value is high, but experiments are harder to reproduce without gravity-field equipment.",abstract unavailable or too short in API metadata,2,3,3,3,2.6,excluded_or_low_relevance,"Directly studies cementitious hydration/microstructure only when gravity, microgravity, hypergravity, or centrifugation is an experimental variable."
gravity_cement_hydration,D3,水泥水化重力效应,Gravity effects on cement hydration and microstructure,"""cement hydration"" AND centrifugation",New insights into thermoactivated recycled cement hydration mechanism at early age: C-S-H structure and pore solution development,Junjie Hu,2025,Journal of Building Engineering,10.1016/j.jobe.2025.114053,https://api.elsevier.com/content/article/pii/S2352710225022909,ScienceDirect,unclear,unclear,S2352710225022909,cement paste / cement hydration products,Method inferred from ScienceDirect title/abstract,Condition present in query/title but not quantitatively stated in available metadata,ScienceDirect direct metadata did not provide enough abstract detail.,"It links gravity level or centrifugation to cement hydration, C-S-H, settling, or microstructure, matching the mechanism side of hypergravity concrete.","Medium-low: mechanistic value is high, but experiments are harder to reproduce without gravity-field equipment.",abstract unavailable or too short in API metadata,2,3,3,3,2.6,excluded_or_low_relevance,"Directly studies cementitious hydration/microstructure only when gravity, microgravity, hypergravity, or centrifugation is an experimental variable."
gravity_cement_hydration,D3,水泥水化重力效应,Gravity effects on cement hydration and microstructure,"""C-S-H"" AND gravity",Performance assessment of pervious concrete incorporated with calcium silicate hydrates (C-S-H) cultivated on rice husk ash substrates – A trend surface analysis interpretation,Rahesh Hari,2024,Construction and Building Materials,10.1016/j.conbuildmat.2024.138050,https://api.elsevier.com/content/article/pii/S0950061824031921,ScienceDirect,unclear,unclear,S0950061824031921,cement paste / cement hydration products,Method inferred from ScienceDirect title/abstract,Condition present in query/title but not quantitatively stated in available metadata,ScienceDirect direct metadata did not provide enough abstract detail.,"It links gravity level or centrifugation to cement hydration, C-S-H, settling, or microstructure, matching the mechanism side of hypergravity concrete.","Medium-low: mechanistic value is high, but experiments are harder to reproduce without gravity-field equipment.",abstract unavailable or too short in API metadata,2,3,3,3,2.6,excluded_or_low_relevance,"Directly studies cementitious hydration/microstructure only when gravity, microgravity, hypergravity, or centrifugation is an experimental variable."
gravity_cement_hydration,D3,水泥水化重力效应,Gravity effects on cement hydration and microstructure,"""cement hydration"" AND microgravity",Pioneering lunar habitats through comparative analysis of in-situ concrete technologies: A critical review,Zheng Chen,2024,Construction and Building Materials,10.1016/j.conbuildmat.2024.136833,https://api.elsevier.com/content/article/pii/S0950061824019755,ScienceDirect,unclear,unclear,S0950061824019755,Concrete/cementitious material or calcium-rich object inferred from title/abstract,Method inferred from ScienceDirect title/abstract,Condition present in query/title but not quantitatively stated in available metadata,ScienceDirect direct metadata did not provide enough abstract detail.,"It links gravity level or centrifugation to cement hydration, C-S-H, settling, or microstructure, matching the mechanism side of hypergravity concrete.","Medium-low: mechanistic value is high, but experiments are harder to reproduce without gravity-field equipment.",abstract unavailable or too short in API metadata,2,3,3,3,2.6,excluded_or_low_relevance,"Directly studies cementitious hydration/microstructure only when gravity, microgravity, hypergravity, or centrifugation is an experimental variable."
gravity_cement_hydration,D3,水泥水化重力效应,Gravity effects on cement hydration and microstructure,"""C-S-H"" AND gravity",Preparation and characterization of ultra-lightweight fly ash-based cement foams incorporating ethylene-vinyl acetate emulsion and waste-derived C-S-H seeds,Jiufu Zhang,2021,Construction and Building Materials,10.1016/j.conbuildmat.2020.122027,https://api.elsevier.com/content/article/pii/S0950061820340319,ScienceDirect,unclear,unclear,S0950061820340319,cement paste / cement hydration products,Method inferred from ScienceDirect title/abstract,Condition present in query/title but not quantitatively stated in available metadata,ScienceDirect direct metadata did not provide enough abstract detail.,"It links gravity level or centrifugation to cement hydration, C-S-H, settling, or microstructure, matching the mechanism side of hypergravity concrete.","Medium-low: mechanistic value is high, but experiments are harder to reproduce without gravity-field equipment.",abstract unavailable or too short in API metadata,2,3,3,3,2.6,excluded_or_low_relevance,"Directly studies cementitious hydration/microstructure only when gravity, microgravity, hypergravity, or centrifugation is an experimental variable."
gravity_cement_hydration,D3,水泥水化重力效应,Gravity effects on cement hydration and microstructure,"""cement paste"" AND gravity",Preparation of cement pastes with improved mechanical strength by freeze-casting,Leandro Henrique Moura Silva,2025,Ceramics International,10.1016/j.ceramint.2025.10.112,https://api.elsevier.com/content/article/pii/S0272884225049569,ScienceDirect,unclear,unclear,S0272884225049569,cement paste / cement hydration products,Method inferred from ScienceDirect title/abstract,Condition present in query/title but not quantitatively stated in available metadata,ScienceDirect direct metadata did not provide enough abstract detail.,"It links gravity level or centrifugation to cement hydration, C-S-H, settling, or microstructure, matching the mechanism side of hypergravity concrete.","Medium-low: mechanistic value is high, but experiments are harder to reproduce without gravity-field equipment.",abstract unavailable or too short in API metadata,2,3,3,3,2.6,excluded_or_low_relevance,"Directly studies cementitious hydration/microstructure only when gravity, microgravity, hypergravity, or centrifugation is an experimental variable."
gravity_cement_hydration,D3,水泥水化重力效应,Gravity effects on cement hydration and microstructure,"""cement hydration"" AND microgravity",Properties and Characteristics of Regolith-Based Materials for Extraterrestrial Construction,Cheng Zhou,2024,Engineering,10.1016/j.eng.2023.11.019,https://api.elsevier.com/content/article/pii/S2095809924000511,ScienceDirect,unclear,unclear,S2095809924000511,Concrete/cementitious material or calcium-rich object inferred from title/abstract,Method inferred from ScienceDirect title/abstract,Condition present in query/title but not quantitatively stated in available metadata,ScienceDirect direct metadata did not provide enough abstract detail.,"It links gravity level or centrifugation to cement hydration, C-S-H, settling, or microstructure, matching the mechanism side of hypergravity concrete.","Medium-low: mechanistic value is high, but experiments are harder to reproduce without gravity-field equipment.",abstract unavailable or too short in API metadata,2,3,3,3,2.6,excluded_or_low_relevance,"Directly studies cementitious hydration/microstructure only when gravity, microgravity, hypergravity, or centrifugation is an experimental variable."
gravity_cement_hydration,D3,水泥水化重力效应,Gravity effects on cement hydration and microstructure,"""C-S-H"" AND gravity",Quantification and characterization of C-S-H in silica nanoparticles incorporated cementitious system,L. P. Singh,2017,Cement and Concrete Composites,10.1016/j.cemconcomp.2017.02.004,https://api.elsevier.com/content/article/pii/S0958946516302074,ScienceDirect,unclear,unclear,S0958946516302074,cement paste / cement hydration products,Method inferred from ScienceDirect title/abstract,Condition present in query/title but not quantitatively stated in available metadata,ScienceDirect direct metadata did not provide enough abstract detail.,"It links gravity level or centrifugation to cement hydration, C-S-H, settling, or microstructure, matching the mechanism side of hypergravity concrete.","Medium-low: mechanistic value is high, but experiments are harder to reproduce without gravity-field equipment.",abstract unavailable or too short in API metadata,2,3,3,3,2.6,excluded_or_low_relevance,"Directly studies cementitious hydration/microstructure only when gravity, microgravity, hypergravity, or centrifugation is an experimental variable."
gravity_cement_hydration,D3,水泥水化重力效应,Gravity effects on cement hydration and microstructure,"""C-S-H"" AND gravity",Quantitative study on growth and porosity of C-S-H structures: Experiments and simulations,Long Nguyen-Tuan,2023,Cement and Concrete Research,10.1016/j.cemconres.2023.107294,https://api.elsevier.com/content/article/pii/S0008884623002089,ScienceDirect,unclear,unclear,S0008884623002089,cement paste / cement hydration products,Method inferred from ScienceDirect title/abstract,Condition present in query/title but not quantitatively stated in available metadata,ScienceDirect direct metadata did not provide enough abstract detail.,"It links gravity level or centrifugation to cement hydration, C-S-H, settling, or microstructure, matching the mechanism side of hypergravity concrete.","Medium-low: mechanistic value is high, but experiments are harder to reproduce without gravity-field equipment.",abstract unavailable or too short in API metadata,2,3,3,3,2.6,excluded_or_low_relevance,"Directly studies cementitious hydration/microstructure only when gravity, microgravity, hypergravity, or centrifugation is an experimental variable."
gravity_cement_hydration,D3,水泥水化重力效应,Gravity effects on cement hydration and microstructure,"""cement hydration"" AND centrifugation",Reaction mechanisms of tartaric acid in pure Portland Cement hydration and in combination with increased anhydrite content and triethanolamine,Irina Kirchberger,2026,Cement and Concrete Research,10.1016/j.cemconres.2026.108247,https://api.elsevier.com/content/article/pii/S000888462600116X,ScienceDirect,unclear,unclear,S000888462600116X,cement paste / cement hydration products,Method inferred from ScienceDirect title/abstract,Condition present in query/title but not quantitatively stated in available metadata,ScienceDirect direct metadata did not provide enough abstract detail.,"It links gravity level or centrifugation to cement hydration, C-S-H, settling, or microstructure, matching the mechanism side of hypergravity concrete.","Medium-low: mechanistic value is high, but experiments are harder to reproduce without gravity-field equipment.",abstract unavailable or too short in API metadata,2,3,3,3,2.6,excluded_or_low_relevance,"Directly studies cementitious hydration/microstructure only when gravity, microgravity, hypergravity, or centrifugation is an experimental variable."
gravity_cement_hydration,D3,水泥水化重力效应,Gravity effects on cement hydration and microstructure,"""cement solidification"" AND microgravity",Regolith-based additive manufacturing for sustainable development of lunar infrastructure – An overview,Maxim Isachenkov,2021,Acta Astronautica,10.1016/j.actaastro.2021.01.005,https://api.elsevier.com/content/article/pii/S0094576521000060,ScienceDirect,unclear,unclear,S0094576521000060,Concrete/cementitious material or calcium-rich object inferred from title/abstract,Method inferred from ScienceDirect title/abstract,Condition present in query/title but not quantitatively stated in available metadata,ScienceDirect direct metadata did not provide enough abstract detail.,"It links gravity level or centrifugation to cement hydration, C-S-H, settling, or microstructure, matching the mechanism side of hypergravity concrete.","Medium-low: mechanistic value is high, but experiments are harder to reproduce without gravity-field equipment.",abstract unavailable or too short in API metadata,2,3,3,3,2.6,excluded_or_low_relevance,"Directly studies cementitious hydration/microstructure only when gravity, microgravity, hypergravity, or centrifugation is an experimental variable."
gravity_cement_hydration,D3,水泥水化重力效应,Gravity effects on cement hydration and microstructure,"""cement hydration"" AND centrifugation",Relevance of layered double hydroxides and their derived mixed oxides nanoparticles in the crystallization of cement hydration phases: A time-resolved study of the kinetic mechanism,A. A. Almeida,2026,Construction and Building Materials,10.1016/j.conbuildmat.2025.144886,https://api.elsevier.com/content/article/pii/S095006182505038X,ScienceDirect,unclear,unclear,S095006182505038X,cement paste / cement hydration products,Method inferred from ScienceDirect title/abstract,Condition present in query/title but not quantitatively stated in available metadata,ScienceDirect direct metadata did not provide enough abstract detail.,"It links gravity level or centrifugation to cement hydration, C-S-H, settling, or microstructure, matching the mechanism side of hypergravity concrete.","Medium-low: mechanistic value is high, but experiments are harder to reproduce without gravity-field equipment.",abstract unavailable or too short in API metadata,2,3,3,3,2.6,excluded_or_low_relevance,"Directly studies cementitious hydration/microstructure only when gravity, microgravity, hypergravity, or centrifugation is an experimental variable."
gravity_cement_hydration,D3,水泥水化重力效应,Gravity effects on cement hydration and microstructure,"""cement hydration"" AND microgravity",Research progress on the adaptability of lunar regolith simulant-based composites and lunar base construction methods,Bo Liu,2024,International Journal of Mining Science and Technology,10.1016/j.ijmst.2024.09.005,https://api.elsevier.com/content/article/pii/S2095268624001381,ScienceDirect,unclear,unclear,S2095268624001381,Concrete/cementitious material or calcium-rich object inferred from title/abstract,Method inferred from ScienceDirect title/abstract,Condition present in query/title but not quantitatively stated in available metadata,ScienceDirect direct metadata did not provide enough abstract detail.,"It links gravity level or centrifugation to cement hydration, C-S-H, settling, or microstructure, matching the mechanism side of hypergravity concrete.","Medium-low: mechanistic value is high, but experiments are harder to reproduce without gravity-field equipment.",abstract unavailable or too short in API metadata,2,3,3,3,2.6,excluded_or_low_relevance,"Directly studies cementitious hydration/microstructure only when gravity, microgravity, hypergravity, or centrifugation is an experimental variable."
gravity_cement_hydration,D3,水泥水化重力效应,Gravity effects on cement hydration and microstructure,"""cement hydration"" AND microgravity",Review of Lunar Regolith Forming Technologies for In-Situ Manufacturing/Construction on the Lunar Surface,Rihan Zhang,2025,Additive Manufacturing Frontiers,10.1016/j.amf.2025.200238,https://api.elsevier.com/content/article/pii/S2950431725000486,ScienceDirect,unclear,unclear,S2950431725000486,Concrete/cementitious material or calcium-rich object inferred from title/abstract,Method inferred from ScienceDirect title/abstract,Condition present in query/title but not quantitatively stated in available metadata,ScienceDirect direct metadata did not provide enough abstract detail.,"It links gravity level or centrifugation to cement hydration, C-S-H, settling, or microstructure, matching the mechanism side of hypergravity concrete.","Medium-low: mechanistic value is high, but experiments are harder to reproduce without gravity-field equipment.",abstract unavailable or too short in API metadata,2,3,3,3,2.6,excluded_or_low_relevance,"Directly studies cementitious hydration/microstructure only when gravity, microgravity, hypergravity, or centrifugation is an experimental variable."
gravity_cement_hydration,D3,水泥水化重力效应,Gravity effects on cement hydration and microstructure,"""C-S-H"" AND gravity",Scaling of strength in hardened cement pastes - Unveiling the role of microstructural defects and the susceptibility of C-S-H gel to physical/chemical degradation by multiscale modeling,Michal Hlobil,2022,Cement and Concrete Research,10.1016/j.cemconres.2022.106714,https://api.elsevier.com/content/article/pii/S0008884622000059,ScienceDirect,unclear,unclear,S0008884622000059,cement paste / cement hydration products,Method inferred from ScienceDirect title/abstract,Condition present in query/title but not quantitatively stated in available metadata,ScienceDirect direct metadata did not provide enough abstract detail.,"It links gravity level or centrifugation to cement hydration, C-S-H, settling, or microstructure, matching the mechanism side of hypergravity concrete.","Medium-low: mechanistic value is high, but experiments are harder to reproduce without gravity-field equipment.",abstract unavailable or too short in API metadata,2,3,3,3,2.6,excluded_or_low_relevance,"Directly studies cementitious hydration/microstructure only when gravity, microgravity, hypergravity, or centrifugation is an experimental variable."
gravity_cement_hydration,D3,水泥水化重力效应,Gravity effects on cement hydration and microstructure,"""cement paste"" AND gravity",Simplified chloride ingress quantification using SEM-EDS and the square root law in cement pastes,Thomas Bernard,2026,Cement and Concrete Composites,10.1016/j.cemconcomp.2026.106605,https://api.elsevier.com/content/article/pii/S0958946526001460,ScienceDirect,unclear,unclear,S0958946526001460,cement paste / cement hydration products,Method inferred from ScienceDirect title/abstract,Condition present in query/title but not quantitatively stated in available metadata,ScienceDirect direct metadata did not provide enough abstract detail.,"It links gravity level or centrifugation to cement hydration, C-S-H, settling, or microstructure, matching the mechanism side of hypergravity concrete.","Medium-low: mechanistic value is high, but experiments are harder to reproduce without gravity-field equipment.",abstract unavailable or too short in API metadata,2,3,3,3,2.6,excluded_or_low_relevance,"Directly studies cementitious hydration/microstructure only when gravity, microgravity, hypergravity, or centrifugation is an experimental variable."
gravity_cement_hydration,D3,水泥水化重力效应,Gravity effects on cement hydration and microstructure,"""cement paste"" AND gravity",Solar reflectance spectrum modifications produced by metakaolin in cement paste: An effective alternative to slag,Rui Bai,2025,Construction and Building Materials,10.1016/j.conbuildmat.2025.144639,https://api.elsevier.com/content/article/pii/S0950061825047919,ScienceDirect,unclear,unclear,S0950061825047919,cement paste / cement hydration products,Method inferred from ScienceDirect title/abstract,Condition present in query/title but not quantitatively stated in available metadata,ScienceDirect direct metadata did not provide enough abstract detail.,"It links gravity level or centrifugation to cement hydration, C-S-H, settling, or microstructure, matching the mechanism side of hypergravity concrete.","Medium-low: mechanistic value is high, but experiments are harder to reproduce without gravity-field equipment.",abstract unavailable or too short in API metadata,2,3,3,3,2.6,excluded_or_low_relevance,"Directly studies cementitious hydration/microstructure only when gravity, microgravity, hypergravity, or centrifugation is an experimental variable."
gravity_cement_hydration,D3,水泥水化重力效应,Gravity effects on cement hydration and microstructure,"""calcium silicate hydrate"" AND microgravity",Subject Index,unclear,2019,Advanced Powder Technology,10.1016/s0921-8831(19)30401-7,https://api.elsevier.com/content/article/pii/S0921883119304017,ScienceDirect,unclear,unclear,S0921883119304017,Concrete/cementitious material or calcium-rich object inferred from title/abstract,Method inferred from ScienceDirect title/abstract,Condition present in query/title but not quantitatively stated in available metadata,ScienceDirect direct metadata did not provide enough abstract detail.,"It links gravity level or centrifugation to cement hydration, C-S-H, settling, or microstructure, matching the mechanism side of hypergravity concrete.","Medium-low: mechanistic value is high, but experiments are harder to reproduce without gravity-field equipment.",abstract unavailable or too short in API metadata,2,3,3,3,2.6,excluded_or_low_relevance,"Directly studies cementitious hydration/microstructure only when gravity, microgravity, hypergravity, or centrifugation is an experimental variable."
gravity_cement_hydration,D3,水泥水化重力效应,Gravity effects on cement hydration and microstructure,"""calcium silicate hydrate"" AND microgravity",Subject Index,unclear,2008,Encyclopedia of Materials: Science and Technology,10.1016/b0-08-043152-6/01860-x,https://api.elsevier.com/content/article/pii/B008043152601860X,ScienceDirect,unclear,unclear,B008043152601860X,Concrete/cementitious material or calcium-rich object inferred from title/abstract,Method inferred from ScienceDirect title/abstract,Condition present in query/title but not quantitatively stated in available metadata,ScienceDirect direct metadata did not provide enough abstract detail.,"It links gravity level or centrifugation to cement hydration, C-S-H, settling, or microstructure, matching the mechanism side of hypergravity concrete.","Medium-low: mechanistic value is high, but experiments are harder to reproduce without gravity-field equipment.",abstract unavailable or too short in API metadata,2,3,3,3,2.6,excluded_or_low_relevance,"Directly studies cementitious hydration/microstructure only when gravity, microgravity, hypergravity, or centrifugation is an experimental variable."
gravity_cement_hydration,D3,水泥水化重力效应,Gravity effects on cement hydration and microstructure,"""calcium silicate hydrate"" AND microgravity",Subject index,unclear,1980,Journal of Crystal Growth,10.1016/0022-0248(80)90282-1,https://api.elsevier.com/content/article/pii/0022024880902821,ScienceDirect,unclear,unclear,0022024880902821,Concrete/cementitious material or calcium-rich object inferred from title/abstract,Method inferred from ScienceDirect title/abstract,Condition present in query/title but not quantitatively stated in available metadata,ScienceDirect direct metadata did not provide enough abstract detail.,"It links gravity level or centrifugation to cement hydration, C-S-H, settling, or microstructure, matching the mechanism side of hypergravity concrete.","Medium-low: mechanistic value is high, but experiments are harder to reproduce without gravity-field equipment.",abstract unavailable or too short in API metadata,2,3,3,3,2.6,excluded_or_low_relevance,"Directly studies cementitious hydration/microstructure only when gravity, microgravity, hypergravity, or centrifugation is an experimental variable."
gravity_cement_hydration,D3,水泥水化重力效应,Gravity effects on cement hydration and microstructure,"""cement hydration"" AND centrifugation",Synergistic effects of acetic acid and silica fume co-soaking on cement hydration: Performance implications and mechanisms,Qingsong Zhang,2025,Construction and Building Materials,10.1016/j.conbuildmat.2025.143629,https://api.elsevier.com/content/article/pii/S0950061825037808,ScienceDirect,unclear,unclear,S0950061825037808,cement paste / cement hydration products,Method inferred from ScienceDirect title/abstract,Condition present in query/title but not quantitatively stated in available metadata,ScienceDirect direct metadata did not provide enough abstract detail.,"It links gravity level or centrifugation to cement hydration, C-S-H, settling, or microstructure, matching the mechanism side of hypergravity concrete.","Medium-low: mechanistic value is high, but experiments are harder to reproduce without gravity-field equipment.",abstract unavailable or too short in API metadata,2,3,3,3,2.6,excluded_or_low_relevance,"Directly studies cementitious hydration/microstructure only when gravity, microgravity, hypergravity, or centrifugation is an experimental variable."
gravity_cement_hydration,D3,水泥水化重力效应,Gravity effects on cement hydration and microstructure,"""C-S-H"" AND gravity",Synthesis and nano-mechanical characterization of calcium-silicate-hydrate (C-S-H) made with 1.5 CaO/SiO 2 mixture,Emmy M. Foley,2012,Cement and Concrete Research,10.1016/j.cemconres.2012.05.014,https://api.elsevier.com/content/article/pii/S0008884612001317,ScienceDirect,unclear,unclear,S0008884612001317,cement paste / cement hydration products,Method inferred from ScienceDirect title/abstract,Condition present in query/title but not quantitatively stated in available metadata,ScienceDirect direct metadata did not provide enough abstract detail.,"It links gravity level or centrifugation to cement hydration, C-S-H, settling, or microstructure, matching the mechanism side of hypergravity concrete.","Medium-low: mechanistic value is high, but experiments are harder to reproduce without gravity-field equipment.",abstract unavailable or too short in API metadata,2,3,3,3,2.6,excluded_or_low_relevance,"Directly studies cementitious hydration/microstructure only when gravity, microgravity, hypergravity, or centrifugation is an experimental variable."
gravity_cement_hydration,D3,水泥水化重力效应,Gravity effects on cement hydration and microstructure,"""cement paste"" AND gravity",The behavior of cement paste backfill under low curing temperature,Chi Zhang,2026,Construction and Building Materials,10.1016/j.conbuildmat.2026.146536,https://api.elsevier.com/content/article/pii/S095006182601442X,ScienceDirect,unclear,unclear,S095006182601442X,cement paste / cement hydration products,Method inferred from ScienceDirect title/abstract,Condition present in query/title but not quantitatively stated in available metadata,ScienceDirect direct metadata did not provide enough abstract detail.,"It links gravity level or centrifugation to cement hydration, C-S-H, settling, or microstructure, matching the mechanism side of hypergravity concrete.","Medium-low: mechanistic value is high, but experiments are harder to reproduce without gravity-field equipment.",abstract unavailable or too short in API metadata,2,3,3,3,2.6,excluded_or_low_relevance,"Directly studies cementitious hydration/microstructure only when gravity, microgravity, hypergravity, or centrifugation is an experimental variable."
gravity_cement_hydration,D3,水泥水化重力效应,Gravity effects on cement hydration and microstructure,"""cement hydration"" AND centrifugation",The design of an organic-inorganic composite superabsorbent polymer with modified fly ash as rigid support and its regulation on cement hydration and microstructure,Xiaoying Zhang,2026,Construction and Building Materials,10.1016/j.conbuildmat.2026.146245,https://api.elsevier.com/content/article/pii/S0950061826011517,ScienceDirect,unclear,unclear,S0950061826011517,cement paste / cement hydration products,Method inferred from ScienceDirect title/abstract,Condition present in query/title but not quantitatively stated in available metadata,ScienceDirect direct metadata did not provide enough abstract detail.,"It links gravity level or centrifugation to cement hydration, C-S-H, settling, or microstructure, matching the mechanism side of hypergravity concrete.","Medium-low: mechanistic value is high, but experiments are harder to reproduce without gravity-field equipment.",abstract unavailable or too short in API metadata,2,3,3,3,2.6,excluded_or_low_relevance,"Directly studies cementitious hydration/microstructure only when gravity, microgravity, hypergravity, or centrifugation is an experimental variable."
gravity_cement_hydration,D3,水泥水化重力效应,Gravity effects on cement hydration and microstructure,"""cement paste"" AND gravity",The effect of Cymbopogon nardus leaf ash on the setting time of cement paste,Bunyamin Bunyamin,2026,Next Materials,10.1016/j.nxmate.2026.101657,https://api.elsevier.com/content/article/pii/S2949822826000742,ScienceDirect,unclear,unclear,S2949822826000742,cement paste / cement hydration products,Method inferred from ScienceDirect title/abstract,Condition present in query/title but not quantitatively stated in available metadata,ScienceDirect direct metadata did not provide enough abstract detail.,"It links gravity level or centrifugation to cement hydration, C-S-H, settling, or microstructure, matching the mechanism side of hypergravity concrete.","Medium-low: mechanistic value is high, but experiments are harder to reproduce without gravity-field equipment.",abstract unavailable or too short in API metadata,2,3,3,3,2.6,excluded_or_low_relevance,"Directly studies cementitious hydration/microstructure only when gravity, microgravity, hypergravity, or centrifugation is an experimental variable."
gravity_cement_hydration,D3,水泥水化重力效应,Gravity effects on cement hydration and microstructure,"""cement paste"" AND gravity","The effect of crystalline nanocellulose on the rheology, hydration of cement pastes, and buildability of 3D-printed concrete",Nicollas Safanelli,2025,Journal of Building Engineering,10.1016/j.jobe.2025.114000,https://api.elsevier.com/content/article/pii/S2352710225022375,ScienceDirect,unclear,unclear,S2352710225022375,cement paste / cement hydration products,Method inferred from ScienceDirect title/abstract,Condition present in query/title but not quantitatively stated in available metadata,ScienceDirect direct metadata did not provide enough abstract detail.,"It links gravity level or centrifugation to cement hydration, C-S-H, settling, or microstructure, matching the mechanism side of hypergravity concrete.","Medium-low: mechanistic value is high, but experiments are harder to reproduce without gravity-field equipment.",abstract unavailable or too short in API metadata,2,3,3,3,2.6,excluded_or_low_relevance,"Directly studies cementitious hydration/microstructure only when gravity, microgravity, hypergravity, or centrifugation is an experimental variable."
gravity_cement_hydration,D3,水泥水化重力效应,Gravity effects on cement hydration and microstructure,"""cement hydration"" AND centrifugation",The impacts of silane functionalized hydrogels on early-age nucleation and growth of cement hydrates,Akul N. Seshadri,2025,Polymer,10.1016/j.polymer.2025.128548,https://api.elsevier.com/content/article/pii/S0032386125005348,ScienceDirect,unclear,unclear,S0032386125005348,cementitious or calcium-rich carbonation material,Method inferred from ScienceDirect title/abstract,Condition present in query/title but not quantitatively stated in available metadata,ScienceDirect direct metadata did not provide enough abstract detail.,"It links gravity level or centrifugation to cement hydration, C-S-H, settling, or microstructure, matching the mechanism side of hypergravity concrete.","Medium-low: mechanistic value is high, but experiments are harder to reproduce without gravity-field equipment.",abstract unavailable or too short in API metadata,2,3,3,3,2.6,excluded_or_low_relevance,"Directly studies cementitious hydration/microstructure only when gravity, microgravity, hypergravity, or centrifugation is an experimental variable."
gravity_cement_hydration,D3,水泥水化重力效应,Gravity effects on cement hydration and microstructure,"""C-S-H"" AND gravity",The microstructural change of C-S-H at elevated temperature in Portland cement/GGBFS blended system,Zijian Jia,2019,Cement and Concrete Research,10.1016/j.cemconres.2019.05.018,https://api.elsevier.com/content/article/pii/S0008884618304630,ScienceDirect,unclear,unclear,S0008884618304630,cement paste / cement hydration products,Method inferred from ScienceDirect title/abstract,Condition present in query/title but not quantitatively stated in available metadata,ScienceDirect direct metadata did not provide enough abstract detail.,"It links gravity level or centrifugation to cement hydration, C-S-H, settling, or microstructure, matching the mechanism side of hypergravity concrete.","Medium-low: mechanistic value is high, but experiments are harder to reproduce without gravity-field equipment.",abstract unavailable or too short in API metadata,2,3,3,3,2.6,excluded_or_low_relevance,"Directly studies cementitious hydration/microstructure only when gravity, microgravity, hypergravity, or centrifugation is an experimental variable."
gravity_cement_hydration,D3,水泥水化重力效应,Gravity effects on cement hydration and microstructure,"""cement hydration"" AND centrifugation",Towards a deeper understanding of the impact of tetraethoxysilane (TEOS) on early-age cement hydration,Jingxian Yang,2024,Construction and Building Materials,10.1016/j.conbuildmat.2024.138624,https://api.elsevier.com/content/article/pii/S0950061824037668,ScienceDirect,unclear,unclear,S0950061824037668,cement paste / cement hydration products,Method inferred from ScienceDirect title/abstract,Condition present in query/title but not quantitatively stated in available metadata,ScienceDirect direct metadata did not provide enough abstract detail.,"It links gravity level or centrifugation to cement hydration, C-S-H, settling, or microstructure, matching the mechanism side of hypergravity concrete.","Medium-low: mechanistic value is high, but experiments are harder to reproduce without gravity-field equipment.",abstract unavailable or too short in API metadata,2,3,3,3,2.6,excluded_or_low_relevance,"Directly studies cementitious hydration/microstructure only when gravity, microgravity, hypergravity, or centrifugation is an experimental variable."
gravity_cement_hydration,D3,水泥水化重力效应,Gravity effects on cement hydration and microstructure,"""cement hydration"" AND centrifugation",Towards a further understanding of cement hydration at the early-age stage in the presence of hydrophobic silane IBTEO,Jingxian Yang,2024,Cement and Concrete Composites,10.1016/j.cemconcomp.2024.105712,https://api.elsevier.com/content/article/pii/S0958946524002853,ScienceDirect,unclear,unclear,S0958946524002853,cement paste / cement hydration products,Method inferred from ScienceDirect title/abstract,Condition present in query/title but not quantitatively stated in available metadata,ScienceDirect direct metadata did not provide enough abstract detail.,"It links gravity level or centrifugation to cement hydration, C-S-H, settling, or microstructure, matching the mechanism side of hypergravity concrete.","Medium-low: mechanistic value is high, but experiments are harder to reproduce without gravity-field equipment.",abstract unavailable or too short in API metadata,2,3,3,3,2.6,excluded_or_low_relevance,"Directly studies cementitious hydration/microstructure only when gravity, microgravity, hypergravity, or centrifugation is an experimental variable."
gravity_cement_hydration,D3,水泥水化重力效应,Gravity effects on cement hydration and microstructure,"""C-S-H"" AND gravity",Understanding imbibition in cementitious materials including C-S-H strain measurement and geometric restriction,Natalia Mariel Alderete,2025,Developments in the Built Environment,10.1016/j.dibe.2025.100687,https://api.elsevier.com/content/article/pii/S2666165925000870,ScienceDirect,unclear,unclear,S2666165925000870,cement paste / cement hydration products,Method inferred from ScienceDirect title/abstract,Condition present in query/title but not quantitatively stated in available metadata,ScienceDirect direct metadata did not provide enough abstract detail.,"It links gravity level or centrifugation to cement hydration, C-S-H, settling, or microstructure, matching the mechanism side of hypergravity concrete.","Medium-low: mechanistic value is high, but experiments are harder to reproduce without gravity-field equipment.",abstract unavailable or too short in API metadata,2,3,3,3,2.6,excluded_or_low_relevance,"Directly studies cementitious hydration/microstructure only when gravity, microgravity, hypergravity, or centrifugation is an experimental variable."
gravity_cement_hydration,D3,水泥水化重力效应,Gravity effects on cement hydration and microstructure,"""cement hydration"" AND centrifugation",Understanding the coupling effect of temperature rise inhibitor and supplementary cementitious materials on cement hydration – The role of filler effect,Yichuan Zhou,2025,Construction and Building Materials,10.1016/j.conbuildmat.2025.140697,https://api.elsevier.com/content/article/pii/S0950061825008451,ScienceDirect,unclear,unclear,S0950061825008451,cement paste / cement hydration products,Method inferred from ScienceDirect title/abstract,Condition present in query/title but not quantitatively stated in available metadata,ScienceDirect direct metadata did not provide enough abstract detail.,"It links gravity level or centrifugation to cement hydration, C-S-H, settling, or microstructure, matching the mechanism side of hypergravity concrete.","Medium-low: mechanistic value is high, but experiments are harder to reproduce without gravity-field equipment.",abstract unavailable or too short in API metadata,2,3,3,3,2.6,excluded_or_low_relevance,"Directly studies cementitious hydration/microstructure only when gravity, microgravity, hypergravity, or centrifugation is an experimental variable."
gravity_cement_hydration,D3,水泥水化重力效应,Gravity effects on cement hydration and microstructure,"""cement hydration"" AND microgravity",Crystal growth of [Ca 3 Al(OH) 6 ·12H 2 O] 2 ·(SO 4 ) 3 ·2H 2 O (ettringite) under microgravity: On the impact of anionicity of polycarboxylate comb polymers,Markus R. Meier,2016,Journal of Crystal Growth,10.1016/j.jcrysgro.2016.04.049,https://api.elsevier.com/content/article/pii/S0022024816301956,ScienceDirect,unclear,unclear,S0022024816301956,Concrete/cementitious material or calcium-rich object inferred from title/abstract,Gravity-field or centrifugation-controlled cement hydration experiment,microgravity,ScienceDirect direct metadata did not provide enough abstract detail.,"It links gravity level or centrifugation to cement hydration, C-S-H, settling, or microstructure, matching the mechanism side of hypergravity concrete.","Medium-low: mechanistic value is high, but experiments are harder to reproduce without gravity-field equipment.",abstract unavailable or too short in API metadata,2,2,4,3,2.55,excluded_or_low_relevance,"Directly studies cementitious hydration/microstructure only when gravity, microgravity, hypergravity, or centrifugation is an experimental variable."
high_gravity_carbonation_mineralization,D4,高重力碳化/矿化,High-gravity carbonation / mineralization of cementitious or calcium-rich materials,"""high gravity carbonation""",Accelerated carbonation of steelmaking slags in a high-gravity rotating packed bed,E-E Chang,2012,Journal of Hazardous Materials,10.1016/j.jhazmat.2012.05.021,https://api.elsevier.com/content/article/pii/S0304389412005031,ScienceDirect,"Carbon dioxide (CO 2) sequestration using the accelerated carbonation of basic oxygen furnace (BOF) slag in a high-gravity rotating packed bed (RPB) under various operational conditions was investigated. The effects of reaction time, reaction temperature, rotation speed and slurry flow rate on the CO 2 sequestration process were evaluated. The samples of reacted slurry were analyzed quantitatively using thermogravimetric analysis (TGA) and atomic absorption spectrometry (AAS) and qualitatively using X-ray diffraction (XRD), scanning electron microscopy with energy-dispersive X-ray spectroscopy (SEM-EDX), and transmission electron microscopy (TEM). The sequestration experiments were performed at a liquid-to-solid ratio of 20:1 with a flow rate of 2.5Lmin -1 of a pure CO 2 stream under atmospheric temperature and pressure. The results show that a maximum conversion of BOF slag was 93.5% at a reaction time of 30min and a rotation speed of 750rpm at 65°C. The experimental data were utilized to determine the rate-limiting mechanism based on the shrinking core model (SCM), which was validated by the observations of SEM and TEM. Accelerated carbonation in a RPB was confirmed to be a viable method due to its higher mass-transfer rate. © 2012 Elsevier B.V..",Alkaline solid wastes; Basic oxygen furnace slag; Calcium carbonate; CO 2 sequestration; Shrinking core model,S0304389412005031,cementitious or calcium-rich carbonation material,Rotating packed bed / high-gravity process,rotating packed bed; accelerated carbonation,See abstract metadata; detailed findings require full-text reading where access is lawful.,"It examines intensified carbonation or mineralization of cementitious/calcium-rich materials, which can be transferred to hypergravity CO2 curing or strengthening concepts.","High: CO2 mineralization/carbonation can connect to strength, carbon storage, curing, and recycled cementitious resources.",metadata is usable for initial screening,5,4,4,5,4.55,included,Often chemical-engineering carbonation; only keep records transferable to cementitious/calcium-rich materials.
high_gravity_carbonation_mineralization,D4,高重力碳化/矿化,High-gravity carbonation / mineralization of cementitious or calcium-rich materials,"""rotating packed bed"" AND carbonation",CO 2 capture and utilization for production of precipitated calcium carbonate in a rotating packed bed: simultaneous design and control using distributed computing,Thomas Prousalis,2025,Chemical Engineering and Processing - Process Intensification,10.1016/j.cep.2025.110509,https://api.elsevier.com/content/article/pii/S0255270125003551,ScienceDirect,"A novel design optimization approach is presented for the integrated CO2 capture (CC) and utilization (CU) process design with simultaneous economic and controllability assessment. The CC process accounts for multiple solvents and process flowsheet options. The CU process targets the production of nano-sized precipitated calcium carbonate (PCC) using a rotating packed bed (RPB). The algorithm enables parallel computing and uses the approximate computing techniques of memoization and task dropping. It is implemented considering 20 alternative options for the CC process, as combinations of 4 solvents with 5 process flowsheet configurations. The tailored CU process is designed simultaneously with the aim to identify combinations that exhibit high economic performance both in steady state operation and under variability. The algorithm is tested in two case studies with different flue gas characteristics and different yearly operating scenarios, exhibiting excellent scalability in 100 parallel threads. The results showed that 2-(2-hydroxyethylamino) ethanol (DEA) is the optimal choice in both case studies. An absorber with intercooling (ICA) increased the driving forces in the CC process and led to better performance in both cases. The optimal design in the case of higher CO2 content in the flue gas involved a double-side stripper (DSS) for solvent regeneration.",Optimization using parallel computing; Precipitated calcium carbonate; Rotating packed bed model; Solvent-based carbon capture,S0255270125003551,Concrete/cementitious material or calcium-rich object inferred from title/abstract,Rotating packed bed / high-gravity process,rotating packed bed,See abstract metadata; detailed findings require full-text reading where access is lawful.,"It examines intensified carbonation or mineralization of cementitious/calcium-rich materials, which can be transferred to hypergravity CO2 curing or strengthening concepts.","High: CO2 mineralization/carbonation can connect to strength, carbon storage, curing, and recycled cementitious resources.",metadata is usable for initial screening,2,4,4,5,3.35,excluded_or_low_relevance,Often chemical-engineering carbonation; only keep records transferable to cementitious/calcium-rich materials.
high_gravity_carbonation_mineralization,D4,高重力碳化/矿化,High-gravity carbonation / mineralization of cementitious or calcium-rich materials,"""rotating packed bed"" AND carbonation",Kinetic modeling on CO 2 capture using basic oxygen furnace slag coupled with cold-rolling wastewater in a rotating packed bed,E. -E. Chang,2013,Journal of Hazardous Materials,10.1016/j.jhazmat.2013.06.052,https://api.elsevier.com/content/article/pii/S0304389413004524,ScienceDirect,"In this study, direct and indirect carbonation of basic oxygen furnace slag (BOFS) coupled with cold-rolling wastewater (CRW) was carried out via a rotating packed bed (RPB). The solid products were qualitatively characterized by scanning electron microscopy (SEM) and X-ray diffraction (XRD) and quantitatively analyzed with thermogravimetric analysis (TGA). The leachate was analyzed with inductively coupled plasma-optical emission spectroscopy (ICP-OES). The results indicate that the maximum achievable carbonation conversion (MACC) of BOFS was 90.7%, corresponding to a capture capacity of 0.277g CO2/g of BOFS, by direct carbonation with CRW under a rotation speed of 750rpm at 30°C for 20min. In addition, CO2 mass balance among the gas, liquid, and solid phases within an RPB was well-developed, with an error less than 10%, to confirm the actual CO2 capture capacity of BOFS with precision and accuracy. Furthermore, a reaction kinetic model based on mass balance was established to determine the reaction rate constant for various liquid agents (CRW and pure water). It was concluded that co-utilization of alkaline wastes including BOFS and CRW via the RPB is a novel approach for both enhancing CO2 capture capacity and reducing the environmental impacts of alkaline wastes. © 2013 Elsevier B.V.",Accelerated carbonation; Mass balance; Mass transfer coefficient; Material balance; Reaction rate constant,S0304389413004524,cementitious or calcium-rich carbonation material,Rotating packed bed / high-gravity process,rotating packed bed; accelerated carbonation,See abstract metadata; detailed findings require full-text reading where access is lawful.,"It examines intensified carbonation or mineralization of cementitious/calcium-rich materials, which can be transferred to hypergravity CO2 curing or strengthening concepts.","High: CO2 mineralization/carbonation can connect to strength, carbon storage, curing, and recycled cementitious resources.",metadata is usable for initial screening,5,4,4,5,4.55,included,Often chemical-engineering carbonation; only keep records transferable to cementitious/calcium-rich materials.
high_gravity_carbonation_mineralization,D4,高重力碳化/矿化,High-gravity carbonation / mineralization of cementitious or calcium-rich materials,"""rotating packed bed"" AND carbonation",Kinetics of carbonation reaction of basic oxygen furnace slags in a rotating packed bed using the surface coverage model: Maximization of carbonation conversion,Shu-Yuan Pan,2014,Applied Energy,10.1016/j.apenergy.2013.07.035,https://api.elsevier.com/content/article/pii/S0306261913006016,ScienceDirect,"The reaction kinetics of carbon dioxide (CO2) capture by the accelerated carbonation of basic oxygen furnace slag (BOFS) in a rotating packed bed (RPB) was evaluated using the surface coverage model. Experimental data were utilized to determine the reaction rate constants and maximum carbonation conversion of BOFS based on the surface coverage model. The results indicate that the carbonation of BOFS in an RPB can be well-expressed by the surface coverage model, with R2 values from 0.98 to 0.99. In addition, the results of reaction kinetics could be validated by observation of SEM and XEDS before and after carbonation, which indicates that the reacted BOFS was surrounded by the CaCO3 product. On the other hand, the reaction kinetics of steelmaking slag in an RPB was compared with that in various types of reactors, i.e., autoclave and slurry reactors. The overall rate of carbonation in an RPB (i.e., 0.299min-1) was greater than that in both a slurry reactor (i.e., 0.227min-1) and an autoclave reactor (i.e., 0.033min-1). Furthermore, the maximum carbonation conversion of BOFS was initially determined by the results of the surface coverage model and then confirmed statistically by the response surface methodology (RSM). It was thus concluded that accelerated carbonation of BOFS in the RPB is a viable method due to its faster reaction kinetics under relatively milder reaction conditions. Accelerated carbonation of BOFS in the RPB is a promising process for CO2 capture due to its relatively higher carbonation conversion of BOFS within a shorter reaction time. © 2013 Elsevier Ltd.",Autoclave reactor; Calcium carbonate; Carbon capture; Reaction rate constant; Response surface methodology; Slurry reactor,S0306261913006016,cementitious or calcium-rich carbonation material,Rotating packed bed / high-gravity process,rotating packed bed; accelerated carbonation,See abstract metadata; detailed findings require full-text reading where access is lawful.,"It examines intensified carbonation or mineralization of cementitious/calcium-rich materials, which can be transferred to hypergravity CO2 curing or strengthening concepts.","High: CO2 mineralization/carbonation can connect to strength, carbon storage, curing, and recycled cementitious resources.",metadata is usable for initial screening,5,4,4,5,4.55,included,Often chemical-engineering carbonation; only keep records transferable to cementitious/calcium-rich materials.
high_gravity_carbonation_mineralization,D4,高重力碳化/矿化,High-gravity carbonation / mineralization of cementitious or calcium-rich materials,"""rotating packed bed"" AND carbonation",Process Intensification of Steel Slag Carbonation via a Rotating Packed Bed: Reaction Kinetics and Mass Transfer,Shu-Yuan Pan,2014,Energy Procedia,10.1016/j.egypro.2014.11.244,https://api.elsevier.com/content/article/pii/S1876610214020591,ScienceDirect,"The carbonation of alkaline wastes for CO2 capture was mainly controlled by the CO2 dissolution, i.e., mass-transfer controlled reaction, from the theoretical considerations. Several approaches to enhancing the CO2 dissolution rate were proposed and investigated in the literature. For instance, it was proven that the rate of carbonation reaction for alkaline waste was effectively increase mass transfer rate if a rotating packed bed (RPB), so-called ""high-gravity"" or ""HIGEE"" process, was utilized. In this study, the experimental data were utilized to develop the carbonation model in an RPB for carbonation of various types of alkaline wastes such as basic oxygen furnace slag (BOFS) and coldrolling mill wastewater (CRW). The effect of different operating parameters including operation modulus and rotating speed on CO2 removal efficiency was evaluated. In addition, the overall volumetric gas-phase mass transfer coefficients (KGa) of BOFS/CRW carbonation in the RPB were calculated. Furthermore, according to the SEM observations, the alkaline wastes were found to be successfully carbonated with CO2 in an RPB, where calcite (CaCO3) was identified as the main product. It was thus concluded that accelerated carbonation of alkaline wastes using an RPB is an effective and efficient method for CO2 capture due to its higher mass transfer rate and carbonation conversion.",Accelerated carbonation; Cement; CO2 capture; Stablization; Utilization,S1876610214020591,cementitious or calcium-rich carbonation material,Rotating packed bed / high-gravity process,rotating packed bed; accelerated carbonation,See abstract metadata; detailed findings require full-text reading where access is lawful.,"It examines intensified carbonation or mineralization of cementitious/calcium-rich materials, which can be transferred to hypergravity CO2 curing or strengthening concepts.","High: CO2 mineralization/carbonation can connect to strength, carbon storage, curing, and recycled cementitious resources.",metadata is usable for initial screening,5,4,4,5,4.55,included,Often chemical-engineering carbonation; only keep records transferable to cementitious/calcium-rich materials.
high_gravity_carbonation_mineralization,D4,高重力碳化/矿化,High-gravity carbonation / mineralization of cementitious or calcium-rich materials,"""high gravity carbonation""",Simultaneously comparing various CO 2 -mineralized steelmaking slags as supplementary cementitious materials via high gravity carbonation,Tse-Lun Chen,2024,Journal of CO2 Utilization,10.1016/j.jcou.2024.102985,https://api.elsevier.com/content/article/pii/S2212982024003202,ScienceDirect,"The integration of accelerated carbonation with the utilization of steelmaking slags presents a vital strategy for CO2 mineralization towards net-zero scheme. This study simultaneously evaluates basic oxygen furnace slag (BOFS), refining slag (RFS), and electric arc furnace reducing (EAFRS) and oxidizing slags (EAFOS) as potential partial replacements for ordinary Portland cement, at substitution levels ranging from 5 % to 15 % as supplementary cementitious materials (SCMs). These slags were pretreated through aqueous accelerated carbonation in a high-gravity rotating packed bed. We assessed several parameters, including carbonation conversion, CO2 capture capacity, workability, strength, and durability. The results demonstrated that EAFRS achieved the highest CO2 capture capacity, reaching 0.193 kg-CO2/kg-slag with a maximum carbonation conversion of 46 % under 197 times high-gravity conditions and a liquid-to-solid ratio of 20. While the incorporation of carbonated slags had minimal impact on the setting properties of cement pastes, higher substitution ratios necessitated increased water demand. The strength of blended cement containing 5 %, 10 %, and 15 % of carbonated BOFS, RFS, and EAFRS met standard requirements at 28th day. Additionally, a mathematical model was developed to predict the mechanical strength of cement mortars. The introduction of carbonated BOFS, RFS, and EAFRS facilitated hydration due to the formation of calcium carbonates, although it resulted in slower strength development kinetics. Notably, the replacement of cement with carbonated EAFOS exhibited a higher expansion rate, likely due to its elevated silicon dioxide and alkaline species content, which may lead to alkali-aggregate reactions, resulting in expansion and cracking.",CO2 mineralization and utilization; Durability; High-gravity carbonation process; Mechanical strength; Workability,S2212982024003202,cement paste / cement hydration products,Rotating packed bed / high-gravity process,rotating packed bed; accelerated carbonation; co2 mineralization,See abstract metadata; detailed findings require full-text reading where access is lawful.,"It examines intensified carbonation or mineralization of cementitious/calcium-rich materials, which can be transferred to hypergravity CO2 curing or strengthening concepts.","High: CO2 mineralization/carbonation can connect to strength, carbon storage, curing, and recycled cementitious resources.",metadata is usable for initial screening,5,4,4,5,4.55,included,Often chemical-engineering carbonation; only keep records transferable to cementitious/calcium-rich materials.
high_gravity_carbonation_mineralization,D4,高重力碳化/矿化,High-gravity carbonation / mineralization of cementitious or calcium-rich materials,"""high gravity carbonation""",Systematic approach to determination of optimum gas-phase mass transfer rate for high-gravity carbonation process of steelmaking slags in a rotating packed bed,Shu-Yuan Pan,2015,Applied Energy,10.1016/j.apenergy.2015.03.047,https://api.elsevier.com/content/article/pii/S0306261915003311,ScienceDirect,"In order to reduce CO2 emissions and waste generation from the steelmaking industry, a high-gravity carbonation process via rotating packed bed (RPB) was developed using cold-rolling mill wastewater (CRW) and basic oxygen furnace slag (BOFS). Since mass transfer among phases is believed to be a key to effective carbonation for CO2 fixation, in this study, a mass transfer model for the high-gravity carbonation process was developed based on two-film theory. The mass transfer characteristics including overall gas-phase mass transfer coefficient (KGa) and height of a transfer unit (HTU) were determined accordingly. The results indicated that the mass transfer resistance of carbonation using BOFS/CRW in an RPB was mainly lay on the liquid side. In addition, the effect of key operating variables such as rotating speed, slurry flow rate, gas flow rate, and liquid-to-solid (L/S) ratio on mass transfer characteristics was evaluated. The developed model was validated with the experimental data, where the experimental KGa values lay within ±20% of the values estimated. Based on the obtained results, empirical models of KGa and HTU values were established. Furthermore, response surface methodology (RSM) was applied to optimize the high-gravity carbonation process from the viewpoint of mass transfer characteristics. The obtained RSM results were in fairly good agreement with the results of the developed model based on the two-film theory. Based on the theoretical models and statistical analyses, the optimum gas-phase mass transfer rate for high-gravity carbonation process of steelmaking slags in an RPB was graphically determined.",CO2 capture; Mineralization; Model; Process intensification; Response surface methodology; Two-film theory,S0306261915003311,cementitious or calcium-rich carbonation material,Rotating packed bed / high-gravity process,rotating packed bed,See abstract metadata; detailed findings require full-text reading where access is lawful.,"It examines intensified carbonation or mineralization of cementitious/calcium-rich materials, which can be transferred to hypergravity CO2 curing or strengthening concepts.","High: CO2 mineralization/carbonation can connect to strength, carbon storage, curing, and recycled cementitious resources.",metadata is usable for initial screening,5,4,4,5,4.55,included,Often chemical-engineering carbonation; only keep records transferable to cementitious/calcium-rich materials.
high_gravity_carbonation_mineralization,D4,高重力碳化/矿化,High-gravity carbonation / mineralization of cementitious or calcium-rich materials,"""accelerated carbonation"" AND ""recycled concrete fines""","A novel internal carbonation method for utilisation of steel slag-based binder: strength, microstructure, and in-situ carbon migration",Weiwei Chen,2025,Cement and Concrete Composites,10.1016/j.cemconcomp.2025.106267,https://api.elsevier.com/content/article/pii/S095894652500349X,ScienceDirect,"A novel internal carbonation method is proposed in this study for synthesising high-strength steel slag-based binder, using carbonated recycled concrete fines (CRCF) as calcium carbonate carriers and sodium meta-aluminate (SMA) solution as a chemical activator. The results demonstrate that the internal carbonation accelerates hydration and densifies microstructure of steel slag paste. The SMA-CRCF-activated steel slag (SSCRA) paste can achieve a setting time of around 1 h and a 28-day compressive strength of up to 32 MPa, showing a reduction of 84 % in setting time and a 5.4-fold increase in compressive strength compared to the SMA-activated steel slag (SSA) paste. During the process, the CRCF is rapidly dissolved upon activation of SMA solution, releasing carbonate ions to react with katoite and portlandite first and then the larnite in steel slag. After the internal carbonation, the main carbonated phases are Mc and calcite. The resulting C-A-S-H gel generated in the SSCRA paste is less polymerised than that in the SSA paste due to the incorporation of released Ca2+ ions from CRCF. Compared to accelerated carbonation curing, this method enables an easier fabrication process for steel slag products and eliminates constraints related to product dimensions, offering greater flexibility for field applications.",Calcium carbonate carriers; Chemical activator; Internal carbonation; Recycled concrete fines; Steel slag paste,S095894652500349X,cementitious or calcium-rich carbonation material,"CO2 carbonation, mineralization, or carbonation curing",accelerated carbonation; carbonation curing,See abstract metadata; detailed findings require full-text reading where access is lawful.,"It examines intensified carbonation or mineralization of cementitious/calcium-rich materials, which can be transferred to hypergravity CO2 curing or strengthening concepts.","High: CO2 mineralization/carbonation can connect to strength, carbon storage, curing, and recycled cementitious resources.",metadata is usable for initial screening,5,4,3,5,4.35,included,Often chemical-engineering carbonation; only keep records transferable to cementitious/calcium-rich materials.
high_gravity_carbonation_mineralization,D4,高重力碳化/矿化,High-gravity carbonation / mineralization of cementitious or calcium-rich materials,"""accelerated carbonation"" AND ""cement paste""",Accelerated carbonation fronts in cement pastes: Mechanistic insights and simplified modeling,Luge Cheng,2026,Cement and Concrete Research,10.1016/j.cemconres.2025.108050,https://api.elsevier.com/content/article/pii/S0008884625002698,ScienceDirect,"This study investigated the carbonation behavior of ordinary Portland cement (OPC), volcanic glass powder (VGP), and limestone-calcined clay cement (LC3) pastes, focusing on the water content distribution, phase assemblages, and microstructural evolution. Spatiotemporal changes in water and mineral phases were tracked using proton nuclear magnetic resonance relaxometry and micro-X-ray diffraction, respectively. A simplified model reproduced the drying front, defined by a material-specific threshold water content, which aligned closely with the experimentally measured carbonation front. This confirmed that carbonation progression is governed by water diffusion, referred to as the “plugging effect”. Furthermore, carbonation advanced until empty space increased to approximately 18 %, resulting from the decalcification-induced agglomeration of calcium (alumino) silicate hydrate (C–(A)–S–H). This limit was consistently observed across pastes with varying Ca/(Si + Al) ratios. These findings provide mechanistic insight into carbonation front development and offer a physically grounded criterion for predicting carbonation depth and assessing CO₂ uptake in sustainable cementitious materials.",Calcium (alumino) silicate hydrate (C–(A)–S–H); Carbonation (C); Supplementary cementitious materials (SCM); Water content,S0008884625002698,cement paste / cement hydration products,"CO2 carbonation, mineralization, or carbonation curing",accelerated carbonation,See abstract metadata; detailed findings require full-text reading where access is lawful.,"It examines intensified carbonation or mineralization of cementitious/calcium-rich materials, which can be transferred to hypergravity CO2 curing or strengthening concepts.","High: CO2 mineralization/carbonation can connect to strength, carbon storage, curing, and recycled cementitious resources.",metadata is usable for initial screening,5,4,3,5,4.35,included,Often chemical-engineering carbonation; only keep records transferable to cementitious/calcium-rich materials.
high_gravity_carbonation_mineralization,D4,高重力碳化/矿化,High-gravity carbonation / mineralization of cementitious or calcium-rich materials,"""accelerated carbonation"" AND ""cement paste""",Accelerated carbonation of hardened cement pastes: Influence of porosity,Jinbang Wang,2019,Construction and Building Materials,10.1016/j.conbuildmat.2019.07.088,https://api.elsevier.com/content/article/pii/S0950061819317623,ScienceDirect,"Recently, with the development of accelerating mineral carbonation technology, the preparation of building materials by using carbonation curing cement-based materials has attracted wide attention. The diffusion and transfer mechanism of carbon dioxide in porous cementitious materials was the key point that restricts the improvement of materials carbonation rate. In order to obtain comprehensive information that affects accelerating carbonation rate of porous cement-based materials, this paper talks about the influences of paste porosity controlled by water to cement ratio (w/c) on carbonation and the paste micro-structures evolution. Also, mineral compositions before and after carbonation curing were evaluated. Results show that the carbonation rate, carbonation depth and compressive strength are improved after carbonation, while total porosity of complete carbonation zone decreases with the growth of paste porosity. The pores with diameter larger than 200 nm played a leading role in carbon dioxide diffusion, which were reduced by 84.25% of the total volume after carbonation curing. The carbonization reaction mainly occurred in the first six hours in carbonation curing, while the subsequent carbonation curing were unprofitable to the carbonation effect due to the generation of calcium carbonate prevents the diffusion of CO2, making the subsequent carbonation become difficult. XRD results revealed that during carbonation curing the major reactants were C2S, C3S and some hydration products of Ca(OH)2 after 1 d hydration.",Accelerating carbonation rate; Cement pastes; Porosity; W/c ratio,S0950061819317623,cement paste / cement hydration products,"CO2 carbonation, mineralization, or carbonation curing",accelerated carbonation; carbonation curing,See abstract metadata; detailed findings require full-text reading where access is lawful.,"It examines intensified carbonation or mineralization of cementitious/calcium-rich materials, which can be transferred to hypergravity CO2 curing or strengthening concepts.","High: CO2 mineralization/carbonation can connect to strength, carbon storage, curing, and recycled cementitious resources.",metadata is usable for initial screening,5,4,3,5,4.35,included,Often chemical-engineering carbonation; only keep records transferable to cementitious/calcium-rich materials.
high_gravity_carbonation_mineralization,D4,高重力碳化/矿化,High-gravity carbonation / mineralization of cementitious or calcium-rich materials,"""accelerated carbonation"" AND ""cement paste""",Accelerated carbonation of recycled concrete aggregates: Investigation on the microstructure and transport properties at cement paste and mortar scales,Farah Kaddah,2022,Journal of CO2 Utilization,10.1016/j.jcou.2022.101885,https://api.elsevier.com/content/article/pii/S221298202200004X,ScienceDirect,"The accelerated carbonation of recycled concrete aggregates (RA) has been suggested to improve their properties. Several physical and mechanical phenomena occur during the carbonation of adhered cement mortar, but their effects are scarcely distinguished and correlated. In this study cement paste and mortar specimens have been exposed to carbonation after extended curing, and then characterized at different scales to monitor the evolution of their microstructure and macroscopic properties as a function of their carbonation degree. First the carbonation of portlandite and calcite precipitation dominate, then the carbonation of C-S-H develops with the precipitation of vaterite and the development of material stiffness. The increase in elastic modulus and carbonation shrinkage both favor microcraking: an increase in macroporosity and permeability is actually observed. Clogging effect due to the formation of calcium carbonate in the microstructure finally results in the reduction of the porosity, pore sizes, and permeability.",Carbonation; Cement; Hardness; Permeability; Porosimetry; Recycled concrete aggregates; Shrinkage,S221298202200004X,cement paste / cement hydration products,"CO2 carbonation, mineralization, or carbonation curing",accelerated carbonation,See abstract metadata; detailed findings require full-text reading where access is lawful.,"It examines intensified carbonation or mineralization of cementitious/calcium-rich materials, which can be transferred to hypergravity CO2 curing or strengthening concepts.","High: CO2 mineralization/carbonation can connect to strength, carbon storage, curing, and recycled cementitious resources.",metadata is usable for initial screening,5,4,3,5,4.35,included,Often chemical-engineering carbonation; only keep records transferable to cementitious/calcium-rich materials.
high_gravity_carbonation_mineralization,D4,高重力碳化/矿化,High-gravity carbonation / mineralization of cementitious or calcium-rich materials,"""high gravity carbonation""",Achieving instantaneous activation of recycled concrete powder by hyper-gravity carbonation,Zhenjiang Gu,2025,Cement and Concrete Composites,10.1016/j.cemconcomp.2025.106177,https://api.elsevier.com/content/article/pii/S0958946525002598,ScienceDirect,"In this study, a hyper-gravity environment was used for carbonation, aiming at achieving rapid carbonation for activating recycled concrete powder (RCP). The degree of carbonation, mineralogical changes, and microstructural evolution of the RCP during hyper-gravity carbonation (HGC) were monitored and compared with normal carbonation (NC). The results showed that HGC exhibited a carbonation rate 30 times higher than that of NC in 10 min, including the precipitation of 71.1 % calcium carbonate (Cc) and 95.08 % fully polymerized Q4 silicate. In HGC, RCP developed a unique structure characterized by a Cc shell and a silica core. HGC could overcome the gas/solid-liquid limiting steps in NC with its ultra-high mass transfer rates and shear forces, allowing for simultaneous and efficient dissolution and carbonation. The proposed HGC method provides a significant advancement in the joint fields of industrial CO2 capture and waste concrete recycling.",Carbonation; Hyper-gravity; Mass transfer; Recycled concrete powder,S0958946525002598,cementitious or calcium-rich carbonation material,"CO2 carbonation, mineralization, or carbonation curing",Condition present in query/title but not quantitatively stated in available metadata,See abstract metadata; detailed findings require full-text reading where access is lawful.,"It examines intensified carbonation or mineralization of cementitious/calcium-rich materials, which can be transferred to hypergravity CO2 curing or strengthening concepts.","High: CO2 mineralization/carbonation can connect to strength, carbon storage, curing, and recycled cementitious resources.",metadata is usable for initial screening,5,4,3,5,4.35,included,Often chemical-engineering carbonation; only keep records transferable to cementitious/calcium-rich materials.
high_gravity_carbonation_mineralization,D4,高重力碳化/矿化,High-gravity carbonation / mineralization of cementitious or calcium-rich materials,"""accelerated carbonation"" AND ""cement paste""",An insight of carbonation-hydration kinetics and microstructure characterization of cement paste under accelerated carbonation at early age,Lingling Hu,2022,Cement and Concrete Composites,10.1016/j.cemconcomp.2022.104763,https://api.elsevier.com/content/article/pii/S0958946522003560,ScienceDirect,"Accelerated carbonation of cement and concrete at early age is an essential technique for both of carbon sequestration and performance improvement, while the core carbonation heat and the interplay with the subsequent hydration process remain unclear. This study aims to develop a method to explore carbonation-hydration heat evolution using a modified isothermal calorimeter, microstructure characterization of carbonated pastes was revealed by multi-techniques of TG/DTG, XRD, SEM and thermodynamic modelling. Carbonation heat was confirmed and the intensity of this heat was much higher than that of hydration heat. Interestingly, the main hydration peak flow overlapped with the front carbonation flow, while three factors including prior-hydration time, w/c ratio and superplasticizer (SP) were found to be the key factors to obtaining independent carbonation-hydration flow in this process. Furthermore, prior-hydration of 2 h promoted CO2 uptake of paste to 14.9%, and the generation of 1–4 μm calcium carbonate crystals with irregular graininess and rhombohedral-like shape were also observed in carbonated pastes.",Calcium carbonate; Carbonation heat; Carbonation-hydration kinetics; CO2 uptake; Thermodynamic modelling,S0958946522003560,cement paste / cement hydration products,"CO2 carbonation, mineralization, or carbonation curing",accelerated carbonation,See abstract metadata; detailed findings require full-text reading where access is lawful.,"It examines intensified carbonation or mineralization of cementitious/calcium-rich materials, which can be transferred to hypergravity CO2 curing or strengthening concepts.","High: CO2 mineralization/carbonation can connect to strength, carbon storage, curing, and recycled cementitious resources.",metadata is usable for initial screening,5,4,3,5,4.35,included,Often chemical-engineering carbonation; only keep records transferable to cementitious/calcium-rich materials.
high_gravity_carbonation_mineralization,D4,高重力碳化/矿化,High-gravity carbonation / mineralization of cementitious or calcium-rich materials,"""CO2 mineralization"" AND cement",CO 2 mineralization of cement-based materials by accelerated CO 2 mineralization and its mineralization degree: A review,Junhao Ye,2024,Construction and Building Materials,10.1016/j.conbuildmat.2024.137712,https://api.elsevier.com/content/article/pii/S095006182402854X,ScienceDirect,"After the CO2 mineralization reaction of cement-based materials, on the one hand, the microstructure of the materials is improved, and the hardening performance is improved. On the other hand, CO2 is effectively stored and good environmental benefits are generated. This paper reviews the thermodynamic and kinetic models of mineralization of cement-based materials. Secondly, the variation of pore structure and the durability of cement-based materials after CO2 mineralization were reviewed. Then, the factors influencing mineralization degree in ordinary Portland cement system, non-hydrated silicate system, active magnesia system and recycled concrete waste were reviewed. On this basis, the fundamental problem of limiting the degree of mineralization of cement-based materials was identified, i.e., the CO2 mineralized product layer limits the dissolution of Ca2+ and the diffusion of CO2.",Accelerated CO2 mineralization; Calcium carbonate; Cement-based materials; Durability Mineralization degree; Silica gel,S095006182402854X,cementitious or calcium-rich carbonation material,"CO2 carbonation, mineralization, or carbonation curing",co2 mineralization,See abstract metadata; detailed findings require full-text reading where access is lawful.,"It examines intensified carbonation or mineralization of cementitious/calcium-rich materials, which can be transferred to hypergravity CO2 curing or strengthening concepts.","High: CO2 mineralization/carbonation can connect to strength, carbon storage, curing, and recycled cementitious resources.",metadata is usable for initial screening,5,4,3,5,4.35,included,Often chemical-engineering carbonation; only keep records transferable to cementitious/calcium-rich materials.
high_gravity_carbonation_mineralization,D4,高重力碳化/矿化,High-gravity carbonation / mineralization of cementitious or calcium-rich materials,"""CO2 mineralization"" AND cement",CO 2 mineralization through local cement dust: A sustainable sequestration pathway,Wasim Ullah Khan,2026,Next Sustainability,10.1016/j.nxsust.2026.100327,https://api.elsevier.com/content/article/pii/S2949823626000826,ScienceDirect,"Carbon dioxide (CO2) sequestration via mineralization is an efficient approach to permanently store this greenhouse gas in the form of solid carbonates. Moreover, annually increasing stocks and expensive landfills of cement kiln dust (CKD) necessitate groundbreaking solutions to utilize this CKD. One way to simultaneously utilize CKD and sequester CO2 is CKD aqueous mineralization. This work explored CKD carbonation at various liquid to solid ratios (0.4–10), mineralization times (10–120 min), mineralization temperatures (25–75°C), and CO2 flow rates (5–20 ml/min). The product analysis using thermogravimetric analysis (TGA), X-ray diffraction analysis (XRD), and scanning electron microscopy (SEM) was conducted to identify CO2 governing mineralogical and chemical processes. The product characterizations revealed that an increase in liquid to solid ration from 0.4 to 10 facilitated higher CO2 uptake and yielded calcite as major product that was further confirmed by XRD and SEM. An increase in mineralization time from 10 to 20 min improved CO2 uptake, however, further increase in time even up to 120 min had no significant impact on CO2 uptake. The product analysis indicated no influence of mineralization time on polymorph of calcite formed. An increment in mineralization temperature from 25 to 50°C produced more carbonated products (increased CO2 uptake), however a further increase in temperature to 75°C showed a decrease in CO2 uptake. The product morphology remained independent of mineralization temperature. The impact of CO2 flow rate demonstrated that both the product yield (CO2 uptake) and product morphology were insignificantly affected by change in CO2 flow rates. These findings elucidate the CO2 mineralization processes of CKD and are vital to explore CO2 sequestration by CKD.",Carbon Capture Utilization and Storage (CCUS); Cement kiln dust (CKD); CO2mineralization,S2949823626000826,cementitious or calcium-rich carbonation material,"CO2 carbonation, mineralization, or carbonation curing",co2 mineralization,See abstract metadata; detailed findings require full-text reading where access is lawful.,"It examines intensified carbonation or mineralization of cementitious/calcium-rich materials, which can be transferred to hypergravity CO2 curing or strengthening concepts.","High: CO2 mineralization/carbonation can connect to strength, carbon storage, curing, and recycled cementitious resources.",metadata is usable for initial screening,5,4,3,5,4.35,included,Often chemical-engineering carbonation; only keep records transferable to cementitious/calcium-rich materials.
high_gravity_carbonation_mineralization,D4,高重力碳化/矿化,High-gravity carbonation / mineralization of cementitious or calcium-rich materials,"""high gravity carbonation""",Calcium phase evolution and strength development in lime-treated soil under controlled carbonation conditions,Yun Jiang,2026,Geomechanics for Energy and the Environment,10.1016/j.gete.2026.100816,https://api.elsevier.com/content/article/pii/S2352380826000316,ScienceDirect,"Carbonation has a significant influence on the time-dependent mechanical behavior of lime-treated soil (LTS), yet its interaction with pozzolanic reactions remains inadequately understood. This study investigates the coupled effects of carbonation and pozzolanic reactions, focusing on calcium transformation and strength evolution within LTS. A series of controlled experiments were conducted under different CO₂ concentrations (2% and 20%), carbonation durations (3, 12, and 24 h), and curing periods (7–90 days) to evaluate their effects on unconfined compressive strength (UCS), calcium phase transition, and physicochemical properties. The exchangeable calcium (CE), carbonated calcium (CCA), and total calcium were quantified using EDTA titration, gasometric analysis, and strong acid extraction to elucidate calcium transformation mechanisms. The results reveal that the carbonation progresses inward from the exposed surface, with the highest CCA accumulation occurring at the top and significantly lower levels in the middle and bottom layers. The continuous formation of C-(A)-S-H densifies the soil matrix, enhancing strength while limiting CO₂ penetration, which substantially reduces carbonation efficiency in long-cured specimens. Additionally, carbonation significantly alters the physicochemical properties of LTS by reducing pH, electrical conductivity, and salinity, while increasing resistivity. Meanwhile, the formation of CaCO₃ fills pore spaces, enhances compaction, and improves strength, especially under high CO₂ concentrations that accelerate calcium transformations. Notably, the interplay between carbonation and pozzolanic reactions exhibits both competitive and synergistic characteristics. Early-age carbonation consumes a large portion of CE, suppressing subsequent pozzolanic reactions and subsequent strength development. However, when carbonation occurs after sufficient pozzolanic progress, the decalcification of C-(A)-S-H gels facilitates CCA formation and even enhances strength through matrix.",Calcium formation; Carbonation process; Chemical reaction identification; Lime-treated soil; Pozzolanic reaction,S2352380826000316,Concrete/cementitious material or calcium-rich object inferred from title/abstract,Method inferred from ScienceDirect title/abstract,Condition present in query/title but not quantitatively stated in available metadata,See abstract metadata; detailed findings require full-text reading where access is lawful.,"It examines intensified carbonation or mineralization of cementitious/calcium-rich materials, which can be transferred to hypergravity CO2 curing or strengthening concepts.","High: CO2 mineralization/carbonation can connect to strength, carbon storage, curing, and recycled cementitious resources.",metadata is usable for initial screening,5,4,3,5,4.35,included,Often chemical-engineering carbonation; only keep records transferable to cementitious/calcium-rich materials.
high_gravity_carbonation_mineralization,D4,高重力碳化/矿化,High-gravity carbonation / mineralization of cementitious or calcium-rich materials,"""CO2 mineralization"" AND cement",Carbonated waste paste calcined clay cement with enhanced CO 2 mineralization and early strength,Qing Liu,2025,Carbon Capture Science & Technology,10.1016/j.ccst.2024.100343,https://api.elsevier.com/content/article/pii/S2772656824001556,ScienceDirect,"Modern concrete offers a significant potential for carbon capture, utilization and storage due to their alkaline nature. Herein, we combine the CO2 mineralization in the waste cement paste (WCP) with calcined clay cement to develop a novel low-carbon cement—carbonated waste paste calcined clay cement (CWPC3). Our results suggest that 1 kg WCP efficiently mineralizes ∼0.27 kg CO2 within 2 h, and together produces amorphous silica-alumina gel. This carbonated WCP promotes early hydration and strength development due to its high pozzolanic reactivity. Compared with conventional limestone calcined clay cement (LC3), CWPC3 has higher early strength and lower embodied carbon. Our work provides a synchronized solution to treat WCP while reducing embodied carbon in construction materials.",Carbonated waste paste; Carbonation; Compressive strength; Hydration; Low-carbon cement,S2772656824001556,cement paste / cement hydration products,"CO2 carbonation, mineralization, or carbonation curing",co2 mineralization,See abstract metadata; detailed findings require full-text reading where access is lawful.,"It examines intensified carbonation or mineralization of cementitious/calcium-rich materials, which can be transferred to hypergravity CO2 curing or strengthening concepts.","High: CO2 mineralization/carbonation can connect to strength, carbon storage, curing, and recycled cementitious resources.",metadata is usable for initial screening,5,4,3,5,4.35,included,Often chemical-engineering carbonation; only keep records transferable to cementitious/calcium-rich materials.
high_gravity_carbonation_mineralization,D4,高重力碳化/矿化,High-gravity carbonation / mineralization of cementitious or calcium-rich materials,"""carbonation curing"" AND cementitious",Carbonation curing of ultra-high-performance concrete produced with Portland cement of varying belite content,Joonho Seo,2026,Case Studies in Construction Materials,10.1016/j.cscm.2026.e05875,https://api.elsevier.com/content/article/pii/S2214509526001233,ScienceDirect,"This study explores the potential application of carbonation curing to ultra-high-performance concrete (UHPC) produced with Portland cement of varying belite content. After an initial curing phase, the UHPC samples underwent either steam curing at 90 °C or carbonation curing under a 5 % CO2 concentration. Test results indicated that the mechanical strength of the carbonation-cured UHPC samples was generally lower than that of the steam-cured counterparts. Among all cement types, the UHPC samples made with type III cement exhibited the highest strength regardless of the curing regime and/or age. Carbonation curing significantly altered both clinkers and hydrates, with the most pronounced changes observed in the UHPC samples made with type IV cement, suggesting high levels of CO2 ingress and uptake. In addition, as silica fume contributed minimally to the reactions in the carbonation-cured UHPC samples, microstructural development was primarily driven by the carbonation of clinkers, which led to the formation of C-S-H and Ca-modified SiO2 and the precipitation of CaCO3. While steam curing was found to accelerate the reaction of clinkers in a limited timeframe, type IV cement demonstrated potential advantages as part of a carbonation curing strategy when considering environmental benefits. These results suggest that the carbonation curing of UHPC, particularly with belite-rich cement, could provide a low-energy and low-carbon alternative to conventional steam curing practices, thereby offering practical value for sustainable construction applications.",Carbonation curing; Mechanical properties; Microstructure; Portland cement types; Ultra-high-performance concrete,S2214509526001233,cement paste / cement hydration products,"CO2 carbonation, mineralization, or carbonation curing",carbonation curing,See abstract metadata; detailed findings require full-text reading where access is lawful.,"It examines intensified carbonation or mineralization of cementitious/calcium-rich materials, which can be transferred to hypergravity CO2 curing or strengthening concepts.","High: CO2 mineralization/carbonation can connect to strength, carbon storage, curing, and recycled cementitious resources.",metadata is usable for initial screening,5,4,3,5,4.35,included,Often chemical-engineering carbonation; only keep records transferable to cementitious/calcium-rich materials.
high_gravity_carbonation_mineralization,D4,高重力碳化/矿化,High-gravity carbonation / mineralization of cementitious or calcium-rich materials,"""high gravity carbonation""",Carbonation resistance and service-life extension of concrete with high SCM content using reclaimed paint,Nan Zhang,2026,Journal of Building Engineering,10.1016/j.jobe.2026.116065,https://api.elsevier.com/content/article/pii/S2352710226008867,ScienceDirect,"The incorporation of high levels of supplementary cementitious materials (SCMs) is widely recognized as an effective approach to reducing the carbon footprint of concrete; however, it substantially compromises carbonation resistance and thereby increases the risk of reinforcement corrosion. Current reinforced concrete design standards specify cover thickness primarily based on compressive strength, which is inadequate for high SCM concretes. This study investigated the feasibility of incorporating reclaimed water-based paint (RWBP) to reduce the carbonation coefficient of high-SCM concretes containing up to 70% slag and 20% fly ash. The effects of RWBP on fresh and hardened properties, microstructural characteristics, and transport behavior were examined, and the mechanism governing its influence on carbonation coefficient was elucidated. The implications for life-cycle carbon efficiency were also assessed. Results show that RWBP leads to the formation of discontinuous polymer films coating pore walls in the hardened matrix, retarding capillary water loss, and reducing CO2 diffusivity in high-SCM concrete with comparable strength. Due to the discontinuous nature of these films, prolonged exposure progressively increases capillary water loss, consequently increasing the carbonation coefficient with advancing carbonation duration. The extent of carbonation resistance enhancement depends on the type of SCM. Furthermore, the life-cycle carbon efficiency of high SCM concrete can increase by up to 60% with the incorporation of only 10 L/m3 of RWBP. The predicted service life of all high SCM concretes can be more than doubled under natural exposure conditions. In addition, carbon emissions can be further lowered as RWBP significantly reduces the demand for superplasticiser.",Carbonation coefficient; Concrete; Discontinuous polymer films; High SCM content; Life-cycle carbon efficiency,S2352710226008867,cementitious or calcium-rich carbonation material,"CO2 carbonation, mineralization, or carbonation curing",Condition present in query/title but not quantitatively stated in available metadata,See abstract metadata; detailed findings require full-text reading where access is lawful.,"It examines intensified carbonation or mineralization of cementitious/calcium-rich materials, which can be transferred to hypergravity CO2 curing or strengthening concepts.","High: CO2 mineralization/carbonation can connect to strength, carbon storage, curing, and recycled cementitious resources.",metadata is usable for initial screening,2,4,3,5,3.15,excluded_or_low_relevance,Often chemical-engineering carbonation; only keep records transferable to cementitious/calcium-rich materials.
high_gravity_carbonation_mineralization,D4,高重力碳化/矿化,High-gravity carbonation / mineralization of cementitious or calcium-rich materials,"""accelerated carbonation"" AND ""recycled concrete fines""",Carbonic anhydrase-mediated CO 2 sequestration in cementitious materials: Challenges and opportunities,Xiulin Chen,2026,Journal of CO2 Utilization,10.1016/j.jcou.2026.103367,https://api.elsevier.com/content/article/pii/S2212982026000569,ScienceDirect,"The cement industry accounts for up to 8% of global CO2 emissions, with natural carbonation during the concrete life cycle offsetting only 16–30% of these emissions. Conventional accelerated carbonation is energy-intensive and limited to controlled pre-cast environments. Bio-based enzymatic approaches by adding carbonic anhydrase (CA) as a catalytic enhancement during carbonation offer a promising pathway for accelerating CO2 sequestration by catalyzing the rate-limiting CO2 hydration to bicarbonate (HCO3-), facilitating subsequent CaCO3 precipitation. However, CA’s effectiveness is controlled by cementitious material properties. CA rapidly loses activity at pH 13 (fresh concrete) while remaining functional at pH 10–12 (characteristic of recycled concrete materials). Therefore, this perspective review concludes that CA is ideally suited to end-of-life recycled concrete materials, particularly recycled concrete fines and powders (RCFs and RCPs), which offer high surface area-to-volume ratios and favorable pH conditions for efficient CA-mediated CO2 capture. We discuss various strategies to enhance CA stability in cementitious systems, including enzyme immobilization, selection of robust CA variants, and protein engineering. While CA shows promising potential for recycled concrete materials, practical implementation of CA-mediated CO2 sequestration requires strategic approaches to align material properties with CA functional requirements.",Carbonic anhydrase; Cementitious materials; CO2 sequestration,S2212982026000569,cementitious or calcium-rich carbonation material,"CO2 carbonation, mineralization, or carbonation curing",accelerated carbonation,See abstract metadata; detailed findings require full-text reading where access is lawful.,"It examines intensified carbonation or mineralization of cementitious/calcium-rich materials, which can be transferred to hypergravity CO2 curing or strengthening concepts.","High: CO2 mineralization/carbonation can connect to strength, carbon storage, curing, and recycled cementitious resources.",metadata is usable for initial screening,5,4,3,5,4.35,included,Often chemical-engineering carbonation; only keep records transferable to cementitious/calcium-rich materials.
high_gravity_carbonation_mineralization,D4,高重力碳化/矿化,High-gravity carbonation / mineralization of cementitious or calcium-rich materials,"""rotating packed bed"" AND ""calcium hydroxide""",Chapter 9: Carbonation of steel slag,Abdel-Mohsen O. Mohamed,2023,Sustainable Utilization of Carbon Dioxide in Waste Management,10.1016/b978-0-12-823418-1.00008-1,https://api.elsevier.com/content/article/pii/B9780128234181000081,ScienceDirect,unclear,unclear,B9780128234181000081,cementitious or calcium-rich carbonation material,Method inferred from ScienceDirect title/abstract,Condition present in query/title but not quantitatively stated in available metadata,ScienceDirect direct metadata did not provide enough abstract detail.,"It examines intensified carbonation or mineralization of cementitious/calcium-rich materials, which can be transferred to hypergravity CO2 curing or strengthening concepts.","High: CO2 mineralization/carbonation can connect to strength, carbon storage, curing, and recycled cementitious resources.",abstract unavailable or too short in API metadata; excluded from final Excel because no usable abstract was available from Elsevier metadata.,5,4,3,3,4.05,excluded_missing_abstract,Often chemical-engineering carbonation; only keep records transferable to cementitious/calcium-rich materials.
high_gravity_carbonation_mineralization,D4,高重力碳化/矿化,High-gravity carbonation / mineralization of cementitious or calcium-rich materials,"""accelerated carbonation"" AND ""recycled concrete fines""",Characterization the carbonation behavior of recycled brick-concrete fines and its pozzolanic reactivity enhancement: The role of red brick fines,Yong Zheng,2025,Construction and Building Materials,10.1016/j.conbuildmat.2025.144434,https://api.elsevier.com/content/article/pii/S0950061825045866,ScienceDirect,"Recycled concrete fines (RCF) commonly contain red brick fines (RBF), yet the effects of such inclusions on carbonation behavior and pozzolanic reactivity remain unclear. The study investigates the carbonation behavior and pozzolanic reactivity enhancement of recycled brick–concrete fines (RBCF) with varied RBF contents. In contrast to conventional RCF, RBF contains reactive silica–alumina components that facilitate the polymerization of silicate species and stimulate the generation of amorphous silica–alumina gels during the carbonation process. Experimental results reveal that RBF incorporation not only alters carbonation product composition but also reduces water demand, enhances later-stage heat release, and significantly improves 28-day compressive strength. A synergistic interface between CaCO3 precipitation and RBF-derived gels was observed, leading to a self-enhancing pozzolanic system. The blend with 40 % RBF exhibited the most balanced performance, demonstrating optimized early–late-stage reactivity. These findings provide new insights into the valorization of mixed construction waste through controlled carbonation and lay the foundation for designing high-performance, low-carbon supplementary cementitious materials.",Calcium-aluminum phase formation; Carbonation kinetics; Pozzolanic reactivity; Recycled brick-concrete fines; Red brick fines,S0950061825045866,cementitious or calcium-rich carbonation material,Method inferred from ScienceDirect title/abstract,Condition present in query/title but not quantitatively stated in available metadata,See abstract metadata; detailed findings require full-text reading where access is lawful.,"It examines intensified carbonation or mineralization of cementitious/calcium-rich materials, which can be transferred to hypergravity CO2 curing or strengthening concepts.","High: CO2 mineralization/carbonation can connect to strength, carbon storage, curing, and recycled cementitious resources.",metadata is usable for initial screening,5,4,3,5,4.35,included,Often chemical-engineering carbonation; only keep records transferable to cementitious/calcium-rich materials.
high_gravity_carbonation_mineralization,D4,高重力碳化/矿化,High-gravity carbonation / mineralization of cementitious or calcium-rich materials,"""carbonation curing"" AND cementitious",Compressive strength development and microstructure evolution of mortars prepared using reactivated cementitious materials under carbonation curing,Haitao Liao,2024,Developments in the Built Environment,10.1016/j.dibe.2024.100397,https://api.elsevier.com/content/article/pii/S2666165924000784,ScienceDirect,"The effect of carbonation curing on depth-wise carbonation gradient and compressive strength development of RCM was evaluated. The RCM mortars were carbonated for seven curing periods, complemented by a thorough investigation of carbonation degree, phase assemblage, and microstructural at varying depths. Results showed a significant increase in compressive strength, from 3.3 MPa on the first day to 51.7 MPa after seven days and 63.5 MPa after 28 days of carbonation curing. A notable gradient in CaCO3 concentration was observed, decreasing from 41.4% at the surface to 16.8% at 25 mm depths. Additionally, the formation of CaCO3 polymorphs and Ca-modified silica gel in the surface layers was found to enhance microstructural density and impede CO2 penetration, while a higher prevalence of micropores was noted in the inner regions. These findings highlight the potential of optimizing the carbonation regime or employing internal carbonation methods to achieve a more homogeneous microstructure.",Carbonation curing; Cement recycling; Reactivated cementitious material; Strength development,S2666165924000784,cementitious or calcium-rich carbonation material,"CO2 carbonation, mineralization, or carbonation curing",carbonation curing,See abstract metadata; detailed findings require full-text reading where access is lawful.,"It examines intensified carbonation or mineralization of cementitious/calcium-rich materials, which can be transferred to hypergravity CO2 curing or strengthening concepts.","High: CO2 mineralization/carbonation can connect to strength, carbon storage, curing, and recycled cementitious resources.",metadata is usable for initial screening,5,4,3,5,4.35,included,Often chemical-engineering carbonation; only keep records transferable to cementitious/calcium-rich materials.
high_gravity_carbonation_mineralization,D4,高重力碳化/矿化,High-gravity carbonation / mineralization of cementitious or calcium-rich materials,"""CO2 mineralization"" AND cement",Coupled influence of acidic impurities in incineration flue gas on CO 2 mineralization and phase composition of steel slag-based aggregates,Tianjing Qiu,2026,Chemical Engineering Journal,10.1016/j.cej.2026.173606,https://api.elsevier.com/content/article/pii/S138589472601065X,ScienceDirect,"Municipal solid waste incineration flue gas (MSWI) has a complex composition, in which the concentration of acidic impurity gases varies dynamically, which has a certain effect on CO2 mineralization curing. To achieve flue gas carbon capture and solid waste resource utilization, industrial solid wastes were used to prepare cold-bonded lightweight aggregates (CALAs) and their carbonation behaviors were investigated under simulated real incineration flue gas environment. Under the condition of incorporating low concentration of HCl, the carbonation process produced a synergistic promotion effect, which significantly improves the CO2 absorption efficiency to 16.7%, aggregate densification and mechanical strength, and realized net negative carbon emission; however, in the presence of medium-high concentration of HCl or SO2, the acidic gas competed for the alkaline reaction site with CO2, which inhibited the carbonation reaction, resulting in the loosening of the structure of the carbonate product and the reduction of the environmental benefits. This study demonstrated the concentration-dependent effects of HCl and SO2 in the carbonation of steel slag-based CALAs, providing an experimental basis for understanding the process of CO2 mineralization and sequestration in complex flue gas environments.",Carbon emission; CO2 mineralization; Incineration flue gas; Industrial solid waste,S138589472601065X,cementitious or calcium-rich carbonation material,"CO2 carbonation, mineralization, or carbonation curing",co2 mineralization,See abstract metadata; detailed findings require full-text reading where access is lawful.,"It examines intensified carbonation or mineralization of cementitious/calcium-rich materials, which can be transferred to hypergravity CO2 curing or strengthening concepts.","High: CO2 mineralization/carbonation can connect to strength, carbon storage, curing, and recycled cementitious resources.",metadata is usable for initial screening,5,4,3,5,4.35,included,Often chemical-engineering carbonation; only keep records transferable to cementitious/calcium-rich materials.
high_gravity_carbonation_mineralization,D4,高重力碳化/矿化,High-gravity carbonation / mineralization of cementitious or calcium-rich materials,"""carbonation curing"" AND cementitious","Design of alkali-activated MSWI fly ash-based cementitious materials under carbonation curing: Mechanical properties, heavy metal solidification, and mechanisms",An Sai,2026,Sustainable Chemistry and Pharmacy,10.1016/j.scp.2025.102299,https://api.elsevier.com/content/article/pii/S2352554125003973,ScienceDirect,"Municipal solid waste incineration fly ash contains a large number of harmful heavy metals (HMs), which need to be properly handled. This study innovatively proposes a method for efficiently solidifying HMs through the synergistic effect of high-pressure and high-concentration carbonation curing technology and alkali-activated materials (AAMs). A new type of eco-friendly alkali-activated material was prepared via orthogonal experiments. The microstructure and chemical composition changes of AAMs under carbonation were analyzed in depth, and the mechanism by which carbonation affects the solidification/stabilization (S/S) of HMs was revealed. Results showed that although carbonation reduced the compressive strength of AAMs (with a maximum reduction rate of 52.6 %), it significantly improved the S/S effect of HMs, and the solidified body showed good stability in terms of strength at 180d of curing. The maximum reduction rates of leaching concentrations of Cd, Cu, Pb, and Zn were 48.1 %, 56.5 %, 61.6 %, and 51.9 %, respectively. Microscopic analysis showed that carbonation curing promoted the formation of C4AH13, xonotlite, and Friedel's salt. These hydration products enhance the S/S of HMs mainly through ion exchange, surface complexation, adsorption, and precipitation. Compared with traditional cement S/S methods and non-carbonated alkali-activated systems, this method achieves a 15 %–20 % higher heavy metal (Cd, Cu, Pb, Zn) immobilization rate. These results indicate the potential application of carbonation curing technology in the field of AAMs. This study not only advances research on the synergy between carbonation curing and AAMs, but also contributes to the coordinated development of hazardous solid waste treatment and environmental protection.",Alkali-activated; Carbonation curing; Heavy metal solidification; MSWI fly ash,S2352554125003973,cementitious or calcium-rich carbonation material,"CO2 carbonation, mineralization, or carbonation curing",carbonation curing,See abstract metadata; detailed findings require full-text reading where access is lawful.,"It examines intensified carbonation or mineralization of cementitious/calcium-rich materials, which can be transferred to hypergravity CO2 curing or strengthening concepts.","High: CO2 mineralization/carbonation can connect to strength, carbon storage, curing, and recycled cementitious resources.",metadata is usable for initial screening,5,4,3,5,4.35,included,Often chemical-engineering carbonation; only keep records transferable to cementitious/calcium-rich materials.
high_gravity_carbonation_mineralization,D4,高重力碳化/矿化,High-gravity carbonation / mineralization of cementitious or calcium-rich materials,"""high gravity carbonation""",Durability performance of soil concretes: Role of cement and soil types under carbonation and wetting/drying cycles,Alain Kamdem,2026,Journal of Building Engineering,10.1016/j.jobe.2026.115986,https://api.elsevier.com/content/article/pii/S2352710226008077,ScienceDirect,"Soil concrete is a material obtained by mixing soil with cement. It is currently used for the construction of permanent structures such as dykes and retaining walls. The clay content in the soil requires a high-water content during preparation and placement, leading to increased porosity, which increases porosity and can negatively affect the long-term performance of soil concrete structures. In this context, it is essential to assess the durability of this material. Two durability indicators were studied in the laboratory: carbonation (mass loss (ζ), water-accessible porosity (η) and carbonation depth (Xc)) and wetting/drying (W/D) cycles (mass loss (ζ), P-wave velocity (Vp) and compressive strength (Rc)). The objective of this experimental study was to evaluate the role of cement and soil types on the durability performance of soil concretes under carbonation and W/D cycles. For the mixtures, two soils were selected: a clayey sand (SA5) and laterite (LA5), both with a grain size class of 0/5. Soil concretes were prepared at a constant spread of 32–33 cm (mini-slump test) using CEM I 52.5, CEM II 42.5, and CEM III 32.5 binders, with cement contents of 150 and 250 kg/m3. These durability tests were carried out on cylindrical specimens of dimensions (Ø = 60 mm and h = 120 mm) which were cured for 90 days in water prior to testing. The results indicate that mixtures containing CEM III 32.5 exhibited the highest carbonation depths due to the presence of blast-furnace slag, which reduces the availability of carbonatable products. LA5-based mixtures showed greater sensitivity to carbonation, mainly because of their higher porosity. While both soil and cement properties affect carbonation, the nature of the soil exerts a lesser influence on specimens containing Portland cements (CEM I 52.5 and CEM II 42.5) compared to those incorporating slag-based cement (CEM III 32.5). This can be explained by a soil-cement-water interaction. Unlike clinker, the main constituent of Portland cement, which hydrates faster, slag continues to hydrate over long periods. As our samples were cured for 90 days, this will lead to a more significant soil effect during carbonation in the case of formulations with CEM III 32.5 (blast furnace slag cement). Wetting/drying cycles led to higher mass losses and greater reductions in compressive strength in CEM III-based mixtures, particularly those prepared with LA5 soil. This behavior is attributed to the delayed hydraulic reactivity of slag, which causes mechanical instability during cyclic exposure. Overall, the study demonstrates that both cement composition and soil characteristics play a key role in controlling the durability of soil concrete under environmental actions.",Carbonation; Durability; Soil concrete; Spreading; Wetting/drying cycles,S2352710226008077,cementitious or calcium-rich carbonation material,Method inferred from ScienceDirect title/abstract,Condition present in query/title but not quantitatively stated in available metadata,See abstract metadata; detailed findings require full-text reading where access is lawful.,"It examines intensified carbonation or mineralization of cementitious/calcium-rich materials, which can be transferred to hypergravity CO2 curing or strengthening concepts.","High: CO2 mineralization/carbonation can connect to strength, carbon storage, curing, and recycled cementitious resources.",metadata is usable for initial screening,5,4,3,5,4.35,included,Often chemical-engineering carbonation; only keep records transferable to cementitious/calcium-rich materials.
high_gravity_carbonation_mineralization,D4,高重力碳化/矿化,High-gravity carbonation / mineralization of cementitious or calcium-rich materials,"""CO2 mineralization"" AND cement",Effect of CO 2 mineralization on phase evolution and microstructure development of blended cement formulated with large proportion of steel slag,Yubin Cao,2025,Case Studies in Construction Materials,10.1016/j.cscm.2025.e05080,https://api.elsevier.com/content/article/pii/S2214509525008782,ScienceDirect,"The presence of larger percentage of inert components, f-CaO and brucite in blended cementitious materials formulated with steel slag results in lower reactivity and poor volume stability, which restricts the utilization of steel slag as supplementary cementitious materials. The aim of this paper is to investigate the effect of CO2 mineralisation on the strength development, phase evolution and microstructure improvement of blended cementitious materials formulated with different proportions of steel slag at different water to binder ratios (w/b). Densiﬁed system with ultra-ﬁne particles (DSPs) was adopted to guide the mixture formulation to enhance the strength. The results showed that, CO2 mineralisation dominantly increased the compressive strength development compared with the control sample and reduced the flexural strength. Samples with high w/b ratio (i.e., 0.30, 0.35 and 0.40) showed the highest carbonation depth after 3 days carbonation curing. Calcite with good crystal morphology was the mainly carbonated products in the fully carbonation zone, whilst metastable aragonite and vaterite were formed in the carbonation interfacial transition zone, which may be influenced by the CO2 concentration and curing time. Phase evolution caused by carbonation curing significantly refined the pore size to harmless and reduced the porosity, especially for that with higher w/b ratio.",Cementitious materials; CO2 mineralisation; Microstructure; Phase evolution; Steel slag,S2214509525008782,cementitious or calcium-rich carbonation material,"CO2 carbonation, mineralization, or carbonation curing",carbonation curing; co2 mineralisation,See abstract metadata; detailed findings require full-text reading where access is lawful.,"It examines intensified carbonation or mineralization of cementitious/calcium-rich materials, which can be transferred to hypergravity CO2 curing or strengthening concepts.","High: CO2 mineralization/carbonation can connect to strength, carbon storage, curing, and recycled cementitious resources.",metadata is usable for initial screening,5,4,3,5,4.35,included,Often chemical-engineering carbonation; only keep records transferable to cementitious/calcium-rich materials.
high_gravity_carbonation_mineralization,D4,高重力碳化/矿化,High-gravity carbonation / mineralization of cementitious or calcium-rich materials,"""accelerated carbonation"" AND ""cement paste""",Effect of accelerated carbonation on fine cement paste aggregates,Marión Bustamante,2024,Developments in the Built Environment,10.1016/j.dibe.2024.100545,https://api.elsevier.com/content/article/pii/S2666165924002266,ScienceDirect,"Accelerated carbonation is suggested as a potential alternative for carbon dioxide sequestration, which also improves the microstructure of recycled concrete aggregates. In this study, the carbonation parameters of model aggregates derived from cement pastes with two different water/cement ratios (i.e., 0.5 and 0.7) were evaluated in order to maximize the benefits of the carbonation process on their density and absorption. For this purpose, in a first phase, the initial moisture content of the model aggregates and the reaction time were evaluated. Furthermore, in a second phase of mortar production, the fraction of fine natural aggregates was replaced, considering each type of unprocessed and carbonated model aggregate at volumetric replacement percentages of 50% and 100%, varying the amount of water in the mortar mix to maintain a similar workability in all the series. In this way, the properties of the eight series of mortars are evaluated in comparison with the control series made only with natural aggregates. The results indicate that the accelerated carbonation process positively influences density and absorption in the model aggregate. Regarding the parameters of the accelerated carbonation environment analyzed, for a higher w/c ratio in the original model aggregate, higher initial water content was necessary for the carbonation process to be efficient. As for the mechanical performance of the mortars with model aggregate, the series that incorporated model aggregate aggregates with a w/c ratio of 0.5 achieved better mechanical behavior compared to the series replacing model aggregate with a w/c ratio of 0.7; this was related to the formation of a more compact matrix in the mortar with model aggregate of cementitious pastes.",Accelerated carbonation; Cement paste aggregates; Mortar; Recycled aggregate,S2666165924002266,cement paste / cement hydration products,"CO2 carbonation, mineralization, or carbonation curing",accelerated carbonation,See abstract metadata; detailed findings require full-text reading where access is lawful.,"It examines intensified carbonation or mineralization of cementitious/calcium-rich materials, which can be transferred to hypergravity CO2 curing or strengthening concepts.","High: CO2 mineralization/carbonation can connect to strength, carbon storage, curing, and recycled cementitious resources.",metadata is usable for initial screening,5,4,3,5,4.35,included,Often chemical-engineering carbonation; only keep records transferable to cementitious/calcium-rich materials.
high_gravity_carbonation_mineralization,D4,高重力碳化/矿化,High-gravity carbonation / mineralization of cementitious or calcium-rich materials,"""carbonation curing"" AND cementitious",Effect of carbonation curing on the characterization and properties of steel slag-based cementitious materials,Xinyue Liu,2024,Cement and Concrete Composites,10.1016/j.cemconcomp.2024.105769,https://api.elsevier.com/content/article/pii/S0958946524003421,ScienceDirect,"Steel slag (SS)-based cementitious materials usually exhibit poor bulk stability, poor early activity and low mechanical strength, which greatly limits the consumption of SS in construction materials. Carbonation curing can not only control volume expansion but also improve the mechanical properties and durability of SS-based cementitious materials. First, the physicochemical properties of the SS were summarized. Then, the reaction mechanism of carbonation curing was analyzed. Next, the mineral composition, microstructure, morphology and CO2 uptake of the SS-based materials during carbonation curing were discussed, and the effects of carbonation curing on the mechanical properties, volume stability and durability of the SS-based materials were investigated. Finally, some suggestions for the application of carbonation curing in SS-based materials were given. The development and application of carbonation curing in SS-based materials can achieve the large-scale utilization of SS in cementitious materials and the effective reduction of CO2 emissions.",Carbon capture and utilization; Carbonation curing; Cement; Steel slag; Supplementary cementitious material,S0958946524003421,cementitious or calcium-rich carbonation material,"CO2 carbonation, mineralization, or carbonation curing",carbonation curing,See abstract metadata; detailed findings require full-text reading where access is lawful.,"It examines intensified carbonation or mineralization of cementitious/calcium-rich materials, which can be transferred to hypergravity CO2 curing or strengthening concepts.","High: CO2 mineralization/carbonation can connect to strength, carbon storage, curing, and recycled cementitious resources.",metadata is usable for initial screening,5,4,3,5,4.35,included,Often chemical-engineering carbonation; only keep records transferable to cementitious/calcium-rich materials.
high_gravity_carbonation_mineralization,D4,高重力碳化/矿化,High-gravity carbonation / mineralization of cementitious or calcium-rich materials,"""accelerated carbonation"" AND ""cement paste""",Effect of water-to-cement ratio induced hydration on the accelerated carbonation of cement pastes,Hamideh Mehdizadeh,2021,Environmental Pollution,10.1016/j.envpol.2021.116914,https://api.elsevier.com/content/article/pii/S0269749121004966,ScienceDirect,"Recently, the use of accelerated carbonation curing has attracted wide attention as a promising method to reduce carbon dioxide (CO2) emission and improve the mechanical properties of cement-based materials. However, the diffusion mechanism of CO2 in the matrix and the content of hydration products are the key factors that restrict the carbonation reaction rate. To understand the combined behavior of hydration and carbonation reactions, this paper investigates the influence of cement hydration induced by water-to-cement ratio (w/c) (ranging from 0.25 to 0.45) on microstructure and microhardness properties of cement paste. The experimental results demonstrated that carbonation only occurred at the surface layer of cement paste samples and carbonation efficiency was significantly influenced by greater hydration due to higher w/c. The carbonation depth of the sample with 0.45 w/c was about 6 times higher than that of sample with 0.25 w/c after 28 days of CO2 curing. XRD results revealed that calcite-type calcium carbonate is the main carbonation product and consumption of clinker phases (C2S and C3S) during the hydration enhanced the calcite precipitation in the pores of the surface layer. According to FTIR, with increasing w/c, the position of Si–O–Si stretching bond of the carbonated surface changed from Q2 to Q3, confirming the formation of amorphous silica-rich gel, along with the appearance of CO32− bonds related to calcite. In overall, the micro-mechanical analysis in this study showed that the carbonation significantly improved the surface microhardness of cement paste samples, while the refinement of capillary pores due to carbonation also decreased the negative impact of large pores formed in the matrix of cement paste prepared with high w/c. Main finding: Relatively high water-to-cement ratios increased the CO2 sequestration of cement paste and comparatively enhanced the porosity and microhardness at surface layer.",Carbonation; Cement hydration; Microhardness; Microstructure; Porosity; Water to cement ratio,S0269749121004966,cement paste / cement hydration products,"CO2 carbonation, mineralization, or carbonation curing",accelerated carbonation; carbonation curing,See abstract metadata; detailed findings require full-text reading where access is lawful.,"It examines intensified carbonation or mineralization of cementitious/calcium-rich materials, which can be transferred to hypergravity CO2 curing or strengthening concepts.","High: CO2 mineralization/carbonation can connect to strength, carbon storage, curing, and recycled cementitious resources.",metadata is usable for initial screening,5,4,3,5,4.35,included,Often chemical-engineering carbonation; only keep records transferable to cementitious/calcium-rich materials.
high_gravity_carbonation_mineralization,D4,高重力碳化/矿化,High-gravity carbonation / mineralization of cementitious or calcium-rich materials,"""accelerated carbonation"" AND ""cement paste""",Effects of accelerated carbonation on the chemical and microstructural evolution of recycled different SCMs blended cement pastes,Lei Xu,2025,Cement and Concrete Composites,10.1016/j.cemconcomp.2025.106259,https://api.elsevier.com/content/article/pii/S0958946525003415,ScienceDirect,"To mitigate the environmental impacts of cement production, which contributes to more than 7 % of global CO2 emissions, strategies such as the use of supplementary cementitious materials (SCMs), the development of new low-carbon cementitious materials, and the incorporation of recycled waste materials have been implemented. This study comprehensively investigates the chemical changes and microstructural evolution of CO2-cured recycled cement pastes from different waste SCMs blends, including silica fume (SF), fly ash (FA), ground-granulated blast-furnace slag (GGBS), and limestone (LS). Using 29Si NMR, TG, QXRD, SEM, TEM, MIP, and mechanical tests, we identify distinct carbonation patterns between different recycled SCMs-blended cement (RBC) pastes. These differences are attributed to variations in β-C2S, calcium hydroxide, and C2AS (gehlenite) content. The thermal activation temperature plays a significant role in the carbonation behavior of RBC pastes, with higher temperatures leading to increased crystallization of β-C2S and a reduction in crystalline defects. The enhanced compressive strength of RBC pastes under CO2 curing is linked to the carbonation of portlandite and belite at the surface, resulting a ""C-S-H and silica gel matrix inlaid with a polycrystalline CaCO3 hoop layer"" that markedly improves microstructural densification and decreases total porosity. With a low-carbon emission of 0.237–0.316 tCO2/t during RBC paste production and its potential for CO2 capture, RBC presents an obvious potential as a negative-carbon cementitious material.",Belite; CO2 enhancement; Supplementary cementitious materials; Thermal-activated recycled blended cement,S0958946525003415,cement paste / cement hydration products,"CO2 carbonation, mineralization, or carbonation curing",accelerated carbonation,See abstract metadata; detailed findings require full-text reading where access is lawful.,"It examines intensified carbonation or mineralization of cementitious/calcium-rich materials, which can be transferred to hypergravity CO2 curing or strengthening concepts.","High: CO2 mineralization/carbonation can connect to strength, carbon storage, curing, and recycled cementitious resources.",metadata is usable for initial screening,5,4,3,5,4.35,included,Often chemical-engineering carbonation; only keep records transferable to cementitious/calcium-rich materials.
high_gravity_carbonation_mineralization,D4,高重力碳化/矿化,High-gravity carbonation / mineralization of cementitious or calcium-rich materials,"""CO2 mineralisation"" AND cement",Enhanced reactivity and CO 2 mineralization of low-lime calcium silicate cement by incorporating nitric acid as an initial calcium leaching agent,Seongmin Cho,2024,Journal of CO2 Utilization,10.1016/j.jcou.2024.102913,https://api.elsevier.com/content/article/pii/S2212982024002488,ScienceDirect,"This study proposed mixing HNO3 solution with low-lime calcium silicate cement (CSC) to enhance the CO2 capture and mechanical properties after CO2-curing by increasing Ca2+ leaching at the initial stage. To clarify the influences of HNO3 and the reaction mechanisms, various molar concentrations of HNO3 (0, 0.01, 0.05, 0.1, 0.2, 0.5, and 1.0 M) were homogenized with CSC using a liquid-to-solid ratio (L/S) of 0.4 and CO2-cured in a pressurized chamber for 24 h. The impact of HNO3 on the initial reaction kinetics, Ca2+ leaching, phase composition after curing, CO2 fixation capability, and mechanical performance were investigated. The findings revealed that the incorporation of HNO3 had a pronounced influence on the degree of reaction, CO2 fixation, and mechanical performance of CSC pastes. Nevertheless, the excessive incorporation of HNO3 had a notable adverse impact on the reaction.",Calcium carbonate; CO2 curing; CO2 sequestration; Low-lime calcium silicate cement (CSC); Nitric acid,S2212982024002488,cementitious or calcium-rich carbonation material,"CO2 carbonation, mineralization, or carbonation curing",Condition present in query/title but not quantitatively stated in available metadata,See abstract metadata; detailed findings require full-text reading where access is lawful.,"It examines intensified carbonation or mineralization of cementitious/calcium-rich materials, which can be transferred to hypergravity CO2 curing or strengthening concepts.","High: CO2 mineralization/carbonation can connect to strength, carbon storage, curing, and recycled cementitious resources.",metadata is usable for initial screening,5,4,3,5,4.35,included,Often chemical-engineering carbonation; only keep records transferable to cementitious/calcium-rich materials.
high_gravity_carbonation_mineralization,D4,高重力碳化/矿化,High-gravity carbonation / mineralization of cementitious or calcium-rich materials,"""high gravity carbonation""",Enhancing carbon storage potential and performance of concrete: Synergy of waste paper ash incorporation and accelerated carbonation curing,Karim Hassan,2026,Developments in the Built Environment,10.1016/j.dibe.2026.100905,https://api.elsevier.com/content/article/pii/S2666165926000633,ScienceDirect,"This paper examines the use of waste paper ash (WPA) as a partial cement substitute, combined with accelerated carbonation curing, to mitigate the CO2 impact associated with concrete production. The chemical, physical, and microstructural properties of the WPA were investigated. Then, the effect of WPA replacement levels (5, 10, and 20%), aggregate-to-binder ratio (5, 6, and 7), water-to-binder ratio (0.45, 0.50, and 0.55), and carbonation curing durations (4, 8, and 20 h) on the performance of concrete were evaluated, including CO2 uptake, compressive strength, permeable pores, and water absorption. The Taguchi optimization method was employed to maximize CO2 sequestration in blended carbonation-cured concrete. The experimental results suggested that the optimum mix, consisting of a WPA replacement of 10%, an aggregate-to-binder ratio of 5, a water-to-binder ratio of 0.55, and 8 h of carbonation, had a CO2 uptake of 16.4%, a 28-day compressive strength of 19.4 MPa, water absorption of 6.5%, and volume of permeable voids of 22.9%. Furthermore, X-ray diffraction (XRD) analysis, Fourier transform infrared spectroscopy (FTIR), and scanning electron microscopy (SEM) with energy-dispersive X-ray spectroscopy (EDX) of the optimum mix highlighted the synergic formation of carbonation and hydration products, including calcium carbonate and calcium silicate hydrate, respectively. This study provides insight into a blended carbonation-cured concrete containing WPA, while contributing to the decarbonization of the concrete sector and the circular economy.",Carbon storage; Carbonation curing; Concrete; Taguchi; Waste paper ash,S2666165926000633,cement paste / cement hydration products,"CO2 carbonation, mineralization, or carbonation curing",accelerated carbonation; carbonation curing,See abstract metadata; detailed findings require full-text reading where access is lawful.,"It examines intensified carbonation or mineralization of cementitious/calcium-rich materials, which can be transferred to hypergravity CO2 curing or strengthening concepts.","High: CO2 mineralization/carbonation can connect to strength, carbon storage, curing, and recycled cementitious resources.",metadata is usable for initial screening,2,4,3,5,3.15,excluded_or_low_relevance,Often chemical-engineering carbonation; only keep records transferable to cementitious/calcium-rich materials.
high_gravity_carbonation_mineralization,D4,高重力碳化/矿化,High-gravity carbonation / mineralization of cementitious or calcium-rich materials,"""CO2 mineralisation"" AND cement",Enhancing coal gangue aggregates with fly ash-cement slurry: Synergistic effects of CO 2 mineralization on physical and mechanical properties,Shuqiong Luo,2024,Construction and Building Materials,10.1016/j.conbuildmat.2024.137389,https://api.elsevier.com/content/article/pii/S0950061824025315,ScienceDirect,"The application of coal gangue in construction materials faces challenges due to its inherent structural looseness, elevated porosity, and high carbon content. This study encapsulated coal gangue aggregates (CGAs) with a fly ash-cement slurry, varying the content of fly ash (0 %, 10 %, 20 %, and 30 %) and maintaining a water-to-cement ratio of 0.35. These aggregates were subjected to a curing process within an environment containing a CO2 concentration of 20 %, 0.1 MPa pressure, 70 % humidity, and a temperature of 20°C. The study delved into examining how the combination of fly ash-cement slurry encapsulation and CO2 mineralization impacts the physical properties and microstructure of CGAs, focusing on understanding the influence and mechanism behind the synergistic effects. Findings reveal that following the encapsulation process using a fly ash-cement slurry, CGAs exhibit a higher apparent density, a reduced crushing value, but a notable increase in water absorption rate. Notably, treatment with 10 % fly ash-cement slurry and CO2 mineralization increased the apparent density by 3.85 %, reduced the crushing value by 39.57 %, and limited the increase in water absorption rate to 9.9 %. Additionally, the elastic modulus of the enhanced aggregates rose by 12.73 %. This can be attributed to the formation of a significant quantity of C-S-H gel and CaCO3 products as a result of the interplay between the encapsulated fly ash-cement slurry and CO2 mineralization. This process effectively occupied the voids within the coal gangue. Consequently, CO2 mineralization enhanced the interfacial transition zone between the slurry and coal gangue, ultimately leading to improved coal gangue's mechanical performance.",CO2 mineralization; Coal gangue aggregate; Fly ash-cement slurry; Mineralization synergy; Physical properties; Synergism,S0950061824025315,cement paste / cement hydration products,"CO2 carbonation, mineralization, or carbonation curing",co2 mineralization,See abstract metadata; detailed findings require full-text reading where access is lawful.,"It examines intensified carbonation or mineralization of cementitious/calcium-rich materials, which can be transferred to hypergravity CO2 curing or strengthening concepts.","High: CO2 mineralization/carbonation can connect to strength, carbon storage, curing, and recycled cementitious resources.",metadata is usable for initial screening,5,4,3,5,4.35,included,Often chemical-engineering carbonation; only keep records transferable to cementitious/calcium-rich materials.
high_gravity_carbonation_mineralization,D4,高重力碳化/矿化,High-gravity carbonation / mineralization of cementitious or calcium-rich materials,"""accelerated carbonation"" AND ""recycled concrete fines""",Enhancing the microstructure and surface texture of recycled concrete fine aggregate via magnesium-modified carbonation,Yi Jiang,2022,Cement and Concrete Research,10.1016/j.cemconres.2022.106967,https://api.elsevier.com/content/article/pii/S0008884622002599,ScienceDirect,"Investigations on the carbonation of recycled concrete aggregates have been extensively carried out. In this work, recycled concrete fine aggregates (RCFs) were firstly treated with magnesium nitrate solutions of various concentrations and then carbonated. Extensive techniques were employed to characterize the changes of physical properties, pore structures, surface morphologies and phase assemblages of the RCFs after carbonation. Besides, the influences of carbonated RCFs on the hydration, compressive strength and phase assemblages of new cement systems were also evaluated. The results suggested that the magnesium-modified carbonation was more effective than pure carbonation in enhancing the microstructures of RCFs considering the reduction of total pore volume and water absorption. The refinement of microstructure was attributed to the formation of magnesium-calcite, hydromagnesite, etc. as a result of four sequential steps: adsorption of Mg2+ into RCF matrices, precipitation of magnesium hydroxide, enhanced dissolution of Ca2+ and the carbonation of magnesium hydroxide and calcium hydroxide mixes. In addition, the magnesium-modified carbonation was also found to significantly change the morphologies of carbonation products by generating spear-like magnesium-calcite, rosette-like hydromagnesite, plate-like hydrotalcite/mononitrate and spheroidal vaterite. The certain morphological changes of reaction products could promote the formation of an intersected 3D surface texture for RCFs. This particular surface texture could establish a well-connected interface with enhanced interlocking effects when the RCFs were used in new mortars, contributing to the bonding strength and compressive strength enhancement, and the best enhancement was achieved at low Mg2+ dosages (e.g., 0.05 M and 0.1 M).",Accelerated carbonation; Calcite; Interface; Magnesium; Recycled concrete fines,S0008884622002599,cementitious or calcium-rich carbonation material,"CO2 carbonation, mineralization, or carbonation curing",accelerated carbonation,See abstract metadata; detailed findings require full-text reading where access is lawful.,"It examines intensified carbonation or mineralization of cementitious/calcium-rich materials, which can be transferred to hypergravity CO2 curing or strengthening concepts.","High: CO2 mineralization/carbonation can connect to strength, carbon storage, curing, and recycled cementitious resources.",metadata is usable for initial screening,5,4,3,5,4.35,included,Often chemical-engineering carbonation; only keep records transferable to cementitious/calcium-rich materials.
high_gravity_carbonation_mineralization,D4,高重力碳化/矿化,High-gravity carbonation / mineralization of cementitious or calcium-rich materials,"""accelerated carbonation"" AND ""recycled concrete fines""",Enhancing the treatment efficiency of recycled concrete fines with aqueous carbonation,Yi Jiang,2023,Cement and Concrete Research,10.1016/j.cemconres.2023.107338,https://api.elsevier.com/content/article/pii/S0008884623002521,ScienceDirect,"Recycled concrete fines (RCFs, 0.3 mm ≪ 2.36 mm) are the fine fractions of waste concrete generated during the recycling process. RCFs contain less natural aggregate and more residual cement paste than their coarser counterparts, thus more prone to carbonation. Although carbonation is beneficial for the microstructure and reactivity of RCFs by refining the pores and changing the phase compositions of the residual cement paste, carbonation rate is usually too slow for practical applications. In this study, two critical modifications (i.e., manipulating the initial carbonate concentrations and using elevating temperatures) were applied to aqueous carbonation of RCFs, aiming to improve the carbonation efficiency. Particularly, the rate of calcium carbonate (Cc) precipitation, the advance of Cc deposition front, the mineralogy, the development of microstructure, and the aqueous chemistry during carbonation were investigated using techniques of multiple scales. Based on the results, the rate of Cc precipitation and advancement of the Cc deposition front was significantly improved. The pore structure was drastically refined. Using elevated temperatures not only activated carbonate transport but also enhanced silicate polymerization, leading to the formation of a larger amount of silica gel as well as the increase in Q4/Q3 ratio, thus improving the reactivity of RCFs. A lab-scale production of carbonated RCFs was conducted, and the carbonation products were used for preparing cement mortars. Based on the compressive strength results, the carbonation treatment duration for RCFs could be reasonably reduced to hours and even minutes.",Aqueous carbonation; Recycled concrete fines; Sodium bicarbonate; Temperature,S0008884623002521,cement paste / cement hydration products,Method inferred from ScienceDirect title/abstract,Condition present in query/title but not quantitatively stated in available metadata,See abstract metadata; detailed findings require full-text reading where access is lawful.,"It examines intensified carbonation or mineralization of cementitious/calcium-rich materials, which can be transferred to hypergravity CO2 curing or strengthening concepts.","High: CO2 mineralization/carbonation can connect to strength, carbon storage, curing, and recycled cementitious resources.",metadata is usable for initial screening,5,4,3,5,4.35,included,Often chemical-engineering carbonation; only keep records transferable to cementitious/calcium-rich materials.
high_gravity_carbonation_mineralization,D4,高重力碳化/矿化,High-gravity carbonation / mineralization of cementitious or calcium-rich materials,"""accelerated carbonation"" AND ""recycled concrete fines""",Evaluation of carbonation conversion of recycled concrete fines using high-temperature CO 2 : Reaction kinetics and statistical method for parameters optimization,Hamideh Mehdizadeh,2023,Journal of Environmental Chemical Engineering,10.1016/j.jece.2023.109796,https://api.elsevier.com/content/article/pii/S2213343723005353,ScienceDirect,"Accelerated carbonation of recycled concrete fines (RCF) is an eco-friendly technology and has been considered as an effective way to achieve CO2 fixation and improve the cementitious activity of RCF. However, the slow gas-solid reaction under a standard (20 °C) environment is an issue affecting the carbonation performance. On the other hand, the surface water of alkaline solids plays a crucial role as an ionic transferring medium for high-temperature carbonation. This work, therefore, investigates the influences of operating parameters, i.e., temperature (60–180 °C), water content (W/S ratio; 0.1–0.5 ml/g) and carbonation duration (5–50 min) on the reaction of RCF. After that, multiple kinetics models, namely shrinking-core model and surface water coverage model, are presented to elucidate the carbonation kinetics of RCF under high-temperature environments. The maximum diffusivity of CO2 and carbonation rate of RCF are 1.33 × 10−6 cm2/min and 0.052 min−1, respectively at 100 °C, whereas the carbonated particles are surrounded by polyhedral calcite crystals. Kinetics study shows that the activity of calcium ions in water film decreases with higher temperature due to faster evaporation of water and the development of an electrical double layer in the interface particles. In addition, the non-evaporated surface water at high W/S ratios limits the CO2 penetration and reaction rate. Finally, the response surface methodology is employed for statistical prediction of the maximum conversion of RCF. Accordingly, the highest carbonation conversion of RCF is 56.69% for particles wetted with a W/S ratio of 0.3 ml/g and carbonated at 100 °C for 40 min.",Carbonation mechanism; CO2 diffusivity; High-temperature carbonation; Recycled concrete fines; Response surface methodology; Water content,S2213343723005353,cementitious or calcium-rich carbonation material,"CO2 carbonation, mineralization, or carbonation curing",accelerated carbonation,See abstract metadata; detailed findings require full-text reading where access is lawful.,"It examines intensified carbonation or mineralization of cementitious/calcium-rich materials, which can be transferred to hypergravity CO2 curing or strengthening concepts.","High: CO2 mineralization/carbonation can connect to strength, carbon storage, curing, and recycled cementitious resources.",metadata is usable for initial screening,5,4,3,5,4.35,included,Often chemical-engineering carbonation; only keep records transferable to cementitious/calcium-rich materials.
high_gravity_carbonation_mineralization,D4,高重力碳化/矿化,High-gravity carbonation / mineralization of cementitious or calcium-rich materials,"""CO2 mineralization"" AND cement",Exploring CO 2 mineralization for enhanced high-temperature exposure in cement-based materials containing slag cement and fly ash cenosphere,Kehinde Adewale,2026,Construction and Building Materials,10.1016/j.conbuildmat.2026.146588,https://api.elsevier.com/content/article/pii/S0950061826014947,ScienceDirect,"This study investigates the effectiveness of early-age CO2 curing (CC) in improving the post-fire performance of mortars incorporating slag cement (SC) and fly-ash cenospheres (FAC). Mortars were produced with ordinary portland cement (OPC) partially replaced with 25% and 50% SC or FAC at two water-to-cementitious materials (w/cm) ratios, using 100% OPC mixtures as reference. Specimens were exposed to CC at 20% CO2, while unexposed specimens served as the control. All samples were then water-cured for 28 days and subsequently exposed to temperature regimes of 23°C (room temperature), 200°C, 400°C, and 600°C. Compressive strength, transport properties, porosity quantification, and thermogravimetric analysis were conducted to evaluate the synergistic effect of CC, FAC and SC. Results show that CO₂ curing enhanced early-age compressive strength and refined the pore structure of OPC and slag mixes, particularly at 25–50% SC, while its effect on FAC mixes was limited due to low calcium content and high porosity. All mixtures gained strength at 200–400°C, with losses at 600°C; CC reduced strength loss in OPC and SC mixes by forming stable calcium carbonate, which decomposes at higher temperatures, improving residual performance. For example, 50S samples subjected to CC lost 24% of their strength, compared to 34% for the non-exposed samples. Slag replacement decreased water absorption, sorptivity, and void volume, producing denser matrices, whereas FAC increased porosity and transport properties, limiting strength but enhancing thermal stability due to its porous, low-conductivity structure. Overall, CO₂ curing refines pore size and connectivity, while binder type dominates microstructure and post-fire behavior.",CO2 curing; Fire resistance; Fly ash cenosphere; Mechanical properties; Porosity quantification; Slag cement,S0950061826014947,cementitious or calcium-rich carbonation material,"CO2 carbonation, mineralization, or carbonation curing",Condition present in query/title but not quantitatively stated in available metadata,See abstract metadata; detailed findings require full-text reading where access is lawful.,"It examines intensified carbonation or mineralization of cementitious/calcium-rich materials, which can be transferred to hypergravity CO2 curing or strengthening concepts.","High: CO2 mineralization/carbonation can connect to strength, carbon storage, curing, and recycled cementitious resources.",metadata is usable for initial screening,5,4,3,5,4.35,included,Often chemical-engineering carbonation; only keep records transferable to cementitious/calcium-rich materials.
high_gravity_carbonation_mineralization,D4,高重力碳化/矿化,High-gravity carbonation / mineralization of cementitious or calcium-rich materials,"""CO2 mineralization"" AND cement",Feedstock influence on mechanical properties and CO 2 mineralization potential of biochar amended cemented soft clay,Mohamad Hanafi,2025,Transportation Geotechnics,10.1016/j.trgeo.2025.101697,https://api.elsevier.com/content/article/pii/S2214391225002168,ScienceDirect,"Soft clay stabilization using lime-cement binders is one of the major sources of CO2 emission in the Nordics. The current study explores the feasibility of different biochar types (waste wood (WWB), tree shavings (TB) and sewage sludge (SB)) as a partial binder replacement for stabilization soft sensitive clay through natural and accelerated CO2 curing (ACC). A set of stabilized clay samples at 100 kg/m3 (per cubic meter of clay) of binder usage was systematically studied in the laboratory wherein biochar at 10 % and 20 % replaced an alternative slag cement-based binder by weight. The developed cementitious composite's physio-chemical properties and mechanical properties were measured at the 7th and 28th day after stabilization. While TB exhibited similar compressive strength compared to control samples (420–450 kPa), WWB improved strength at 10 % replacement levels by about 13 %. Under ACC, all samples exhibited consistent reduced strength due to reduced pH and lesser mobilization of hydrated products compared to the control samples. Nonetheless, the achieved strength in all the samples satisfied the limits for backfill materials (Finnish transport agency), and all the samples (except the carbonated 20 % SB samples satisfied the design limit provided by the Finnish guidelines for dry deep soil mixing (DDSM) design. While TB and WWB biochar amended binder boosted CaCO3, mineralization by 128 % and 118 %, respectively, SB amended binder led to lower increase in CaCO3 (70 %) although it diminished strength at both replacement levels. Nevertheless, the net CO2 emission for the complete DDSM process of all three studied biochar amended binders were smaller than those in literature. CO2 sequestration potential of original cement binder (42.75 kg CO2 eq./t) increased from around 50 kg CO2 eq./t to 110 kg CO2 eq./t when biochar was added.",Biochar; CO2 emissions; CO2 sequestration; Deep soil mixing; Stabilized soft sensitive clay,S2214391225002168,cementitious or calcium-rich carbonation material,"CO2 carbonation, mineralization, or carbonation curing",Condition present in query/title but not quantitatively stated in available metadata,See abstract metadata; detailed findings require full-text reading where access is lawful.,"It examines intensified carbonation or mineralization of cementitious/calcium-rich materials, which can be transferred to hypergravity CO2 curing or strengthening concepts.","High: CO2 mineralization/carbonation can connect to strength, carbon storage, curing, and recycled cementitious resources.",metadata is usable for initial screening,5,4,3,5,4.35,included,Often chemical-engineering carbonation; only keep records transferable to cementitious/calcium-rich materials.
high_gravity_carbonation_mineralization,D4,高重力碳化/矿化,High-gravity carbonation / mineralization of cementitious or calcium-rich materials,"""carbonation curing"" AND cementitious",Fenton-like catalytic cementitious coating with CoMnFe-LDH@recycled concrete powder for water treatment: In-situ degradation of oxytetracycline and enhanced carbonation curing,Shenqi Cao,2025,Construction and Building Materials,10.1016/j.conbuildmat.2025.140908,https://api.elsevier.com/content/article/pii/S0950061825010566,ScienceDirect,"This study addresses the urgent need for innovative solutions to mitigate pollution in stormwater runoff by developing the Fenton-like catalytic cementitious coating (FCC) for concrete drainage structure surfaces. The FCC was fabricated by ordinary Portland cement and CoMnFe-LDH/recycled concrete powder (CoMnFe-LDH@RCP) catalyst via carbonation curing. The carbonation curing provided a densified surface with mild pH for CoMnFe-LDH@RCP immobilization and oxytetracycline (OTC) degradation where the OTC removal of 90.72 % in 60 min was achieved by FCC activating peroxymonosulfate. Meanwhile, the incorporation of CoMnFe-LDH@RCP increased the mode pore size and capillary water content of the coating during the pre-curing stage, which enhanced CO2 diffusion and dissolution, and accelerated the carbonation process. This resulted in improved adhesion strength (6.37 MPa) and microhardness (178.73 HV) of FCC. Additionally, the microstructure of CoMnFe-LDH@RCP and FCC was thoroughly characterized and the OTC degradation efficiency, catalytic durability, and physical properties of FCC were evaluated. The impact of CoMnFe-LDH@RCP on the carbonation curing of FCC was discussed by 1H Low-field NMR.",Carbonation curing; Feton-like catalytic activity; Layered double hydroxide; Low-field NMR; Recycled concrete powder,S0950061825010566,cementitious or calcium-rich carbonation material,"CO2 carbonation, mineralization, or carbonation curing",carbonation curing,See abstract metadata; detailed findings require full-text reading where access is lawful.,"It examines intensified carbonation or mineralization of cementitious/calcium-rich materials, which can be transferred to hypergravity CO2 curing or strengthening concepts.","High: CO2 mineralization/carbonation can connect to strength, carbon storage, curing, and recycled cementitious resources.",metadata is usable for initial screening,5,4,3,5,4.35,included,Often chemical-engineering carbonation; only keep records transferable to cementitious/calcium-rich materials.
high_gravity_carbonation_mineralization,D4,高重力碳化/矿化,High-gravity carbonation / mineralization of cementitious or calcium-rich materials,"""carbonation curing"" AND cementitious",From waste to value: Enhancing strength and CO 2 sequestration of cement composites with lime mud under carbonation curing,Xun Sha,2025,Developments in the Built Environment,10.1016/j.dibe.2025.100805,https://api.elsevier.com/content/article/pii/S2666165925002054,ScienceDirect,"Lime mud (LM), a highly alkaline by-product from the paper industry, is usually disposed of by landfilling, causing environmental risks and resource waste. Previous attempts to use LM in cementitious materials often relied on calcination, which increases energy use and CO2 emissions, or direct blending, which leads to reduced strength and poor durability. To address these limitations, this study investigates the direct incorporation of uncalcined LM, alone or with slag, into cement-based materials (CBMs) subjected to carbonation curing. The hydration–carbonation behavior, pore structure, mechanical properties, and high-temperature resistance were comprehensively evaluated. The results show that LM provided nucleation sites and high alkalinity, accelerating CO2 uptake and enhancing early strength under carbonation curing. At 14 days, LM20 under carbonation curing reached a compressive strength of 52 MPa, 54 % higher than its normally cured counterpart. When combined with slag, the LM20A10 mixture achieved the best balance of strength and CO2 sequestration, showing a greater carbonation degree and a CO2 uptake exceeding 11 wt%. Multi-scale analyses (XRD, TG-IR, FTIR, SEM/TEM, MIP) confirmed the formation of N,C-A-S-H gels and CaCO3–SiO2 composites, which densified the matrix and linked microstructure with macroscopic performance. Furthermore, carbonation-cured specimens retained over 60 % of their compressive strength at 600 °C, whereas normally cured specimens showed severe degradation, indicating improved thermal resistance. This study demonstrates a sustainable strategy for LM valorization, integrating solid waste recycling, CO2 sequestration, and performance enhancement, thereby contributing to the development of low-carbon and durable construction materials.",Carbonation curing; Cement-based materials; CO2 sequestration; Lime mud; Microstructure,S2666165925002054,cementitious or calcium-rich carbonation material,"CO2 carbonation, mineralization, or carbonation curing",carbonation curing,See abstract metadata; detailed findings require full-text reading where access is lawful.,"It examines intensified carbonation or mineralization of cementitious/calcium-rich materials, which can be transferred to hypergravity CO2 curing or strengthening concepts.","High: CO2 mineralization/carbonation can connect to strength, carbon storage, curing, and recycled cementitious resources.",metadata is usable for initial screening,5,4,3,5,4.35,included,Often chemical-engineering carbonation; only keep records transferable to cementitious/calcium-rich materials.
high_gravity_carbonation_mineralization,D4,高重力碳化/矿化,High-gravity carbonation / mineralization of cementitious or calcium-rich materials,"""high gravity carbonation""",High-gravity carbonation of basic oxygen furnace slag for CO 2 fixation and utilization in blended cement,Kuan-Wei Chen,2016,Journal of Cleaner Production,10.1016/j.jclepro.2016.02.072,https://api.elsevier.com/content/article/pii/S0959652616002493,ScienceDirect,"This study explores the feasibility of developing carbon dioxide (CO2) fixation and utilization as supplementary cementitious materials (SCMs) using basic oxygen furnace slag (BOFS) through a high-gravity carbonation process. The developed process is considered as a cleaner approach, compared to convention treatment processes in steelmaking industry, to simultaneous reduction of CO2 emission and stabilization of BOFS. The carbonated BOFS can be used as SCMs in blended cement. First, the CO2 fixation capacity of BOFS was quantified by thermo-gravimetric analysis in this study. The kinetics of the high-gravity carbonation process were also determined using a surface coverage model. The results indicated that up to 215 g of CO2 was fixed per kg of BOFS through high-gravity carbonation for 3 h at 60 °C. In addition, engineering properties and hydration characteristics of blended cement with 10% fresh or 10% carbonated BOFS as SCMs were investigated. Cement blended with 10 wt% of carbonated BOFS resulted in reduced setting times and accelerated early strength development, which was consistent with the hydration heat releases and X-ray diffraction analyses. The observations of scanning electron microscope suggest that the carbonated BOFS serve as nuclei for the precipitation of hydration products, thereby accelerating the hydration. It is also noted that the properties of blended cement using carbonated BOFS met ASTM requirements for setting time, compressive strength, autoclave expansion, and sulfate resistance. Furthermore, costs and benefits of the high-gravity carbonation for CO2 fixation and BOFS utilization were estimated.",Calcium carbonate; Cost benefit analysis; Mineralization; Rotating packed bed; Supplementary cementitious materials; Surface coverage model,S0959652616002493,cementitious or calcium-rich carbonation material,Rotating packed bed / high-gravity process,rotating packed bed,See abstract metadata; detailed findings require full-text reading where access is lawful.,"It examines intensified carbonation or mineralization of cementitious/calcium-rich materials, which can be transferred to hypergravity CO2 curing or strengthening concepts.","High: CO2 mineralization/carbonation can connect to strength, carbon storage, curing, and recycled cementitious resources.",metadata is usable for initial screening,5,4,4,5,4.55,included,Often chemical-engineering carbonation; only keep records transferable to cementitious/calcium-rich materials.
high_gravity_carbonation_mineralization,D4,高重力碳化/矿化,High-gravity carbonation / mineralization of cementitious or calcium-rich materials,"""high gravity carbonation""",High-gravity intensified carbonation of larger steel slag particles: Dual-path CO 2 mineralization and valorization in sustainable construction materials,Qifeng Song,2025,Journal of Environmental Chemical Engineering,10.1016/j.jece.2025.117004,https://api.elsevier.com/content/article/pii/S2213343725017002,ScienceDirect,"Carbonation technology represents a promising strategy for the sustainable utilization of steel slag. This study investigates high-gravity (higee) intensified carbonation of large-particle steel slag (0.15-1.18 mm) as a dual-functional approach for CO2 sequestration and construction material valorization. Using a rotating packed bed (RPB), the higee process achieved equivalent carbonation levels to 60-minute traditional aqueous methods within 1 minute, with net negative emissions of -6.8 kg CO2-eq/ton slag. Mechanistic analysis revealed that the higee environment effectively separated steel slag slurry into water-film-coated particles and calcium-rich micro-droplets, enabling in-situ CaCO3 layer formation on particles as fine aggregates and ex-situ CaCO3 precipitation (80 % purity) as supplementary cementitious materials (SCMs). While reduced particle size enhanced CO2 uptake and ex-situ CaCO3 yield, higher RPB speeds compromised purity via impurity introduction. Life cycle and cost analyses demonstrated 36 %-40 % lower energy consumption and 52.1 CNY/ton economic benefit compared to conventional methods. Furthermore, mortar incorporating carbonated slag exhibited 164.6 % compressive strength enhancement due to interfacial transition zone densification. This work provides a techno-economically viable pathway for industrial-scale CO2 utilization and steel slag upcycling.",Economic benefit; Ex-situ CaCO3; Higee carbonation; Process intensification; Steel slag recycling,S2213343725017002,cementitious or calcium-rich carbonation material,Rotating packed bed / high-gravity process,rotating packed bed,See abstract metadata; detailed findings require full-text reading where access is lawful.,"It examines intensified carbonation or mineralization of cementitious/calcium-rich materials, which can be transferred to hypergravity CO2 curing or strengthening concepts.","High: CO2 mineralization/carbonation can connect to strength, carbon storage, curing, and recycled cementitious resources.",metadata is usable for initial screening,5,4,4,5,4.55,included,Often chemical-engineering carbonation; only keep records transferable to cementitious/calcium-rich materials.
high_gravity_carbonation_mineralization,D4,高重力碳化/矿化,High-gravity carbonation / mineralization of cementitious or calcium-rich materials,"""accelerated carbonation"" AND ""recycled concrete fines""",High-temperature CO 2 for accelerating the carbonation of recycled concrete fines,Yuqing Wu,2022,Journal of Building Engineering,10.1016/j.jobe.2022.104526,https://api.elsevier.com/content/article/pii/S2352710222005393,ScienceDirect,"Accelerated carbonation of recycled concrete fines (RCF) is one of the effective ways of improving their poor quality for sustainable reuse in the construction industry. Flue gas containing waste heat that is usually discharged into the atmosphere can be reused to enhance the gas-solid reaction of RCF carbonation. Therefore, this study investigates the influence of high temperature (20–140 °C) CO2 (with a concentration of 20%) on the carbonation performance of RCF, whereby it is demonstrated that the carbonation efficiency is greatly enhanced by increasing the temperature optimally up to 100 °C and achieving 21.65% CO2 uptake. Vaterite and calcite are the main carbonation products of the carbonated RCF (CRCF), especially where calcite becomes larger and more stable with a higher temperature of carbonation. The CaCO3 polymorph affects the rate of cement hydration in which the vaterite plays an important role in enhancing the early-age cement hydration reaction, whereas the calcite in the CRCF has less impact due to its more thermodynamically stable characteristic. Overall, it is concluded that the higher carbonation degree of CRCF results in better performance as a cement substitute. Cement paste containing CRCF at 100 °C possesses a shorter setting time, higher heat of hydration, and a comparable 28-day strength to that of pure cement paste.",Blended cement paste; CaCO3 polymorph; CO2 uptake; High-temperature carbonation; Recycled concrete fines,S2352710222005393,cement paste / cement hydration products,"CO2 carbonation, mineralization, or carbonation curing",accelerated carbonation,See abstract metadata; detailed findings require full-text reading where access is lawful.,"It examines intensified carbonation or mineralization of cementitious/calcium-rich materials, which can be transferred to hypergravity CO2 curing or strengthening concepts.","High: CO2 mineralization/carbonation can connect to strength, carbon storage, curing, and recycled cementitious resources.",metadata is usable for initial screening,5,4,3,5,4.35,included,Often chemical-engineering carbonation; only keep records transferable to cementitious/calcium-rich materials.
high_gravity_carbonation_mineralization,D4,高重力碳化/矿化,High-gravity carbonation / mineralization of cementitious or calcium-rich materials,"""accelerated carbonation"" AND ""cement paste""",Impact of accelerated carbonation on OPC cement paste blended with fly ash,A. Morandeau,2015,Cement and Concrete Research,10.1016/j.cemconres.2014.10.003,https://api.elsevier.com/content/article/pii/S0008884614001975,ScienceDirect,"Cement is a huge carbon dioxide producer. Supplementary cementitious materials can help reduce this outcome. However, carbonation of these blended cements remains an active subject of research. Accelerated carbonation tests (10% CO2, 25 °C and 62% RH) are performed on fly ash blended cement pastes. Experiments are performed at varying ages of carbonation (1 to 16 weeks) to measure the evolution of the carbonation depth over time and to quantify key parameters: thermogravimetric analysis (TGA), mercury intrusion porosimetry (MIP) and gamma ray attenuation method (GRAM). The total porosity decreases with a rearrangement of the microstructure due to carbonation and the creation of big capillary pores for the paste with the highest contents of fly ash (60 vol.%). The C-S-H molar volume evolution during fly ash-blended cement carbonation is calculated using a method combining MIP, TGA and GRAM formerly successfully applied to OPC paste in a paper published in the same journal.",Calcium-silicate-hydrate (C-S-H) (B); Carbonation (C); Fly ash (D); Microstructure (B); Portland cement (D),S0008884614001975,cement paste / cement hydration products,"CO2 carbonation, mineralization, or carbonation curing",accelerated carbonation,See abstract metadata; detailed findings require full-text reading where access is lawful.,"It examines intensified carbonation or mineralization of cementitious/calcium-rich materials, which can be transferred to hypergravity CO2 curing or strengthening concepts.","High: CO2 mineralization/carbonation can connect to strength, carbon storage, curing, and recycled cementitious resources.",metadata is usable for initial screening,5,4,3,5,4.35,included,Often chemical-engineering carbonation; only keep records transferable to cementitious/calcium-rich materials.
high_gravity_carbonation_mineralization,D4,高重力碳化/矿化,High-gravity carbonation / mineralization of cementitious or calcium-rich materials,"""high gravity carbonation""",Influence of carbonation curing on chloride penetration resistance and pore structure refinement in belite-rich cement mortar,Seojin Kim,2026,Developments in the Built Environment,10.1016/j.dibe.2026.100936,https://api.elsevier.com/content/article/pii/S2666165926000943,ScienceDirect,"Concrete is a porous material, and chloride penetration is strongly influenced by its pore structure. Carbonation curing has attracted attention as an innovative curing technique that enhances microstructural densification and CO2 uptake in cement-based materials. However, the resistance of carbonation-cured belite-rich cement (BRC) to chloride ingress has not yet been sufficiently clarified. This study investigated the chloride penetration resistance and physicochemical properties of BRC mortar subjected to different carbonation curing durations. The results showed that carbonation-cured specimens had higher compressive strength and significantly lower chloride content than water-cured specimens. These improvements were attributed to pore structure refinement caused by carbonation reactions that densified capillary pores and reduced overall porosity. However, carbonation curing suppressed the formation of Friedel's salt due to the decomposition of ettringite. These results indicate that carbonation curing improves chloride penetration resistance by refining pore structure and reducing chloride diffusion, while also contributing to sustainable CO2 utilization.",Belite-rich cement; Calcium carbonate; Carbonation curing; Chloride penetration resistance; Physicochemical property,S2666165926000943,cementitious or calcium-rich carbonation material,"CO2 carbonation, mineralization, or carbonation curing",carbonation curing,See abstract metadata; detailed findings require full-text reading where access is lawful.,"It examines intensified carbonation or mineralization of cementitious/calcium-rich materials, which can be transferred to hypergravity CO2 curing or strengthening concepts.","High: CO2 mineralization/carbonation can connect to strength, carbon storage, curing, and recycled cementitious resources.",metadata is usable for initial screening,5,4,3,5,4.35,included,Often chemical-engineering carbonation; only keep records transferable to cementitious/calcium-rich materials.
high_gravity_carbonation_mineralization,D4,高重力碳化/矿化,High-gravity carbonation / mineralization of cementitious or calcium-rich materials,"""high gravity carbonation""",Internal carbonation and performance optimization of slag concrete using carbonated water and graphene oxide: An RSM based environmental assessment approach,Abhijeet Vidyadhar Baikerikar,2026,Diamond and Related Materials,10.1016/j.diamond.2026.113704,https://api.elsevier.com/content/article/pii/S0925963526004152,ScienceDirect,"The development of low carbon concrete systems requires synergistic strategies that improve performance while reducing clinker demand and enabling carbon utilization. This study investigates the combined effects of ground granulated blast furnace slag (GGBFS), carbonated mixing water (CW) and graphene oxide (GO) on the fresh, mechanical, and elastic properties of concrete. Unlike conventional carbonation approaches, CW was employed as the mixing medium to induce internal carbonation during early hydration, while GO was introduced to enhance microstructural efficiency. Response Surface Methodology based on Central Composite Design was adopted to systematically evaluate interaction of the variables and identify optimal mix proportions. The results reveal nonlinear behavior governed by the coupled action of slag hydration, internal carbonation, and nano scale reinforcement. Workability was primarily influenced by CW and GO dosage whereas compressive strength, flexural strength and modulus of elasticity exhibited peak values at intermediate GO levels, beyond which performance declined due to microstructural heterogeneity. Multi objective optimization identified an optimal mix comprising approximately 20.9% GGBFS, 53.6% CW and 0.032% GO achieving a balanced combination of high performance and adequate workability. Experimental validation confirmed strong agreement with model predictions with errors below 6%. Microstructural observations further verified the statistical findings, revealing a dense and homogeneous gel network in the optimized mix supported by controlled carbonation and effective slag participation, while excessive CW and GO led to localized agglomeration and performance deterioration. Environmental assessment demonstrated that the optimized mixture achieved reduced embodied carbon and improved carbon efficiency, with carbon intensity of approximately 4.59 kgCO2/MPa and emission reduction of nearly 16% compared to the control mix. This study confirms that slag, CW and GO can be effectively combined to design high performance and low carbon concrete systems.",Carbon intensity; Carbonated mixing water; Embodied carbon; Graphene oxide; Internal carbonation; Performance optimization; Response surface methodology,S0925963526004152,cementitious or calcium-rich carbonation material,"CO2 carbonation, mineralization, or carbonation curing",Condition present in query/title but not quantitatively stated in available metadata,See abstract metadata; detailed findings require full-text reading where access is lawful.,"It examines intensified carbonation or mineralization of cementitious/calcium-rich materials, which can be transferred to hypergravity CO2 curing or strengthening concepts.","High: CO2 mineralization/carbonation can connect to strength, carbon storage, curing, and recycled cementitious resources.",metadata is usable for initial screening,5,4,3,5,4.35,included,Often chemical-engineering carbonation; only keep records transferable to cementitious/calcium-rich materials.
high_gravity_carbonation_mineralization,D4,高重力碳化/矿化,High-gravity carbonation / mineralization of cementitious or calcium-rich materials,"""carbonation curing"" AND cementitious","Long-term influence of carbonation curing on external (Na⁺, Mg²⁺) sulfate attack in metakaolin-based geopolymer concretes",Neusa A. M. Beltrame,2026,Construction and Building Materials,10.1016/j.conbuildmat.2026.145571,https://api.elsevier.com/content/article/pii/S095006182600471X,ScienceDirect,"Sulfate attack causes concrete degradation, characterized by cracking, increased permeability, and loss of mechanical strength, resulting from chemical interactions with the cementitious matrix. Research has sought to reduce the porosity of geopolymers as a strategy to minimize these damages. Previous studies on Portland cement composites subjected to carbonation curing indicated improvements in resistance to sodium and magnesium sulfates, attributed to pore refinement. Unlike these previous approaches, this research aimed to evaluate the application of this curing technique in geopolymers exposed to sulfate environments, exploring its effects on the physical and mechanical properties of concrete. After prolonged exposure, carbonation curing did not prevent sulfate attack, but it mitigated the harmful effects of magnesium sulfates on the geopolymers. This curing technique promoted the partial removal of Mg⁺ ions from the MgSO₄ solution and favored the formation of protective phases, such as MgCO₃. Compressive strength was preserved throughout the tests and exceeded that of conventionally cured concrete by 28.10%. In a medium with Na₂SO₄, carbonation curing proved ineffective and even presented partially adverse effects. Compressive strength was reduced by 10.14%. However, the values remained equivalent to conventionally cured samples after 546 days of exposure to sodium sulfates. Thus, the study demonstrated that carbonation curing can increase the longevity of geopolymer concretes in environments with MgSO₄, while in environments with Na₂SO₄, this technique did not contribute to mitigating the deleterious action of sodium sulfates.",Carbonation curing; Durability; Metakaolin-based geopolymer; Sulfate attack,S095006182600471X,cementitious or calcium-rich carbonation material,"CO2 carbonation, mineralization, or carbonation curing",carbonation curing,See abstract metadata; detailed findings require full-text reading where access is lawful.,"It examines intensified carbonation or mineralization of cementitious/calcium-rich materials, which can be transferred to hypergravity CO2 curing or strengthening concepts.","High: CO2 mineralization/carbonation can connect to strength, carbon storage, curing, and recycled cementitious resources.",metadata is usable for initial screening,5,4,3,5,4.35,included,Often chemical-engineering carbonation; only keep records transferable to cementitious/calcium-rich materials.
high_gravity_carbonation_mineralization,D4,高重力碳化/矿化,High-gravity carbonation / mineralization of cementitious or calcium-rich materials,"""accelerated carbonation"" AND ""cement paste""",Mathematical modeling of accelerated carbonation curing of Portland cement paste at early age,Tiefeng Chen,2019,Cement and Concrete Research,10.1016/j.cemconres.2019.03.025,https://api.elsevier.com/content/article/pii/S0008884618300516,ScienceDirect,"Accelerated carbonation curing is considered as a promising method to improve mechanical properties and durability of cement-based materials and it also provides a potential for reducing carbon emission. In this paper, a partial differential mathematical model was developed for the coupling behavior of cement hydration and carbonation reaction of both clinker minerals and hydration products when cement paste is exposed to an accelerated carbonation curing at early age. The numerical simulations show that tricalcium silicate is the major reactant for both hydration and carbonation of early age Portland cement paste. The modeling prediction of porosity, carbonation efficiency and pH value of cement paste was verified by measurement results from accelerated carbonation curing test. The prediction values behaved more close to the experimental results with the longer curing age. Dimensionless analysis was performed to figure out the effects of different carbonation mechanisms. Based on the relationship between Thiele modulus and carbonation efficiency, it was found that early age accelerated carbonation curing is a diffusion limiting process initially and then turns into a rate limiting process as the carbonation proceeds. It was also demonstrated that carbonation depth and rate of early age Portland cement paste are mainly controlled by contents of tricalcium silicate and calcium hydroxide while water to binder ratio is kept constant. Therefore, accelerated carbonation curing process of Portland cement paste can be theoretically predicted using this model and influences of mineral admixtures should be further investigated.",Carbonation (C); Cement paste (D); Hydration (A); Modeling (E); Porosity (D),S0008884618300516,cement paste / cement hydration products,"CO2 carbonation, mineralization, or carbonation curing",accelerated carbonation; carbonation curing,See abstract metadata; detailed findings require full-text reading where access is lawful.,"It examines intensified carbonation or mineralization of cementitious/calcium-rich materials, which can be transferred to hypergravity CO2 curing or strengthening concepts.","High: CO2 mineralization/carbonation can connect to strength, carbon storage, curing, and recycled cementitious resources.",metadata is usable for initial screening,5,4,3,5,4.35,included,Often chemical-engineering carbonation; only keep records transferable to cementitious/calcium-rich materials.
high_gravity_carbonation_mineralization,D4,高重力碳化/矿化,High-gravity carbonation / mineralization of cementitious or calcium-rich materials,"""carbonation curing"" AND cementitious",Mechanical properties and carbon sequestration performance of cemented paste backfill under periodic cyclic carbonation curing,Ruisi Bai,2026,Case Studies in Construction Materials,10.1016/j.cscm.2026.e06048,https://api.elsevier.com/content/article/pii/S2214509526002998,ScienceDirect,"To investigate the influence of periodic cyclic carbonation (PCC) curing on the mechanical properties, carbon sequestration rates, and microstructure of cemented paste backfill (CPB), this paper prepared CPB specimens of different cement/fly ash (CF ratios) and treated them by periodic cyclic carbonation curing. Afterwards, uniaxial compression strength (UCS), digital image correlation (DIC), and thermogravimetric (TG) analysis were conducted on them. Through the above tests, the following conclusions were obtained: (1) After the first PCC curing, the strength of CPB specimens decreased, with the Group M5 experiencing a 26.71% reduction. Following continued standard curing, the strength of Group M5 increased by 13.79%. After the second carbonation curing, the strength of Group M5 decreased by 24.43%. (2) The carbon sequestration rates of CPB specimens increased with the number of cyclic curing cycles but decreased with higher fly ash content. After the first PCC curing, the carbon sequestration rate of Group M5 was 7.201%, while that of Group M4 decreased by 0.53%. After the second PCC curing, the carbon sequestration rate of Group M5 rose to 7.470%, whereas that of Group M4 decreased by 0.51%. (3) Scanning electron microscopy (SEM) revealed that C-S-H gel formed in the PCC curing scheme after standard curing, while CaCO3 formed after carbonation curing. The porosity of Group M5 was 8.402% after the first PCC curing cycle and decreased to 7.574% after the second PCC curing cycle, indicating optimized pore structure.",Carbon sequestration backfilling; Cemented paste backfill; Hydration-carbonation mechanism; Periodic cyclic carbonation curing,S2214509526002998,cement paste / cement hydration products,"CO2 carbonation, mineralization, or carbonation curing",carbonation curing,See abstract metadata; detailed findings require full-text reading where access is lawful.,"It examines intensified carbonation or mineralization of cementitious/calcium-rich materials, which can be transferred to hypergravity CO2 curing or strengthening concepts.","High: CO2 mineralization/carbonation can connect to strength, carbon storage, curing, and recycled cementitious resources.",metadata is usable for initial screening,5,4,3,5,4.35,included,Often chemical-engineering carbonation; only keep records transferable to cementitious/calcium-rich materials.
high_gravity_carbonation_mineralization,D4,高重力碳化/矿化,High-gravity carbonation / mineralization of cementitious or calcium-rich materials,"""carbonation curing"" AND cementitious",Mechanism of carbonation curing to enhance the water resistance of magnesium chlorohydrate cement containing electrolytic manganese slag,ChangRui Liang,2026,Construction and Building Materials,10.1016/j.conbuildmat.2026.146329,https://api.elsevier.com/content/article/pii/S0950061826012353,ScienceDirect,"To enhance the water resistance of Magnesium oxychloride cement (MOC) and to achieve the resource utilization of Electrolytic manganese residue (EMR) and CO2, a synergistic modification strategy combining EMR incorporation with accelerated carbonation was proposed. The strengthening mechanisms were investigated through mechanical property testing and analyses by XRD, TG, MIP, and SEM. The results indicated that the incorporation of EMR altered the microstructure of MOC, inducing coarsening of 5Mg(OH)2·MgCl2·8 H2O phase (defined as the 5-phase) crystals and the formation of clustered structures. The reactive constituents of EMR promoted the generation of amorphous gels, thereby markedly enhancing the stability of the 5-phase crystal network. Meanwhile, to compensate for the insufficient improvement in water resistance achieved by the single incorporation of EMR and to maximize carbonation efficiency, carbonation curing was introduced during the acceleration stage of MOC hydration, facilitating CO2 ingress into the material's interior; subsequent carbonation reactions with the constituents produced carbonates. A gradient protective structure from the exterior to the interior was thereby constructed in MOC, consisting primarily of a dense composite layer formed by carbonates and gels. Upon water immersion, this compact composite layer effectively impeded moisture ingress, suppressed the decomposition of 5-phase and the continued hydration of MgO, and consequently maintained the integrity of the internal microstructure. This work confirmed that the combined use of EMR and carbonation curing produced a superior synergistic effect, significantly improving the mechanical performance and durability of MOC, while providing a new technical pathway for the high-value-added resource utilization of bulk EMR and the greenhouse gas CO2.",Carbonation curing; Compressive strength; Electrolytic manganese residue; Magnesium oxychloride cement; Water resistance,S0950061826012353,cementitious or calcium-rich carbonation material,"CO2 carbonation, mineralization, or carbonation curing",accelerated carbonation; carbonation curing,See abstract metadata; detailed findings require full-text reading where access is lawful.,"It examines intensified carbonation or mineralization of cementitious/calcium-rich materials, which can be transferred to hypergravity CO2 curing or strengthening concepts.","High: CO2 mineralization/carbonation can connect to strength, carbon storage, curing, and recycled cementitious resources.",metadata is usable for initial screening,5,4,3,5,4.35,included,Often chemical-engineering carbonation; only keep records transferable to cementitious/calcium-rich materials.
high_gravity_carbonation_mineralization,D4,高重力碳化/矿化,High-gravity carbonation / mineralization of cementitious or calcium-rich materials,"""accelerated carbonation"" AND ""cement paste""",Mechanisms of change in accelerated carbonation progress in cement paste under different relative humidity conditions,Luge Cheng,2025,Cement and Concrete Research,10.1016/j.cemconres.2025.107898,https://api.elsevier.com/content/article/pii/S0008884625001176,ScienceDirect,"This study investigated the evolution of water content and carbonation in OPC cement paste under low, intermediate, and high relative humidity (RH) conditions, emphasizing the role of water in accelerated carbonation and microstructural modifications. Under high RH, the carbonation suppressed after 28 days owing to calcium ion accumulation at the surface, precipitating as calcite. This calcite formation leads to a dense calcium carbonate layer, reducing the gas–liquid interfacial area for CO₂ dissolution and blocking further water evaporation and carbonation process. Low RH conditions cause the agglomeration of calcium silicate aluminate hydrate (C–(A)–S–H), increasing empty space in the microstructure. This facilitates CO₂ penetration but limits CH carbonation due to insufficient water availability. These findings highlight the significance of water distribution and microstructural evolution in CO₂ sequestration, revealing that RH critically influences the progress of carbonation by altering the pore structure and subsequent water availability in cementitious materials.",Calcium silicate aluminate hydrate (C–(A)–S–H); Carbonation (C); Microstructure; Relative humidity; Single-sided proton nuclear magnetic resonance relaxometry (1H NMR relaxometry),S0008884625001176,cement paste / cement hydration products,"CO2 carbonation, mineralization, or carbonation curing",accelerated carbonation,See abstract metadata; detailed findings require full-text reading where access is lawful.,"It examines intensified carbonation or mineralization of cementitious/calcium-rich materials, which can be transferred to hypergravity CO2 curing or strengthening concepts.","High: CO2 mineralization/carbonation can connect to strength, carbon storage, curing, and recycled cementitious resources.",metadata is usable for initial screening,5,4,3,5,4.35,included,Often chemical-engineering carbonation; only keep records transferable to cementitious/calcium-rich materials.
high_gravity_carbonation_mineralization,D4,高重力碳化/矿化,High-gravity carbonation / mineralization of cementitious or calcium-rich materials,"""accelerated carbonation"" AND ""recycled concrete fines""",Mechanistic insights into CO 2 nanobubble-enhanced short-term wet carbonation of recycled concrete fines,Cang Chen,2025,Construction and Building Materials,10.1016/j.conbuildmat.2025.143094,https://api.elsevier.com/content/article/pii/S0950061825032453,ScienceDirect,"Conventional wet carbonation processes suffered from low carbon dioxide (CO2) solubility and limited carbonate ion (CO32-) availability, which significantly limited CO2 utilization and carbonation efficiency in recycled concrete fines (RCFs). This study proposed using CO2 nanobubble water (CNBW) as an innovative medium for enhanced ion transport. The physicochemical properties of CNBW during three short-term carbonation processes were systematically investigated, and the optimal liquid-to-solid ratio for CNBW and RCFs was established. The calcium carbonate (Cc) precipitation rate, CO2 utilization efficiency, composition, micromorphology, and water absorption of carbonized RCFs (CRCFs) were evaluated. The reaction mechanism of CO2 nanobubbles (CNBs) in these processes was elucidated. The results indicated that a liquid–solid ratio of 12 produced the highest reaction activity. It achieved a maximum CO2 utilization efficiency of 85.5 % and a Cc precipitation rate of 3.92 % within 15 min. Following carbonation, small Cc particles and their agglomerates formed a dense passivation layer that refined CRCFs’ pore structure. This phenomenon was attributed to CNBs adding additional nucleation sites, which accelerated the nucleation and growth of Cc. The bubble bridging effect promoted the aggregation of Cc particles into agglomerates to form a passivation layer. The cavitation effect of bubbles and the liquid phase vortex action removed loose Cc particles. This process further contributed to forming a dense passivation layer.",Accelerated carbonation mechanism; CO2 nanobubbles; CO2 utilization efficiency; Passivation layer; Recycled concrete fines; Short-term carbonation,S0950061825032453,cementitious or calcium-rich carbonation material,"CO2 carbonation, mineralization, or carbonation curing",accelerated carbonation,See abstract metadata; detailed findings require full-text reading where access is lawful.,"It examines intensified carbonation or mineralization of cementitious/calcium-rich materials, which can be transferred to hypergravity CO2 curing or strengthening concepts.","High: CO2 mineralization/carbonation can connect to strength, carbon storage, curing, and recycled cementitious resources.",metadata is usable for initial screening,5,4,3,5,4.35,included,Often chemical-engineering carbonation; only keep records transferable to cementitious/calcium-rich materials.
high_gravity_carbonation_mineralization,D4,高重力碳化/矿化,High-gravity carbonation / mineralization of cementitious or calcium-rich materials,"""accelerated carbonation"" AND ""recycled concrete fines""",Mechanochemical carbonation of recycled concrete fines: Towards a high-efficiency recycling and CO 2 sequestration,Yingliang Zhao,2024,Cement and Concrete Research,10.1016/j.cemconres.2024.107654,https://api.elsevier.com/content/article/pii/S0008884624002357,ScienceDirect,"The relative slow carbonation efficiency for conventional wet and dry carbonation of recycled concrete fines (RCF) limits its resource industrial utilization. In this study, an innovative mechanochemical carbonation (MC) method was developed. The carbonation kinetics, phase assemblage and microstructure evolution of RCF during the MC process were extensively examined. The results exhibited a substantial enhancement in the carbonation efficiency and CO2 utilization rate, as evidenced by achieving a notable carbonation degree within 10 min. This accomplishment surpassed what could be achieved even after a prolonged 2 h period of wet carbonation, and the CO2 uptake capacity and utilization rate achieved via MC reached >0.3 g-CO2/g-RCF and 80 %, respectively. The superior performance of MC was ascribed to the influence of mechanochemical effects. These effects contributed to the refinement in the geometrical characteristics of RCF, exfoliation of the passivating layers, and facilitation of CO2 dissolution, which favored the structural disintegration of RCF and carbonation progress. Another distinctive aspect of MC treatment was the production of a greater proportion of metastable CC characterized by reduced crystalline size, which was attributed to modifications in the carbonation environment and the structural alterations induced by mechanochemical effects. Moreover, the precipitation of silica gels commenced at approximately 4 min in the MC process, a notably earlier onset when compared with wet carbonation; additionally, a greater abundance of silica gels was observed in the current MC procedure, resulting from the higher carbonation degree caused by mechanochemical effects. The encouraging conclusions in the present work validated the feasibility of producing carbonated RCF more efficiently and paved the way for future industrial practice.",Carbonation; Crystalline structure; Mechanochemical; Passivation layer; Recycled concrete fines,S0008884624002357,cementitious or calcium-rich carbonation material,"CO2 carbonation, mineralization, or carbonation curing",Condition present in query/title but not quantitatively stated in available metadata,See abstract metadata; detailed findings require full-text reading where access is lawful.,"It examines intensified carbonation or mineralization of cementitious/calcium-rich materials, which can be transferred to hypergravity CO2 curing or strengthening concepts.","High: CO2 mineralization/carbonation can connect to strength, carbon storage, curing, and recycled cementitious resources.",metadata is usable for initial screening,2,4,3,5,3.15,excluded_or_low_relevance,Often chemical-engineering carbonation; only keep records transferable to cementitious/calcium-rich materials.
high_gravity_carbonation_mineralization,D4,高重力碳化/矿化,High-gravity carbonation / mineralization of cementitious or calcium-rich materials,"""accelerated carbonation"" AND ""cement paste""",Microstructure and water absorption of chloride-containing hardened cement pastes under accelerated carbonation condition,Hangyu Du,2025,Construction and Building Materials,10.1016/j.conbuildmat.2025.140106,https://api.elsevier.com/content/article/pii/S0950061825002545,ScienceDirect,"The microstructure and water absorption properties are critical factors that influence the durability of concrete. And the utilization of marine resources such as seawater and sea sand are of great significance to the sustainable development of concrete. This study evaluates the microstructure and capillary water absorption of chloride-containing cement pastes under accelerated carbonation condition. The results indicate that incorporating 0.5–2 % chloride ions reduces the calcium carbonate produced by carbonation, thereby enhancing the carbonation resistance of the cement pastes. Chloride salts can refine the pore composition of hardened cement paste and mitigate the coarsening of pore structures caused by carbonation. Notably, the incorporation of sodium chloride markedly enhances the water retention capacity, resulting in an increase in initial water content by 138.9–364.8 %. While carbonation leads to a decrease in water retention capacity and accelerates moisture transport of cement paste. The initial water content and pore composition were found to be the primary factors influencing the water absorption of hardened cement pastes. The addition of chloride noticeably reduced the water absorption rate and the cumulative water absorption. Instead, the water absorption values increased by 13.2–292.3 % under accelerated carbonation condition. The water absorption patterns observed using the Low-Field NMR method matched with those obtained by the weighing method. Moreover, LF NMR offers a distinctive advantage by effectively monitoring water distribution and transport throughout the capillary absorption process.",Accelerated carbonation; Chloride-containing cement paste; Low-Field NMR; Microstructure; Water absorption,S0950061825002545,cement paste / cement hydration products,"CO2 carbonation, mineralization, or carbonation curing",accelerated carbonation,See abstract metadata; detailed findings require full-text reading where access is lawful.,"It examines intensified carbonation or mineralization of cementitious/calcium-rich materials, which can be transferred to hypergravity CO2 curing or strengthening concepts.","High: CO2 mineralization/carbonation can connect to strength, carbon storage, curing, and recycled cementitious resources.",metadata is usable for initial screening,5,4,3,5,4.35,included,Often chemical-engineering carbonation; only keep records transferable to cementitious/calcium-rich materials.
high_gravity_carbonation_mineralization,D4,高重力碳化/矿化,High-gravity carbonation / mineralization of cementitious or calcium-rich materials,"""accelerated carbonation"" AND ""cement paste""",Microstructure changes of waste hydrated cement paste induced by accelerated carbonation,Yanfeng Fang,2015,Construction and Building Materials,10.1016/j.conbuildmat.2014.12.017,https://api.elsevier.com/content/article/pii/S0950061814013099,ScienceDirect,"From the perspective of effective utilization of resources and environmental preservation, accelerated carbonation of waste cement paste is a promising and environmentally beneficial application. Greenhouse gas CO2 can be captured, waste hydrated cement can be reused, and building materials with excellent performance can be produced. In this study, samples were exposed to high CO2 concentration (99.9 wt%, 0.2 MPa) for accelerated carbonation. The compacts with water/solid ratio of 0.15 absorbed 19.8 wt% CO2 after carbonated for 2 h, and the compressive strength was 28.6 MPa. The total pore volume decreased from 0.41 cm3/g to 0.26 cm3/g due to the precipitation of calcium carbonate and silica gel. Rietveld refinement quantitative phase analysis and TG analysis showed calcium carbonate are mainly from Ca(OH)2 and C-S-H, accounting for about 70-80% of the total calcium carbonate. Ca(OH)2 has superiority in the early carbonation period, and the carbonated compacts has a relative higher ""compressive strength-to-CO2 uptake"" value, corresponding. When the carbonation degree of C-S-H and other carbonation phase exceed Ca(OH)2 in the later stage, the compressive strength has a slower gain tendency.",Accelerated carbonation; Competitive carbonation; QXRD; TG; Waste hydrated cement paste,S0950061814013099,cement paste / cement hydration products,"CO2 carbonation, mineralization, or carbonation curing",accelerated carbonation,See abstract metadata; detailed findings require full-text reading where access is lawful.,"It examines intensified carbonation or mineralization of cementitious/calcium-rich materials, which can be transferred to hypergravity CO2 curing or strengthening concepts.","High: CO2 mineralization/carbonation can connect to strength, carbon storage, curing, and recycled cementitious resources.",metadata is usable for initial screening,5,4,3,5,4.35,included,Often chemical-engineering carbonation; only keep records transferable to cementitious/calcium-rich materials.
high_gravity_carbonation_mineralization,D4,高重力碳化/矿化,High-gravity carbonation / mineralization of cementitious or calcium-rich materials,"""accelerated carbonation"" AND ""cement paste""",New insights into the role of early accelerated carbonation on the calcium leaching behavior of cement paste,Tiefeng Chen,2023,Cement and Concrete Composites,10.1016/j.cemconcomp.2023.105103,https://api.elsevier.com/content/article/pii/S0958946523001774,ScienceDirect,"Carbonation is generally considered beneficial for the calcium leaching resistance of cement-based materials. However, many studies have demonstrated that early accelerated carbonation has detrimental effects on the calcium leaching resistance. In this study, the calcium leaching behavior of an early-carbonated cement paste was investigated in detail. The results showed that 8–16 h of carbonation mitigated the reduction in compressive strength caused by calcium leaching; however, further prolongation of carbonation caused an increased decline in strength at the later leaching stage. In contrast to the calcium leaching results for the powdered samples, the decalcification level of calcium silicate hydrate during the leaching test for the cubic specimens was similar to or even higher than that of the early-carbonated specimens. CaCO3 and silica gel played key roles in these phenomena; the former provided ideal hardness and calcium sequestration, with the potential to generate protective films, while the latter acted as an ideal filler and binder. Nonetheless, considering the risk of rapid degradation during long-term calcium leaching, excessive carbonation curing of cement-based materials should still be avoided in aqueous environments.",Biochar; Calcium leaching; Calcium silicate hydrate (C–S–H); Carbonation curing; Cement paste,S0958946523001774,cement paste / cement hydration products,"CO2 carbonation, mineralization, or carbonation curing",accelerated carbonation; carbonation curing,See abstract metadata; detailed findings require full-text reading where access is lawful.,"It examines intensified carbonation or mineralization of cementitious/calcium-rich materials, which can be transferred to hypergravity CO2 curing or strengthening concepts.","High: CO2 mineralization/carbonation can connect to strength, carbon storage, curing, and recycled cementitious resources.",metadata is usable for initial screening,5,4,3,5,4.35,included,Often chemical-engineering carbonation; only keep records transferable to cementitious/calcium-rich materials.
high_gravity_carbonation_mineralization,D4,高重力碳化/矿化,High-gravity carbonation / mineralization of cementitious or calcium-rich materials,"""CO2 mineralization"" AND cement",Optimizing calcium leaching from cement kiln dust for indirect CO 2 mineralization: Experimental design and machine learning driven insights,Sheikha F. Wahdain,2026,Results in Engineering,10.1016/j.rineng.2026.111142,https://api.elsevier.com/content/article/pii/S2590123026021705,ScienceDirect,unclear,unclear,S2590123026021705,cementitious or calcium-rich carbonation material,Method inferred from ScienceDirect title/abstract,Condition present in query/title but not quantitatively stated in available metadata,ScienceDirect direct metadata did not provide enough abstract detail.,"It examines intensified carbonation or mineralization of cementitious/calcium-rich materials, which can be transferred to hypergravity CO2 curing or strengthening concepts.","High: CO2 mineralization/carbonation can connect to strength, carbon storage, curing, and recycled cementitious resources.",abstract unavailable or too short in API metadata; excluded from final Excel because no usable abstract was available from Elsevier metadata.,5,4,3,3,4.05,excluded_missing_abstract,Often chemical-engineering carbonation; only keep records transferable to cementitious/calcium-rich materials.
high_gravity_carbonation_mineralization,D4,高重力碳化/矿化,High-gravity carbonation / mineralization of cementitious or calcium-rich materials,"""carbonation curing"" AND cementitious",Performance evolution of cementitious materials via internal carbonation curing with pre-adsorbed CO 2 biochar,Jialin Song,2026,Cement and Concrete Composites,10.1016/j.cemconcomp.2026.106674,https://api.elsevier.com/content/article/pii/S0958946526002155,ScienceDirect,"This study evaluated the application of biochar for internal carbonation curing (ICC) and its effects on CO2 uptake, phase assemblage, pore structure, mechanical performance, and overall CO2 emission of cementitious materials. Four commercially available biochars were systematically compared under a unified testing protocol, and, within this application-oriented candidate screening, the biochar with a more balanced ICC-relevant CO2 uptake and post-adsorption retention performance under air purging (retaining 4.8 wt% CO2) was selected for ICC investigation. Results showed that ICC enabled effective CO2 fixation at early hydration, producing calcite-dominated carbonate phases. With 10% replacement, the ICC mixture achieved a CO2 uptake of 4.6% after 1 day, 47.9% higher than the control. These carbonates not only provided nucleation sites to accelerate hydration-product precipitation but also promoted the formation of hemicarboaluminate (Hc), leading to a 4.2% reduction in total porosity after 1 day. Consequently, the refined microstructure enhanced compressive strength, with the 10% ICC mixture showing gains of 21.9% and 7.3% after 1 and 28 days versus the corresponding virgin biochar mixture. At this dosage, net CO2 emission was 413 kg CO2 t−1 (64.1% of the control), confirming the carbon-mitigation potential of biochar-based ICC. These findings highlight the importance of post-adsorption CO2 holding behavior in governing effective internal CO2 availability and elucidate the hydration-carbonation synergy induced by CO2-adsorbed biochar, demonstrating the feasibility of ICC to promote in-situ CO2 mineralization while mitigating the strength penalty associated with biochar incorporation, thereby supporting a viable pathway to high-performance, low-carbon construction materials.",Biochar; Cementitious materials; CO2sequestration; Hydration-carbonation synergy; Internal carbonation curing (ICC),S0958946526002155,cementitious or calcium-rich carbonation material,"CO2 carbonation, mineralization, or carbonation curing",carbonation curing; co2 mineralization,See abstract metadata; detailed findings require full-text reading where access is lawful.,"It examines intensified carbonation or mineralization of cementitious/calcium-rich materials, which can be transferred to hypergravity CO2 curing or strengthening concepts.","High: CO2 mineralization/carbonation can connect to strength, carbon storage, curing, and recycled cementitious resources.",metadata is usable for initial screening,5,4,3,5,4.35,included,Often chemical-engineering carbonation; only keep records transferable to cementitious/calcium-rich materials.
high_gravity_carbonation_mineralization,D4,高重力碳化/矿化,High-gravity carbonation / mineralization of cementitious or calcium-rich materials,"""carbonation curing"" AND cementitious","Physicochemical, mechanical, and microstructural properties of ground granulated blast-furnace slag-steel slag-carbide slag ternary binders under carbonation curing",Wene Ma,2026,Journal of Building Engineering,10.1016/j.jobe.2026.116151,https://api.elsevier.com/content/article/pii/S2352710226009721,ScienceDirect,"The accumulation of industrial solid wastes such as ground granulated blast-furnace slag (GGBS), steel slag (SS), and carbide slag (CS) poses serious environmental challenges but also provides potential resources for sustainable construction. In this study, ternary GGBS-SS-CS composite cementitious materials were prepared, and their physicochemical properties, mechanical performance, stress-strain-resistivity behavior, carbonation depth, and microstructural evolution under carbonation curing were systematically investigated through orthogonal experiments and microscopic analyses. Unlike previous studies limited to single-waste carbonation systems, this work demonstrates the distinctive synergy of the GGBS-SS-CS ternary blend. CS provides Ca(OH)2 for activating GGBS and SS, while GGBS and SS supply reactive SiO2 and Al2O3 that consume excess Ca(OH)2 and facilitate CaCO3 formation. This complementary chemistry creates a balanced hydration-carbonation environment that single systems cannot achieve. Results showed that both carbonation time and mix ratio significantly affected mechanical properties. The optimal ratios were identified as (GGBS + SS):CS = 2:3 (GGBS:SS = 2:1), providing a balanced alkaline environment and sufficient reactive components for effective hydration-carbonation synergy. A carbonation curing duration of 4-6 days is recommended. At this mix ratio, compressive and flexural strengths increased by 125.85% and 315.70%, respectively, compared with ordinary curing after 6 days. Resistivity and pH monitoring confirmed ion consumption and CaCO3 formation during carbonation, while stress-strain-resistivity curves revealed characteristic electrical responses to densification, cracking, and failure. Carbonation depth analysis further verified progressive CO2 penetration, reaching 15.73 mm at the optimal ratio. XRD and SEM results demonstrated that CaCO3 and C-(A)-S-H were the dominant products under carbonation curing. The dense microstructure formed by CaCO3 filling and C-(A)-S-H binding explained the superior mechanical performance. Overall, this study highlights the potential of carbonation curing to enhance the mechanical performance and microstructural densification of GGBS-SS-CS ternary binders, while simultaneously contributing to CO2 utilization and sustainable development in construction materials.",Carbide slag (CS); Carbonation curing; Ground granulated blast-furnace slag (GGBS); Microstructure; Steel slag (SS),S2352710226009721,cementitious or calcium-rich carbonation material,"CO2 carbonation, mineralization, or carbonation curing",carbonation curing,See abstract metadata; detailed findings require full-text reading where access is lawful.,"It examines intensified carbonation or mineralization of cementitious/calcium-rich materials, which can be transferred to hypergravity CO2 curing or strengthening concepts.","High: CO2 mineralization/carbonation can connect to strength, carbon storage, curing, and recycled cementitious resources.",metadata is usable for initial screening,5,4,3,5,4.35,included,Often chemical-engineering carbonation; only keep records transferable to cementitious/calcium-rich materials.
high_gravity_carbonation_mineralization,D4,高重力碳化/矿化,High-gravity carbonation / mineralization of cementitious or calcium-rich materials,"""CO2 mineralisation"" AND cement",Preparation activated tailings by pH swing process: Towards yielding cemented tailings backfill and in-situ CO 2 mineralization,Sijia Liu,2024,Cement and Concrete Composites,10.1016/j.cemconcomp.2024.105767,https://api.elsevier.com/content/article/pii/S0958946524003408,ScienceDirect,"In-situ CO2 mineralization of tailings holds great potential for large-scale CO2 sequestration, but its development is seriously limited by the low CO2 conversion rate. This study proposed an innovative pH swing process to produce activated tailings through magnesium extraction from raw tailings and subsequent leachate precipitation. By the combination of activated tailings and high-belite calcium sulfoaluminate cement, a new type of cemented activated tailings backfill (CATB) was developed. The results demonstrate that 82.33 % of magnesium is extracted from raw tailings and precipitates in the form of Mg(OH)2 serving as the dominating carbonation active phase during the pH swing process. Besides the aragonite forms in the carbonated cemented raw tailings backfill (CRTB), carbonated CATB also contains calcite, nesquehonite, and hydromagnesite. Substituting activated tailings for raw tailings results in a higher CO2 absorption capability (ranging from 8.88 % to 14.17 % with various binder-to-tailings ratios). These indicate that the activated tailings have a promising application scenario in large scale in-situ CO2 mineralization.",Activated tailings; Cemented tailings backfill; CO2 sequestration; In-situ mineralization; pH swing,S0958946524003408,cementitious or calcium-rich carbonation material,"CO2 carbonation, mineralization, or carbonation curing",co2 mineralization,See abstract metadata; detailed findings require full-text reading where access is lawful.,"It examines intensified carbonation or mineralization of cementitious/calcium-rich materials, which can be transferred to hypergravity CO2 curing or strengthening concepts.","High: CO2 mineralization/carbonation can connect to strength, carbon storage, curing, and recycled cementitious resources.",metadata is usable for initial screening,5,4,3,5,4.35,included,Often chemical-engineering carbonation; only keep records transferable to cementitious/calcium-rich materials.
high_gravity_carbonation_mineralization,D4,高重力碳化/矿化,High-gravity carbonation / mineralization of cementitious or calcium-rich materials,"""high gravity carbonation""","Preparation of high purity CaCO 3 by carbonation of carbide slag after physical impurity removal: calcination, cyclone and magnetic separation",Zhuohui Ma,2026,Journal of CO2 Utilization,10.1016/j.jcou.2026.103329,https://api.elsevier.com/content/article/pii/S2212982026000181,ScienceDirect,"The co-production of high-purity CaCO3 by carbonating CO2 from carbide slag (CS) has attracted significant attention. However, due to the complex composition of CS and the difficulty in separating Ca element, it is difficult to balance the carbonation cost and quality of the product. In this study, CS was used as raw material, and a method of preparing high-purity CaCO3 through calcination, cyclone and magnetic separation, named multi-stage impurity removal, was proposed firstly. The effects of calcination time and temperature on mineral phase transformation and the purity and whiteness of CaCO3 prepared by carbonation during the calcination of carbide slag were studied. The effects of cyclone and magnetic separations were also discussed. The mechanism for the removal of impurities through high-temperature calcination was discussed innovatively. The optimum process conditions for multi-stage impurity removal and carbonation were determined, after calcination at 900 ℃ for 3 h, the CS was transported to cyclone separation at an inlet volumetric flow rate of 80 m³ /h. The separated substrate was then formulated into a pulp with a S/L of 10 % for magnetic separation. The CS pulp obtained after magnetic separation entered the carbonation process, where it was aerated with CO2 at a flow rate of 0.2 L/min for carbonation. This process resulted in calcite-type CaCO3 with the purity and whiteness of 97.8 % and 97.4, respectively. Finally, the cost of the process was estimated. The total initial investment cost was approximately CNY 6.51 million, while the total operating cost was CNY 1915.85/t of CaCO3.",Carbide slag; Carbonation; CO2; High purity CaCO3; Physical impurity removal,S2212982026000181,cementitious or calcium-rich carbonation material,"CO2 carbonation, mineralization, or carbonation curing",Condition present in query/title but not quantitatively stated in available metadata,See abstract metadata; detailed findings require full-text reading where access is lawful.,"It examines intensified carbonation or mineralization of cementitious/calcium-rich materials, which can be transferred to hypergravity CO2 curing or strengthening concepts.","High: CO2 mineralization/carbonation can connect to strength, carbon storage, curing, and recycled cementitious resources.",metadata is usable for initial screening,5,4,3,5,4.35,included,Often chemical-engineering carbonation; only keep records transferable to cementitious/calcium-rich materials.
high_gravity_carbonation_mineralization,D4,高重力碳化/矿化,High-gravity carbonation / mineralization of cementitious or calcium-rich materials,"""CO2 mineralization"" AND cement",Properties and microstructure of carbonated concrete brick through CO 2 mineralization with cement kiln exhaust gas,Yeqing Li,2025,Construction and Building Materials,10.1016/j.conbuildmat.2025.144153,https://api.elsevier.com/content/article/pii/S0950061825043041,ScienceDirect,"This paper investigates the properties and microstructure of concrete bricks produced through accelerated CO2 curing using cement kiln exhaust gas. Based on two years of data from a commercial production line, we demonstrate that the carbonated bricks meet national standard requirements. The compressive strength further increases when stored under appropriate conditions. A comparative analysis with autoclaved bricks reveals the distinct composition and microstructure developed during carbonation. The technology is also evaluated for its eco-efficiency, considering environmental impact, performance, and economic benefits, while its practical applications and advantages are discussed.",Cement kiln exhaust gas; Commercial CO2 mineralization; Concrete brick; Eco-efficiency; Microstructure,S0950061825043041,cementitious or calcium-rich carbonation material,"CO2 carbonation, mineralization, or carbonation curing",co2 mineralization,See abstract metadata; detailed findings require full-text reading where access is lawful.,"It examines intensified carbonation or mineralization of cementitious/calcium-rich materials, which can be transferred to hypergravity CO2 curing or strengthening concepts.","High: CO2 mineralization/carbonation can connect to strength, carbon storage, curing, and recycled cementitious resources.",metadata is usable for initial screening,5,4,3,5,4.35,included,Often chemical-engineering carbonation; only keep records transferable to cementitious/calcium-rich materials.
high_gravity_carbonation_mineralization,D4,高重力碳化/矿化,High-gravity carbonation / mineralization of cementitious or calcium-rich materials,"""accelerated carbonation"" AND ""cement paste""",Rapid carbonation of recycled cement paste powder (RCPP) by amino acid-based carbamate solution: Preliminary study on phase assemblage and microstructure of carbonated product,Yufei Yang,2026,Construction and Building Materials,10.1016/j.conbuildmat.2025.145086,https://api.elsevier.com/content/article/pii/S0950061825052389,ScienceDirect,"Conventional accelerated carbonation suffers from low CO2 utilization efficiency, spatiotemporal constraints, and high equipment requirements. To overcome these limitations, this study introduced a novel wet carbonation method using a CO2-loaded amino acid salt (AAS) solution, specifically an amino acid (AA)-based carbamate solution, for treating recycled cement paste powder (RCPP). The process produced abundant spherical and cubic CaCO3 particles (1—2 μm) on RCPP surfaces. Polycrystalline analysis showed vaterite dominated within 30 min under serine (Ser) regulation, while the arginine (Arg)-based system produced over 50 % calcite. After 30-min immersion, the total CaCO3 content stabilized, accounting for 48.4 %—51.5 % and 42.6 %—46.7 % of the carbonated RCPP mass in the Ser- and Arg-based groups, respectively. Arg’s weaker crystalline control further facilitated the transformation of metastable vaterite into more stable polymorphs over time. Incorporating 30 % carbonated RCPP enhanced compressive strength by 5.4 %—21.9 %, attributed to micro-/nano-CaCO3 promoting cement hydration and refining microstructure. The recovered filtrate maintained 88.46 %—95.64 % of its initial CO2 absorption capacity. After four absorption-utilization cycles, Ser- and Arg-based filtrates retained 78.93 % and 56.16 % of initial CO2 loading. Although accompanied by 11.3 % and 9.1 % reductions in CaCO3 content, compressive strength experienced only marginal declines, ranging from -0.1—6.60 %. This innovative approach provides dual environmental benefits by enabling efficient CO2 sequestration and promoting resource utilization of RCPP.",Amino acid salt (AAS); Carbamate; Carbonation; CO2 absorbent; Recycled cement paste powder (RCPP),S0950061825052389,cement paste / cement hydration products,"CO2 carbonation, mineralization, or carbonation curing",accelerated carbonation,See abstract metadata; detailed findings require full-text reading where access is lawful.,"It examines intensified carbonation or mineralization of cementitious/calcium-rich materials, which can be transferred to hypergravity CO2 curing or strengthening concepts.","High: CO2 mineralization/carbonation can connect to strength, carbon storage, curing, and recycled cementitious resources.",metadata is usable for initial screening,5,4,3,5,4.35,included,Often chemical-engineering carbonation; only keep records transferable to cementitious/calcium-rich materials.
high_gravity_carbonation_mineralization,D4,高重力碳化/矿化,High-gravity carbonation / mineralization of cementitious or calcium-rich materials,"""carbonation curing"" AND cementitious","Recycling of steel slag and water-quenched slag into a cement-free cementitious material via accelerated carbonation curing: its CO 2 capture prediction model, mechanical properties, microstructural development, and photocatalytic outcome",Hao Li,2026,Cement and Concrete Composites,10.1016/j.cemconcomp.2026.106553,https://api.elsevier.com/content/article/pii/S0958946526000934,ScienceDirect,"A cement-free cementitious material composed of steel slag (SS) and water-quenched slag (WQS) was successfully developed via accelerated carbonation curing. The experimental results demonstrated that the XRD and FTIR analyses revealed that, in addition to the carbonation of portlandite (CH), dicalcium silicate (C2S), and tricalcium silicate (C3S), the carbonation of tricalcium aluminate (C3A) and brownmillerite (C4AF), along with the decalcification of calcium silicate hydrate, significantly enhanced CO2 capture, mechanical properties, and microstructure, which was also confirmed by the SEM-EDS and MIP results, while the photocatalytic activity of perovskite in WQS was responsible for pollutant degradation. Based on these findings, an accurate mathematical model for CO2 capture was proposed, incorporating the carbonation reactions of CH, C2S, C3S, C3A, and C4AF, and an optimal mix ratio considering both carbon capture and photocatalytic outcome was proposed, which holds promise for use in sustainable construction practice (i.e., sewage treatment plants and outdoor drainage channels).",Carbonation curing; Eco-friendly materials; Green concrete; Steel slag; Water-quenched slag,S0958946526000934,cement paste / cement hydration products,"CO2 carbonation, mineralization, or carbonation curing",accelerated carbonation; carbonation curing,See abstract metadata; detailed findings require full-text reading where access is lawful.,"It examines intensified carbonation or mineralization of cementitious/calcium-rich materials, which can be transferred to hypergravity CO2 curing or strengthening concepts.","High: CO2 mineralization/carbonation can connect to strength, carbon storage, curing, and recycled cementitious resources.",metadata is usable for initial screening,5,4,3,5,4.35,included,Often chemical-engineering carbonation; only keep records transferable to cementitious/calcium-rich materials.
high_gravity_carbonation_mineralization,D4,高重力碳化/矿化,High-gravity carbonation / mineralization of cementitious or calcium-rich materials,"""high gravity carbonation""",Role of calcium compounds in BOFS on phase evolution and microstructural changes upon high-gravity carbonation,Qifeng Song,2025,Cement and Concrete Research,10.1016/j.cemconres.2025.107913,https://api.elsevier.com/content/article/pii/S0008884625001322,ScienceDirect,"The high-gravity (higee) carbonation process has emerged as a promising method for enhancing the carbonation efficiency of basic oxygen furnace slag (BOFS). While this process has proven effective in carbonating BOFS, the underlying mechanisms are not yet fully understood. To investigate this, we selected two types of BOFS: calcium hydroxide-rich (CH-rich) and calcium silicate-rich (CS-rich) BOFS, to examine their differences in carbonation degree, phase evolution, and microstructural changes during higee carbonation. Our experimental findings reveal that higee carbonation significantly reduces the carbonation time for BOFS by 97.5 %. Notably, the CH-rich BOFS achieves a carbonation degree of 20 %, which can be attributed to ex-situ carbonation mechanisms that expose unreacted core phases, allowing for prolonged carbonation. This process enables CH-rich BOFS to reach near-complete decalcification within just 10 min. In contrast, the CS-rich BOFS exhibits less than half the carbonation degree compared to its CH-rich counterpart. This limitation arises from the rapid formation of tightly packed calcite and decalcified C-S-H on the particle surface, which restricts further carbonation via in-situ mechanisms. To address this challenge, we propose a short-term pre-wet carbonation process for CS-rich BOFS prior to higee carbonation. This integrated approach successfully increases the carbonation limit of CS-rich BOFS to 13-16 % by reducing the initial carbonation rate. Overall, higee carbonation reveals calcium compound-dependent mechanisms in BOFS, offering a roadmap for scalable CO2 sequestration and sustainable slag valorization in the cement industry.",Basic oxygen furnace slag; Carbonation mechanism; Higee carbonation; Microstructure; Phase evolution,S0008884625001322,cement paste / cement hydration products,"CO2 carbonation, mineralization, or carbonation curing",Condition present in query/title but not quantitatively stated in available metadata,See abstract metadata; detailed findings require full-text reading where access is lawful.,"It examines intensified carbonation or mineralization of cementitious/calcium-rich materials, which can be transferred to hypergravity CO2 curing or strengthening concepts.","High: CO2 mineralization/carbonation can connect to strength, carbon storage, curing, and recycled cementitious resources.",metadata is usable for initial screening,2,4,3,5,3.15,excluded_or_low_relevance,Often chemical-engineering carbonation; only keep records transferable to cementitious/calcium-rich materials.
high_gravity_carbonation_mineralization,D4,高重力碳化/矿化,High-gravity carbonation / mineralization of cementitious or calcium-rich materials,"""CO2 mineralization"" AND cement",Simulation and optimization of CO 2 mineralization for sustainable cement production,Reza Shahbaz,2025,Sustainable Chemistry and Pharmacy,10.1016/j.scp.2025.102099,https://api.elsevier.com/content/article/pii/S2352554125001974,ScienceDirect,"The cement industry is responsible for a significant portion of global CO2 emissions, primarily due to the calcination of limestone and the combustion of fossil fuels—both of which result in unavoidable process-related emissionsGiven the scale and persistence of these emissions, conventional mitigation strategies are insufficient, underscoring the urgent need for advanced technologies such as carbon capture, utilization, and storage (CCUS). Among CCUS pathways, CO2 mineralization offers a promising solution by converting carbon dioxide into stable mineral carbonates useable in construction materials. Furthermore, integrating alternative solid fuels and plastic waste in cement production, along with utilizing cement by-products as CO2 absorbents, has gained increasing interest. This study simulates a CO2 mineralization unit within a plug-flow reactor. The system is further extended to separate unreacted materials and products for potential reuse. Key operating parameters—pressure, temperature, molar ratios, and residence time—were systematically optimized. At 1 bar, 303 K, molar ratios of CO2, KOH, and N2 to CaCl2 of 2.06, 4.05, and 7.08, respectively, and a residence time of 45.0 s, a CO2 conversion of 98.3 % was achieved. The results demonstrate the potential of the proposed approach to significantly reduce the carbon footprint of cement manufacturing through effective CO2 utilization. Furthermore, three different cases were evaluated through a comprehensive techno-economic analysis: Case 1 involved CO2 sourced from SRF (Solid Recovered Fuel) with natural gas as the energy input; Case 2 considered CO2 captured from a cement plant using natural gas; and Case 3 combined CO2 from a cement plant with SRF as the energy source.",Calcium carbonate; Carbon capture and utilization (CCUS); Cement industry decarbonization; CO2 mineralization,S2352554125001974,cementitious or calcium-rich carbonation material,"CO2 carbonation, mineralization, or carbonation curing",co2 mineralization,See abstract metadata; detailed findings require full-text reading where access is lawful.,"It examines intensified carbonation or mineralization of cementitious/calcium-rich materials, which can be transferred to hypergravity CO2 curing or strengthening concepts.","High: CO2 mineralization/carbonation can connect to strength, carbon storage, curing, and recycled cementitious resources.",metadata is usable for initial screening,5,4,3,5,4.35,included,Often chemical-engineering carbonation; only keep records transferable to cementitious/calcium-rich materials.
high_gravity_carbonation_mineralization,D4,高重力碳化/矿化,High-gravity carbonation / mineralization of cementitious or calcium-rich materials,"""carbonation curing"" AND cementitious",Strength development and thermal stability analysis of carbonation-cured red mud-based cementitious materials,Weichuan Zhang,2025,Construction and Building Materials,10.1016/j.conbuildmat.2025.140724,https://api.elsevier.com/content/article/pii/S0950061825008724,ScienceDirect,"Accelerated carbonation curing shows great promise for cutting carbon emissions in construction by using high-alkalinity industrial by-products. This study focuses on red mud as a cement additive to enhance CO2 capture and mechanical properties during carbonation curing. The synergistic effects of adding limestone and blast furnace slag were also analyzed. The thermogravimetric analysis measured carbonation product content and CO2 uptake, while microscopic techniques examined the hydration and carbonation processes of red mud-based materials. Mechanical properties and phase changes were tested at high temperatures (200℃, 500℃, and 800℃) to evaluate thermal stability. Key findings include: (1) red mud significantly boosted carbonation rates and CO2 uptake; (2) limestone and blast furnace slag provided extra nucleation sites, improved Ca2+ diffusion, and influenced N-(A)-S-H gel formation, enhancing strength and CO2 uptake without slowing carbonation; (3) fully carbonated materials maintained high structural integrity below 500℃, with compressive strength peaking at 200℃. A carbon footprint analysis revealed that utilizing red mud effectively lowers carbon emissions in building materials, supporting the development of green construction solutions.",Carbon capture; Carbonation curing; High-temperature stability; Low carbon building materials; Red mud,S0950061825008724,cementitious or calcium-rich carbonation material,"CO2 carbonation, mineralization, or carbonation curing",accelerated carbonation; carbonation curing,See abstract metadata; detailed findings require full-text reading where access is lawful.,"It examines intensified carbonation or mineralization of cementitious/calcium-rich materials, which can be transferred to hypergravity CO2 curing or strengthening concepts.","High: CO2 mineralization/carbonation can connect to strength, carbon storage, curing, and recycled cementitious resources.",metadata is usable for initial screening,2,4,3,5,3.15,excluded_or_low_relevance,Often chemical-engineering carbonation; only keep records transferable to cementitious/calcium-rich materials.
high_gravity_carbonation_mineralization,D4,高重力碳化/矿化,High-gravity carbonation / mineralization of cementitious or calcium-rich materials,"""CO2 mineralisation"" AND cement",Strong acid-mediated Ca 2+ extraction–CO 2 mineralization process for CO 2 absorption and nano-sized CaCO 3 production from cement kiln dust: Simultaneous treatment of CO 2 and alkaline wastewater,Kyumin Jang,2024,Journal of Environmental Chemical Engineering,10.1016/j.jece.2023.111746,https://api.elsevier.com/content/article/pii/S2213343723024855,ScienceDirect,"Increasing yearly stockpiles of cement kiln dust (CKD) and the associated high landfilling cost require innovative solutions to utilize CKD. This study proposes a strong acid-mediated extraction–mineralization process that utilizes CO2. The process comprises the extraction of Ca2+ from CKD using strong acids, mineralization of CO2 using extracted Ca2+ and alkaline wastewater, and production of Ca carbonate. High Ca2+ leaching efficiency, high Ca2+ extraction efficiency, and high-purity nano-sized CaCO3 production from CKD were achieved under normal operating conditions in an in-situ strong acid solution. The process feasibility was primarily tested via an individual extraction process using aqueous HCl and HNO3 solutions from typical CKD and mineral carbonation experiments using Ca(OH)2 and alkaline wastewater obtained from the extraction process. The process had a Ca2+ leaching efficiency of 94.73%, Ca2+ extraction efficiency of 93.54%, and CaCO3 yield of 1.45 ton/ton CKD in the aqueous HCl solution. Polymorphism and crystal structure analyses showed that CaCO3 obtained after CO2 mineralization was mainly present as calcite. Alkaline wastewater acted as a pH buffer, enhanced the reactivity with CO2, accelerated the conversion of CO2(g) to CO32-(aq), and acted as an accelerator that promoted the nucleation growth of CaCO3 by OH- ions during the mineralization process. The effect of the nucleation and growth of CaCO3 on the particle and crystallite size is highly dependent on the system pH. These results can be applied to CO2 utilization processes by industrial by-products.",Carbon capture and utilization; Cement kiln dust; CO2 mineralization; Extraction; Resource recovery,S2213343723024855,cementitious or calcium-rich carbonation material,"CO2 carbonation, mineralization, or carbonation curing",co2 mineralization,See abstract metadata; detailed findings require full-text reading where access is lawful.,"It examines intensified carbonation or mineralization of cementitious/calcium-rich materials, which can be transferred to hypergravity CO2 curing or strengthening concepts.","High: CO2 mineralization/carbonation can connect to strength, carbon storage, curing, and recycled cementitious resources.",metadata is usable for initial screening,5,4,3,5,4.35,included,Often chemical-engineering carbonation; only keep records transferable to cementitious/calcium-rich materials.
high_gravity_carbonation_mineralization,D4,高重力碳化/矿化,High-gravity carbonation / mineralization of cementitious or calcium-rich materials,"""accelerated carbonation"" AND ""cement paste""",Structural alterations in alkali-sulfate-activated slag cement pastes induced by natural and accelerated carbonation,Zengliang Yue,2025,Cement and Concrete Research,10.1016/j.cemconres.2024.107713,https://api.elsevier.com/content/article/pii/S0008884624002941,ScienceDirect,"The impact of carbonation, induced at different CO2 concentrations (0.04 or 1 %), in the phase assemblages and compressive strength of Na2SO4-activated slag materials was determined. Carbonation led to Ca-bearing phases' decalcification (mainly C-(A)-S-H type gel and ettringite) forming different CaCO3 polymorphs, independent of the slag composition or carbonation conditions adopted. In specimens exposed to 0.04 % CO2, a negligible carbonation front was observed, along with a continued phase assemblage evolution and compressive strength gain after 500 days of exposure. Conversely, exposure to 1 % CO2 led to complete carbonation after 28 days, and a significant compressive strength reduction. Accelerated carbonation does not lead to the development of comparable microstructures to those observed in naturally carbonated pastes. The accelerated carbonation rates were ~ 33 times higher than those determined under natural carbonation exposure. Therefore, accelerated tests are considered unsuitable for predicting the long-term carbonation performance of Na2SO4-activated slag cements.",Alkali-activated slag cements; Carbonation; Characterization; Durability; Granulated blast furnace slag,S0008884624002941,cement paste / cement hydration products,"CO2 carbonation, mineralization, or carbonation curing",accelerated carbonation,See abstract metadata; detailed findings require full-text reading where access is lawful.,"It examines intensified carbonation or mineralization of cementitious/calcium-rich materials, which can be transferred to hypergravity CO2 curing or strengthening concepts.","High: CO2 mineralization/carbonation can connect to strength, carbon storage, curing, and recycled cementitious resources.",metadata is usable for initial screening,5,4,3,5,4.35,included,Often chemical-engineering carbonation; only keep records transferable to cementitious/calcium-rich materials.
high_gravity_carbonation_mineralization,D4,高重力碳化/矿化,High-gravity carbonation / mineralization of cementitious or calcium-rich materials,"""CO2 mineralisation"" AND cement",Synergistic effect of CO 2 -mineralized steel slag and carbonation curing on cement paste,Linshan Li,2024,Cement and Concrete Composites,10.1016/j.cemconcomp.2023.105357,https://api.elsevier.com/content/article/pii/S0958946523004316,ScienceDirect,"Cement-based materials have favorable capacity of solid waste and CO2 disposal. In this study, a synergistic CO2 treatment, including CO2 mineralization of steel slag admixture and carbonation curing of cement paste, was proposed. The influence of synergistic CO2 treatment on pozzolanic activity of steel slag, CO2 sequestration, and compressive strength of specimens were investigated. Results show that synergistic CO2 treatment cannot significantly increase the compressive strength but can improve the CO2 sequestration efficiently (up to 10.76 %), while a single CO2 treatment could only improve CO2 sequestration by 6.75 %. MIP, 29Si NMR, XRD-rietveld, and Raman spectroscopy were used to determine the effect of synergistc CO2 treatment on microstructure and mineral composition of samples. A barrier layer generated on the surface of steel slag particle was observed in SEM images. This barrier layer composed of carbonates reduces the early activity of CO2 mineralized steel slag.",Carbonation curing; CO2 sequestration; CO2 treatment; Portland cement; Steel slag,S0958946523004316,cement paste / cement hydration products,"CO2 carbonation, mineralization, or carbonation curing",carbonation curing; co2 mineralization,See abstract metadata; detailed findings require full-text reading where access is lawful.,"It examines intensified carbonation or mineralization of cementitious/calcium-rich materials, which can be transferred to hypergravity CO2 curing or strengthening concepts.","High: CO2 mineralization/carbonation can connect to strength, carbon storage, curing, and recycled cementitious resources.",metadata is usable for initial screening,5,4,3,5,4.35,included,Often chemical-engineering carbonation; only keep records transferable to cementitious/calcium-rich materials.
high_gravity_carbonation_mineralization,D4,高重力碳化/矿化,High-gravity carbonation / mineralization of cementitious or calcium-rich materials,"""CO2 mineralization"" AND cement",Synergistic effects of fly ash-cement slurry and CO 2 mineralization on coal gangue aggregate and its concrete properties,Sheng Gao,2025,Construction and Building Materials,10.1016/j.conbuildmat.2025.140225,https://api.elsevier.com/content/article/pii/S0950061825003733,ScienceDirect,"The limitations of gangue, including its low strength, high water absorption, and poor bonding capacity with the concrete matrix, restrict its extensive use in construction materials. In this study, various fly ash-cement slurry with different water-cement ratios (0.3, 0.35, 0.4, 0.45, and 0.5) were initially employed to encapsulate the coal gangue aggregate (CGA) at a fly ash dosage of 10 %. Subsequently, synergistic CO2 mineralization conditioning was applied (with a CO2 concentration of 20 %, pressure of 0.1 MPa, humidity at 70 %, and temperature set to 20 ℃) to enhance the modification process for CGA. The study aimed to investigate how the combined effects of fly ash-cement slurry encapsulation and CO2 mineralization influence the physical properties and microstructure of CGA while analyzing the strengthening mechanisms involved in modifying coal gangue aggregate concrete (CGC). The findings revealed that the synergistic modification through CO2 mineralization coupled with fly ash-cement slurry encapsulation was significantly more effective than using only fly ash-cement slurry for enhancing CGA properties. At a water-cement ratio of 0.35, there was a reported increase in apparent density by 3.85 %, a decrease in crushing value by 29.37 %, and only a modest rise in water absorption by 9.9 %. The reaction between encapsulated fly ash-cement slurry and CO2 mineralization produced numerous hydrated calcium silicate gels and CaCO3 products that filled CGA pores—resulting in a porosity reduction of 36.54 %—and improved workability for CGC with an increase in slump by 54.29 %. Additionally, CO2 mineralization enhanced the interfacial transition zone (ITZ) between mortar and CGA; consequently, the elastic modulus of ITZ increased by 8.75 %. The compressive strength of modified CGC rose by 27.14 %, while chloride ion permeability decreased by 32.74 % along with an improvement in water resistance coefficient by 7.2 %. Furthermore, this modified CGC can achieve cost savings up to 13.16 % while reducing carbon emissions from CO2 by approximately 13.43 %. This research offers valuable technical insights for advancing industrial applications and maximizing coal gangue utilization.",CO2 mineralization; Coal gangue aggregate; Durability properties; Fly ash-cement slurry; Gangue concrete,S0950061825003733,cementitious or calcium-rich carbonation material,"CO2 carbonation, mineralization, or carbonation curing",co2 mineralization,See abstract metadata; detailed findings require full-text reading where access is lawful.,"It examines intensified carbonation or mineralization of cementitious/calcium-rich materials, which can be transferred to hypergravity CO2 curing or strengthening concepts.","High: CO2 mineralization/carbonation can connect to strength, carbon storage, curing, and recycled cementitious resources.",metadata is usable for initial screening,5,4,3,5,4.35,included,Often chemical-engineering carbonation; only keep records transferable to cementitious/calcium-rich materials.
high_gravity_carbonation_mineralization,D4,高重力碳化/矿化,High-gravity carbonation / mineralization of cementitious or calcium-rich materials,"""carbonation curing"" AND cementitious",Synergistic enhancement of water resistance in magnesium oxychloride cement by fly ash and carbonation curing,Qijie Xie,2026,Construction and Building Materials,10.1016/j.conbuildmat.2026.145113,https://api.elsevier.com/content/article/pii/S0950061826000139,ScienceDirect,"Developing high-performance, low-carbon cementitious materials is critical to addressing global climate change and the urgent need for carbon reduction in the construction industry. To overcome the poor water resistance of magnesium oxychloride cement (MOC) and reduce its carbon footprint, this study investigates the synergistic effect of incorporating fly ash (FA) as a partial replacement for MgO combined with carbonation curing. The workability, mechanical properties, water resistance and capillary water absorption of MOC-FA blends were systematically evaluated. Hydration heat was monitored using isothermal calorimetry (TAM Air), while phase composition and microstructure were characterized by XRD, TGA, MIP, and SEM to elucidate the underlying mechanisms. Results indicate that both FA incorporation and carbonation curing significantly improve water resistance, boosting the softening coefficient after 28 days of water immersion from 0.025 to 0.832. The addition of FA enhances workability, increasing fluidity by 1.3 %-11.4 %. Although FA leads to a reduction in early-age strength, the formation of M-S-H gel mitigates the dissolution of key hydration products, thereby markedly improving water resistance. Furthermore, carbonation curing not only facilitates CO2 sequestration but also reduces total porosity by 2.6 %-29.1 % through the formation of stable carbonate phases and additional hydrates, leading to substantial gains in mechanical strength and impermeability. Moreover, carbonation curing effectively compensates for the early strength loss induced by FA (increasing strength by up to 26.9 %) and, through synergy with FA, enhances both the durability and overall performance of MOC. This approach demonstrates significant potential for CO2 sequestration, resource utilization of FA, and development of high-performance MOC materials.",Carbonation curing; Fly ash; Magnesium oxychloride cement; Mechanical property; Water resistance,S0950061826000139,cementitious or calcium-rich carbonation material,"CO2 carbonation, mineralization, or carbonation curing",carbonation curing,See abstract metadata; detailed findings require full-text reading where access is lawful.,"It examines intensified carbonation or mineralization of cementitious/calcium-rich materials, which can be transferred to hypergravity CO2 curing or strengthening concepts.","High: CO2 mineralization/carbonation can connect to strength, carbon storage, curing, and recycled cementitious resources.",metadata is usable for initial screening,5,4,3,5,4.35,included,Often chemical-engineering carbonation; only keep records transferable to cementitious/calcium-rich materials.
high_gravity_carbonation_mineralization,D4,高重力碳化/矿化,High-gravity carbonation / mineralization of cementitious or calcium-rich materials,"""high gravity carbonation""","Synergistic mechanism of workability, carbonation efficiency, and mechanical performance in bio-carbonated reactive magnesia cement-stabilized flowable soil",Henghui Fan,2026,Journal of Environmental Chemical Engineering,10.1016/j.jece.2026.123217,https://api.elsevier.com/content/article/pii/S2213343726021925,ScienceDirect,"The conflict among strength development, high carbon emissions, and elevated water content in conventional cement-based flowable stabilized soil (FSS) necessitates innovative low-carbon alternatives. This study introduces bio-carbonation reactive magnesia cement (RMC) technology into FSS systems to elucidate the mechanisms governing the interplay among rheological behavior, carbonation progression, and mechanical performance. Through systematic macro- and micro-scale investigations, the effects of RMC content and urea concentration on the physicochemical evolution of fresh pastes and hardened specimens were examined. The incorporation of the bacterial solution inhibited early-stage RMC hydration, delaying the formation of Mg(OH)₂ gel networks and consequently enhancing paste fluidity while reducing yield stress compared to pure water systems. Both yield stress and plastic viscosity exhibited quadratic decay with increasing fluidity. A synergistic optimization mechanism was identified: moderate urea concentrations (2–3 M) achieved a high urea utilization ratio (UUR) while facilitating the sustained progress of RMC hydration and carbonation reactions. This balanced environment promoted homogeneous nucleation and generated dense carbonation products dominated by hydromagnesite. Such microstructural refinement maximized the degree of carbonation (DC) and yielded superior unconfined compressive strength, reaching up to 6.21 MPa at 28 days. Conversely, excessive urea triggered a cascade of detrimental mechanisms: urease activity inhibition, accelerated early carbonation forming surface reaction barriers, crystal coarsening, and extensive micro-/macro-pore formation from entrapped NH₃ gases—collectively disrupting structural continuity and diminishing both carbonation efficiency and strength. Microstructural evidence confirmed that optimal formulations (10%–15% RMC, 2–3 M urea) produced densely interwoven carbonate networks effectively cementing soil particles. This work provides mechanistic insights for designing next-generation high-performance flowable stabilized materials.",Flowable stabilized soil; Microbially‑induced carbonate precipitation; Microstructure; Reactive magnesia cement; Rheological properties,S2213343726021925,cementitious or calcium-rich carbonation material,Method inferred from ScienceDirect title/abstract,Condition present in query/title but not quantitatively stated in available metadata,See abstract metadata; detailed findings require full-text reading where access is lawful.,"It examines intensified carbonation or mineralization of cementitious/calcium-rich materials, which can be transferred to hypergravity CO2 curing or strengthening concepts.","High: CO2 mineralization/carbonation can connect to strength, carbon storage, curing, and recycled cementitious resources.",metadata is usable for initial screening,2,4,3,5,3.15,excluded_or_low_relevance,Often chemical-engineering carbonation; only keep records transferable to cementitious/calcium-rich materials.
high_gravity_carbonation_mineralization,D4,高重力碳化/矿化,High-gravity carbonation / mineralization of cementitious or calcium-rich materials,"""accelerated carbonation"" AND ""cement paste""","The microstructure evolution of cement paste and steel corrosion behavior under natural and accelerated carbonation: CO 2 concentration, temperature and humidity",Liang Wang,2025,Construction and Building Materials,10.1016/j.conbuildmat.2025.142433,https://api.elsevier.com/content/article/pii/S095006182502584X,ScienceDirect,"Understanding the correlation between natural and accelerated carbonation processes in concrete and their distinct impacts on steel corrosion mechanisms remains a critical challenge for durability prediction. In this study, the steel reinforcement concrete specimens is taken as the main research object, using the methodology of natural and accelerated carbonation, combined with microscopic means, electrochemical parameters, corrosion morphology analysis of steel bars and other evaluation methods, to systematically investigated the coupled effects of CO2 concentration (5–20 %), temperature (20–40°C) and relative humidity (40–70 % RH) on the concrete carbonation kinetics, microstructure evolution and steel corrosion behavior of concrete. The results showed that carbonation depth exhibits a high temperature and CO2 concentration dependence, the relationship between carbonation depth and RH exhibits a quadratic function characteristic, peaking at 55 % RH. Under accelerated carbonation conditions, a low CO2 acceleration (5 %) preserves microstructural similarity to natural carbonation, whereas high CO2 concentrations can cause the substantial reduction of C-S-H but still allow for the observation of Ca(OH)2, high concentrations induce CaCO3 crystallization differences. Compared to temperature and CO2 concentration, the influence of RH on the concrete microstructure is less significant. Under both accelerated and natural carbonation conditions, the corrosion behavior of steel bar in paste is similar but exhibits differences. In most cases, there is a high correlation between accelerated carbonation and natural carbonation, accelerated carbonation tests can effectively reflect the primary characteristics of steel corrosion caused by natural carbonation, offering certain advantages in assessing the corrosion resistance of steel bar. The results presented have a great of importance for advancing concrete carbonation research, enhancing the prediction and improving the reliability of practical applications.",Accelerated carbonation; CO2 concentration; Microstructure; Steel corrosion; Temperature and humidity,S095006182502584X,cement paste / cement hydration products,"CO2 carbonation, mineralization, or carbonation curing",accelerated carbonation,See abstract metadata; detailed findings require full-text reading where access is lawful.,"It examines intensified carbonation or mineralization of cementitious/calcium-rich materials, which can be transferred to hypergravity CO2 curing or strengthening concepts.","High: CO2 mineralization/carbonation can connect to strength, carbon storage, curing, and recycled cementitious resources.",metadata is usable for initial screening,5,4,3,5,4.35,included,Often chemical-engineering carbonation; only keep records transferable to cementitious/calcium-rich materials.
high_gravity_carbonation_mineralization,D4,高重力碳化/矿化,High-gravity carbonation / mineralization of cementitious or calcium-rich materials,"""accelerated carbonation"" AND ""cement paste""",The role of hydrotalcite-like phase and monosulfate in slag cement paste during atmospheric and accelerated carbonation,Yu Zhang,2022,Cement and Concrete Composites,10.1016/j.cemconcomp.2022.104642,https://api.elsevier.com/content/article/pii/S0958946522002359,ScienceDirect,"This paper identified carbonation products in the slag-rich cementitious systems upon three different exposure conditions, namely, long term exposure in the field, indoor natural exposure, and accelerated carbonation testing. Overall, mineralogy of the carbonation products was found to be fundamentally similar under different exposure environments. In the fully carbonated areas, no monosulfate and calcium hydroxide was observed, and calcium carbonate, carbonated hydrotalcite-like phase and Ca–Al AFm phases were identified as the main carbonate phases. In the mildly carbonated areas, monosulfate and calcium hydroxide clusters were detected again. With the continuous supply of CO2, monosulfate appeared to be consumed at first. Despite different exposure environments, carbonated Ca–Al AFm phases bound around 5% of CO2 penetrated into the matrix. Hydrotalcite-like phase was able to absorb more than 15% CO2 initially. However, this value decreased to around 10% in the fully carbonated areas. Therefore, more than 20% CO2 entered into hydrotalcite-like phase as well as Ca–Al AFm phases at first, and the involved reactions were harmless without any detrimental effect on cement matrix. Meanwhile, hydrotalcite-like phase was able to keep intact and its Mg/Al atomic ratio did not vary significantly during carbonation.",Accelerated carbonation testing; Field slag concrete; Hydrotalcite-like phase; Indoor natural exposure; Monosulfate; Thermodynamic modelling,S0958946522002359,cement paste / cement hydration products,"CO2 carbonation, mineralization, or carbonation curing",accelerated carbonation,See abstract metadata; detailed findings require full-text reading where access is lawful.,"It examines intensified carbonation or mineralization of cementitious/calcium-rich materials, which can be transferred to hypergravity CO2 curing or strengthening concepts.","High: CO2 mineralization/carbonation can connect to strength, carbon storage, curing, and recycled cementitious resources.",metadata is usable for initial screening,5,4,3,5,4.35,included,Often chemical-engineering carbonation; only keep records transferable to cementitious/calcium-rich materials.
high_gravity_carbonation_mineralization,D4,高重力碳化/矿化,High-gravity carbonation / mineralization of cementitious or calcium-rich materials,"""accelerated carbonation"" AND ""recycled concrete fines""",Total recycling of concrete waste using accelerated carbonation: A review,Chi Sun Poon,2023,Cement and Concrete Research,10.1016/j.cemconres.2023.107284,https://api.elsevier.com/content/article/pii/S0008884623001989,ScienceDirect,"Our world is facing critical environmental challenges due to the overexploitation of natural resources and the extensive release of CO2. Meanwhile, huge amounts of concrete waste are generated due to accelerated urbanization and redevelopment. Carbonated concrete waste can thus both be used as alternative materials to aggregates and cement, and a carbon sink to reduce CO2 emission. In this paper, different carbonation approaches and their modified techniques to treat recycled coarse aggregates (RCAs), recycled concrete fines (RCFs), and recycled concrete powders (RCPs) are critically reviewed and discussed. The results suggest that carbonation effectively strengthens RCAs by densifying microstructures and improving physical properties through the precipitation of calcium carbonate (Cc) that fills the pores. Meanwhile, the carbonation reaction also develops surface reactivities on the recycled aggregates due to silica gel and Cc formation, which is particularly beneficial for RCFs because of the high surface area. Re-structuring and re-activation of RCPs through carbonation transforms the waste hydrated cement powders into novel supplementary cementitious materials. In addition to wet carbonation, which has a higher efficiency than dry carbonation, other modified carbonation techniques with the addition of limewater, magnesium ions, ammonium ions, and the use of elevated temperatures are found to produce RCAs/RCFs/RCPs with better qualities, and facilitate the formation of other high-value products such as nano-silica gel, micro-fiber, and vaterite, etc. Apart from their practical uses in conventional concrete, potential applications of the carbonation products in ultra-high-performance concrete, automated construction, and self-cleaning concrete were also briefly introduced. More importantly, the key issues in upscaling the carbonation technologies and limitations in current research are pointed out. Overall, carbonation could not only facilitate the re-circulating of concrete waste but also help reduce CO2 emissions and achieve carbon neutrality by permanently sequestrating CO2.",Accelerated carbonation; Recycled concrete aggregates; Recycled concrete fines; Recycled concrete powders,S0008884623001989,cementitious or calcium-rich carbonation material,"CO2 carbonation, mineralization, or carbonation curing",accelerated carbonation,See abstract metadata; detailed findings require full-text reading where access is lawful.,"It examines intensified carbonation or mineralization of cementitious/calcium-rich materials, which can be transferred to hypergravity CO2 curing or strengthening concepts.","High: CO2 mineralization/carbonation can connect to strength, carbon storage, curing, and recycled cementitious resources.",metadata is usable for initial screening,5,4,3,5,4.35,included,Often chemical-engineering carbonation; only keep records transferable to cementitious/calcium-rich materials.
high_gravity_carbonation_mineralization,D4,高重力碳化/矿化,High-gravity carbonation / mineralization of cementitious or calcium-rich materials,"""CO2 mineralization"" AND cement","Total recycling of waste concrete in sustainable concrete production through CO 2 mineralization: Strength, durability, and corrosion issues",Bingcheng Chen,2026,Waste Management,10.1016/j.wasman.2026.115407,https://api.elsevier.com/content/article/pii/S0956053X26000772,ScienceDirect,"CO2 mineralization technology provides a technically feasible strategy to achieve the high-value recycling of waste concrete as a carbon sink, aiming to achieve the carbon neutrality goal in the construction sector. In this study, CO2 mineralization technology was harnessed to enhance recycled aggregate (RA) and recycled powder (RP) to fully replace natural aggregate (NA) and partially replace cement, thereby developing carbonated recycled aggregate concrete incorporating carbonated RP (CRAC-CRP). The results show that the physical and mechanical properties of RA were enhanced after CO2 mineralization due to the reduction of porosity and the refinement of pore size. Furthermore, CRAC-CRP achieved 90-day compressive strength within ∼7% of natural aggregate concrete, together with a ∼16% strength gain from 28 to 90 days. Additionally, CRAC-CRP showed 4.5% lower water absorption and 24.7% lower chloride migration coefficient than recycled aggregate concrete at 90 days. Under chloride exposure, CRAC-CRP maintained more positive open-circuit potential and higher polarization resistance for 200 days, whereas depassivation occurred after 105–180 days in mixes without carbonated constituents. A cradle-to-gate life cycle assessment indicated up to a ∼33% reduction in CO2 emissions and ∼28% lower carbon intensity, together with ∼25% reduced production cost, confirming both environmental and economic advantages of this approach.",CO2 mineralization; Life cycle assessment; Recycled aggregate; Recycled powder; Steel corrosion,S0956053X26000772,cementitious or calcium-rich carbonation material,"CO2 carbonation, mineralization, or carbonation curing",co2 mineralization,See abstract metadata; detailed findings require full-text reading where access is lawful.,"It examines intensified carbonation or mineralization of cementitious/calcium-rich materials, which can be transferred to hypergravity CO2 curing or strengthening concepts.","High: CO2 mineralization/carbonation can connect to strength, carbon storage, curing, and recycled cementitious resources.",metadata is usable for initial screening,5,4,3,5,4.35,included,Often chemical-engineering carbonation; only keep records transferable to cementitious/calcium-rich materials.
high_gravity_carbonation_mineralization,D4,高重力碳化/矿化,High-gravity carbonation / mineralization of cementitious or calcium-rich materials,"""high gravity carbonation""",Utilization of cement–pozzolana–carbide slag binder and carbonation curing in concrete: A step towards carbon-neutrality,Jad Bawab,2026,Green Technologies and Sustainability,10.1016/j.grets.2026.100344,https://api.elsevier.com/content/article/pii/S2949736126000102,ScienceDirect,"Early carbonation curing is an effective approach to mitigate the environmental impacts of concrete. This is particularly valid when coupled with other strategies, such as substituting cement with alternative low-carbon materials. Nevertheless, little attention has been paid to understanding the behavior of ternary blended cementitious concrete subjected to early carbonation curing. The main objective of this research is to assess the carbon storage potential, performance, and microstructure of carbonation-cured concrete incorporating volcanic ash (VA) and carbide slag (CS). The mixture design of experiments was utilized to evaluate and optimize the concrete mix design containing 60%–100% cement, 0%–40% VA, and 0%–40% CS and subjected to three carbonation schemes. The analysis revealed that setting the pre-curing and carbonation for 20 and 4 h, respectively, rendered the highest carbon uptake when incorporating up to 5% VA and up to 40% CS. The optimum 28-day compressive strength was achieved when the pre-curing and carbonation intervals were 4 and 20 h, respectively, with a binder incorporating up to 35% VA with no more than 5% CS. The microstructural analysis of the optimum mixes highlighted advanced calcite formation in mixes designed for maximum carbon uptake and 1-day strength. Meanwhile, the mixes designed for maximum 28-day performance underlined the coexistence of hydration and carbonation reaction products. The findings demonstrated that carbonation curing and the chemical composition of the ternary blended binder system influenced the properties and microstructure of carbonation-cured concrete.",Carbide slag; Carbon uptake; Carbonation curing; Concrete; Volcanic ash,S2949736126000102,cementitious or calcium-rich carbonation material,"CO2 carbonation, mineralization, or carbonation curing",carbonation curing,See abstract metadata; detailed findings require full-text reading where access is lawful.,"It examines intensified carbonation or mineralization of cementitious/calcium-rich materials, which can be transferred to hypergravity CO2 curing or strengthening concepts.","High: CO2 mineralization/carbonation can connect to strength, carbon storage, curing, and recycled cementitious resources.",metadata is usable for initial screening,5,4,3,5,4.35,included,Often chemical-engineering carbonation; only keep records transferable to cementitious/calcium-rich materials.
high_gravity_carbonation_mineralization,D4,高重力碳化/矿化,High-gravity carbonation / mineralization of cementitious or calcium-rich materials,"""high gravity carbonation""",Waste biomolecule-based carbonation of high-calcium byproduct to produce supplementary cementitious materials,Maria Idrees,2026,Construction and Building Materials,10.1016/j.conbuildmat.2026.146393,https://api.elsevier.com/content/article/pii/S0950061826012997,ScienceDirect,"Utilizing calcium-rich waste to enhance construction materials through carbon capture is an effective approach to mitigate carbon footprints and preserve the environment. In this study, waste high-calcium fly ash (HCFA) and calcium hydroxide powder (CH/CKD), a major component of waste cement kiln dust, were carbonated in the presence of tannic acid (TA). The effects of factors such as TA concentration, liquid-solid ratio, percentages of wastes, and compatibility of superplasticizers were examined. Carbonation occurred in two steps: first, calcium was leached from HCFA using tannic acid (TA); then, the pre-treated solution was carbonated with CO2. The resulting carbonated materials replaced cement in the mortar at 20%, 30%, 40%, and 50% replacements. Compressive strength tests were conducted on 3, 7, and 28 days. Pretreating 40% HCFA with 0.05% TA improved both carbonation quality and mechanical strength of mortar (up to 25.5%) and also enhanced sustainability (cement reduction up to 40% along with higher carbon capture potential). The mix compositions were ranked by the multidimensional criteria of the decision-making technique, TOPSIS. Isothermal calorimetry, TGA, FTIR, XRD, and SEM imaging were performed for micro-characterization. TA-regulated carbonation allows high volume replacement of carbonated HCFA (up to 50%) by controlling CaCO3 polymorphs, thus refining microstructure and particle packing.",Calcium carbonate polymorphs; Carbon capture; Carbonation; Compressive strength; High calcium fly ash; Micro-characterization; SCM,S0950061826012997,cementitious or calcium-rich carbonation material,"CO2 carbonation, mineralization, or carbonation curing",Condition present in query/title but not quantitatively stated in available metadata,See abstract metadata; detailed findings require full-text reading where access is lawful.,"It examines intensified carbonation or mineralization of cementitious/calcium-rich materials, which can be transferred to hypergravity CO2 curing or strengthening concepts.","High: CO2 mineralization/carbonation can connect to strength, carbon storage, curing, and recycled cementitious resources.",metadata is usable for initial screening,2,4,3,5,3.15,excluded_or_low_relevance,Often chemical-engineering carbonation; only keep records transferable to cementitious/calcium-rich materials.
high_gravity_carbonation_mineralization,D4,高重力碳化/矿化,High-gravity carbonation / mineralization of cementitious or calcium-rich materials,"""accelerated carbonation"" AND ""cement paste""",XRD and 29 Si MAS NMR study on carbonated cement paste under accelerated carbonation using different concentration of CO 2,Wei Liu,2019,Materials Today Communications,10.1016/j.mtcomm.2019.05.007,https://api.elsevier.com/content/article/pii/S2352492819301230,ScienceDirect,"In this study, the chemical composition of cement pastes, exposed to accelerated carbonation using different concentration of CO2 (3%, 10%, 20%, 50%,100%), have been determined and compared with those of natural carbonation (0.03%). Quantitative X-ray diffraction (QXRD)and 29Si Magic Angle Spinning Nuclear Magnetic Resonance (MAS NMR)were used for characterisation and quantitative analysis of the carbonated phases. The obtained QXRD results revealed that the complete carbonation was hardly attained. Calcite, aragonite and vaterite were in co-existence after accelerated carbonation, while vaterite was dominant. The preferential polymorphic precipitation of the three crystal forms of calcium carbonate was affected by the carbonation degree of C-S-H and the duration of the carbonation process, but not by the concentration of CO2. The NMR results indicated that C-S-H gel was strongly decalcified, and calcium modified silica gel was formed after carbonation. The C-S-H decalcification, under all the accelerated carbonation conditions, was clearly more pronounced than that under the natural carbonation conditions. When the concentration of CO2 was in the range of 3%–20%, the ratio of decalcified to remaining C-S-H was similar, in a range of 5–6, while under the higher concentration of CO2 this ratio was increased to >8. Therefore, in consideration of both acceleration rate and measurement uncertainty, the higher concentration, up to 20%, of CO2 in an accelerated carbonation should be applicable.",29Si MAS NMR; Carbonation; Cement; Different CO2 concentration; XRD,S2352492819301230,cement paste / cement hydration products,"CO2 carbonation, mineralization, or carbonation curing",accelerated carbonation,See abstract metadata; detailed findings require full-text reading where access is lawful.,"It examines intensified carbonation or mineralization of cementitious/calcium-rich materials, which can be transferred to hypergravity CO2 curing or strengthening concepts.","High: CO2 mineralization/carbonation can connect to strength, carbon storage, curing, and recycled cementitious resources.",metadata is usable for initial screening,5,4,3,5,4.35,included,Often chemical-engineering carbonation; only keep records transferable to cementitious/calcium-rich materials.
high_gravity_carbonation_mineralization,D4,高重力碳化/矿化,High-gravity carbonation / mineralization of cementitious or calcium-rich materials,"""rotating packed bed"" AND carbonation","A comprehensive review on the hydrodynamics, mass transfer and chemical absorption of CO 2 and modelling aspects of rotating packed bed",K. P. Dhaneesh,2022,Separation and Purification Technology,10.1016/j.seppur.2022.121248,https://api.elsevier.com/content/article/pii/S138358662200805X,ScienceDirect,unclear,unclear,S138358662200805X,Concrete/cementitious material or calcium-rich object inferred from title/abstract,Rotating packed bed / high-gravity process,rotating packed bed,ScienceDirect direct metadata did not provide enough abstract detail.,"It examines intensified carbonation or mineralization of cementitious/calcium-rich materials, which can be transferred to hypergravity CO2 curing or strengthening concepts.","High: CO2 mineralization/carbonation can connect to strength, carbon storage, curing, and recycled cementitious resources.",abstract unavailable or too short in API metadata,2,4,4,3,3.05,excluded_or_low_relevance,Often chemical-engineering carbonation; only keep records transferable to cementitious/calcium-rich materials.
high_gravity_carbonation_mineralization,D4,高重力碳化/矿化,High-gravity carbonation / mineralization of cementitious or calcium-rich materials,"""rotating packed bed"" AND carbonation",A guide on the industrial application of rotating packed beds,Kolja Neumann,2018,Chemical Engineering Research and Design,10.1016/j.cherd.2018.04.024,https://api.elsevier.com/content/article/pii/S0263876218302065,ScienceDirect,unclear,unclear,S0263876218302065,Concrete/cementitious material or calcium-rich object inferred from title/abstract,Rotating packed bed / high-gravity process,rotating packed bed,ScienceDirect direct metadata did not provide enough abstract detail.,"It examines intensified carbonation or mineralization of cementitious/calcium-rich materials, which can be transferred to hypergravity CO2 curing or strengthening concepts.","High: CO2 mineralization/carbonation can connect to strength, carbon storage, curing, and recycled cementitious resources.",abstract unavailable or too short in API metadata,2,4,4,3,3.05,excluded_or_low_relevance,Often chemical-engineering carbonation; only keep records transferable to cementitious/calcium-rich materials.
high_gravity_carbonation_mineralization,D4,高重力碳化/矿化,High-gravity carbonation / mineralization of cementitious or calcium-rich materials,"""rotating packed bed"" AND ""calcium hydroxide""",Absorption of SO 2 with calcium-based solution in a rotating packed bed,Liangliang Zhang,2019,Separation and Purification Technology,10.1016/j.seppur.2018.03.065,https://api.elsevier.com/content/article/pii/S1383586617338996,ScienceDirect,unclear,unclear,S1383586617338996,Concrete/cementitious material or calcium-rich object inferred from title/abstract,Rotating packed bed / high-gravity process,rotating packed bed,ScienceDirect direct metadata did not provide enough abstract detail.,"It examines intensified carbonation or mineralization of cementitious/calcium-rich materials, which can be transferred to hypergravity CO2 curing or strengthening concepts.","High: CO2 mineralization/carbonation can connect to strength, carbon storage, curing, and recycled cementitious resources.",abstract unavailable or too short in API metadata,2,4,4,3,3.05,excluded_or_low_relevance,Often chemical-engineering carbonation; only keep records transferable to cementitious/calcium-rich materials.
high_gravity_carbonation_mineralization,D4,高重力碳化/矿化,High-gravity carbonation / mineralization of cementitious or calcium-rich materials,"""rotating packed bed"" AND ""calcium hydroxide""",Absorption of Sulphur Dioxide with Sodium Citrate Buffer Solution in a Rotating Packed Bed,Xiuping JIANG,2011,Chinese Journal of Chemical Engineering,10.1016/s1004-9541(11)60042-6,https://api.elsevier.com/content/article/pii/S1004954111600426,ScienceDirect,unclear,unclear,S1004954111600426,Concrete/cementitious material or calcium-rich object inferred from title/abstract,Rotating packed bed / high-gravity process,rotating packed bed,ScienceDirect direct metadata did not provide enough abstract detail.,"It examines intensified carbonation or mineralization of cementitious/calcium-rich materials, which can be transferred to hypergravity CO2 curing or strengthening concepts.","High: CO2 mineralization/carbonation can connect to strength, carbon storage, curing, and recycled cementitious resources.",abstract unavailable or too short in API metadata,2,4,4,3,3.05,excluded_or_low_relevance,Often chemical-engineering carbonation; only keep records transferable to cementitious/calcium-rich materials.
high_gravity_carbonation_mineralization,D4,高重力碳化/矿化,High-gravity carbonation / mineralization of cementitious or calcium-rich materials,"""rotating packed bed"" AND carbonation",Biogas upgrading in a pilot scale rotating packed bed absorber,J. Salinero,2026,Chemical Engineering and Processing - Process Intensification,10.1016/j.cep.2025.110625,https://api.elsevier.com/content/article/pii/S0255270125004714,ScienceDirect,unclear,unclear,S0255270125004714,Concrete/cementitious material or calcium-rich object inferred from title/abstract,Rotating packed bed / high-gravity process,rotating packed bed,ScienceDirect direct metadata did not provide enough abstract detail.,"It examines intensified carbonation or mineralization of cementitious/calcium-rich materials, which can be transferred to hypergravity CO2 curing or strengthening concepts.","High: CO2 mineralization/carbonation can connect to strength, carbon storage, curing, and recycled cementitious resources.",abstract unavailable or too short in API metadata,2,4,4,3,3.05,excluded_or_low_relevance,Often chemical-engineering carbonation; only keep records transferable to cementitious/calcium-rich materials.
high_gravity_carbonation_mineralization,D4,高重力碳化/矿化,High-gravity carbonation / mineralization of cementitious or calcium-rich materials,"""rotating packed bed"" AND carbonation","Carbon capture solvents for the applicability of rotating packed bed for industrial applications: Recent advancements, challenges and future recommendations",Mohammadu Bello Danbatta,2025,Carbon Capture Science & Technology,10.1016/j.ccst.2025.100426,https://api.elsevier.com/content/article/pii/S277265682500065X,ScienceDirect,unclear,unclear,S277265682500065X,cementitious or calcium-rich carbonation material,Rotating packed bed / high-gravity process,rotating packed bed,ScienceDirect direct metadata did not provide enough abstract detail.,"It examines intensified carbonation or mineralization of cementitious/calcium-rich materials, which can be transferred to hypergravity CO2 curing or strengthening concepts.","High: CO2 mineralization/carbonation can connect to strength, carbon storage, curing, and recycled cementitious resources.",abstract unavailable or too short in API metadata,2,4,4,3,3.05,excluded_or_low_relevance,Often chemical-engineering carbonation; only keep records transferable to cementitious/calcium-rich materials.
high_gravity_carbonation_mineralization,D4,高重力碳化/矿化,High-gravity carbonation / mineralization of cementitious or calcium-rich materials,"""rotating packed bed"" AND ""calcium hydroxide""",Configuration screening of combined stationary/rotating packed beds using MDEA/PZ mixture from a techno-economic perspective for enhanced CO 2 capture,Fanxiang Gao,2026,Separation and Purification Technology,10.1016/j.seppur.2026.138171,https://api.elsevier.com/content/article/pii/S1383586626014371,ScienceDirect,unclear,unclear,S1383586626014371,Concrete/cementitious material or calcium-rich object inferred from title/abstract,Rotating packed bed / high-gravity process,rotating packed bed,ScienceDirect direct metadata did not provide enough abstract detail.,"It examines intensified carbonation or mineralization of cementitious/calcium-rich materials, which can be transferred to hypergravity CO2 curing or strengthening concepts.","High: CO2 mineralization/carbonation can connect to strength, carbon storage, curing, and recycled cementitious resources.",abstract unavailable or too short in API metadata,2,4,4,3,3.05,excluded_or_low_relevance,Often chemical-engineering carbonation; only keep records transferable to cementitious/calcium-rich materials.
high_gravity_carbonation_mineralization,D4,高重力碳化/矿化,High-gravity carbonation / mineralization of cementitious or calcium-rich materials,"""rotating packed bed"" AND CaO",Design and optimizing the liquid distributor of a rotating packed bed by the analysis of liquid flow behavior,Hai-Long Liao,2024,Chemical Engineering Science,10.1016/j.ces.2024.119912,https://api.elsevier.com/content/article/pii/S0009250924002124,ScienceDirect,unclear,unclear,S0009250924002124,Concrete/cementitious material or calcium-rich object inferred from title/abstract,Rotating packed bed / high-gravity process,rotating packed bed,ScienceDirect direct metadata did not provide enough abstract detail.,"It examines intensified carbonation or mineralization of cementitious/calcium-rich materials, which can be transferred to hypergravity CO2 curing or strengthening concepts.","High: CO2 mineralization/carbonation can connect to strength, carbon storage, curing, and recycled cementitious resources.",abstract unavailable or too short in API metadata,2,4,4,3,3.05,excluded_or_low_relevance,Often chemical-engineering carbonation; only keep records transferable to cementitious/calcium-rich materials.
high_gravity_carbonation_mineralization,D4,高重力碳化/矿化,High-gravity carbonation / mineralization of cementitious or calcium-rich materials,"""rotating packed bed"" AND CaO",Effects of inclined state and rolling motion on gas–liquid effective interfacial area in a rotating packed bed,Wen-Cong Chen,2023,Chemical Engineering Science,10.1016/j.ces.2022.118238,https://api.elsevier.com/content/article/pii/S0009250922008235,ScienceDirect,unclear,unclear,S0009250922008235,Concrete/cementitious material or calcium-rich object inferred from title/abstract,Rotating packed bed / high-gravity process,rotating packed bed,ScienceDirect direct metadata did not provide enough abstract detail.,"It examines intensified carbonation or mineralization of cementitious/calcium-rich materials, which can be transferred to hypergravity CO2 curing or strengthening concepts.","High: CO2 mineralization/carbonation can connect to strength, carbon storage, curing, and recycled cementitious resources.",abstract unavailable or too short in API metadata,2,4,4,3,3.05,excluded_or_low_relevance,Often chemical-engineering carbonation; only keep records transferable to cementitious/calcium-rich materials.
high_gravity_carbonation_mineralization,D4,高重力碳化/矿化,High-gravity carbonation / mineralization of cementitious or calcium-rich materials,"""rotating packed bed"" AND carbonation",Efficient preparation of monodisperse CaCO 3 nanoparticles as overbased nanodetergents in a high-gravity rotating packed bed reactor,Fang Kang,2018,Powder Technology,10.1016/j.powtec.2017.11.036,https://api.elsevier.com/content/article/pii/S0032591017309154,ScienceDirect,unclear,unclear,S0032591017309154,Concrete/cementitious material or calcium-rich object inferred from title/abstract,Rotating packed bed / high-gravity process,rotating packed bed,ScienceDirect direct metadata did not provide enough abstract detail.,"It examines intensified carbonation or mineralization of cementitious/calcium-rich materials, which can be transferred to hypergravity CO2 curing or strengthening concepts.","High: CO2 mineralization/carbonation can connect to strength, carbon storage, curing, and recycled cementitious resources.",abstract unavailable or too short in API metadata,2,4,4,3,3.05,excluded_or_low_relevance,Often chemical-engineering carbonation; only keep records transferable to cementitious/calcium-rich materials.
high_gravity_carbonation_mineralization,D4,高重力碳化/矿化,High-gravity carbonation / mineralization of cementitious or calcium-rich materials,"""rotating packed bed"" AND cement",Energy-efficient reduction of hexavalent chromium on a rotating packed bed of woven steel screens,Ahmed S. Fathalla,2023,Journal of Water Process Engineering,10.1016/j.jwpe.2023.104108,https://api.elsevier.com/content/article/pii/S2214714423006281,ScienceDirect,unclear,unclear,S2214714423006281,Concrete/cementitious material or calcium-rich object inferred from title/abstract,Rotating packed bed / high-gravity process,rotating packed bed,ScienceDirect direct metadata did not provide enough abstract detail.,"It examines intensified carbonation or mineralization of cementitious/calcium-rich materials, which can be transferred to hypergravity CO2 curing or strengthening concepts.","High: CO2 mineralization/carbonation can connect to strength, carbon storage, curing, and recycled cementitious resources.",abstract unavailable or too short in API metadata,2,4,4,3,3.05,excluded_or_low_relevance,Often chemical-engineering carbonation; only keep records transferable to cementitious/calcium-rich materials.
high_gravity_carbonation_mineralization,D4,高重力碳化/矿化,High-gravity carbonation / mineralization of cementitious or calcium-rich materials,"""rotating packed bed"" AND CaO",Enhanced degradation of chloramphenicol wastewater in a submerged rotating packed bed reactor: O 3 /PDS synergistic oxidation,Zhuolin Yang,2025,Chinese Journal of Chemical Engineering,10.1016/j.cjche.2024.12.008,https://api.elsevier.com/content/article/pii/S100495412500059X,ScienceDirect,unclear,unclear,S100495412500059X,Concrete/cementitious material or calcium-rich object inferred from title/abstract,Rotating packed bed / high-gravity process,rotating packed bed,ScienceDirect direct metadata did not provide enough abstract detail.,"It examines intensified carbonation or mineralization of cementitious/calcium-rich materials, which can be transferred to hypergravity CO2 curing or strengthening concepts.","High: CO2 mineralization/carbonation can connect to strength, carbon storage, curing, and recycled cementitious resources.",abstract unavailable or too short in API metadata,2,4,4,3,3.05,excluded_or_low_relevance,Often chemical-engineering carbonation; only keep records transferable to cementitious/calcium-rich materials.
high_gravity_carbonation_mineralization,D4,高重力碳化/矿化,High-gravity carbonation / mineralization of cementitious or calcium-rich materials,"""rotating packed bed"" AND carbonation",Enhanced performance on simultaneous removal of NO x -SO 2 -CO 2 using a high-gravity rotating packed bed and alkaline wastes towards green process intensification,Tse-Lun Chen,2020,Chemical Engineering Journal,10.1016/j.cej.2020.124678,https://api.elsevier.com/content/article/pii/S1385894720306690,ScienceDirect,unclear,unclear,S1385894720306690,Concrete/cementitious material or calcium-rich object inferred from title/abstract,Rotating packed bed / high-gravity process,rotating packed bed,ScienceDirect direct metadata did not provide enough abstract detail.,"It examines intensified carbonation or mineralization of cementitious/calcium-rich materials, which can be transferred to hypergravity CO2 curing or strengthening concepts.","High: CO2 mineralization/carbonation can connect to strength, carbon storage, curing, and recycled cementitious resources.",abstract unavailable or too short in API metadata,2,4,4,3,3.05,excluded_or_low_relevance,Often chemical-engineering carbonation; only keep records transferable to cementitious/calcium-rich materials.
high_gravity_carbonation_mineralization,D4,高重力碳化/矿化,High-gravity carbonation / mineralization of cementitious or calcium-rich materials,"""rotating packed bed"" AND CaO",Enhanced removal of ammonium from the aqueous solution using a high-gravity rotating packed bed loaded with clinoptilolite,Yang Wu,2019,Separation and Purification Technology,10.1016/j.seppur.2019.04.015,https://api.elsevier.com/content/article/pii/S1383586619303995,ScienceDirect,unclear,unclear,S1383586619303995,Concrete/cementitious material or calcium-rich object inferred from title/abstract,Rotating packed bed / high-gravity process,rotating packed bed,ScienceDirect direct metadata did not provide enough abstract detail.,"It examines intensified carbonation or mineralization of cementitious/calcium-rich materials, which can be transferred to hypergravity CO2 curing or strengthening concepts.","High: CO2 mineralization/carbonation can connect to strength, carbon storage, curing, and recycled cementitious resources.",abstract unavailable or too short in API metadata,2,4,4,3,3.05,excluded_or_low_relevance,Often chemical-engineering carbonation; only keep records transferable to cementitious/calcium-rich materials.
high_gravity_carbonation_mineralization,D4,高重力碳化/矿化,High-gravity carbonation / mineralization of cementitious or calcium-rich materials,"""rotating packed bed"" AND cement",Evaluation of CO 2 absorption by blended piperazine and Methyldiethanolamine solvents in rotating packed bed,Shidong Chen,2026,Chemical Engineering Journal,10.1016/j.cej.2026.176729,https://api.elsevier.com/content/article/pii/S1385894726041902,ScienceDirect,unclear,unclear,S1385894726041902,Concrete/cementitious material or calcium-rich object inferred from title/abstract,Rotating packed bed / high-gravity process,rotating packed bed,ScienceDirect direct metadata did not provide enough abstract detail.,"It examines intensified carbonation or mineralization of cementitious/calcium-rich materials, which can be transferred to hypergravity CO2 curing or strengthening concepts.","High: CO2 mineralization/carbonation can connect to strength, carbon storage, curing, and recycled cementitious resources.",abstract unavailable or too short in API metadata,2,4,4,3,3.05,excluded_or_low_relevance,Often chemical-engineering carbonation; only keep records transferable to cementitious/calcium-rich materials.
high_gravity_carbonation_mineralization,D4,高重力碳化/矿化,High-gravity carbonation / mineralization of cementitious or calcium-rich materials,"""rotating packed bed"" AND cement",Evaluation of polyamine absorbents in a rotating packed bed for CO 2 capture,Gwan Hong Min,2025,Fuel,10.1016/j.fuel.2025.135328,https://api.elsevier.com/content/article/pii/S0016236125010531,ScienceDirect,unclear,unclear,S0016236125010531,Concrete/cementitious material or calcium-rich object inferred from title/abstract,Rotating packed bed / high-gravity process,rotating packed bed,ScienceDirect direct metadata did not provide enough abstract detail.,"It examines intensified carbonation or mineralization of cementitious/calcium-rich materials, which can be transferred to hypergravity CO2 curing or strengthening concepts.","High: CO2 mineralization/carbonation can connect to strength, carbon storage, curing, and recycled cementitious resources.",abstract unavailable or too short in API metadata,2,4,4,3,3.05,excluded_or_low_relevance,Often chemical-engineering carbonation; only keep records transferable to cementitious/calcium-rich materials.
high_gravity_carbonation_mineralization,D4,高重力碳化/矿化,High-gravity carbonation / mineralization of cementitious or calcium-rich materials,"""rotating packed bed"" AND CaO",Experiment and Modeling Studies on Absorption of CO 2 by Dilute Ammonia in Rotating Packed Bed,Jia-Lin Kang,2014,Energy Procedia,10.1016/j.egypro.2014.11.139,https://api.elsevier.com/content/article/pii/S1876610214019547,ScienceDirect,unclear,unclear,S1876610214019547,Concrete/cementitious material or calcium-rich object inferred from title/abstract,Rotating packed bed / high-gravity process,rotating packed bed,ScienceDirect direct metadata did not provide enough abstract detail.,"It examines intensified carbonation or mineralization of cementitious/calcium-rich materials, which can be transferred to hypergravity CO2 curing or strengthening concepts.","High: CO2 mineralization/carbonation can connect to strength, carbon storage, curing, and recycled cementitious resources.",abstract unavailable or too short in API metadata,2,4,4,3,3.05,excluded_or_low_relevance,Often chemical-engineering carbonation; only keep records transferable to cementitious/calcium-rich materials.
high_gravity_carbonation_mineralization,D4,高重力碳化/矿化,High-gravity carbonation / mineralization of cementitious or calcium-rich materials,"""rotating packed bed"" AND CaO","Flow patterns, liquid holdup, and wetting behavior of viscous liquids in a disk-distributor rotating packed bed",Yan-Bin Li,2022,Chemical Engineering Science,10.1016/j.ces.2021.117256,https://api.elsevier.com/content/article/pii/S0009250921008216,ScienceDirect,unclear,unclear,S0009250921008216,Concrete/cementitious material or calcium-rich object inferred from title/abstract,Rotating packed bed / high-gravity process,rotating packed bed,ScienceDirect direct metadata did not provide enough abstract detail.,"It examines intensified carbonation or mineralization of cementitious/calcium-rich materials, which can be transferred to hypergravity CO2 curing or strengthening concepts.","High: CO2 mineralization/carbonation can connect to strength, carbon storage, curing, and recycled cementitious resources.",abstract unavailable or too short in API metadata,2,4,4,3,3.05,excluded_or_low_relevance,Often chemical-engineering carbonation; only keep records transferable to cementitious/calcium-rich materials.
high_gravity_carbonation_mineralization,D4,高重力碳化/矿化,High-gravity carbonation / mineralization of cementitious or calcium-rich materials,"""rotating packed bed"" AND ""calcium hydroxide""",Fluoride removal by precipitation-coagulation in high gravity reactors,Anup Pardey,2026,Chemical Engineering and Processing - Process Intensification,10.1016/j.cep.2026.110802,https://api.elsevier.com/content/article/pii/S0255270126001078,ScienceDirect,unclear,unclear,S0255270126001078,Concrete/cementitious material or calcium-rich object inferred from title/abstract,Method inferred from ScienceDirect title/abstract,Condition present in query/title but not quantitatively stated in available metadata,ScienceDirect direct metadata did not provide enough abstract detail.,"It examines intensified carbonation or mineralization of cementitious/calcium-rich materials, which can be transferred to hypergravity CO2 curing or strengthening concepts.","High: CO2 mineralization/carbonation can connect to strength, carbon storage, curing, and recycled cementitious resources.",abstract unavailable or too short in API metadata,2,4,4,3,3.05,excluded_or_low_relevance,Often chemical-engineering carbonation; only keep records transferable to cementitious/calcium-rich materials.
high_gravity_carbonation_mineralization,D4,高重力碳化/矿化,High-gravity carbonation / mineralization of cementitious or calcium-rich materials,"""rotating packed bed"" AND CaO",Hydrodynamic characteristics and mass transfer performance of rotating packed bed for CO 2 removal by chemical absorption: A review,Wei Zhang,2020,Journal of Natural Gas Science and Engineering,10.1016/j.jngse.2020.103373,https://api.elsevier.com/content/article/pii/S1875510020302274,ScienceDirect,unclear,unclear,S1875510020302274,Concrete/cementitious material or calcium-rich object inferred from title/abstract,Rotating packed bed / high-gravity process,rotating packed bed,ScienceDirect direct metadata did not provide enough abstract detail.,"It examines intensified carbonation or mineralization of cementitious/calcium-rich materials, which can be transferred to hypergravity CO2 curing or strengthening concepts.","High: CO2 mineralization/carbonation can connect to strength, carbon storage, curing, and recycled cementitious resources.",abstract unavailable or too short in API metadata,2,4,4,3,3.05,excluded_or_low_relevance,Often chemical-engineering carbonation; only keep records transferable to cementitious/calcium-rich materials.
high_gravity_carbonation_mineralization,D4,高重力碳化/矿化,High-gravity carbonation / mineralization of cementitious or calcium-rich materials,"""rotating packed bed"" AND cement",Integrated screening and intensified process evaluation of DETA/AMP/PZ blended solvents for energy-efficient CO 2 capture in a rotating packed bed,Gwan Hong Min,2026,Chemical Engineering Journal,10.1016/j.cej.2026.177326,https://api.elsevier.com/content/article/pii/S138589472604787X,ScienceDirect,unclear,unclear,S138589472604787X,Concrete/cementitious material or calcium-rich object inferred from title/abstract,Rotating packed bed / high-gravity process,rotating packed bed,ScienceDirect direct metadata did not provide enough abstract detail.,"It examines intensified carbonation or mineralization of cementitious/calcium-rich materials, which can be transferred to hypergravity CO2 curing or strengthening concepts.","High: CO2 mineralization/carbonation can connect to strength, carbon storage, curing, and recycled cementitious resources.",abstract unavailable or too short in API metadata,2,4,4,3,3.05,excluded_or_low_relevance,Often chemical-engineering carbonation; only keep records transferable to cementitious/calcium-rich materials.
high_gravity_carbonation_mineralization,D4,高重力碳化/矿化,High-gravity carbonation / mineralization of cementitious or calcium-rich materials,"""rotating packed bed"" AND carbonation",Mass Transfer in a Rotating Packed Bed: A Critical Review,Zhihong Wang,2019,Chemical Engineering and Processing - Process Intensification,10.1016/j.cep.2019.03.020,https://api.elsevier.com/content/article/pii/S0255270118314065,ScienceDirect,unclear,unclear,S0255270118314065,Concrete/cementitious material or calcium-rich object inferred from title/abstract,Rotating packed bed / high-gravity process,rotating packed bed,ScienceDirect direct metadata did not provide enough abstract detail.,"It examines intensified carbonation or mineralization of cementitious/calcium-rich materials, which can be transferred to hypergravity CO2 curing or strengthening concepts.","High: CO2 mineralization/carbonation can connect to strength, carbon storage, curing, and recycled cementitious resources.",abstract unavailable or too short in API metadata,2,4,4,3,3.05,excluded_or_low_relevance,Often chemical-engineering carbonation; only keep records transferable to cementitious/calcium-rich materials.
high_gravity_carbonation_mineralization,D4,高重力碳化/矿化,High-gravity carbonation / mineralization of cementitious or calcium-rich materials,"""rotating packed bed"" AND carbonation",Modeling of carbon dioxide absorption by solution of piperazine and methyldiethanolamine in a rotating packed bed,Arash Esmaeili,2022,Chemical Engineering Science,10.1016/j.ces.2021.117118,https://api.elsevier.com/content/article/pii/S0009250921006837,ScienceDirect,unclear,unclear,S0009250921006837,Concrete/cementitious material or calcium-rich object inferred from title/abstract,Rotating packed bed / high-gravity process,rotating packed bed,ScienceDirect direct metadata did not provide enough abstract detail.,"It examines intensified carbonation or mineralization of cementitious/calcium-rich materials, which can be transferred to hypergravity CO2 curing or strengthening concepts.","High: CO2 mineralization/carbonation can connect to strength, carbon storage, curing, and recycled cementitious resources.",abstract unavailable or too short in API metadata,2,4,4,3,3.05,excluded_or_low_relevance,Often chemical-engineering carbonation; only keep records transferable to cementitious/calcium-rich materials.
high_gravity_carbonation_mineralization,D4,高重力碳化/矿化,High-gravity carbonation / mineralization of cementitious or calcium-rich materials,"""rotating packed bed"" AND cement",NO x removal in a rotating packed bed: Oxidation and enhanced absorption process optimization,Yong Cai,2019,Separation and Purification Technology,10.1016/j.seppur.2019.115682,https://api.elsevier.com/content/article/pii/S1383586619307208,ScienceDirect,unclear,unclear,S1383586619307208,Concrete/cementitious material or calcium-rich object inferred from title/abstract,Rotating packed bed / high-gravity process,rotating packed bed,ScienceDirect direct metadata did not provide enough abstract detail.,"It examines intensified carbonation or mineralization of cementitious/calcium-rich materials, which can be transferred to hypergravity CO2 curing or strengthening concepts.","High: CO2 mineralization/carbonation can connect to strength, carbon storage, curing, and recycled cementitious resources.",abstract unavailable or too short in API metadata,2,4,4,3,3.05,excluded_or_low_relevance,Often chemical-engineering carbonation; only keep records transferable to cementitious/calcium-rich materials.
high_gravity_carbonation_mineralization,D4,高重力碳化/矿化,High-gravity carbonation / mineralization of cementitious or calcium-rich materials,"""rotating packed bed"" AND CaO",Optimization of the treatment of sanitary landfill by the ozonization catalysed by modified nanovermiculite in a rotating packed bed,Washington Luis Moreira Braga,2020,Journal of Cleaner Production,10.1016/j.jclepro.2019.119395,https://api.elsevier.com/content/article/pii/S0959652619342659,ScienceDirect,unclear,unclear,S0959652619342659,Concrete/cementitious material or calcium-rich object inferred from title/abstract,Rotating packed bed / high-gravity process,rotating packed bed,ScienceDirect direct metadata did not provide enough abstract detail.,"It examines intensified carbonation or mineralization of cementitious/calcium-rich materials, which can be transferred to hypergravity CO2 curing or strengthening concepts.","High: CO2 mineralization/carbonation can connect to strength, carbon storage, curing, and recycled cementitious resources.",abstract unavailable or too short in API metadata,2,4,4,3,3.05,excluded_or_low_relevance,Often chemical-engineering carbonation; only keep records transferable to cementitious/calcium-rich materials.
high_gravity_carbonation_mineralization,D4,高重力碳化/矿化,High-gravity carbonation / mineralization of cementitious or calcium-rich materials,"""rotating packed bed"" AND carbonation","Optimum design under uncertainty of CO 2 capture, utilization, mineralization and sequestration networks using rotating packed beds",Thomas Prousalis,2026,Computers & Chemical Engineering,10.1016/j.compchemeng.2025.109398,https://api.elsevier.com/content/article/pii/S0098135425004016,ScienceDirect,unclear,unclear,S0098135425004016,Concrete/cementitious material or calcium-rich object inferred from title/abstract,Rotating packed bed / high-gravity process,rotating packed bed,ScienceDirect direct metadata did not provide enough abstract detail.,"It examines intensified carbonation or mineralization of cementitious/calcium-rich materials, which can be transferred to hypergravity CO2 curing or strengthening concepts.","High: CO2 mineralization/carbonation can connect to strength, carbon storage, curing, and recycled cementitious resources.",abstract unavailable or too short in API metadata,2,4,4,3,3.05,excluded_or_low_relevance,Often chemical-engineering carbonation; only keep records transferable to cementitious/calcium-rich materials.
high_gravity_carbonation_mineralization,D4,高重力碳化/矿化,High-gravity carbonation / mineralization of cementitious or calcium-rich materials,"""rotating packed bed"" AND carbonation","Performance evaluation and process simulation for synergetic removal of NO x , CO 2 and PM using green alkaline solution in a high-gravity rotating packed bed",Tse-Lun Chen,2020,Fuel,10.1016/j.fuel.2020.118643,https://api.elsevier.com/content/article/pii/S0016236120316392,ScienceDirect,unclear,unclear,S0016236120316392,Concrete/cementitious material or calcium-rich object inferred from title/abstract,Rotating packed bed / high-gravity process,rotating packed bed,ScienceDirect direct metadata did not provide enough abstract detail.,"It examines intensified carbonation or mineralization of cementitious/calcium-rich materials, which can be transferred to hypergravity CO2 curing or strengthening concepts.","High: CO2 mineralization/carbonation can connect to strength, carbon storage, curing, and recycled cementitious resources.",abstract unavailable or too short in API metadata,2,4,4,3,3.05,excluded_or_low_relevance,Often chemical-engineering carbonation; only keep records transferable to cementitious/calcium-rich materials.
high_gravity_carbonation_mineralization,D4,高重力碳化/矿化,High-gravity carbonation / mineralization of cementitious or calcium-rich materials,"""rotating packed bed"" AND CaO",Pilot scale applied research on CO 2 removal of natural gas using a rotating packed bed with propylene carbonate,Liangyu Xiang,2019,Chemical Engineering Research and Design,10.1016/j.cherd.2019.03.038,https://api.elsevier.com/content/article/pii/S0263876219301492,ScienceDirect,unclear,unclear,S0263876219301492,Concrete/cementitious material or calcium-rich object inferred from title/abstract,Rotating packed bed / high-gravity process,rotating packed bed,ScienceDirect direct metadata did not provide enough abstract detail.,"It examines intensified carbonation or mineralization of cementitious/calcium-rich materials, which can be transferred to hypergravity CO2 curing or strengthening concepts.","High: CO2 mineralization/carbonation can connect to strength, carbon storage, curing, and recycled cementitious resources.",abstract unavailable or too short in API metadata,2,4,4,3,3.05,excluded_or_low_relevance,Often chemical-engineering carbonation; only keep records transferable to cementitious/calcium-rich materials.
high_gravity_carbonation_mineralization,D4,高重力碳化/矿化,High-gravity carbonation / mineralization of cementitious or calcium-rich materials,"""rotating packed bed"" AND cement",Pilot-scale demonstration and practical challenges of bioenergy with CCS (BECCS) using rotating packed bed,Muhammad Akram,2026,Fuel,10.1016/j.fuel.2025.136562,https://api.elsevier.com/content/article/pii/S0016236125022872,ScienceDirect,unclear,unclear,S0016236125022872,Concrete/cementitious material or calcium-rich object inferred from title/abstract,Rotating packed bed / high-gravity process,rotating packed bed,ScienceDirect direct metadata did not provide enough abstract detail.,"It examines intensified carbonation or mineralization of cementitious/calcium-rich materials, which can be transferred to hypergravity CO2 curing or strengthening concepts.","High: CO2 mineralization/carbonation can connect to strength, carbon storage, curing, and recycled cementitious resources.",abstract unavailable or too short in API metadata,2,4,4,3,3.05,excluded_or_low_relevance,Often chemical-engineering carbonation; only keep records transferable to cementitious/calcium-rich materials.
high_gravity_carbonation_mineralization,D4,高重力碳化/矿化,High-gravity carbonation / mineralization of cementitious or calcium-rich materials,"""rotating packed bed"" AND carbonation",Preparation of lithium carbonate by thermal decomposition in a rotating packed bed reactor,Wei Liu,2019,Chemical Engineering Journal,10.1016/j.cej.2018.09.090,https://api.elsevier.com/content/article/pii/S1385894718318072,ScienceDirect,unclear,unclear,S1385894718318072,Concrete/cementitious material or calcium-rich object inferred from title/abstract,Rotating packed bed / high-gravity process,rotating packed bed,ScienceDirect direct metadata did not provide enough abstract detail.,"It examines intensified carbonation or mineralization of cementitious/calcium-rich materials, which can be transferred to hypergravity CO2 curing or strengthening concepts.","High: CO2 mineralization/carbonation can connect to strength, carbon storage, curing, and recycled cementitious resources.",abstract unavailable or too short in API metadata,2,4,4,3,3.05,excluded_or_low_relevance,Often chemical-engineering carbonation; only keep records transferable to cementitious/calcium-rich materials.
high_gravity_carbonation_mineralization,D4,高重力碳化/矿化,High-gravity carbonation / mineralization of cementitious or calcium-rich materials,"""rotating packed bed"" AND carbonation",Process modeling and sensitivity analysis of intensified post-combustion CO 2 capture process by polyamine solution in a rotating packed bed,Mohammad Shamsi,2025,Fuel,10.1016/j.fuel.2025.135294,https://api.elsevier.com/content/article/pii/S0016236125010191,ScienceDirect,unclear,unclear,S0016236125010191,Concrete/cementitious material or calcium-rich object inferred from title/abstract,Rotating packed bed / high-gravity process,rotating packed bed,ScienceDirect direct metadata did not provide enough abstract detail.,"It examines intensified carbonation or mineralization of cementitious/calcium-rich materials, which can be transferred to hypergravity CO2 curing or strengthening concepts.","High: CO2 mineralization/carbonation can connect to strength, carbon storage, curing, and recycled cementitious resources.",abstract unavailable or too short in API metadata,2,4,4,3,3.05,excluded_or_low_relevance,Often chemical-engineering carbonation; only keep records transferable to cementitious/calcium-rich materials.
high_gravity_carbonation_mineralization,D4,高重力碳化/矿化,High-gravity carbonation / mineralization of cementitious or calcium-rich materials,"""rotating packed bed"" AND carbonation",Removal of ammonia from wastewater by air stripping process in laboratory and pilot scales using a rotating packed bed at ambient temperature,Min-Hao Yuan,2016,Journal of the Taiwan Institute of Chemical Engineers,10.1016/j.jtice.2015.11.016,https://api.elsevier.com/content/article/pii/S1876107015005210,ScienceDirect,unclear,unclear,S1876107015005210,Concrete/cementitious material or calcium-rich object inferred from title/abstract,Rotating packed bed / high-gravity process,rotating packed bed,ScienceDirect direct metadata did not provide enough abstract detail.,"It examines intensified carbonation or mineralization of cementitious/calcium-rich materials, which can be transferred to hypergravity CO2 curing or strengthening concepts.","High: CO2 mineralization/carbonation can connect to strength, carbon storage, curing, and recycled cementitious resources.",abstract unavailable or too short in API metadata,2,4,4,3,3.05,excluded_or_low_relevance,Often chemical-engineering carbonation; only keep records transferable to cementitious/calcium-rich materials.
high_gravity_carbonation_mineralization,D4,高重力碳化/矿化,High-gravity carbonation / mineralization of cementitious or calcium-rich materials,"""rotating packed bed"" AND CaO",Removal of hydrophobic volatile organic compounds with sodium hypochlorite and surfactant in a co-current rotating packed bed,Wenhui Li,2018,Journal of Environmental Sciences,10.1016/j.jes.2016.12.009,https://api.elsevier.com/content/article/pii/S1001074216315741,ScienceDirect,unclear,unclear,S1001074216315741,Concrete/cementitious material or calcium-rich object inferred from title/abstract,Rotating packed bed / high-gravity process,rotating packed bed,ScienceDirect direct metadata did not provide enough abstract detail.,"It examines intensified carbonation or mineralization of cementitious/calcium-rich materials, which can be transferred to hypergravity CO2 curing or strengthening concepts.","High: CO2 mineralization/carbonation can connect to strength, carbon storage, curing, and recycled cementitious resources.",abstract unavailable or too short in API metadata,2,4,4,3,3.05,excluded_or_low_relevance,Often chemical-engineering carbonation; only keep records transferable to cementitious/calcium-rich materials.
high_gravity_carbonation_mineralization,D4,高重力碳化/矿化,High-gravity carbonation / mineralization of cementitious or calcium-rich materials,"""rotating packed bed"" AND cement",Separation of indium from iron in a rotating packed bed contactor using Di-2-ethylhexylphosphoric acid,Jun Chang,2016,Separation and Purification Technology,10.1016/j.seppur.2016.03.017,https://api.elsevier.com/content/article/pii/S138358661630123X,ScienceDirect,unclear,unclear,S138358661630123X,Concrete/cementitious material or calcium-rich object inferred from title/abstract,Rotating packed bed / high-gravity process,rotating packed bed,ScienceDirect direct metadata did not provide enough abstract detail.,"It examines intensified carbonation or mineralization of cementitious/calcium-rich materials, which can be transferred to hypergravity CO2 curing or strengthening concepts.","High: CO2 mineralization/carbonation can connect to strength, carbon storage, curing, and recycled cementitious resources.",abstract unavailable or too short in API metadata,2,4,4,3,3.05,excluded_or_low_relevance,Often chemical-engineering carbonation; only keep records transferable to cementitious/calcium-rich materials.
high_gravity_carbonation_mineralization,D4,高重力碳化/矿化,High-gravity carbonation / mineralization of cementitious or calcium-rich materials,"""rotating packed bed"" AND carbonation",Stabilization-solidification-utilization of MSWI fly ash coupling CO 2 mineralization using a high-gravity rotating packed bed,Tse-Lun Chen,2021,Waste Management,10.1016/j.wasman.2020.12.031,https://api.elsevier.com/content/article/pii/S0956053X20307273,ScienceDirect,unclear,unclear,S0956053X20307273,Concrete/cementitious material or calcium-rich object inferred from title/abstract,Rotating packed bed / high-gravity process,rotating packed bed,ScienceDirect direct metadata did not provide enough abstract detail.,"It examines intensified carbonation or mineralization of cementitious/calcium-rich materials, which can be transferred to hypergravity CO2 curing or strengthening concepts.","High: CO2 mineralization/carbonation can connect to strength, carbon storage, curing, and recycled cementitious resources.",abstract unavailable or too short in API metadata,2,4,4,3,3.05,excluded_or_low_relevance,Often chemical-engineering carbonation; only keep records transferable to cementitious/calcium-rich materials.
high_gravity_carbonation_mineralization,D4,高重力碳化/矿化,High-gravity carbonation / mineralization of cementitious or calcium-rich materials,"""rotating packed bed"" AND CaO",Study on the influence of operating parameters on the formation of methane hydrate in rotating packed bed,Qi Nie,2026,Journal of Pipeline Science and Engineering,10.1016/j.jpse.2025.100266,https://api.elsevier.com/content/article/pii/S2667143325000137,ScienceDirect,unclear,unclear,S2667143325000137,Concrete/cementitious material or calcium-rich object inferred from title/abstract,Rotating packed bed / high-gravity process,rotating packed bed,ScienceDirect direct metadata did not provide enough abstract detail.,"It examines intensified carbonation or mineralization of cementitious/calcium-rich materials, which can be transferred to hypergravity CO2 curing or strengthening concepts.","High: CO2 mineralization/carbonation can connect to strength, carbon storage, curing, and recycled cementitious resources.",abstract unavailable or too short in API metadata,2,4,4,3,3.05,excluded_or_low_relevance,Often chemical-engineering carbonation; only keep records transferable to cementitious/calcium-rich materials.
high_gravity_carbonation_mineralization,D4,高重力碳化/矿化,High-gravity carbonation / mineralization of cementitious or calcium-rich materials,"""rotating packed bed"" AND CaO",Surfactant-free synthesis of sub-10 nm Co 3 O 4 in a rotating packed bed and its high catalytic activity for AP pyrolysis,Shao-Bo Cao,2022,Chemical Engineering Science,10.1016/j.ces.2021.117391,https://api.elsevier.com/content/article/pii/S0009250921009568,ScienceDirect,unclear,unclear,S0009250921009568,Concrete/cementitious material or calcium-rich object inferred from title/abstract,Rotating packed bed / high-gravity process,rotating packed bed,ScienceDirect direct metadata did not provide enough abstract detail.,"It examines intensified carbonation or mineralization of cementitious/calcium-rich materials, which can be transferred to hypergravity CO2 curing or strengthening concepts.","High: CO2 mineralization/carbonation can connect to strength, carbon storage, curing, and recycled cementitious resources.",abstract unavailable or too short in API metadata,2,4,4,3,3.05,excluded_or_low_relevance,Often chemical-engineering carbonation; only keep records transferable to cementitious/calcium-rich materials.
high_gravity_carbonation_mineralization,D4,高重力碳化/矿化,High-gravity carbonation / mineralization of cementitious or calcium-rich materials,"""rotating packed bed"" AND CaO",The enhancement of waste PET particles enzymatic degradation with a rotating packed bed reactor,Dong Lu,2024,Journal of Cleaner Production,10.1016/j.jclepro.2023.140088,https://api.elsevier.com/content/article/pii/S0959652623042464,ScienceDirect,unclear,unclear,S0959652623042464,cementitious or calcium-rich carbonation material,Rotating packed bed / high-gravity process,rotating packed bed,ScienceDirect direct metadata did not provide enough abstract detail.,"It examines intensified carbonation or mineralization of cementitious/calcium-rich materials, which can be transferred to hypergravity CO2 curing or strengthening concepts.","High: CO2 mineralization/carbonation can connect to strength, carbon storage, curing, and recycled cementitious resources.",abstract unavailable or too short in API metadata,2,4,4,3,3.05,excluded_or_low_relevance,Often chemical-engineering carbonation; only keep records transferable to cementitious/calcium-rich materials.
high_gravity_carbonation_mineralization,D4,高重力碳化/矿化,High-gravity carbonation / mineralization of cementitious or calcium-rich materials,"""rotating packed bed"" AND cement",Using dielectric barrier discharge and rotating packed bed reactor for NO x removal,Chuang Liang,2020,Separation and Purification Technology,10.1016/j.seppur.2019.116141,https://api.elsevier.com/content/article/pii/S1383586619323731,ScienceDirect,unclear,unclear,S1383586619323731,Concrete/cementitious material or calcium-rich object inferred from title/abstract,Rotating packed bed / high-gravity process,rotating packed bed,ScienceDirect direct metadata did not provide enough abstract detail.,"It examines intensified carbonation or mineralization of cementitious/calcium-rich materials, which can be transferred to hypergravity CO2 curing or strengthening concepts.","High: CO2 mineralization/carbonation can connect to strength, carbon storage, curing, and recycled cementitious resources.",abstract unavailable or too short in API metadata,2,4,4,3,3.05,excluded_or_low_relevance,Often chemical-engineering carbonation; only keep records transferable to cementitious/calcium-rich materials.
high_gravity_carbonation_mineralization,D4,高重力碳化/矿化,High-gravity carbonation / mineralization of cementitious or calcium-rich materials,"""accelerated carbonation"" AND ""recycled concrete fines""",A comprehensive study of calcium dissolution kinetics from recycled concrete fines: Experimental and modeling insights,Bourouina Amine,2025,Chemical Engineering Research and Design,10.1016/j.cherd.2025.08.033,https://api.elsevier.com/content/article/pii/S0263876225004538,ScienceDirect,unclear,unclear,S0263876225004538,cementitious or calcium-rich carbonation material,Method inferred from ScienceDirect title/abstract,Condition present in query/title but not quantitatively stated in available metadata,ScienceDirect direct metadata did not provide enough abstract detail.,"It examines intensified carbonation or mineralization of cementitious/calcium-rich materials, which can be transferred to hypergravity CO2 curing or strengthening concepts.","High: CO2 mineralization/carbonation can connect to strength, carbon storage, curing, and recycled cementitious resources.",abstract unavailable or too short in API metadata,2,4,3,3,2.85,excluded_or_low_relevance,Often chemical-engineering carbonation; only keep records transferable to cementitious/calcium-rich materials.
high_gravity_carbonation_mineralization,D4,高重力碳化/矿化,High-gravity carbonation / mineralization of cementitious or calcium-rich materials,"""high gravity carbonation""",Analysis of carbon absorption ability and macro-micro mechanism of MgO solidification carbonation slurry shield centrifugal high plasticity silt,Bingzhi Li,2026,Journal of Environmental Management,10.1016/j.jenvman.2026.128614,https://api.elsevier.com/content/article/pii/S0301479726000745,ScienceDirect,unclear,unclear,S0301479726000745,Concrete/cementitious material or calcium-rich object inferred from title/abstract,Centrifugal forming / spinning / casting,centrifugal,ScienceDirect direct metadata did not provide enough abstract detail.,"It examines intensified carbonation or mineralization of cementitious/calcium-rich materials, which can be transferred to hypergravity CO2 curing or strengthening concepts.","High: CO2 mineralization/carbonation can connect to strength, carbon storage, curing, and recycled cementitious resources.",abstract unavailable or too short in API metadata,2,4,3,3,2.85,excluded_or_low_relevance,Often chemical-engineering carbonation; only keep records transferable to cementitious/calcium-rich materials.
high_gravity_carbonation_mineralization,D4,高重力碳化/矿化,High-gravity carbonation / mineralization of cementitious or calcium-rich materials,"""accelerated carbonation"" AND ""recycled concrete fines""",Carbon capture efficiency of ultrafine cementitious substituents and fine aggregate alternatives subjected to accelerated CO 2 curing,Shiv Sai Trivedi,2025,Journal of Building Engineering,10.1016/j.jobe.2024.111655,https://api.elsevier.com/content/article/pii/S2352710224032236,ScienceDirect,unclear,unclear,S2352710224032236,cementitious or calcium-rich carbonation material,Method inferred from ScienceDirect title/abstract,Condition present in query/title but not quantitatively stated in available metadata,ScienceDirect direct metadata did not provide enough abstract detail.,"It examines intensified carbonation or mineralization of cementitious/calcium-rich materials, which can be transferred to hypergravity CO2 curing or strengthening concepts.","High: CO2 mineralization/carbonation can connect to strength, carbon storage, curing, and recycled cementitious resources.",abstract unavailable or too short in API metadata,2,4,3,3,2.85,excluded_or_low_relevance,Often chemical-engineering carbonation; only keep records transferable to cementitious/calcium-rich materials.
high_gravity_carbonation_mineralization,D4,高重力碳化/矿化,High-gravity carbonation / mineralization of cementitious or calcium-rich materials,"""carbonation curing"" AND cementitious",Carbonation curing effect on creep and damage features of red mud–fly ash grouting materials under high stress,Guorui Feng,2026,Structures,10.1016/j.istruc.2026.111925,https://api.elsevier.com/content/article/pii/S235201242600874X,ScienceDirect,unclear,unclear,S235201242600874X,Concrete/cementitious material or calcium-rich object inferred from title/abstract,"CO2 carbonation, mineralization, or carbonation curing",carbonation curing,ScienceDirect direct metadata did not provide enough abstract detail.,"It examines intensified carbonation or mineralization of cementitious/calcium-rich materials, which can be transferred to hypergravity CO2 curing or strengthening concepts.","High: CO2 mineralization/carbonation can connect to strength, carbon storage, curing, and recycled cementitious resources.",abstract unavailable or too short in API metadata,2,4,3,3,2.85,excluded_or_low_relevance,Often chemical-engineering carbonation; only keep records transferable to cementitious/calcium-rich materials.
high_gravity_carbonation_mineralization,D4,高重力碳化/矿化,High-gravity carbonation / mineralization of cementitious or calcium-rich materials,"""rotating packed bed"" AND ""calcium hydroxide""","Chapter 5: Reactors, catalyst deactivation, and regeneration",Weizhen Sun,2025,Aliphatic Alkylation,10.1016/b978-0-443-21984-9.00006-4,https://api.elsevier.com/content/article/pii/B9780443219849000064,ScienceDirect,unclear,unclear,B9780443219849000064,Concrete/cementitious material or calcium-rich object inferred from title/abstract,Method inferred from ScienceDirect title/abstract,Condition present in query/title but not quantitatively stated in available metadata,ScienceDirect direct metadata did not provide enough abstract detail.,"It examines intensified carbonation or mineralization of cementitious/calcium-rich materials, which can be transferred to hypergravity CO2 curing or strengthening concepts.","High: CO2 mineralization/carbonation can connect to strength, carbon storage, curing, and recycled cementitious resources.",abstract unavailable or too short in API metadata,2,4,3,3,2.85,excluded_or_low_relevance,Often chemical-engineering carbonation; only keep records transferable to cementitious/calcium-rich materials.
high_gravity_carbonation_mineralization,D4,高重力碳化/矿化,High-gravity carbonation / mineralization of cementitious or calcium-rich materials,"""accelerated carbonation"" AND ""recycled concrete fines""",Chloride binding of cement paste containing wet carbonated recycled concrete fines,Yuguang Mao,2025,Cement and Concrete Research,10.1016/j.cemconres.2025.107823,https://api.elsevier.com/content/article/pii/S0008884625000420,ScienceDirect,unclear,unclear,S0008884625000420,cement paste / cement hydration products,Method inferred from ScienceDirect title/abstract,Condition present in query/title but not quantitatively stated in available metadata,ScienceDirect direct metadata did not provide enough abstract detail.,"It examines intensified carbonation or mineralization of cementitious/calcium-rich materials, which can be transferred to hypergravity CO2 curing or strengthening concepts.","High: CO2 mineralization/carbonation can connect to strength, carbon storage, curing, and recycled cementitious resources.",abstract unavailable or too short in API metadata,2,4,3,3,2.85,excluded_or_low_relevance,Often chemical-engineering carbonation; only keep records transferable to cementitious/calcium-rich materials.
high_gravity_carbonation_mineralization,D4,高重力碳化/矿化,High-gravity carbonation / mineralization of cementitious or calcium-rich materials,"""rotating packed bed"" AND ""calcium hydroxide""","Development and deployment of integrated air pollution control, CO 2 capture and product utilization via a high-gravity process: comprehensive performance evaluation",Tse-Lun Chen,2019,Environmental Pollution,10.1016/j.envpol.2019.06.047,https://api.elsevier.com/content/article/pii/S0269749118356458,ScienceDirect,unclear,unclear,S0269749118356458,Concrete/cementitious material or calcium-rich object inferred from title/abstract,Method inferred from ScienceDirect title/abstract,Condition present in query/title but not quantitatively stated in available metadata,ScienceDirect direct metadata did not provide enough abstract detail.,"It examines intensified carbonation or mineralization of cementitious/calcium-rich materials, which can be transferred to hypergravity CO2 curing or strengthening concepts.","High: CO2 mineralization/carbonation can connect to strength, carbon storage, curing, and recycled cementitious resources.",abstract unavailable or too short in API metadata,2,4,3,3,2.85,excluded_or_low_relevance,Often chemical-engineering carbonation; only keep records transferable to cementitious/calcium-rich materials.
high_gravity_carbonation_mineralization,D4,高重力碳化/矿化,High-gravity carbonation / mineralization of cementitious or calcium-rich materials,"""accelerated carbonation"" AND ""recycled concrete fines""",Development of carbon-negative recycled concrete fine bricks via synergy of sticky rice liquid and biochar,Dejin Xu,2025,Construction and Building Materials,10.1016/j.conbuildmat.2025.144392,https://api.elsevier.com/content/article/pii/S0950061825045441,ScienceDirect,unclear,unclear,S0950061825045441,Concrete/cementitious material or calcium-rich object inferred from title/abstract,Method inferred from ScienceDirect title/abstract,Condition present in query/title but not quantitatively stated in available metadata,ScienceDirect direct metadata did not provide enough abstract detail.,"It examines intensified carbonation or mineralization of cementitious/calcium-rich materials, which can be transferred to hypergravity CO2 curing or strengthening concepts.","High: CO2 mineralization/carbonation can connect to strength, carbon storage, curing, and recycled cementitious resources.",abstract unavailable or too short in API metadata,2,4,3,3,2.85,excluded_or_low_relevance,Often chemical-engineering carbonation; only keep records transferable to cementitious/calcium-rich materials.
high_gravity_carbonation_mineralization,D4,高重力碳化/矿化,High-gravity carbonation / mineralization of cementitious or calcium-rich materials,"""accelerated carbonation"" AND ""recycled concrete fines""","Development of sustainable alkali-activated slag bricks with high content of carbonated recycled concrete fines: Strength, microstructure and environmental benefit",Xiaowei Ouyang,2024,Construction and Building Materials,10.1016/j.conbuildmat.2024.136457,https://api.elsevier.com/content/article/pii/S0950061824015988,ScienceDirect,unclear,unclear,S0950061824015988,cementitious or calcium-rich carbonation material,Method inferred from ScienceDirect title/abstract,Condition present in query/title but not quantitatively stated in available metadata,ScienceDirect direct metadata did not provide enough abstract detail.,"It examines intensified carbonation or mineralization of cementitious/calcium-rich materials, which can be transferred to hypergravity CO2 curing or strengthening concepts.","High: CO2 mineralization/carbonation can connect to strength, carbon storage, curing, and recycled cementitious resources.",abstract unavailable or too short in API metadata,2,4,3,3,2.85,excluded_or_low_relevance,Often chemical-engineering carbonation; only keep records transferable to cementitious/calcium-rich materials.
high_gravity_carbonation_mineralization,D4,高重力碳化/矿化,High-gravity carbonation / mineralization of cementitious or calcium-rich materials,"""rotating packed bed"" AND cement",Different unit operations used for CO 2 absorption-desorption,Sara Elmarghni,2026,Journal of Industrial and Engineering Chemistry,10.1016/j.jiec.2026.04.012,https://api.elsevier.com/content/article/pii/S1226086X2600211X,ScienceDirect,unclear,unclear,S1226086X2600211X,Concrete/cementitious material or calcium-rich object inferred from title/abstract,Method inferred from ScienceDirect title/abstract,Condition present in query/title but not quantitatively stated in available metadata,ScienceDirect direct metadata did not provide enough abstract detail.,"It examines intensified carbonation or mineralization of cementitious/calcium-rich materials, which can be transferred to hypergravity CO2 curing or strengthening concepts.","High: CO2 mineralization/carbonation can connect to strength, carbon storage, curing, and recycled cementitious resources.",abstract unavailable or too short in API metadata,2,4,3,3,2.85,excluded_or_low_relevance,Often chemical-engineering carbonation; only keep records transferable to cementitious/calcium-rich materials.
high_gravity_carbonation_mineralization,D4,高重力碳化/矿化,High-gravity carbonation / mineralization of cementitious or calcium-rich materials,"""rotating packed bed"" AND cement",Distributed sustainable metals production: opportunities for intensifying separations & alternative feedstocks,Kayla M Kent,2025,Current Opinion in Chemical Engineering,10.1016/j.coche.2024.101075,https://api.elsevier.com/content/article/pii/S2211339824000765,ScienceDirect,unclear,unclear,S2211339824000765,Concrete/cementitious material or calcium-rich object inferred from title/abstract,Method inferred from ScienceDirect title/abstract,Condition present in query/title but not quantitatively stated in available metadata,ScienceDirect direct metadata did not provide enough abstract detail.,"It examines intensified carbonation or mineralization of cementitious/calcium-rich materials, which can be transferred to hypergravity CO2 curing or strengthening concepts.","High: CO2 mineralization/carbonation can connect to strength, carbon storage, curing, and recycled cementitious resources.",abstract unavailable or too short in API metadata,2,4,3,3,2.85,excluded_or_low_relevance,Often chemical-engineering carbonation; only keep records transferable to cementitious/calcium-rich materials.
high_gravity_carbonation_mineralization,D4,高重力碳化/矿化,High-gravity carbonation / mineralization of cementitious or calcium-rich materials,"""accelerated carbonation"" AND ""recycled concrete fines""",Effect of CO 2 curing on phase compositions of nano silica blended cementitious mortar partially replaced with carbonated recycled fine aggregates,Shiv Sai Trivedi,2025,Construction and Building Materials,10.1016/j.conbuildmat.2025.142789,https://api.elsevier.com/content/article/pii/S095006182502940X,ScienceDirect,unclear,unclear,S095006182502940X,cementitious or calcium-rich carbonation material,Method inferred from ScienceDirect title/abstract,Condition present in query/title but not quantitatively stated in available metadata,ScienceDirect direct metadata did not provide enough abstract detail.,"It examines intensified carbonation or mineralization of cementitious/calcium-rich materials, which can be transferred to hypergravity CO2 curing or strengthening concepts.","High: CO2 mineralization/carbonation can connect to strength, carbon storage, curing, and recycled cementitious resources.",abstract unavailable or too short in API metadata,2,4,3,3,2.85,excluded_or_low_relevance,Often chemical-engineering carbonation; only keep records transferable to cementitious/calcium-rich materials.
high_gravity_carbonation_mineralization,D4,高重力碳化/矿化,High-gravity carbonation / mineralization of cementitious or calcium-rich materials,"""CO2 mineralization"" AND cement",Effects of CO 2 -mineralized aragonite recycled concrete powder (ARCP) on the early-age strength and microstructure of limestone calcined clay cement (LC3),Jingyi Zhao,2026,Construction and Building Materials,10.1016/j.conbuildmat.2025.145000,https://api.elsevier.com/content/article/pii/S0950061825051529,ScienceDirect,unclear,unclear,S0950061825051529,cementitious or calcium-rich carbonation material,Method inferred from ScienceDirect title/abstract,Condition present in query/title but not quantitatively stated in available metadata,ScienceDirect direct metadata did not provide enough abstract detail.,"It examines intensified carbonation or mineralization of cementitious/calcium-rich materials, which can be transferred to hypergravity CO2 curing or strengthening concepts.","High: CO2 mineralization/carbonation can connect to strength, carbon storage, curing, and recycled cementitious resources.",abstract unavailable or too short in API metadata,2,4,3,3,2.85,excluded_or_low_relevance,Often chemical-engineering carbonation; only keep records transferable to cementitious/calcium-rich materials.
high_gravity_carbonation_mineralization,D4,高重力碳化/矿化,High-gravity carbonation / mineralization of cementitious or calcium-rich materials,"""high gravity carbonation""","Engineering, environmental and economic performance evaluation of high-gravity carbonation process for carbon capture and utilization",Shu-Yuan Pan,2016,Applied Energy,10.1016/j.apenergy.2016.02.103,https://api.elsevier.com/content/article/pii/S0306261916302598,ScienceDirect,unclear,unclear,S0306261916302598,Concrete/cementitious material or calcium-rich object inferred from title/abstract,Method inferred from ScienceDirect title/abstract,Condition present in query/title but not quantitatively stated in available metadata,ScienceDirect direct metadata did not provide enough abstract detail.,"It examines intensified carbonation or mineralization of cementitious/calcium-rich materials, which can be transferred to hypergravity CO2 curing or strengthening concepts.","High: CO2 mineralization/carbonation can connect to strength, carbon storage, curing, and recycled cementitious resources.",abstract unavailable or too short in API metadata,2,4,3,3,2.85,excluded_or_low_relevance,Often chemical-engineering carbonation; only keep records transferable to cementitious/calcium-rich materials.
high_gravity_carbonation_mineralization,D4,高重力碳化/矿化,High-gravity carbonation / mineralization of cementitious or calcium-rich materials,"""accelerated carbonation"" AND ""cement paste""","Enhanced mechanical properties of cement pastes with CO 2 -bubbled alkanolamines: A study on hydration, carbonation, and mineralization behavior",Tan Pan,2025,Journal of Environmental Chemical Engineering,10.1016/j.jece.2025.118658,https://api.elsevier.com/content/article/pii/S2213343725033548,ScienceDirect,unclear,unclear,S2213343725033548,cement paste / cement hydration products,Method inferred from ScienceDirect title/abstract,Condition present in query/title but not quantitatively stated in available metadata,ScienceDirect direct metadata did not provide enough abstract detail.,"It examines intensified carbonation or mineralization of cementitious/calcium-rich materials, which can be transferred to hypergravity CO2 curing or strengthening concepts.","High: CO2 mineralization/carbonation can connect to strength, carbon storage, curing, and recycled cementitious resources.",abstract unavailable or too short in API metadata,2,4,3,3,2.85,excluded_or_low_relevance,Often chemical-engineering carbonation; only keep records transferable to cementitious/calcium-rich materials.
high_gravity_carbonation_mineralization,D4,高重力碳化/矿化,High-gravity carbonation / mineralization of cementitious or calcium-rich materials,"""rotating packed bed"" AND ""calcium hydroxide""","Enhancing absorption-based carbon dioxide capture with swirl flow: Gas–liquid mass transfer, performance characteristics, and process modeling",Haidong Duan,2026,Journal of Environmental Chemical Engineering,10.1016/j.jece.2026.121779,https://api.elsevier.com/content/article/pii/S2213343726007530,ScienceDirect,unclear,unclear,S2213343726007530,Concrete/cementitious material or calcium-rich object inferred from title/abstract,Method inferred from ScienceDirect title/abstract,Condition present in query/title but not quantitatively stated in available metadata,ScienceDirect direct metadata did not provide enough abstract detail.,"It examines intensified carbonation or mineralization of cementitious/calcium-rich materials, which can be transferred to hypergravity CO2 curing or strengthening concepts.","High: CO2 mineralization/carbonation can connect to strength, carbon storage, curing, and recycled cementitious resources.",abstract unavailable or too short in API metadata,2,4,3,3,2.85,excluded_or_low_relevance,Often chemical-engineering carbonation; only keep records transferable to cementitious/calcium-rich materials.
high_gravity_carbonation_mineralization,D4,高重力碳化/矿化,High-gravity carbonation / mineralization of cementitious or calcium-rich materials,"""CO2 mineralization"" AND cement",Integrated direct air capture and CO 2 mineralization using amino acid salt solutions and alkaline solid wastes,Liang Li,2026,Chemical Engineering Journal,10.1016/j.cej.2026.177027,https://api.elsevier.com/content/article/pii/S1385894726044888,ScienceDirect,unclear,unclear,S1385894726044888,Concrete/cementitious material or calcium-rich object inferred from title/abstract,Method inferred from ScienceDirect title/abstract,Condition present in query/title but not quantitatively stated in available metadata,ScienceDirect direct metadata did not provide enough abstract detail.,"It examines intensified carbonation or mineralization of cementitious/calcium-rich materials, which can be transferred to hypergravity CO2 curing or strengthening concepts.","High: CO2 mineralization/carbonation can connect to strength, carbon storage, curing, and recycled cementitious resources.",abstract unavailable or too short in API metadata,2,4,3,3,2.85,excluded_or_low_relevance,Often chemical-engineering carbonation; only keep records transferable to cementitious/calcium-rich materials.
high_gravity_carbonation_mineralization,D4,高重力碳化/矿化,High-gravity carbonation / mineralization of cementitious or calcium-rich materials,"""rotating packed bed"" AND ""calcium hydroxide""","Matching relation between intrinsic kinetics and liquid-liquid mass transfer of medium-rate reaction: Take 1,1,2-trichloroethane dehydrochlorination as an example",Yi-Dong Zhang,2023,Chemical Engineering Science,10.1016/j.ces.2023.119102,https://api.elsevier.com/content/article/pii/S0009250923006589,ScienceDirect,unclear,unclear,S0009250923006589,Concrete/cementitious material or calcium-rich object inferred from title/abstract,Method inferred from ScienceDirect title/abstract,Condition present in query/title but not quantitatively stated in available metadata,ScienceDirect direct metadata did not provide enough abstract detail.,"It examines intensified carbonation or mineralization of cementitious/calcium-rich materials, which can be transferred to hypergravity CO2 curing or strengthening concepts.","High: CO2 mineralization/carbonation can connect to strength, carbon storage, curing, and recycled cementitious resources.",abstract unavailable or too short in API metadata,2,4,3,3,2.85,excluded_or_low_relevance,Often chemical-engineering carbonation; only keep records transferable to cementitious/calcium-rich materials.
high_gravity_carbonation_mineralization,D4,高重力碳化/矿化,High-gravity carbonation / mineralization of cementitious or calcium-rich materials,"""accelerated carbonation"" AND ""recycled concrete fines""",Mechanism of carbonating recycled concrete fines in aqueous environment: The particle size effect,Yi Jiang,2022,Cement and Concrete Composites,10.1016/j.cemconcomp.2022.104655,https://api.elsevier.com/content/article/pii/S0958946522002487,ScienceDirect,unclear,unclear,S0958946522002487,cementitious or calcium-rich carbonation material,Method inferred from ScienceDirect title/abstract,Condition present in query/title but not quantitatively stated in available metadata,ScienceDirect direct metadata did not provide enough abstract detail.,"It examines intensified carbonation or mineralization of cementitious/calcium-rich materials, which can be transferred to hypergravity CO2 curing or strengthening concepts.","High: CO2 mineralization/carbonation can connect to strength, carbon storage, curing, and recycled cementitious resources.",abstract unavailable or too short in API metadata,2,4,3,3,2.85,excluded_or_low_relevance,Often chemical-engineering carbonation; only keep records transferable to cementitious/calcium-rich materials.
high_gravity_carbonation_mineralization,D4,高重力碳化/矿化,High-gravity carbonation / mineralization of cementitious or calcium-rich materials,"""accelerated carbonation"" AND ""recycled concrete fines""",Mechanism underlying early hydration kinetics of carbonated recycled concrete fines-ordinary portland cement (CRCF-OPC) paste,Ligang Peng,2023,Cement and Concrete Composites,10.1016/j.cemconcomp.2023.105275,https://api.elsevier.com/content/article/pii/S0958946523003499,ScienceDirect,unclear,unclear,S0958946523003499,cementitious or calcium-rich carbonation material,Method inferred from ScienceDirect title/abstract,Condition present in query/title but not quantitatively stated in available metadata,ScienceDirect direct metadata did not provide enough abstract detail.,"It examines intensified carbonation or mineralization of cementitious/calcium-rich materials, which can be transferred to hypergravity CO2 curing or strengthening concepts.","High: CO2 mineralization/carbonation can connect to strength, carbon storage, curing, and recycled cementitious resources.",abstract unavailable or too short in API metadata,2,4,3,3,2.85,excluded_or_low_relevance,Often chemical-engineering carbonation; only keep records transferable to cementitious/calcium-rich materials.
high_gravity_carbonation_mineralization,D4,高重力碳化/矿化,High-gravity carbonation / mineralization of cementitious or calcium-rich materials,"""CO2 mineralization"" AND cement",Monoethanolamine-catalyzed CO 2 mineralization in cementitious materials via in situ CO 2 mixing and its synergy with cement hydration,Won Kyung Kim,2025,Cement and Concrete Composites,10.1016/j.cemconcomp.2025.106218,https://api.elsevier.com/content/article/pii/S0958946525003002,ScienceDirect,unclear,unclear,S0958946525003002,cement paste / cement hydration products,Method inferred from ScienceDirect title/abstract,Condition present in query/title but not quantitatively stated in available metadata,ScienceDirect direct metadata did not provide enough abstract detail.,"It examines intensified carbonation or mineralization of cementitious/calcium-rich materials, which can be transferred to hypergravity CO2 curing or strengthening concepts.","High: CO2 mineralization/carbonation can connect to strength, carbon storage, curing, and recycled cementitious resources.",abstract unavailable or too short in API metadata,2,4,3,3,2.85,excluded_or_low_relevance,Often chemical-engineering carbonation; only keep records transferable to cementitious/calcium-rich materials.
high_gravity_carbonation_mineralization,D4,高重力碳化/矿化,High-gravity carbonation / mineralization of cementitious or calcium-rich materials,"""accelerated carbonation"" AND ""cement paste""",New insights into the effect of carbonated waste materials on the properties of low-carbon cement pastes,A. Moreno-Reyes,2025,Journal of Building Engineering,10.1016/j.jobe.2025.114047,https://api.elsevier.com/content/article/pii/S2352710225022843,ScienceDirect,unclear,unclear,S2352710225022843,cement paste / cement hydration products,Method inferred from ScienceDirect title/abstract,Condition present in query/title but not quantitatively stated in available metadata,ScienceDirect direct metadata did not provide enough abstract detail.,"It examines intensified carbonation or mineralization of cementitious/calcium-rich materials, which can be transferred to hypergravity CO2 curing or strengthening concepts.","High: CO2 mineralization/carbonation can connect to strength, carbon storage, curing, and recycled cementitious resources.",abstract unavailable or too short in API metadata,2,4,3,3,2.85,excluded_or_low_relevance,Often chemical-engineering carbonation; only keep records transferable to cementitious/calcium-rich materials.
high_gravity_carbonation_mineralization,D4,高重力碳化/矿化,High-gravity carbonation / mineralization of cementitious or calcium-rich materials,"""carbonation curing"" AND cementitious",Novel carbonation curing of cementitious materials using different amine absorbents,Farzad Rezaeicherati,2025,Cleaner Materials,10.1016/j.clema.2025.100339,https://api.elsevier.com/content/article/pii/S2772397625000486,ScienceDirect,unclear,unclear,S2772397625000486,cementitious or calcium-rich carbonation material,"CO2 carbonation, mineralization, or carbonation curing",carbonation curing,ScienceDirect direct metadata did not provide enough abstract detail.,"It examines intensified carbonation or mineralization of cementitious/calcium-rich materials, which can be transferred to hypergravity CO2 curing or strengthening concepts.","High: CO2 mineralization/carbonation can connect to strength, carbon storage, curing, and recycled cementitious resources.",abstract unavailable or too short in API metadata,2,4,3,3,2.85,excluded_or_low_relevance,Often chemical-engineering carbonation; only keep records transferable to cementitious/calcium-rich materials.
high_gravity_carbonation_mineralization,D4,高重力碳化/矿化,High-gravity carbonation / mineralization of cementitious or calcium-rich materials,"""high gravity carbonation""",Optimization of BOFS high-gravity carbonation technology: Consideration of theoretical guidance for up-scaling applications,Qifeng Song,2024,Journal of Cleaner Production,10.1016/j.jclepro.2024.143214,https://api.elsevier.com/content/article/pii/S0959652624026635,ScienceDirect,unclear,unclear,S0959652624026635,Concrete/cementitious material or calcium-rich object inferred from title/abstract,Method inferred from ScienceDirect title/abstract,Condition present in query/title but not quantitatively stated in available metadata,ScienceDirect direct metadata did not provide enough abstract detail.,"It examines intensified carbonation or mineralization of cementitious/calcium-rich materials, which can be transferred to hypergravity CO2 curing or strengthening concepts.","High: CO2 mineralization/carbonation can connect to strength, carbon storage, curing, and recycled cementitious resources.",abstract unavailable or too short in API metadata,2,4,3,3,2.85,excluded_or_low_relevance,Often chemical-engineering carbonation; only keep records transferable to cementitious/calcium-rich materials.
high_gravity_carbonation_mineralization,D4,高重力碳化/矿化,High-gravity carbonation / mineralization of cementitious or calcium-rich materials,"""CO2 mineralization"" AND cement",Performance of limestone calcined clay cement (LC 3 ) made with CO 2 -mineralized concrete slurry waste,Shi Hu,2024,Journal of Cleaner Production,10.1016/j.jclepro.2024.143476,https://api.elsevier.com/content/article/pii/S0959652624029251,ScienceDirect,unclear,unclear,S0959652624029251,cementitious or calcium-rich carbonation material,Method inferred from ScienceDirect title/abstract,Condition present in query/title but not quantitatively stated in available metadata,ScienceDirect direct metadata did not provide enough abstract detail.,"It examines intensified carbonation or mineralization of cementitious/calcium-rich materials, which can be transferred to hypergravity CO2 curing or strengthening concepts.","High: CO2 mineralization/carbonation can connect to strength, carbon storage, curing, and recycled cementitious resources.",abstract unavailable or too short in API metadata,2,4,3,3,2.85,excluded_or_low_relevance,Often chemical-engineering carbonation; only keep records transferable to cementitious/calcium-rich materials.
high_gravity_carbonation_mineralization,D4,高重力碳化/矿化,High-gravity carbonation / mineralization of cementitious or calcium-rich materials,"""rotating packed bed"" AND cement",Process intensification of CO 2 desorption by Higee technology: An industrial case study,Han-Zhuo Xu,2025,Chemical Engineering Journal,10.1016/j.cej.2025.171136,https://api.elsevier.com/content/article/pii/S1385894725119827,ScienceDirect,unclear,unclear,S1385894725119827,Concrete/cementitious material or calcium-rich object inferred from title/abstract,Method inferred from ScienceDirect title/abstract,Condition present in query/title but not quantitatively stated in available metadata,ScienceDirect direct metadata did not provide enough abstract detail.,"It examines intensified carbonation or mineralization of cementitious/calcium-rich materials, which can be transferred to hypergravity CO2 curing or strengthening concepts.","High: CO2 mineralization/carbonation can connect to strength, carbon storage, curing, and recycled cementitious resources.",abstract unavailable or too short in API metadata,2,4,3,3,2.85,excluded_or_low_relevance,Often chemical-engineering carbonation; only keep records transferable to cementitious/calcium-rich materials.
high_gravity_carbonation_mineralization,D4,高重力碳化/矿化,High-gravity carbonation / mineralization of cementitious or calcium-rich materials,"""rotating packed bed"" AND cement",Recent advances in high-gravity process for multiple air pollutant control and CO 2 capture and utilization: theory and practice,Tse-Lun Chen,2026,Journal of Industrial and Engineering Chemistry,10.1016/j.jiec.2026.04.021,https://api.elsevier.com/content/article/pii/S1226086X26002200,ScienceDirect,unclear,unclear,S1226086X26002200,Concrete/cementitious material or calcium-rich object inferred from title/abstract,Method inferred from ScienceDirect title/abstract,Condition present in query/title but not quantitatively stated in available metadata,ScienceDirect direct metadata did not provide enough abstract detail.,"It examines intensified carbonation or mineralization of cementitious/calcium-rich materials, which can be transferred to hypergravity CO2 curing or strengthening concepts.","High: CO2 mineralization/carbonation can connect to strength, carbon storage, curing, and recycled cementitious resources.",abstract unavailable or too short in API metadata,2,4,3,3,2.85,excluded_or_low_relevance,Often chemical-engineering carbonation; only keep records transferable to cementitious/calcium-rich materials.
high_gravity_carbonation_mineralization,D4,高重力碳化/矿化,High-gravity carbonation / mineralization of cementitious or calcium-rich materials,"""rotating packed bed"" AND ""calcium hydroxide""",Recovery of magnetite from waste ferrous sulfate using polyethylene glycol (PEG) as a dispersant,Ying-lin PENG,2018,Transactions of Nonferrous Metals Society of China,10.1016/s1003-6326(18)64785-5,https://api.elsevier.com/content/article/pii/S1003632618647855,ScienceDirect,unclear,unclear,S1003632618647855,Concrete/cementitious material or calcium-rich object inferred from title/abstract,Method inferred from ScienceDirect title/abstract,Condition present in query/title but not quantitatively stated in available metadata,ScienceDirect direct metadata did not provide enough abstract detail.,"It examines intensified carbonation or mineralization of cementitious/calcium-rich materials, which can be transferred to hypergravity CO2 curing or strengthening concepts.","High: CO2 mineralization/carbonation can connect to strength, carbon storage, curing, and recycled cementitious resources.",abstract unavailable or too short in API metadata,2,4,3,3,2.85,excluded_or_low_relevance,Often chemical-engineering carbonation; only keep records transferable to cementitious/calcium-rich materials.
high_gravity_carbonation_mineralization,D4,高重力碳化/矿化,High-gravity carbonation / mineralization of cementitious or calcium-rich materials,"""rotating packed bed"" AND ""calcium hydroxide""","Rice-like, hollow, and rhombohedral nano-calcite synthesis by carbonization",Sevgi Kilic,2026,Journal of Crystal Growth,10.1016/j.jcrysgro.2026.128534,https://api.elsevier.com/content/article/pii/S0022024826000515,ScienceDirect,unclear,unclear,S0022024826000515,Concrete/cementitious material or calcium-rich object inferred from title/abstract,Method inferred from ScienceDirect title/abstract,Condition present in query/title but not quantitatively stated in available metadata,ScienceDirect direct metadata did not provide enough abstract detail.,"It examines intensified carbonation or mineralization of cementitious/calcium-rich materials, which can be transferred to hypergravity CO2 curing or strengthening concepts.","High: CO2 mineralization/carbonation can connect to strength, carbon storage, curing, and recycled cementitious resources.",abstract unavailable or too short in API metadata,2,4,3,3,2.85,excluded_or_low_relevance,Often chemical-engineering carbonation; only keep records transferable to cementitious/calcium-rich materials.
high_gravity_carbonation_mineralization,D4,高重力碳化/矿化,High-gravity carbonation / mineralization of cementitious or calcium-rich materials,"""CO2 mineralization"" AND cement",Semi-wet CO 2 mineralized modified wollastonite: Application in high-early strength cement and comparative analysis with common supplementary cementitious materials,Yi-Sheng Wang,2025,Cement and Concrete Composites,10.1016/j.cemconcomp.2025.106254,https://api.elsevier.com/content/article/pii/S0958946525003361,ScienceDirect,unclear,unclear,S0958946525003361,cementitious or calcium-rich carbonation material,Method inferred from ScienceDirect title/abstract,Condition present in query/title but not quantitatively stated in available metadata,ScienceDirect direct metadata did not provide enough abstract detail.,"It examines intensified carbonation or mineralization of cementitious/calcium-rich materials, which can be transferred to hypergravity CO2 curing or strengthening concepts.","High: CO2 mineralization/carbonation can connect to strength, carbon storage, curing, and recycled cementitious resources.",abstract unavailable or too short in API metadata,2,4,3,3,2.85,excluded_or_low_relevance,Often chemical-engineering carbonation; only keep records transferable to cementitious/calcium-rich materials.
high_gravity_carbonation_mineralization,D4,高重力碳化/矿化,High-gravity carbonation / mineralization of cementitious or calcium-rich materials,"""CO2 mineralization"" AND cement",Study on mechanical properties and mechanism of CO 2 mineralized blast furnace slag based material,Wei Sun,2026,Construction and Building Materials,10.1016/j.conbuildmat.2026.145419,https://api.elsevier.com/content/article/pii/S0950061826003193,ScienceDirect,unclear,unclear,S0950061826003193,cementitious or calcium-rich carbonation material,Method inferred from ScienceDirect title/abstract,Condition present in query/title but not quantitatively stated in available metadata,ScienceDirect direct metadata did not provide enough abstract detail.,"It examines intensified carbonation or mineralization of cementitious/calcium-rich materials, which can be transferred to hypergravity CO2 curing or strengthening concepts.","High: CO2 mineralization/carbonation can connect to strength, carbon storage, curing, and recycled cementitious resources.",abstract unavailable or too short in API metadata,2,4,3,3,2.85,excluded_or_low_relevance,Often chemical-engineering carbonation; only keep records transferable to cementitious/calcium-rich materials.
high_gravity_carbonation_mineralization,D4,高重力碳化/矿化,High-gravity carbonation / mineralization of cementitious or calcium-rich materials,"""CO2 mineralization"" AND cement",Synergistic and inhibitory mechanisms of CO 2 mineralization in fly ash–tailings backfill under different conditions,Xiwen Li,2026,Journal of CO2 Utilization,10.1016/j.jcou.2026.103389,https://api.elsevier.com/content/article/pii/S2212982026000788,ScienceDirect,unclear,unclear,S2212982026000788,Concrete/cementitious material or calcium-rich object inferred from title/abstract,Method inferred from ScienceDirect title/abstract,Condition present in query/title but not quantitatively stated in available metadata,ScienceDirect direct metadata did not provide enough abstract detail.,"It examines intensified carbonation or mineralization of cementitious/calcium-rich materials, which can be transferred to hypergravity CO2 curing or strengthening concepts.","High: CO2 mineralization/carbonation can connect to strength, carbon storage, curing, and recycled cementitious resources.",abstract unavailable or too short in API metadata,2,4,3,3,2.85,excluded_or_low_relevance,Often chemical-engineering carbonation; only keep records transferable to cementitious/calcium-rich materials.
high_gravity_carbonation_mineralization,D4,高重力碳化/矿化,High-gravity carbonation / mineralization of cementitious or calcium-rich materials,"""rotating packed bed"" AND ""calcium hydroxide""",Synthesis of highly spherical calcium carbonate nanoparticles using air nanobubbles as additives,Bo Shi,2026,Chemical Engineering Science,10.1016/j.ces.2025.122691,https://api.elsevier.com/content/article/pii/S000925092501512X,ScienceDirect,unclear,unclear,S000925092501512X,Concrete/cementitious material or calcium-rich object inferred from title/abstract,Method inferred from ScienceDirect title/abstract,Condition present in query/title but not quantitatively stated in available metadata,ScienceDirect direct metadata did not provide enough abstract detail.,"It examines intensified carbonation or mineralization of cementitious/calcium-rich materials, which can be transferred to hypergravity CO2 curing or strengthening concepts.","High: CO2 mineralization/carbonation can connect to strength, carbon storage, curing, and recycled cementitious resources.",abstract unavailable or too short in API metadata,2,4,3,3,2.85,excluded_or_low_relevance,Often chemical-engineering carbonation; only keep records transferable to cementitious/calcium-rich materials.
high_gravity_carbonation_mineralization,D4,高重力碳化/矿化,High-gravity carbonation / mineralization of cementitious or calcium-rich materials,"""CO2 mineralization"" AND cement",Utilizing CO 2 mineralization and aluminate synergistic activation of metallurgical solid waste to produce highly reactive powders: Toward sustainable engineering materials,Tao Chen,2026,Journal of CO2 Utilization,10.1016/j.jcou.2025.103291,https://api.elsevier.com/content/article/pii/S2212982025002756,ScienceDirect,unclear,unclear,S2212982025002756,Concrete/cementitious material or calcium-rich object inferred from title/abstract,Method inferred from ScienceDirect title/abstract,Condition present in query/title but not quantitatively stated in available metadata,ScienceDirect direct metadata did not provide enough abstract detail.,"It examines intensified carbonation or mineralization of cementitious/calcium-rich materials, which can be transferred to hypergravity CO2 curing or strengthening concepts.","High: CO2 mineralization/carbonation can connect to strength, carbon storage, curing, and recycled cementitious resources.",abstract unavailable or too short in API metadata,2,4,3,3,2.85,excluded_or_low_relevance,Often chemical-engineering carbonation; only keep records transferable to cementitious/calcium-rich materials.
high_gravity_carbonation_mineralization,D4,高重力碳化/矿化,High-gravity carbonation / mineralization of cementitious or calcium-rich materials,"""accelerated carbonation"" AND ""recycled concrete fines""",Utilizing carbonated recycled concrete fines to develop sustainable ultra-high-performance fiber-reinforced concrete,Roz-Ud-Din Nassar,2025,Journal of Building Engineering,10.1016/j.jobe.2024.111634,https://api.elsevier.com/content/article/pii/S2352710224032029,ScienceDirect,unclear,unclear,S2352710224032029,cementitious or calcium-rich carbonation material,Method inferred from ScienceDirect title/abstract,Condition present in query/title but not quantitatively stated in available metadata,ScienceDirect direct metadata did not provide enough abstract detail.,"It examines intensified carbonation or mineralization of cementitious/calcium-rich materials, which can be transferred to hypergravity CO2 curing or strengthening concepts.","High: CO2 mineralization/carbonation can connect to strength, carbon storage, curing, and recycled cementitious resources.",abstract unavailable or too short in API metadata,2,4,3,3,2.85,excluded_or_low_relevance,Often chemical-engineering carbonation; only keep records transferable to cementitious/calcium-rich materials.
