row_index,title,field,value
0,High-gravity intensified carbonation of larger steel slag particles: Dual-path CO2 mineralization and valorization in sustainable construction materials,abstract,unclear
0,High-gravity intensified carbonation of larger steel slag particles: Dual-path CO2 mineralization and valorization in sustainable construction materials,open_access_pdf,unclear
1,Carbonation of steel slag,abstract,unclear
1,Carbonation of steel slag,open_access_pdf,unclear
2,Optimization of BOFS high-gravity carbonation technology: Consideration of theoretical guidance for up-scaling applications,abstract,unclear
2,Optimization of BOFS high-gravity carbonation technology: Consideration of theoretical guidance for up-scaling applications,open_access_pdf,unclear
3,Carbonation technologies,abstract,unclear
3,Carbonation technologies,open_access_pdf,unclear
4,System Optimization,venue,unclear
4,System Optimization,abstract,unclear
4,System Optimization,open_access_pdf,unclear
6,An overview of utilizing CO2 for accelerated carbonation treatment in the concrete industry,open_access_pdf,unclear
8,Limits to Paris compatibility of CO2 capture and utilization,abstract,unclear
9,Elucidating the differences in the carbon mineralization behaviors of calcium and magnesium bearing alumino-silicates and magnesium silicates for CO2 storage,abstract,unclear
15,Research progress of steel slag-based carbon sequestration,open_access_pdf,unclear
18,Integrated Wastewater Treatment with Steel Slags Stabilization and CO<sub>2</sub> Fixation via High-gravity Carbonation Process,abstract,unclear
18,Integrated Wastewater Treatment with Steel Slags Stabilization and CO<sub>2</sub> Fixation via High-gravity Carbonation Process,open_access_pdf,unclear
21,Breakthrough innovations in carbon dioxide mineralization for a sustainable future,abstract,unclear
21,Breakthrough innovations in carbon dioxide mineralization for a sustainable future,open_access_pdf,unclear
23,Regenerable solvents mediate accelerated low temperature CO2 capture and carbon mineralization of ash and nano-scale calcium carbonate formation,abstract,unclear
28,Clinker-free carbonate-bonded (CFCB) products prepared by accelerated carbonation of steel furnace slags: A parametric overview of the process development,abstract,unclear
28,Clinker-free carbonate-bonded (CFCB) products prepared by accelerated carbonation of steel furnace slags: A parametric overview of the process development,open_access_pdf,unclear
34,"CO<sub>2</sub>Mineralization and Utilization by a High-Gravity Carbonation Process: Past, Present, and Future",open_access_pdf,unclear
41,Coal fly ash and bottom ash low-cost feedstocks for CO2 reduction using the adsorption and catalysis processes,abstract,unclear
43,Direct carbonation of porous materials produced from self-hardened paper mill fly ash,open_access_pdf,unclear
44,CCU pathways in Austria: A life cycle-based assessment of climate target compatibility and mitigation potentials,open_access_pdf,unclear
46,What should we do with CO2 from biogas upgrading?,open_access_pdf,unclear
52,"Development of Integrated High-Gravity-Electrodeionization (HiG-EDI) Technology for CO2 Capture, Waste Stabilization and Wastewater Reclamation",venue,unclear
58,Multicriteria Analysis Methods for enhanced Result Interpretation in Life Cycle Assessment,abstract,unclear
59,Toward low-carbon and sustainable concrete – carbonated steel slag as supplementary cementitious material: A review,open_access_pdf,unclear
62,A meta-model for comparing carbon capture storage and utilisation technologies using life cycle analysis,venue,unclear
62,A meta-model for comparing carbon capture storage and utilisation technologies using life cycle analysis,abstract,unclear
64,Process Intensification of Steel Slag Carbonation via a Rotating Packed Bed: Reaction Kinetics and Mass Transfer,open_access_pdf,unclear
65,Comparative Life Cycle Assessment (LCA) of Accelerated Carbonation Processes Using Steelmaking Slag for CO2 Fixation,open_access_pdf,unclear
66,Mineralization of Carbon Dioxide: A Literature Review,open_access_pdf,unclear
67,"Roles of carbonated recycled fines and aggregates in hydration, microstructure and mechanical properties of concrete: A critical review",abstract,unclear
70,Integration of carbon capture technologies in blast furnace based steel making: A comprehensive and systematic review,open_access_pdf,unclear
75,Development and modelling of a steel slag filter effluent neutralization process with CO2-enriched air from an upstream bioprocess,abstract,unclear
78,"Effect of Carbonation Degree on Mineral Composition, Microstructure, and Cementitious Properties of BOF Slag",abstract,unclear
86,Systematic Approach to Determination of Maximum Achievable Capture Capacity via Leaching and Carbonation Processes for Alkaline Steelmaking Wastes in a Rotating Packed Bed,open_access_pdf,unclear
87,Deployment of Accelerated Carbonation Using Alkaline Solid Wastes for Carbon Mineralization and Utilization Toward a Circular Economy,open_access_pdf,unclear
88,Integrated leaching–carbonation kinetic model on CO<sub>2</sub> mineralization of alkaline solid wastes in a high-gravity rotating packed bed,open_access_pdf,unclear
89,Enhanced performance on simultaneous removal of NOx-SO2-CO2 using a high-gravity rotating packed bed and alkaline wastes towards green process intensification,abstract,unclear
89,Enhanced performance on simultaneous removal of NOx-SO2-CO2 using a high-gravity rotating packed bed and alkaline wastes towards green process intensification,open_access_pdf,unclear
91,Simultaneously comparing various CO2-mineralized steelmaking slags as supplementary cementitious materials via high gravity carbonation,open_access_pdf,unclear
100,Recent developments and perspectives on the treatment of industrial wastes by mineral carbonation — a review,open_access_pdf,unclear
103,Experimental Study on Indirect CO<sub>2</sub> Mineralization of Industrial Solid Wastes: Electric Arc Furnace (EAF) Slag and Nickel Mine Tailings,open_access_pdf,unclear
104,Outlook of carbon capture technology and challenges,abstract,unclear
106,"Near-zero-waste processing of low-grade, complex primary ores and secondary raw materials in Europe: technology development trends",open_access_pdf,unclear
108,"Experimental study on the extraction of calcium, magnesium, vanadium and silicon from steelmaking slags for improved mineral carbonation of CO2",abstract,unclear
108,"Experimental study on the extraction of calcium, magnesium, vanadium and silicon from steelmaking slags for improved mineral carbonation of CO2",open_access_pdf,unclear
110,The evolution of lithium-ion battery recycling,open_access_pdf,unclear
112,A review of lithium extraction from natural resources,abstract,unclear
120,Is It Possible to Make Magnesia-Based Cement Environmentally Friendly?,open_access_pdf,unclear
126,Experimental Studyon Indirect CO<sub>2</sub> Mineralizationof Industrial Solid Wastes: Electric Arc Furnace (EAF) Slag and NickelMine Tailings,open_access_pdf,unclear
127,Life cycle assessment of a carbon capture utilization and storage supply chain in Italy and Germany: Comparison between carbon dioxide storage and utilization systems,abstract,unclear
134,ZeroCAL: Eliminating Carbon Dioxide Emissions from Limestone’s Decomposition to Decarbonize Cement Production,open_access_pdf,unclear
135,Carbonated recycled concrete aggregates in construction: potential and bottlenecks identified by RILEM TC 309-MCP,abstract,unclear
135,Carbonated recycled concrete aggregates in construction: potential and bottlenecks identified by RILEM TC 309-MCP,open_access_pdf,unclear
146,Comprehensive utilization of steel slag: A review,abstract,unclear
146,Comprehensive utilization of steel slag: A review,open_access_pdf,unclear
147,New insights into the effects of different CO2 mineralization conditions on steel slag as supplemental cementitious material,abstract,unclear
147,New insights into the effects of different CO2 mineralization conditions on steel slag as supplemental cementitious material,open_access_pdf,unclear
148,CO2 mineral carbonation using industrial solid wastes: A review of recent developments,abstract,unclear
148,CO2 mineral carbonation using industrial solid wastes: A review of recent developments,open_access_pdf,unclear
149,Synergistic effect of CO2-mineralized steel slag and carbonation curing on cement paste,abstract,unclear
149,Synergistic effect of CO2-mineralized steel slag and carbonation curing on cement paste,open_access_pdf,unclear
150,Dissolution of steel slag and recycled concrete aggregate in ammonium bisulphate for CO2 mineral carbonation,abstract,unclear
150,Dissolution of steel slag and recycled concrete aggregate in ammonium bisulphate for CO2 mineral carbonation,open_access_pdf,unclear
152,Enforced carbonation of cementitious materials,abstract,unclear
152,Enforced carbonation of cementitious materials,open_access_pdf,unclear
154,Evaluation of the carbon sequestration potential of steel slag in China based on theoretical and experimental labile Ca,abstract,unclear
154,Evaluation of the carbon sequestration potential of steel slag in China based on theoretical and experimental labile Ca,open_access_pdf,unclear
155,"Temperature-regulated ammonium carbonate curing of steel slag: Enhanced carbonation, strength, and CO2 mineralization for sustainable building materials",open_access_pdf,unclear
156,CO2 capture and utilization with solid waste,open_access_pdf,unclear
157,"CO2 mineralization curing steel slag-fly ash-Portland cement ternary paste: Mechanical properties, microstructure and life cycle assessment",abstract,unclear
157,"CO2 mineralization curing steel slag-fly ash-Portland cement ternary paste: Mechanical properties, microstructure and life cycle assessment",open_access_pdf,unclear
158,Carbon dioxide reduction through mineral carbonation by steel slag,abstract,unclear
158,Carbon dioxide reduction through mineral carbonation by steel slag,open_access_pdf,unclear
159,Enhancing the reactivity of calcium carbonate in CO2 mineralized steel slag by ultrasonic-assisted carbonation,abstract,unclear
159,Enhancing the reactivity of calcium carbonate in CO2 mineralized steel slag by ultrasonic-assisted carbonation,open_access_pdf,unclear
160,High-efficiency CO2 sequestration through direct aqueous carbonation of carbide slag: determination of carbonation reaction and optimization of operation parameters,abstract,unclear
160,High-efficiency CO2 sequestration through direct aqueous carbonation of carbide slag: determination of carbonation reaction and optimization of operation parameters,open_access_pdf,unclear
161,Performance and mechanisms of alkaline solid waste in CO2 mineralization and utilization,abstract,unclear
161,Performance and mechanisms of alkaline solid waste in CO2 mineralization and utilization,open_access_pdf,unclear
162,"Vitrification of CO2-mineralized steel slag residual: A study on the formulation, high-temperature viscosity-component correlation and chemical durability of glass",abstract,unclear
162,"Vitrification of CO2-mineralized steel slag residual: A study on the formulation, high-temperature viscosity-component correlation and chemical durability of glass",open_access_pdf,unclear
163,"Research on the Leaching of Calcium Ions from De-vanadiumized Steel Slag for Indirect CO2 Mineral Sequestration: Thermodynamics, Kinetics, and Parameter Optimization",abstract,unclear
163,"Research on the Leaching of Calcium Ions from De-vanadiumized Steel Slag for Indirect CO2 Mineral Sequestration: Thermodynamics, Kinetics, and Parameter Optimization",open_access_pdf,unclear
165,Coupled influence of acidic impurities in incineration flue gas on CO2 mineralization and phase composition of steel slag-based aggregates,abstract,unclear
165,Coupled influence of acidic impurities in incineration flue gas on CO2 mineralization and phase composition of steel slag-based aggregates,open_access_pdf,unclear
167,Exploring the Enhancement on CO<sub>2</sub> Mineralization of Solid Wastes via Amine-Looping,open_access_pdf,unclear
168,Carbon Dioxide Capture by Electrochemical Mineralization,abstract,unclear
169,Effect of CO2 mineralization on phase evolution and microstructure development of blended cement formulated with large proportion of steel slag,open_access_pdf,unclear
170,Direct CO<sub>2</sub> Mineralization of Steel Slag Accelerated by <i>Sporosarcina pasteurii</i>,open_access_pdf,unclear
171,Impurities in Steel Slag during the CO<sub>2</sub> Mineralization: Optimization and Multicycle Operation,open_access_pdf,unclear
172,Ecological Utilization of the CO<sub>2</sub> Mineralization Using Alkaline Solid Wastes: Synthesis of Porous Materials for Sandy Soil Restoration,open_access_pdf,unclear
173,"Advancements in Carbon Capture, Utilization, and Storage (CCUS): A Comprehensive Review of Technologies and Prospects",open_access_pdf,unclear
174,Future and emerging supplementary cementitious materials,abstract,unclear
177,"Vitrification of Co2-Mineralized Steel Slag Residual: A Study on the Formulation, High-Temperature Viscosity-Component Correlation and Chemical Durability of Glass",abstract,unclear
177,"Vitrification of Co2-Mineralized Steel Slag Residual: A Study on the Formulation, High-Temperature Viscosity-Component Correlation and Chemical Durability of Glass",open_access_pdf,unclear
178,CO2 mineralization of steel slag,venue,unclear
178,CO2 mineralization of steel slag,abstract,unclear
178,CO2 mineralization of steel slag,open_access_pdf,unclear
179,Carbonated steel slags as supplementary cementitious materials: Reaction kinetics and phase evolution,open_access_pdf,unclear
183,High-Temperature CO2 Mineralization of As-Cast Steel Slag Blocks Assisted by Sodium Addition,abstract,unclear
183,High-Temperature CO2 Mineralization of As-Cast Steel Slag Blocks Assisted by Sodium Addition,open_access_pdf,unclear
184,Molecular-scale mechanisms of CO2 mineralization in nanoscale interfacial water films,abstract,unclear
185,Gas–solid carbonation kinetics of Air Pollution Control residues for CO2 storage,abstract,unclear
186,CO2 sequestration through aqueous accelerated carbonation of BOF slag: A factorial study of parameters effects,abstract,unclear
186,CO2 sequestration through aqueous accelerated carbonation of BOF slag: A factorial study of parameters effects,open_access_pdf,unclear
187,Thin-film versus slurry-phase carbonation of steel slag: CO2 uptake and effects on mineralogy,abstract,unclear
187,Thin-film versus slurry-phase carbonation of steel slag: CO2 uptake and effects on mineralogy,open_access_pdf,unclear
188,"CO2 sequestration utilizing basic-oxygen furnace slag: Controlling factors, reaction mechanisms and V–Cr concerns",abstract,unclear
188,"CO2 sequestration utilizing basic-oxygen furnace slag: Controlling factors, reaction mechanisms and V–Cr concerns",open_access_pdf,unclear
189,Effect of basic oxygen furnace slag type on carbon dioxide sequestration from landfill gas emissions,abstract,unclear
189,Effect of basic oxygen furnace slag type on carbon dioxide sequestration from landfill gas emissions,open_access_pdf,unclear
190,Unveiling the impact of carbonation treatment on BOF slag hydration activity: Formation and development of the barrier layer,abstract,unclear
190,Unveiling the impact of carbonation treatment on BOF slag hydration activity: Formation and development of the barrier layer,open_access_pdf,unclear
191,Carbon-Dioxide and Hydrogen-Sulfide Removal from Simulated Landfill Gas Using Steel Slag,open_access_pdf,unclear
192,Crystallization behavior of BOF slag during the cooling process towards leaching for CO2 sequestration,abstract,unclear
192,Crystallization behavior of BOF slag during the cooling process towards leaching for CO2 sequestration,open_access_pdf,unclear
194,Innovative Biogeochemical Cover to Mitigate Landfill Gas Emissions: Investigation of Controlling Parameters Based on Batch and Column Experiments,abstract,unclear
194,Innovative Biogeochemical Cover to Mitigate Landfill Gas Emissions: Investigation of Controlling Parameters Based on Batch and Column Experiments,open_access_pdf,unclear
195,Sequestration of Landfill Gas Emissions Using Basic Oxygen Furnace Slag: Effects of Moisture Content and Humid Gas Flow Conditions,open_access_pdf,unclear
196,Review of carbon sequestration by alkaline industrial wastes: potential applications in landfill biogeochemical cover systems,abstract,unclear
196,Review of carbon sequestration by alkaline industrial wastes: potential applications in landfill biogeochemical cover systems,open_access_pdf,unclear
197,Evaluating the efficacy of biogeochemical cover system in mitigating landfill gas emissions: A large-scale laboratory simulation,abstract,unclear
197,Evaluating the efficacy of biogeochemical cover system in mitigating landfill gas emissions: A large-scale laboratory simulation,open_access_pdf,unclear
198,Accelerated carbonation and stabilization of BOF slag: data fitting relationship between particle size and CO <sub>2</sub> sequestration,open_access_pdf,unclear
199,Enhanced Carbonation of Free CaO in Basic Oxygen Furnace Slag Under High Temperature and Moderate Pressure and Its Kinetics,abstract,unclear
199,Enhanced Carbonation of Free CaO in Basic Oxygen Furnace Slag Under High Temperature and Moderate Pressure and Its Kinetics,open_access_pdf,unclear
200,Effect of Moisture Content on CO <sub>2</sub> Sequestration by BOF Slag in Landfill Cover,open_access_pdf,unclear
201,Recycling and utilization of high volume converter steel slag into CO2 activated mortars – The role of slag particle size,abstract,unclear
202,Valorization of converter steel slag into eco-friendly ultra-high performance concrete by ambient CO2 pre-treatment,abstract,unclear
204,Effects of carbonation on the retention of heavy metals in chemically activated BOF slag pastes,open_access_pdf,unclear
205,Region prioritization for the development of carbon capture and utilization technologies,open_access_pdf,unclear
207,Dipotassium hydrogen phosphate activated Al-rich steel slag: The role of layered double hydroxides and aluminum hydrate gel,open_access_pdf,unclear
209,Microbial Characterization of Soil and Biochar Amended Soil in Landfill Cover,abstract,unclear
209,Microbial Characterization of Soil and Biochar Amended Soil in Landfill Cover,open_access_pdf,unclear
211,Carbon dioxide removal could result in the use of lower-grade iron ore in a decarbonized net-negative emission steel industry,abstract,unclear
215,Sustainable building material from CO2 mineralization slag: Aggregate for concretes and effect of CO2 curing,abstract,unclear
215,Sustainable building material from CO2 mineralization slag: Aggregate for concretes and effect of CO2 curing,open_access_pdf,unclear
216,Preparation of ultra-high strength carbonated compacts via accelerated carbonation of magnesium slag,open_access_pdf,unclear
217,Validating carbonation parameters of alkaline solid wastes via integrated thermal analyses: Principles and applications,abstract,unclear
217,Validating carbonation parameters of alkaline solid wastes via integrated thermal analyses: Principles and applications,open_access_pdf,unclear
218,Utilization of magnesium slag to prepare CO2 solidified fiber cement board,abstract,unclear
218,Utilization of magnesium slag to prepare CO2 solidified fiber cement board,open_access_pdf,unclear
220,Quantitative analysis of CO2 uptake by alkaline solid wastes in China,abstract,unclear
220,Quantitative analysis of CO2 uptake by alkaline solid wastes in China,open_access_pdf,unclear
221,Effect of white mud on carbonation resistance of alkali activated slag,abstract,unclear
221,Effect of white mud on carbonation resistance of alkali activated slag,open_access_pdf,unclear
222,CHARACTERIZATION OF CARBONATED STEELMAKING SLAG AND ITS POTENTIAL APPLICATION IN CONSTRUCTION,open_access_pdf,unclear
223,Accelerated carbonation of steel slag for enhanced carbon capture and utilization as aggregate in alkali-activated materials,open_access_pdf,unclear
224,Low-calcium CO2 sequestration materials prepared with full-component solid waste based on lithium slag as crystal regulator,abstract,unclear
224,Low-calcium CO2 sequestration materials prepared with full-component solid waste based on lithium slag as crystal regulator,open_access_pdf,unclear
225,"Evaluation of the combined deterioration by freeze–thaw and carbonation of mortar incorporating BFS, limestone powder and calcium sulfate",abstract,unclear
225,"Evaluation of the combined deterioration by freeze–thaw and carbonation of mortar incorporating BFS, limestone powder and calcium sulfate",open_access_pdf,unclear
228,Mineral carbonation,abstract,unclear
228,Mineral carbonation,open_access_pdf,unclear
229,Utilization of Carbonation Products,venue,unclear
229,Utilization of Carbonation Products,abstract,unclear
229,Utilization of Carbonation Products,open_access_pdf,unclear
231,Alkali-activated aluminosilicate industrial wastes as alternative binders in precast concrete elements,abstract,unclear
231,Alkali-activated aluminosilicate industrial wastes as alternative binders in precast concrete elements,open_access_pdf,unclear
232,Performance comparison of solid waste-derived sulfoaluminate cement and Portland cement under air curing and CO2 curing,abstract,unclear
232,Performance comparison of solid waste-derived sulfoaluminate cement and Portland cement under air curing and CO2 curing,open_access_pdf,unclear
234,Investigation on the CO2 curing enhancement mechanism of artificial aggregates derived from carbide slag and magnesium slag,abstract,unclear
234,Investigation on the CO2 curing enhancement mechanism of artificial aggregates derived from carbide slag and magnesium slag,open_access_pdf,unclear
235,Research on the resource utilization of sewage sludge ash and steel slag in magnesium oxysulfate cement and the carbonation curing effect,abstract,unclear
235,Research on the resource utilization of sewage sludge ash and steel slag in magnesium oxysulfate cement and the carbonation curing effect,open_access_pdf,unclear
236,Optimized Ca/Si ratio design for ultra-high strength carbon mineralization materials: Integrating synergistic mineral effects and crystal grain size enhancement,abstract,unclear
236,Optimized Ca/Si ratio design for ultra-high strength carbon mineralization materials: Integrating synergistic mineral effects and crystal grain size enhancement,open_access_pdf,unclear
237,Accelerated carbonation of MSWI fly ash as a supplementary precursor in alkali-activated materials,open_access_pdf,unclear
239,Accelerated aqueous carbonation of phosphorous slag driven by grinding force: The role of depolymerization of glassy network,abstract,unclear
239,Accelerated aqueous carbonation of phosphorous slag driven by grinding force: The role of depolymerization of glassy network,open_access_pdf,unclear
242,Substantial global carbon uptake by cement carbonation,abstract,unclear
247,"Comparison of reactive magnesia, quick lime, and ordinary Portland cement for stabilization/solidification of heavy metal-contaminated soils",abstract,unclear
248,Valorization of sewage sludge in the fabrication of construction and building materials: A review,abstract,unclear
252,Carbon dioxide sequestration by mineral carbonation,venue,unclear
252,Carbon dioxide sequestration by mineral carbonation,open_access_pdf,unclear
253,Geopolymers in construction - recent developments,abstract,unclear
257,Effect of Disperse Reinforcement on the Structural Quality Factor of Vibrated and Centrifuged Concretes on the Сombined Aggregate,open_access_pdf,unclear
258,Efficiency Comparison of Fiber Reinforcement in Vibrated аnd Centrifuged Concretes at Different Types of the Applied Heavy Aggregate,open_access_pdf,unclear
259,SELECTION OF THE COMPOSITION OF CENTRIFUGED CONCRETE ON HEAVY FILL-ERS,abstract,unclear
261,OPTIMIZATION OF TECHNOLOGICAL PARAMETERS FOR MANUFACTURING CENTRIFUGED CONCRETE SAMPLES OF ANNULAR SECTION,abstract,unclear
261,OPTIMIZATION OF TECHNOLOGICAL PARAMETERS FOR MANUFACTURING CENTRIFUGED CONCRETE SAMPLES OF ANNULAR SECTION,open_access_pdf,unclear
262,Study of changes in strength properties along section thickness of high-strength centrifuged and vibro-centrifuged concrete,open_access_pdf,unclear
264,Dependence of the integral strength characteristics of vibro-centrifuged concrete on technological vibration factors,open_access_pdf,unclear
266,"Analysis of concrete deformation diagram, received by different ways of formation, and their separate layers",open_access_pdf,unclear
270,Influence of Type of Filler and Dispersive Reinforcement on the Nature of Structured Formation and Deformative Properties of Vibrocentrifuged Concrete,open_access_pdf,unclear
272,Composition and Properties of Lightweight Concrete of Variotropic Structure Based on Combined Aggregate and Microsilica,open_access_pdf,unclear
273,Study of thermophysical characteristics of variatropic concretes,open_access_pdf,unclear
274,Prescription and Technological Aspects of Manufacturing High-Quality Centrifuged Products and Structures from Heavy Concrete,open_access_pdf,unclear
275,Assessment of the impact of the electromagnetic field of the catenary system on crack formation in reinforced concrete supports,open_access_pdf,unclear
276,The research on bearing capacity of supports with annular section,open_access_pdf,unclear
277,Experimental investigation and statistical evaluation of mechanical properties of centrifuged PHC pipe pile concrete,abstract,unclear
277,Experimental investigation and statistical evaluation of mechanical properties of centrifuged PHC pipe pile concrete,open_access_pdf,unclear
279,"Aggregate and Local Characteristics of Vibrated (V), Centrifuged (CF), and Vibro-Centrifuged (VCF) Concretes",abstract,unclear
279,"Aggregate and Local Characteristics of Vibrated (V), Centrifuged (CF), and Vibro-Centrifuged (VCF) Concretes",open_access_pdf,unclear
280,Dependence of structural and stress-strain variatropic efficiency coefficients of spun concrete on grain size composition of coarse aggregate,open_access_pdf,unclear
281,Variatropic efficiency of centrifugal lightened concrete based on combined fillers,open_access_pdf,unclear
285,Analytical Method for the Bearing Capacity of the Centrifuge Concrete Filled Thin-walled Steel Tubula under Torsion,venue,unclear
285,Analytical Method for the Bearing Capacity of the Centrifuge Concrete Filled Thin-walled Steel Tubula under Torsion,open_access_pdf,unclear
286,Study of integral and differential strength and deformation characteristics of centrifuged and vibrating centrifuged concrete on activated Portland cement,open_access_pdf,unclear
287,Stress Analysis of Centrifuged Concrete Filled Steel Tube Elements,venue,unclear
287,Stress Analysis of Centrifuged Concrete Filled Steel Tube Elements,abstract,unclear
287,Stress Analysis of Centrifuged Concrete Filled Steel Tube Elements,open_access_pdf,unclear
288,CONSTRUCTIVE QUALITY COEFFICIENTS OF LIGHTWEIGHT CENTRIFUGED CONCRETE ON ALKALI-ACTIVATED WATER,abstract,unclear
288,CONSTRUCTIVE QUALITY COEFFICIENTS OF LIGHTWEIGHT CENTRIFUGED CONCRETE ON ALKALI-ACTIVATED WATER,open_access_pdf,unclear
289,Numerical Modeling of Welding Temperature in Centrifuge Concrete-Filled Steel Tubular Columns,open_access_pdf,unclear
290,State-of-the-Art and Theoretical Background,abstract,unclear
290,State-of-the-Art and Theoretical Background,open_access_pdf,unclear
291,Technology and Experimental Setup for Manufacturing Centrifuged (CF) and Vibro-centrifuged (VCF) Concrete Elements with Functionally Gradient Structure,abstract,unclear
291,Technology and Experimental Setup for Manufacturing Centrifuged (CF) and Vibro-centrifuged (VCF) Concrete Elements with Functionally Gradient Structure,open_access_pdf,unclear
295,Comparison of Static and Dynamic Pile Load Tests at Thi Vai International Port in Viet Nam,open_access_pdf,unclear
296,Experimental study on seismic performance of prestressed concrete solid square piles,open_access_pdf,unclear
299,Research on Horizontal Bearing Capacity of Precast Thin-Wall Steel and Spun Concrete Composite Pile,open_access_pdf,unclear
300,Flexural performance of pretensioned centrifugal spun concrete piles with combined steel strands and reinforcing bars,abstract,unclear
300,Flexural performance of pretensioned centrifugal spun concrete piles with combined steel strands and reinforcing bars,open_access_pdf,unclear
301,Experimental Research on Flexural Behavior of Precast Thin-Wall Steel and Spun Concrete Composite Pile,open_access_pdf,unclear
302,Full-scale experimental study of the seismic performance of pretensioned spun high-strength concrete piles,abstract,unclear
302,Full-scale experimental study of the seismic performance of pretensioned spun high-strength concrete piles,open_access_pdf,unclear
316,Evaluation of time-dependent pile capacity increase in soft clay,venue,unclear
318,speed,venue,unclear
318,speed,open_access_pdf,unclear
320,Influence of Pile Soil Interaction on Seismic Behavior of PHC Pipe Piles,venue,unclear
326,Traffic generated non-exhaust particulate emissions from concrete pavement: A mass and particle size study for two-wheelers and small cars,abstract,unclear
326,Traffic generated non-exhaust particulate emissions from concrete pavement: A mass and particle size study for two-wheelers and small cars,open_access_pdf,unclear
327,Unsaturated Polyesters and Vinyl Esters,abstract,unclear
327,Unsaturated Polyesters and Vinyl Esters,open_access_pdf,unclear
329,Unsaturated polyesters and vinyl esters,abstract,unclear
329,Unsaturated polyesters and vinyl esters,open_access_pdf,unclear
331,Pylons made of high-strength spun concrete and prestressed with carbon fibre reinforced plastic for high power transmission lines,open_access_pdf,unclear
333,The effects of latex additions on centrifugally cast concrete for internal pipeline protection,venue,unclear
333,The effects of latex additions on centrifugally cast concrete for internal pipeline protection,open_access_pdf,unclear
334,Seismic Performance Test of TSC Composit Beam to CRC Composit Column Connections,open_access_pdf,unclear
335,Cement-Free Refractory Concretes. Part 12-1. Siliceous Composition HCBS and Ceramic Concretes,abstract,unclear
335,Cement-Free Refractory Concretes. Part 12-1. Siliceous Composition HCBS and Ceramic Concretes,open_access_pdf,unclear
336,Functionally graded materials classifications and development trends from industrial point of view,abstract,unclear
337,Trends in the global market of iron and iron castings in the first quarter of the 21st century,open_access_pdf,unclear
338,Effect of Joint Reinforcement on Reinforced Concrete Pile by Centrifugal Casting,abstract,unclear
338,Effect of Joint Reinforcement on Reinforced Concrete Pile by Centrifugal Casting,open_access_pdf,unclear
343,Advances in lightweight composite structures and manufacturing technologies: A comprehensive review,open_access_pdf,unclear
344,Effect of processing factors on the characteristics of centrifugal casting,open_access_pdf,unclear
357,"Effects of Cement Chemistry, Admixtures, and Inhibitors on Corrosion Protection of Steel Pipelines by Interal Concrete Liners",venue,unclear
357,"Effects of Cement Chemistry, Admixtures, and Inhibitors on Corrosion Protection of Steel Pipelines by Interal Concrete Liners",open_access_pdf,unclear
372,Performance Evaluation of the Pretensioned Spun High Strength Concrete Piles (PHC) Using Recycled Concrete Aggregate,open_access_pdf,unclear
374,Experimental investigation on recycled aggregate concrete filled steel tubular stub columns under axial compression,abstract,unclear
378,Corrosion Behavior of Prestressed High-Strength Concrete Piles and Cast-in-Place Piles in a Landfill Leachate Environment,abstract,unclear
378,Corrosion Behavior of Prestressed High-Strength Concrete Piles and Cast-in-Place Piles in a Landfill Leachate Environment,open_access_pdf,unclear
391,Responses of fresh concrete piles induced by pipe pile casing penetration in clay,open_access_pdf,unclear
392,Numerical simulation of plug formation during casing installation of cast-in-place concrete pipe (PCC) piles,open_access_pdf,unclear
410,Editorial,abstract,unclear
413,A novel casting procedure for SFRC piles without shear reinforcement using the centrifugal forming technique to manipulate the fiber orientation and distribution,abstract,unclear
413,A novel casting procedure for SFRC piles without shear reinforcement using the centrifugal forming technique to manipulate the fiber orientation and distribution,open_access_pdf,unclear
414,Shear performance of centrifugal forming hollow circular SFRC piles: Feasibility study of replacing stirrups with steel fibers,abstract,unclear
414,Shear performance of centrifugal forming hollow circular SFRC piles: Feasibility study of replacing stirrups with steel fibers,open_access_pdf,unclear
415,Seismic performances of centrifugally-formed hollow-core precast columns with multi-interlocking spirals,open_access_pdf,unclear
417,Effects of centrifugal forming and steam curing on the fracture behavior of PHC pipe pile concrete,open_access_pdf,unclear
419,Research on production technology of lightweight anticorrosive partially prestressed RPC transmission tower,venue,unclear
419,Research on production technology of lightweight anticorrosive partially prestressed RPC transmission tower,open_access_pdf,unclear
432,Size Matters - Understanding Monumentality Across Ancient Civilizations,open_access_pdf,unclear
439,"CAMPS OF PROTECTION, SPACES OF EXCEPTION: A READING OF THE UNITED NATIONS PROTECTION OF CIVILIANS SITES IN SOUTH SUDAN",venue,unclear
441,"Driven Ductile Iron Pipe Piles: Design, Installation, and Performance",venue,unclear
441,"Driven Ductile Iron Pipe Piles: Design, Installation, and Performance",open_access_pdf,unclear
442,Corrosion Performance of Concrete Cylinder Piles,venue,unclear
442,Corrosion Performance of Concrete Cylinder Piles,open_access_pdf,unclear
443,displacement centrifugally-cast concrete pile,authors,unclear
443,displacement centrifugally-cast concrete pile,venue,unclear
443,displacement centrifugally-cast concrete pile,abstract,unclear
443,displacement centrifugally-cast concrete pile,open_access_pdf,unclear
444,driven centrifugally-cast concrete pile,authors,unclear
444,driven centrifugally-cast concrete pile,venue,unclear
444,driven centrifugally-cast concrete pile,abstract,unclear
444,driven centrifugally-cast concrete pile,open_access_pdf,unclear
445,centrifugally-cast concrete driven pile,authors,unclear
445,centrifugally-cast concrete driven pile,venue,unclear
445,centrifugally-cast concrete driven pile,abstract,unclear
445,centrifugally-cast concrete driven pile,open_access_pdf,unclear
451,Predicting load–displacement of driven PHC pipe piles using stacking ensemble with Pareto optimization,abstract,unclear
451,Predicting load–displacement of driven PHC pipe piles using stacking ensemble with Pareto optimization,open_access_pdf,unclear
452,Durable life assessment of centrifugal stratified PHC piles in marine environment,abstract,unclear
452,Durable life assessment of centrifugal stratified PHC piles in marine environment,open_access_pdf,unclear
454,Effect of Hinge-Type Connections on the Lateral Cyclic Behavior of a Prestressed High-Strength Concrete Pile,venue,unclear
454,Effect of Hinge-Type Connections on the Lateral Cyclic Behavior of a Prestressed High-Strength Concrete Pile,open_access_pdf,unclear
455,"Durability of prestressed high-strength concrete (PHC) piles in landfill leachate: Corrosion behavior, microstructural evolution, and structural integrity assessment",open_access_pdf,unclear
468,Chloride resistance of prestressed high-strength concrete pipe piles subjected to different curing conditions and chloride concentrations,abstract,unclear
469,Determination of cement hydration and pozzolanic reaction extents for fly-ash cement pastes,abstract,unclear
469,Determination of cement hydration and pozzolanic reaction extents for fly-ash cement pastes,open_access_pdf,unclear
470,Photocatalytic Cementitious Materials: Influence of the Microstructure of Cement Paste on Photocatalytic Pollution Degradation,open_access_pdf,unclear
471,Three-dimensional microstructure analysis of numerically simulated cementitious materials,abstract,unclear
471,Three-dimensional microstructure analysis of numerically simulated cementitious materials,open_access_pdf,unclear
472,Effect of porosity on thermal expansion coefficient of cement pastes and mortars,abstract,unclear
472,Effect of porosity on thermal expansion coefficient of cement pastes and mortars,open_access_pdf,unclear
473,Interactions between Organic and Inorganic Phases in PA- and PU/PA-Modified-Cement-Based Materials,open_access_pdf,unclear
475,A laboratory study of Portland cement hydration under low temperatures,open_access_pdf,unclear
476,Kinetic and thermodynamic modeling of Portland cement hydration at low temperatures,abstract,unclear
476,Kinetic and thermodynamic modeling of Portland cement hydration at low temperatures,open_access_pdf,unclear
477,Coupled effects of curing stress and curing temperature on mechanical and physical properties of cemented paste backfill,abstract,unclear
477,Coupled effects of curing stress and curing temperature on mechanical and physical properties of cemented paste backfill,open_access_pdf,unclear
479,"Assessment of material characteristics of ancient concretes, Grande Aula, Markets of Trajan, Rome",abstract,unclear
479,"Assessment of material characteristics of ancient concretes, Grande Aula, Markets of Trajan, Rome",open_access_pdf,unclear
480,Mechanical properties and piezoresistive performances of intrinsic graphene nanoplate/cement-based sensors subjected to impact load,abstract,unclear
480,Mechanical properties and piezoresistive performances of intrinsic graphene nanoplate/cement-based sensors subjected to impact load,open_access_pdf,unclear
481,Properties of sustainable self-compacting concrete incorporating discarded sandstone slurry,abstract,unclear
481,Properties of sustainable self-compacting concrete incorporating discarded sandstone slurry,open_access_pdf,unclear
483,Fundamental Properties of Mortar Containing Waste Concrete Powder,open_access_pdf,unclear
484,Characterization of the nanoparticles formed in aqueous phase of hydrating cement pastes in the presence of PCEs,abstract,unclear
484,Characterization of the nanoparticles formed in aqueous phase of hydrating cement pastes in the presence of PCEs,open_access_pdf,unclear
485,Concrete dams: thermal-stress and construction stage analysis,open_access_pdf,unclear
487,Performance of self-compacting mortars with granite sludge as aggregate,abstract,unclear
487,Performance of self-compacting mortars with granite sludge as aggregate,open_access_pdf,unclear
488,Effect of Quality and Quantity of Locally Produced Filler (Passing Sieve No. 200) on Asphaltic Mixtures in Dubai,venue,unclear
488,Effect of Quality and Quantity of Locally Produced Filler (Passing Sieve No. 200) on Asphaltic Mixtures in Dubai,open_access_pdf,unclear
491,Hydration Effects on Specific Gravity and Void Ratio of Cemented Paste Backfill,open_access_pdf,unclear
494,Calcium Leaching of Cement Asphalt Paste and Its Effects on Dynamic Mechanical Properties,open_access_pdf,unclear
495,Effect of aluminium phases on thaumasite formation in cement slurries containing limestone powder,open_access_pdf,unclear
496,Hydration Mechanism of Portland Cement Prepared from Stonecoal Vanadium Slag,open_access_pdf,unclear
497,The problem of temperature cracking in concrete gravity dams,open_access_pdf,unclear
498,Influence of alkali-silica reaction on the shear capacity of reinforced concrete beams with minimum transverse reinforcement,abstract,unclear
499,Thermal insulating coating mortars with mining and steel residues and the proposition of a “thermal insulating admixture”,abstract,unclear
499,Thermal insulating coating mortars with mining and steel residues and the proposition of a “thermal insulating admixture”,open_access_pdf,unclear
500,Slurry flow mechanism with time-varying viscosity in regional long-hole grouting for floor reinforcement,open_access_pdf,unclear
501,High resolution transmission soft X‐ray microscopy of deterioration products developed in large concrete dams,open_access_pdf,unclear
503,Durability of Portland Cement with and without Metal Oxide Weighting Material in a CO2/ H2S Environment,open_access_pdf,unclear
506,Effect of Partial Replacement of Cement with Volcanic Ash on Mechanical Behaviour of Mortar,open_access_pdf,unclear
508,3D printing using concrete extrusion: A roadmap for research,open_access_pdf,unclear
509,Investigating the physical and chemical contribution of ground low-quality fly ash particles to cementitious composites,open_access_pdf,unclear
511,Influence of Water Content on Hydration Products in Cement-Stabilized Pond Ash Using FTIR Spectroscopy,open_access_pdf,unclear
515,Temperature Dependency of the Rheological Properties and Strength of Cemented Paste Backfill That Contains Sodium Silicate,open_access_pdf,unclear
516,"Extrusion-based additive manufacturing with cement-based materials – Production steps, processes, and their underlying physics: A review",open_access_pdf,unclear
517,Influence of gravity on the micromechanical properties of portland cement and lunar regolith simulant composites,abstract,unclear
517,Influence of gravity on the micromechanical properties of portland cement and lunar regolith simulant composites,open_access_pdf,unclear
518,Cement Paste Cylinders Cured in Microgravity on the Iss: Impact of Air-Entraining Agent on Structural Performance,abstract,unclear
518,Cement Paste Cylinders Cured in Microgravity on the Iss: Impact of Air-Entraining Agent on Structural Performance,open_access_pdf,unclear
519,Influence of <scp>PCE</scp> kind and dosage on ettringite crystallization performed under terrestrial and microgravity conditions,open_access_pdf,unclear
520,MASON Study into Cement Paste Hardening in Microgravity,abstract,unclear
520,MASON Study into Cement Paste Hardening in Microgravity,open_access_pdf,unclear
521,Understanding the behaviour of graphene oxide in Portland cement paste,abstract,unclear
525,Subsurface Hydrogen and Natural Gas Storage (State of Knowledge and Research Recommendations Report),venue,unclear
526,Mimicking bone microenvironment: 2D and 3D in vitro models of human osteoblasts,abstract,unclear
526,Mimicking bone microenvironment: 2D and 3D in vitro models of human osteoblasts,open_access_pdf,unclear
528,First-principles investigations of arsenate doping into the ettringite lattice,abstract,unclear
530,Influence of Gravity on the Micromechanical Properties of Portland Cement and Lunar Regolith Simulant Composites,abstract,unclear
530,Influence of Gravity on the Micromechanical Properties of Portland Cement and Lunar Regolith Simulant Composites,open_access_pdf,unclear
535,"Regulations on the hydration, morphology, and sulfate-attack resistivity of C3A with micro/nano-silica particles",open_access_pdf,unclear
537,"Dissolution–precipitation kinetics during C<mml:math xmlns:mml=""http://www.w3.org/1998/Math/MathML"" altimg=""si59.svg"" display=""inline"" id=""d1e832""><mml:msub><mml:mrow/><mml:mrow><mml:mn>3</mml:mn></mml:mrow></mml:msub></mml:math>S hydration: A holographic interferometry study",abstract,unclear
549,Properties and applications of natural zeolites,open_access_pdf,unclear
553,A hybrid deep boosting framework with adaptive label stabilization for SEM-based porosity estimation in fly-ash cement mortar,open_access_pdf,unclear
556,Chemical and mechanical origin of ettringite morphology and packing properties,open_access_pdf,unclear
558,Rheology of colloidal lunar resources for their utilization and waste minimization perspectives,open_access_pdf,unclear
560,Publications :,venue,unclear
561,"Building and Fire Research Laboratory publications, 1992",venue,unclear
562,Conceptual design and performance evaluation of two-stage ultra-low binder ultra-high performance concrete,abstract,unclear
575,"Effects of hypergravity environments on amphibian development, gene expression and apoptosis",abstract,unclear
575,"Effects of hypergravity environments on amphibian development, gene expression and apoptosis",open_access_pdf,unclear
576,Application of physical model test in underground engineering: A review of methods and technologies,abstract,unclear
576,Application of physical model test in underground engineering: A review of methods and technologies,open_access_pdf,unclear
577,Role of the plant cell wall in gravity resistance,abstract,unclear
580,Controlled release of drugs in electrosprayed nanoparticles for bone tissue engineering,abstract,unclear
586,Spiculous skeleton formation in the freshwater sponge <i>Ephydatia fluviatilis</i> under hypergravity conditions,open_access_pdf,unclear
590,Trackbed settlement and associated ballast degradation due to repeated train moving loads,abstract,unclear
591,Vestibular CCK signaling drives motion sickness–like behavior in mice,open_access_pdf,unclear
596,Thermally induced ratcheting of a thermo-active reinforced concrete pile in sand under sustained lateral load,open_access_pdf,unclear
599,Periprosthetic strain magnitude-dependent upregulation of type I collagen synthesis in human osteoblasts through an ERK1/2 pathway,abstract,unclear
605,Ultraviolet microspectrophotometric investigation of the distribution of lignin in Prunus jamasakura differentiated on a three-dimensional clinostat,abstract,unclear
612,Centrifuge modelling of energy geostructures in soil: A review,open_access_pdf,unclear
616,Characterization and preparation of food-derived peptides on improving osteoporosis: A review,open_access_pdf,unclear
617,Thermal performance prediction of radial-rotating oscillating heat pipe by a novel fusion model: A case study of application in grinding,open_access_pdf,unclear
621,A comprehensive review of lunar-based manufacturing and construction,abstract,unclear
622,Micro Characterization of Deformations in Granular Materials during Shear,venue,unclear
627,"Ceramics, technical activities 1997",venue,unclear
629,Geopolymers with tailored porosity,open_access_pdf,unclear
631,Multiscale Modeling of Reconstructed Tricalcium Silicate using NASA Multiscale Analysis Tool,venue,unclear
631,Multiscale Modeling of Reconstructed Tricalcium Silicate using NASA Multiscale Analysis Tool,open_access_pdf,unclear
637,Bidirectional Catalysis Disintegration and Mineral Polymerization via Endogenous Iron(III) from Iron-Rich Sludge in Synergy with Waste Incineration Fly Ash,open_access_pdf,unclear
639,Gravity-Induced Symmetry Breaking in Chemical Gardens,open_access_pdf,unclear
640,"To boldly go where no one has gone before: Sulfur concrete, a promising construction material fulfilling the demands for a sustainable future on celestial objects: A review",abstract,unclear
642,Editorial: Innovation in Cements for Sustainability,abstract,unclear
647,Proposal for a testing standard for Planetary Construction technologies with ISRU,venue,unclear
648,Analysis of the Solid Products from the OSCAR and the AOWG Trash Processing Systems,venue,unclear
650,Effect of PFDTS/TiO<sub>2</sub> Coating on Microstructure and Wetting Behavior of Phosphogypsum,open_access_pdf,unclear
652,Preview: 1990 MRS Fall Meeting,abstract,unclear
653,RADIATION EFFECTS ON THE CORROSION OF METALS,venue,unclear
654,"AGROECOLOGICAL MONITORING OF GRASHTITSA RIVER, SW BULGARIA",venue,unclear
655,CALCULATION AND RESEARCH OF MICROWAVE DEVICES,venue,unclear
656,RADIATION SAFETY AND RISK MANAGEMENT OF IONIZING RADIATION,venue,unclear
657,ASTRONOMY EDUCATION AT VAPTSAROV NAVAL ACADEMY,venue,unclear
658,Behavior of Fresh Mortar in a Vacuum and Microstructure of Mortar Hardened in a Vacuum,venue,unclear
658,Behavior of Fresh Mortar in a Vacuum and Microstructure of Mortar Hardened in a Vacuum,open_access_pdf,unclear
662,"Ceramics division, FY 2000 programs and accomplishments",venue,unclear
663,Transport properties of water and glycol in an ultra high performance fiber reinforced concrete (UHPFRC) under high tensile deformation,abstract,unclear
664,The Aspects of Bleeding Instability of Portland Cement,venue,unclear
664,The Aspects of Bleeding Instability of Portland Cement,open_access_pdf,unclear
666,Analysis of the water absorption test to assess the intrinsic permeability of earthen materials,abstract,unclear
667,"Microstructure, tensile strength and shear strength of aggregate-mortar interface: Effect of aggregate mineralogy",abstract,unclear
671,Pulsating Poiseuille flow of a cement slurry,abstract,unclear
675,Thermal Impact on the Excavation Damage Zone Around a Supported Drift Using the 2nd Gradient Model,abstract,unclear
681,Quantitative determination of the hydrostatic pressure of oil-well cement slurry using its hydration kinetics,abstract,unclear
681,Quantitative determination of the hydrostatic pressure of oil-well cement slurry using its hydration kinetics,open_access_pdf,unclear
682,Effect of partial substitution of superplasticizer by silanes in Portland cement pastes,abstract,unclear
682,Effect of partial substitution of superplasticizer by silanes in Portland cement pastes,open_access_pdf,unclear
684,Performance of lime calcined clay cement-an experimental and microstructural evaluation,abstract,unclear
685,Digital Concrete: A Review,abstract,unclear
686,Development of geopolymer mortar under ambient temperature for in situ applications,abstract,unclear
687,Recent advances on yield stress and elasticity of fresh cement-based materials,abstract,unclear
689,Improving printability of limestone-calcined clay-based cementitious materials by using viscosity-modifying admixture,open_access_pdf,unclear
690,"Effect of nano-silica particles on the hydration, the rheology and the strength development of a blended cement paste",abstract,unclear
692,"Effects of the addition of nanosilica on the rheology, hydration and development of the compressive strength of cement mortars",abstract,unclear
692,"Effects of the addition of nanosilica on the rheology, hydration and development of the compressive strength of cement mortars",open_access_pdf,unclear
694,"Influence of SiO2, TiO2 and Fe2O3 nanoparticles on the properties of fly ash blended cement mortars",open_access_pdf,unclear
698,"Influence of nano-clay on rheology, fresh properties, heat of hydration and strength of cement-based mortars",abstract,unclear
700,Properties of cement mortar incorporated high volume fraction of GGBFS and CKD from 1 day to 550 days,abstract,unclear
701,Predicting the rheology of limestone calcined clay cements (LC3): Linking composition and hydration kinetics to yield stress through Machine Learning,abstract,unclear
703,Properties of cement pastes and mortars containing recycled green glass powder,abstract,unclear
704,Optimal cement paste yield stress for the production of stable cement foams,abstract,unclear
705,Prediction &amp; optimization of alkali-activated concrete based on the random forest machine learning algorithm,abstract,unclear
713,Mitigating shrinkage of alkali activated slag with biofilm,open_access_pdf,unclear
714,CEMHYD3D:,venue,unclear
715,Effect of fly ash on microstructural and resistance characteristics of dredged sediment stabilized with lime and cement,abstract,unclear
720,Physicochemical properties of ettringite/meta-ettringite for thermal energy storage: Review,abstract,unclear
726,Rheology and structural build-up of sodium silicate- and sodium hydroxide-activated GGBFS mixtures,open_access_pdf,unclear
728,Effects of carbonation pressure and duration on strength evolution of concrete subjected to accelerated carbonation curing,abstract,unclear
728,Effects of carbonation pressure and duration on strength evolution of concrete subjected to accelerated carbonation curing,open_access_pdf,unclear
729,Mathematical modeling of CO2 uptake by concrete during accelerated carbonation curing,abstract,unclear
729,Mathematical modeling of CO2 uptake by concrete during accelerated carbonation curing,open_access_pdf,unclear
730,Physico–Chemical Processes Limiting CO<sub>2</sub> Uptake in Concrete during Accelerated Carbonation Curing,open_access_pdf,unclear
731,CO<sub>2</sub>Sequestration in Concrete through Accelerated Carbonation Curing in a Flow-through Reactor,open_access_pdf,unclear
732,Effect of accelerated carbonation curing on near surface properties of concrete,open_access_pdf,unclear
733,Accelerated carbonation curing of concrete incorporating calcium carbide residue,abstract,unclear
733,Accelerated carbonation curing of concrete incorporating calcium carbide residue,open_access_pdf,unclear
735,Comparative life cycle environmental assessment of recycled aggregates concrete blocks using accelerated carbonation curing and traditional methods,open_access_pdf,unclear
736,Accelerated carbonation – A potential approach to sequester CO2 in cement paste containing slag and reactive MgO,abstract,unclear
736,Accelerated carbonation – A potential approach to sequester CO2 in cement paste containing slag and reactive MgO,open_access_pdf,unclear
737,Effects of accelerated carbonation on the microstructure of Portland cement pastes containing reactive MgO,abstract,unclear
737,Effects of accelerated carbonation on the microstructure of Portland cement pastes containing reactive MgO,open_access_pdf,unclear
739,Long term performance of concrete using accelerated carbonation curing: an effective CCUS technique,open_access_pdf,unclear
741,Strength and permeation characteristics of pervious concrete subjected to accelerated carbonation curing,open_access_pdf,unclear
743,Studying the hardening and mechanical performances of rice husk and hemp-based building materials cured under natural and accelerated carbonation,abstract,unclear
743,Studying the hardening and mechanical performances of rice husk and hemp-based building materials cured under natural and accelerated carbonation,open_access_pdf,unclear
744,An overview on the efficiency of different pretreatment techniques for recycled concrete aggregate,abstract,unclear
744,An overview on the efficiency of different pretreatment techniques for recycled concrete aggregate,open_access_pdf,unclear
745,Influence of accelerated carbonation curing on the properties of self-compacting concrete mixtures containing different mineral fillers,open_access_pdf,unclear
746,Accelerated carbonation curing of cement mortars containing cement kiln dust: An effective way of CO2 sequestration and carbon footprint reduction,abstract,unclear
746,Accelerated carbonation curing of cement mortars containing cement kiln dust: An effective way of CO2 sequestration and carbon footprint reduction,open_access_pdf,unclear
747,Application potential analysis of biochar as a carbon capture material in cementitious composites: A review,abstract,unclear
747,Application potential analysis of biochar as a carbon capture material in cementitious composites: A review,open_access_pdf,unclear
748,Service life assessment of accelerated carbonation-cured concrete considering weathering carbonation and chloride ingression,abstract,unclear
748,Service life assessment of accelerated carbonation-cured concrete considering weathering carbonation and chloride ingression,open_access_pdf,unclear
749,Accelerated carbonation as a fast curing technology for concrete blocks,abstract,unclear
749,Accelerated carbonation as a fast curing technology for concrete blocks,open_access_pdf,unclear
751,Utilization of carbon dioxide as an alternative to urea in biocementation,abstract,unclear
751,Utilization of carbon dioxide as an alternative to urea in biocementation,open_access_pdf,unclear
753,A comprehensive investigation on application of microsilica and rice straw ash in rigid pavement,abstract,unclear
753,A comprehensive investigation on application of microsilica and rice straw ash in rigid pavement,open_access_pdf,unclear
754,Accelerated Carbonation Curing of Foam Concrete with Lower Density,open_access_pdf,unclear
755,Investigation on the effects of acidic environment and accelerated carbonation on concrete admixed with rice straw ash and microsilica,abstract,unclear
755,Investigation on the effects of acidic environment and accelerated carbonation on concrete admixed with rice straw ash and microsilica,open_access_pdf,unclear
756,Mechanical properties and rapid chloride permeability of carbonated concrete containing reactive MgO,abstract,unclear
756,Mechanical properties and rapid chloride permeability of carbonated concrete containing reactive MgO,open_access_pdf,unclear
757,Investigating the effect of accelerated carbonation curing duration on Portland and pozzolana cement‐based concrete,open_access_pdf,unclear
758,Bacteria-induced internal carbonation of reactive magnesia cement,abstract,unclear
758,Bacteria-induced internal carbonation of reactive magnesia cement,open_access_pdf,unclear
760,A new method for improving the resistance of cement-based materials to carbonic acid water corrosion: Carbonation curing and further water curing,abstract,unclear
760,A new method for improving the resistance of cement-based materials to carbonic acid water corrosion: Carbonation curing and further water curing,open_access_pdf,unclear
761,Strength and durability improvements of biochar-blended mortar or paste using accelerated carbonation curing,abstract,unclear
761,Strength and durability improvements of biochar-blended mortar or paste using accelerated carbonation curing,open_access_pdf,unclear
762,Service Life Assessment of Accelerated Carbonation-Cured Concrete Considering Weathering Carbonation and Chloride Ingression,abstract,unclear
762,Service Life Assessment of Accelerated Carbonation-Cured Concrete Considering Weathering Carbonation and Chloride Ingression,open_access_pdf,unclear
763,CO2 sequestration on cement,abstract,unclear
763,CO2 sequestration on cement,open_access_pdf,unclear
764,Carbon sequestration in cementitious matrix containing pyrogenic carbon from waste biomass: A comparison of external and internal carbonation approach,abstract,unclear
764,Carbon sequestration in cementitious matrix containing pyrogenic carbon from waste biomass: A comparison of external and internal carbonation approach,open_access_pdf,unclear
766,Experimental investigation into the self-carbonation mechanism of magnesium oxide carbon sequestration foamed concrete,open_access_pdf,unclear
767,Synergic effect of metal-organic frameworks and process parameters on the properties of concrete subjected to accelerated carbonation,abstract,unclear
767,Synergic effect of metal-organic frameworks and process parameters on the properties of concrete subjected to accelerated carbonation,open_access_pdf,unclear
768,A Novel Process of CO2 Reduction and CO2 Sequestration Through an Innovative Accelerated Carbonation Technique,abstract,unclear
768,A Novel Process of CO2 Reduction and CO2 Sequestration Through an Innovative Accelerated Carbonation Technique,open_access_pdf,unclear
769,Accelerated carbon dioxide sequestration,open_access_pdf,unclear
770,Effects of nano palm oil fuel ash on hydration of cement under the accelerated carbonation curing,abstract,unclear
770,Effects of nano palm oil fuel ash on hydration of cement under the accelerated carbonation curing,open_access_pdf,unclear
771,"CO&lt;SUB align=""right""&gt;2 capture of concrete units for pavement through accelerated carbonation cure",open_access_pdf,unclear
772,Accelerated Carbonation Curing as a Means of Reducing Carbon Dioxide Emissions,open_access_pdf,unclear
773,Carbon dioxide sequestration characteristics of concrete mixtures incorporating high-volume cement kiln dust,open_access_pdf,unclear
774,Towards sustainable artificial aggregate production using industrial waste and CO2: A comprehensive review,abstract,unclear
774,Towards sustainable artificial aggregate production using industrial waste and CO2: A comprehensive review,open_access_pdf,unclear
775,CO2 capture of concrete units for pavement through accelerated carbonation cure,abstract,unclear
775,CO2 capture of concrete units for pavement through accelerated carbonation cure,open_access_pdf,unclear
776,Accelerated carbonation and performance of concrete made with steel slag as binding materials and aggregates,open_access_pdf,unclear
777,The utilization of eco-friendly recycled powder from concrete and brick waste in new concrete: A critical review,abstract,unclear
777,The utilization of eco-friendly recycled powder from concrete and brick waste in new concrete: A critical review,open_access_pdf,unclear
778,Development of low-carbon cementitious materials via carbonating Portland cement–fly ash–magnesia blends under various curing scenarios: a comparative study,abstract,unclear
778,Development of low-carbon cementitious materials via carbonating Portland cement–fly ash–magnesia blends under various curing scenarios: a comparative study,open_access_pdf,unclear
779,Microstructure and mechanical properties of CO2-cured steel slag brick in pilot-scale,abstract,unclear
779,Microstructure and mechanical properties of CO2-cured steel slag brick in pilot-scale,open_access_pdf,unclear
780,Improvement of properties of architectural mortars prepared with 100% recycled glass by CO2 curing,abstract,unclear
780,Improvement of properties of architectural mortars prepared with 100% recycled glass by CO2 curing,open_access_pdf,unclear
781,"Compressive strength, water and chloride transport properties of early CO2-cured Portland cement-fly ash-slag ternary mortars",abstract,unclear
781,"Compressive strength, water and chloride transport properties of early CO2-cured Portland cement-fly ash-slag ternary mortars",open_access_pdf,unclear
782,Impact of nano-TiO2 addition on the reduction of net CO2 emissions of cement pastes after CO2 curing,abstract,unclear
782,Impact of nano-TiO2 addition on the reduction of net CO2 emissions of cement pastes after CO2 curing,open_access_pdf,unclear
783,Mechanism of blended steel slag mortar with CO2 curing exposed to sulfate attack,abstract,unclear
783,Mechanism of blended steel slag mortar with CO2 curing exposed to sulfate attack,open_access_pdf,unclear
784,Effects of reactive MgO on durability and microstructure of cement-based materials: Considering carbonation and pH value,abstract,unclear
784,Effects of reactive MgO on durability and microstructure of cement-based materials: Considering carbonation and pH value,open_access_pdf,unclear
785,"Carbon dioxide sequestration in cementitious materials: A review of techniques, material performance, and environmental impact",open_access_pdf,unclear
786,Water resistance of magnesium oxychloride cement wood board with the incorporation of supplementary cementitious materials,abstract,unclear
786,Water resistance of magnesium oxychloride cement wood board with the incorporation of supplementary cementitious materials,open_access_pdf,unclear
787,Influence of recycled concrete powder and CO2 curing on the properties of thermal insulation mortars,abstract,unclear
787,Influence of recycled concrete powder and CO2 curing on the properties of thermal insulation mortars,open_access_pdf,unclear
788,The impact of CO2 uptake rate on the environmental performance of cementitious composites: A new dynamic Global Warming Potential analysis,abstract,unclear
788,The impact of CO2 uptake rate on the environmental performance of cementitious composites: A new dynamic Global Warming Potential analysis,open_access_pdf,unclear
789,Carbon sequestration in cementitious systems through CO2-rich hydration and chemically enforced CO2 mineralization,open_access_pdf,unclear
790,Performance degradation of CO2 cured cement-coal gangue pastes with low-temperature sulfate solution immersion,open_access_pdf,unclear
791,Adjusting curing parameters for innovative and durable vegetable fibre-cement composites,abstract,unclear
791,Adjusting curing parameters for innovative and durable vegetable fibre-cement composites,open_access_pdf,unclear
792,Using cemented paste backfill to tackle the phosphogypsum stockpile in China: A down-to-earth technology with new vitalities in pollutant retention and CO2 abatement,abstract,unclear
792,Using cemented paste backfill to tackle the phosphogypsum stockpile in China: A down-to-earth technology with new vitalities in pollutant retention and CO2 abatement,open_access_pdf,unclear
793,Investigation of microstructure and mechanical performance of carbon-capture binder using AOD stainless steel slag,abstract,unclear
793,Investigation of microstructure and mechanical performance of carbon-capture binder using AOD stainless steel slag,open_access_pdf,unclear
796,Dredged marine soil stabilization using magnesia cement augmented with biochar/slag,open_access_pdf,unclear
798,Influences of titanium dioxide nanoparticles on regulation of crystalline growth and early carbonation of cementitious composites,abstract,unclear
798,Influences of titanium dioxide nanoparticles on regulation of crystalline growth and early carbonation of cementitious composites,open_access_pdf,unclear
799,CO2 curing of SCMs blended cement blocks subject to elevated temperatures,abstract,unclear
799,CO2 curing of SCMs blended cement blocks subject to elevated temperatures,open_access_pdf,unclear
800,Effect of MgO and superfine slag modification on the carbonation resistance of phosphogypsum-based cementitious materials: Based on hydration enhancement and phase evolution regulation,abstract,unclear
800,Effect of MgO and superfine slag modification on the carbonation resistance of phosphogypsum-based cementitious materials: Based on hydration enhancement and phase evolution regulation,open_access_pdf,unclear
801,CO2 curing of hydrated lime modified pervious concretes,open_access_pdf,unclear
802,Production of a novel belite-ternesite cement with high CO2 reactivity using 100% municipal solid waste incineration (MSWI) residues,abstract,unclear
802,Production of a novel belite-ternesite cement with high CO2 reactivity using 100% municipal solid waste incineration (MSWI) residues,open_access_pdf,unclear
804,Influence of CO2 Curing and Autoclaved Aerated Concrete Powder on Sulfate Attack of Cement Paste at Low Temperature,open_access_pdf,unclear
805,Further hydration hardening behavior of CO2-cured sodium-doped calcium silicate compacts,open_access_pdf,unclear
806,Assessment of the long-term photocatalytic performance of cementitious systems incorporating different mineral admixtures,abstract,unclear
806,Assessment of the long-term photocatalytic performance of cementitious systems incorporating different mineral admixtures,open_access_pdf,unclear
807,Enhanced subsurface chloride transport resistance of cement pastes via optimizing CO2 curing time,abstract,unclear
807,Enhanced subsurface chloride transport resistance of cement pastes via optimizing CO2 curing time,open_access_pdf,unclear
808,Performance of cementitious materials prepared with magnesium slag and concrete slurry waste,abstract,unclear
808,Performance of cementitious materials prepared with magnesium slag and concrete slurry waste,open_access_pdf,unclear
810,Application of bio-inspired materials in CO2 sequestration of cementitious construction materials,abstract,unclear
810,Application of bio-inspired materials in CO2 sequestration of cementitious construction materials,open_access_pdf,unclear
811,Unlocking the Depth-Dependent Limitation of External CO<sub>2</sub> Curing in Carbonatable Cementitious Materials Using Enzymatic Solution-Impregnated Hydrogels,open_access_pdf,unclear
813,Utilization of CO2 in High Performance Building and Infrastructure Products,venue,unclear
813,Utilization of CO2 in High Performance Building and Infrastructure Products,open_access_pdf,unclear
814,Comparative Life-Cycle Assessment of Fast-Curing Methods for Dry-Mix and Wet-Mix Cement Pastes,open_access_pdf,unclear
815,Carbonation Performance and Characterization of Alkali-Activated Cementitious Materials Incorporating Superabsorbent Polymers,open_access_pdf,unclear
816,Effect of CO2 curing with sufficient carbonation on pore structures of fly ash cementitious materials,abstract,unclear
816,Effect of CO2 curing with sufficient carbonation on pore structures of fly ash cementitious materials,open_access_pdf,unclear
818,Discontinuous micro-fibers as intrinsic reinforcement for ductile Engineered Cementitious Composites (ECC),abstract,unclear
821,Modification of carbonation-cured cement mortar using biochar and its environmental evaluation,abstract,unclear
821,Modification of carbonation-cured cement mortar using biochar and its environmental evaluation,open_access_pdf,unclear
822,Carbonation curing of cement mortars incorporating carbonated fly ash for performance improvement and CO2 sequestration,abstract,unclear
822,Carbonation curing of cement mortars incorporating carbonated fly ash for performance improvement and CO2 sequestration,open_access_pdf,unclear
823,Microstructural densification and CO2 uptake promoted by the carbonation curing of belite-rich Portland cement,abstract,unclear
823,Microstructural densification and CO2 uptake promoted by the carbonation curing of belite-rich Portland cement,open_access_pdf,unclear
824,Effect of carbonation curing on durability of cement mortar incorporating carbonated fly ash subjected to Freeze-Thaw and sulfate attack,abstract,unclear
824,Effect of carbonation curing on durability of cement mortar incorporating carbonated fly ash subjected to Freeze-Thaw and sulfate attack,open_access_pdf,unclear
826,Effect of carbonation curing on the mechanical properties of belite-rich cement mortar exposed to elevated temperatures,abstract,unclear
826,Effect of carbonation curing on the mechanical properties of belite-rich cement mortar exposed to elevated temperatures,open_access_pdf,unclear
827,"Accelerated carbonation curing of biochar-cement mortar: Effects of biochar pyrolysis temperatures on carbon sequestration, mechanical properties and microstructure",abstract,unclear
827,"Accelerated carbonation curing of biochar-cement mortar: Effects of biochar pyrolysis temperatures on carbon sequestration, mechanical properties and microstructure",open_access_pdf,unclear
828,Resistance of carbonation-cured belite-rich cement mortar to adverse environments: Magnesium sulfate and sulfuric acid exposure,abstract,unclear
828,Resistance of carbonation-cured belite-rich cement mortar to adverse environments: Magnesium sulfate and sulfuric acid exposure,open_access_pdf,unclear
829,Influence of mineral admixtures on carbonation curing of cement paste,abstract,unclear
829,Influence of mineral admixtures on carbonation curing of cement paste,open_access_pdf,unclear
830,Coupling evaluation of carbon emissions and strength: Early carbonation curing of cement mortar containing incinerated sewage sludge ash (ISSA),abstract,unclear
830,Coupling evaluation of carbon emissions and strength: Early carbonation curing of cement mortar containing incinerated sewage sludge ash (ISSA),open_access_pdf,unclear
831,Properties of binary and ternary reactive MgO mortar blends subjected to CO2 curing,abstract,unclear
831,Properties of binary and ternary reactive MgO mortar blends subjected to CO2 curing,open_access_pdf,unclear
832,Enhancing carbon sequestration in cement mortar using high volume local rice husk biochar coupled with carbonation curing,abstract,unclear
834,Phase evolution and strength development during carbonation of low-lime calcium silicate cement (CSC),abstract,unclear
834,Phase evolution and strength development during carbonation of low-lime calcium silicate cement (CSC),open_access_pdf,unclear
835,Carbonation curing of mortars produced with reactivated cementitious materials for CO2 sequestration,abstract,unclear
836,Effect of pre-carbonation hydration on long-term hydration of carbonation-cured cement-based materials,abstract,unclear
836,Effect of pre-carbonation hydration on long-term hydration of carbonation-cured cement-based materials,open_access_pdf,unclear
837,Effect of curing regime on the immobilization of municipal solid waste incineration fly ash in sustainable cement mortar,abstract,unclear
837,Effect of curing regime on the immobilization of municipal solid waste incineration fly ash in sustainable cement mortar,open_access_pdf,unclear
838,Multifunctional role of biochar utilization in carbonation-cured cement mortar focusing on CO2 capture and thermal stability,abstract,unclear
838,Multifunctional role of biochar utilization in carbonation-cured cement mortar focusing on CO2 capture and thermal stability,open_access_pdf,unclear
839,Increasing flexural strength of CO2 cured cement paste by CaCO3 polymorph control,abstract,unclear
839,Increasing flexural strength of CO2 cured cement paste by CaCO3 polymorph control,open_access_pdf,unclear
840,"Effects of curing regime, cement type, and water-to-cement ratio on the physicochemical, mechanical, and hydraulic properties of pervious mortar",abstract,unclear
840,"Effects of curing regime, cement type, and water-to-cement ratio on the physicochemical, mechanical, and hydraulic properties of pervious mortar",open_access_pdf,unclear
841,"Effects of binder component and curing regime on compressive strength, capillary water absorption, shrinkage and pore structure of geopolymer mortars",abstract,unclear
841,"Effects of binder component and curing regime on compressive strength, capillary water absorption, shrinkage and pore structure of geopolymer mortars",open_access_pdf,unclear
842,Effect of Carbonation Curing on Portland Cement MgSO4 Attack: Laboratory Characterization at 900 Days,open_access_pdf,unclear
843,"Microstructural evolution of belite-rich cement mortar subjected to water, carbonation, and hybrid curing regime",abstract,unclear
843,"Microstructural evolution of belite-rich cement mortar subjected to water, carbonation, and hybrid curing regime",open_access_pdf,unclear
844,"Green and durable engineered cementitious composites (GD-ECC) with recycled PE fiber, desert sand, and carbonation curing: Mixture design, durability performance, and life-cycle analysis",abstract,unclear
844,"Green and durable engineered cementitious composites (GD-ECC) with recycled PE fiber, desert sand, and carbonation curing: Mixture design, durability performance, and life-cycle analysis",open_access_pdf,unclear
845,Effects of belite incorporation on mechanical and microstructural properties of OPC mortars cured under carbonation condition,open_access_pdf,unclear
846,Study on the early volume stability of cement-based materials during CO2 curing,abstract,unclear
846,Study on the early volume stability of cement-based materials during CO2 curing,open_access_pdf,unclear
848,Feasibility for co-utilisation of Carbonated Reactive Magnesia Cement (CRMC) and industrial wastes in circular economy and CO2 mineralisation,abstract,unclear
848,Feasibility for co-utilisation of Carbonated Reactive Magnesia Cement (CRMC) and industrial wastes in circular economy and CO2 mineralisation,open_access_pdf,unclear
849,Carbonation curing behavior and performance improvement of recycled coral waste concrete,abstract,unclear
849,Carbonation curing behavior and performance improvement of recycled coral waste concrete,open_access_pdf,unclear
850,Effect of different hydration–carbonation processes on the reaction degree of cement,abstract,unclear
850,Effect of different hydration–carbonation processes on the reaction degree of cement,open_access_pdf,unclear
851,Functionalized biochar for carbon neutral/negative cementitious composites with superior performances,abstract,unclear
851,Functionalized biochar for carbon neutral/negative cementitious composites with superior performances,open_access_pdf,unclear
852,Carbonation curing and long-term shrinkage performance of manufactured sand concrete with different strength grades from tunnel muck,abstract,unclear
852,Carbonation curing and long-term shrinkage performance of manufactured sand concrete with different strength grades from tunnel muck,open_access_pdf,unclear
853,The role of biomass bottom ash in Carbonated Reactive Magnesia Cement (CRMC) for CO2 mineralisation,abstract,unclear
853,The role of biomass bottom ash in Carbonated Reactive Magnesia Cement (CRMC) for CO2 mineralisation,open_access_pdf,unclear
854,"Flexural behavior, porosity, and water absorption of CO2-cured amorphous metallic-fiber-reinforced belite-rich cement composites",abstract,unclear
854,"Flexural behavior, porosity, and water absorption of CO2-cured amorphous metallic-fiber-reinforced belite-rich cement composites",open_access_pdf,unclear
855,Doubling the coating-substrate pull-off strength by growth of CaCO3 nano-crystals,abstract,unclear
855,Doubling the coating-substrate pull-off strength by growth of CaCO3 nano-crystals,open_access_pdf,unclear
856,Carbon dioxide sequestration in mortars with excavated soil: Engineering performances and environmental benefits,abstract,unclear
856,Carbon dioxide sequestration in mortars with excavated soil: Engineering performances and environmental benefits,open_access_pdf,unclear
857,Accelerated carbonation curing of building mortars incorporating volcanic ash and brine sludge,abstract,unclear
857,Accelerated carbonation curing of building mortars incorporating volcanic ash and brine sludge,open_access_pdf,unclear
860,The synergistic mechanism of hydration regulation and carbonation curing on the carbon sequestration and impermeability enhancement of cementitious materials,abstract,unclear
860,The synergistic mechanism of hydration regulation and carbonation curing on the carbon sequestration and impermeability enhancement of cementitious materials,open_access_pdf,unclear
861,Microstructure of cement paste subject to early carbonation curing,abstract,unclear
861,Microstructure of cement paste subject to early carbonation curing,open_access_pdf,unclear
862,Dimensional stability of cement paste and concrete subject to early-age carbonation curing,open_access_pdf,unclear
863,The effects of the early carbonation curing on the mechanical and porosity properties of high initial strength Portland cement pastes,abstract,unclear
863,The effects of the early carbonation curing on the mechanical and porosity properties of high initial strength Portland cement pastes,open_access_pdf,unclear
864,Study on the properties and eco-sustainability of early-age carbonation cured cement paste with recycled concrete slurry waste substitution,open_access_pdf,unclear
865,Instant CO2 curing for dry-mix pressed cement pastes: Consideration of CO2 concentrations coupled with further water curing,abstract,unclear
865,Instant CO2 curing for dry-mix pressed cement pastes: Consideration of CO2 concentrations coupled with further water curing,open_access_pdf,unclear
867,Determination of pore structure evolution of cement paste under early-age carbonation by N2 isotherms,abstract,unclear
867,Determination of pore structure evolution of cement paste under early-age carbonation by N2 isotherms,open_access_pdf,unclear
868,Characterization of carbonation-cured cement paste using X-ray photoelectron spectroscopy,abstract,unclear
868,Characterization of carbonation-cured cement paste using X-ray photoelectron spectroscopy,open_access_pdf,unclear
869,Rapid hydration mechanism of carbonic acid and cement,abstract,unclear
869,Rapid hydration mechanism of carbonic acid and cement,open_access_pdf,unclear
870,The role of age on carbon sequestration and strength development in blended cement mixes,abstract,unclear
870,The role of age on carbon sequestration and strength development in blended cement mixes,open_access_pdf,unclear
872,Control of carbonation mechanism in Portland cement paste using synthetic carbon-capture aluminosilicates,open_access_pdf,unclear
873,Investigations Into The Microstructural Composition Of Cement Paste With Carbon Dioxide Sequestration,venue,unclear
874,Engineering moisture state and pore structure through preconditioning for low-carbon cement carbonation,abstract,unclear
874,Engineering moisture state and pore structure through preconditioning for low-carbon cement carbonation,open_access_pdf,unclear
875,Enhanced Performance of Reclaimed Concrete Slurry Waste in Cement Paste: Effect of Early-age Carbonation Curing,venue,unclear
877,Correction: Dimensional stability of cement paste and concrete subject to early-age carbonation curing,abstract,unclear
878,Carbonation curing for precast Engineered Cementitious Composites,abstract,unclear
879,NOx degradation by photocatalytic mortars: The underlying role of the CH and C-S-H carbonation,abstract,unclear
880,CO2 Sequestration in Cement-Based Materials During Mixing Process Using Carbonated Water and Gaseous CO2,venue,unclear
883,Determination of CO2 capture during accelerated carbonation of engineered cementitious composite pastes by thermogravimetry,abstract,unclear
887,Studies on the microstructure of carbon dioxide sequestered cement paste,open_access_pdf,unclear
888,Self-cleaning performance of photocatalytic cement mortar: Synergistic effects of hydration and carbonation,open_access_pdf,unclear
890,Mechanical and Physical Properties of Early Carbonated High Initial Strength Portland Cement Pastes,open_access_pdf,unclear
895,The impact of forced early-age carbonation on the hydration of cementitious materials,open_access_pdf,unclear
900,Potential of CO 2 sequestration through construction and demolition (C&amp;D) waste—An overview,abstract,unclear
900,Potential of CO 2 sequestration through construction and demolition (C&amp;D) waste—An overview,open_access_pdf,unclear
901,"New perspectives on utilization of <mml:math xmlns:mml=""http://www.w3.org/1998/Math/MathML"" altimg=""si2.svg""><mml:mrow><mml:msub><mml:mtext>CO</mml:mtext><mml:mtext>2</mml:mtext></mml:msub></mml:mrow></mml:math> sequestration technologies in cement-based materials",abstract,unclear
901,"New perspectives on utilization of <mml:math xmlns:mml=""http://www.w3.org/1998/Math/MathML"" altimg=""si2.svg""><mml:mrow><mml:msub><mml:mtext>CO</mml:mtext><mml:mtext>2</mml:mtext></mml:msub></mml:mrow></mml:math> sequestration technologies in cement-based materials",open_access_pdf,unclear
902,Use of CO2 curing to enhance the properties of cold bonded lightweight aggregates (CBLAs) produced with concrete slurry waste (CSW) and fine incineration bottom ash (IBA),abstract,unclear
902,Use of CO2 curing to enhance the properties of cold bonded lightweight aggregates (CBLAs) produced with concrete slurry waste (CSW) and fine incineration bottom ash (IBA),open_access_pdf,unclear
903,Use of Carbonation Curing to Improve Mechanical Strength and Durability of Pervious Concrete,open_access_pdf,unclear
904,Carbon sequestration and utilization in cement-based materials and potential impacts on durability of structural concrete,abstract,unclear
904,Carbon sequestration and utilization in cement-based materials and potential impacts on durability of structural concrete,open_access_pdf,unclear
905,Accelerated carbonation of fresh cement-based products containing recycled masonry aggregates for CO2 sequestration,abstract,unclear
905,Accelerated carbonation of fresh cement-based products containing recycled masonry aggregates for CO2 sequestration,open_access_pdf,unclear
906,CO2-sequestering ability of lightweight concrete based on reactive magnesia cement and high-dosage biochar aggregate,abstract,unclear
906,CO2-sequestering ability of lightweight concrete based on reactive magnesia cement and high-dosage biochar aggregate,open_access_pdf,unclear
907,Producing vaterite by CO2 sequestration in the waste solution of chemical treatment of recycled concrete aggregates,abstract,unclear
907,Producing vaterite by CO2 sequestration in the waste solution of chemical treatment of recycled concrete aggregates,open_access_pdf,unclear
908,Experimental investigation and mathematical modelling of the carbon dioxide sequestration of cement pastes during pressurized CO2 curing,abstract,unclear
908,Experimental investigation and mathematical modelling of the carbon dioxide sequestration of cement pastes during pressurized CO2 curing,open_access_pdf,unclear
909,Flue gas carbonation curing of cement paste and concrete at ambient pressure,abstract,unclear
909,Flue gas carbonation curing of cement paste and concrete at ambient pressure,open_access_pdf,unclear
912,Carbon dioxide sequestration on recycled aggregates,abstract,unclear
912,Carbon dioxide sequestration on recycled aggregates,open_access_pdf,unclear
913,Advancing waste-based construction materials through carbon dioxide curing: A comprehensive review,open_access_pdf,unclear
914,Development of Foam Concrete toward High Strength and CO<sub>2</sub> Sequestration,open_access_pdf,unclear
916,Carbonate-bonded construction materials from alkaline residues,open_access_pdf,unclear
917,Sustainable utilization of concrete slurry waste in eco-friendly artificial lightweight cold-bonded aggregates: An alternative pathway for efficiently sequestrating CO2,abstract,unclear
917,Sustainable utilization of concrete slurry waste in eco-friendly artificial lightweight cold-bonded aggregates: An alternative pathway for efficiently sequestrating CO2,open_access_pdf,unclear
919,Converting industrial waste into a value-added cement material through ambient pressure carbonation,abstract,unclear
919,Converting industrial waste into a value-added cement material through ambient pressure carbonation,open_access_pdf,unclear
920,Material Properties of Cement Doped with Carbonated Steel Slag Through the Slurry Carbonation Process: Effect and Quantitative Model,abstract,unclear
920,Material Properties of Cement Doped with Carbonated Steel Slag Through the Slurry Carbonation Process: Effect and Quantitative Model,open_access_pdf,unclear
921,Utilizing Ground Granulated Blast Furnace Slag during Carbon Sequestration in Concrete,open_access_pdf,unclear
922,CO<sub>2</sub> Sequestration in Green Porous Concrete Using Red Mud,open_access_pdf,unclear
923,CO2 Sequestration in Pervious Concrete and its Impact on Concrete Strength and Alkalinity,abstract,unclear
923,CO2 Sequestration in Pervious Concrete and its Impact on Concrete Strength and Alkalinity,open_access_pdf,unclear
925,"Carbonation of cement paste: Understanding, challenges, and opportunities",abstract,unclear
927,Carbonation Treatment of RCA Concrete: A Preliminary Investigation,abstract,unclear
927,Carbonation Treatment of RCA Concrete: A Preliminary Investigation,open_access_pdf,unclear
929,Preparation of Slag-Based Foam Concrete and its Carbon Dioxide Sequestration Performance,abstract,unclear
929,Preparation of Slag-Based Foam Concrete and its Carbon Dioxide Sequestration Performance,open_access_pdf,unclear
930,CO2 Curing for Enhanced Early Age Strength in Saw Dust Biochar Augmented Cement Mortars,abstract,unclear
930,CO2 Curing for Enhanced Early Age Strength in Saw Dust Biochar Augmented Cement Mortars,open_access_pdf,unclear
931,Optimizing NaHCO3 solution concentration for carbonation and strengthening of recycled aggregate concrete,abstract,unclear
931,Optimizing NaHCO3 solution concentration for carbonation and strengthening of recycled aggregate concrete,open_access_pdf,unclear
932,Carbon dioxide sequestration on masonry blocks,abstract,unclear
932,Carbon dioxide sequestration on masonry blocks,open_access_pdf,unclear
933,Carbon dioxide sequestration on recycled aggregates,abstract,unclear
933,Carbon dioxide sequestration on recycled aggregates,open_access_pdf,unclear
934,Laboratory and Pilot Investigation on Properties of precast Engineered Cementitious Composites (ECC) Subjected to Carbonation Curing,venue,unclear
935,Exploring Early Carbonation Properties of Sr4Al6O12SO4 Compound for a Sustainable Alternative to Cement Clinker,open_access_pdf,unclear
936,Development of MgO concrete with enhanced hydration and carbonation mechanisms,abstract,unclear
937,Effect of Biochar-Enabled Internal Co2 Curing on Co2 Sequestration and Mechanical Properties of Magnesia Cement-Based Lightweight Concrete,abstract,unclear
937,Effect of Biochar-Enabled Internal Co2 Curing on Co2 Sequestration and Mechanical Properties of Magnesia Cement-Based Lightweight Concrete,open_access_pdf,unclear
938,Carbonation Curing versus Steam Curing for Precast Concrete Production,open_access_pdf,unclear
939,Effect of early carbonation curing on chloride penetration and weathering carbonation in concrete,abstract,unclear
939,Effect of early carbonation curing on chloride penetration and weathering carbonation in concrete,open_access_pdf,unclear
940,Early age carbonation curing for precast reinforced concretes,abstract,unclear
940,Early age carbonation curing for precast reinforced concretes,open_access_pdf,unclear
941,Mechanisms of carbonation hydration hardening in Portland cements,abstract,unclear
941,Mechanisms of carbonation hydration hardening in Portland cements,open_access_pdf,unclear
942,Carbonation Curing of Precast Fly Ash Concrete,open_access_pdf,unclear
943,Carbonation Curing of Slag-Cement Concrete for Binding CO2 and Improving Performance,open_access_pdf,unclear
944,Strength recovery of thermally damaged high-performance concrete subjected to post-fire carbonation curing,abstract,unclear
944,Strength recovery of thermally damaged high-performance concrete subjected to post-fire carbonation curing,open_access_pdf,unclear
945,Effects of cement types and addition of quartz and limestone on the normal and carbonation curing of cement paste,abstract,unclear
945,Effects of cement types and addition of quartz and limestone on the normal and carbonation curing of cement paste,open_access_pdf,unclear
946,Weathering Carbonation Behavior of Concrete Subject to Early-Age Carbonation Curing,open_access_pdf,unclear
947,CO<sub>2</sub> sequestration using calcium-silicate concrete,open_access_pdf,unclear
948,Early carbonation curing of concrete masonry units with Portland limestone cement,abstract,unclear
948,Early carbonation curing of concrete masonry units with Portland limestone cement,open_access_pdf,unclear
949,Effects of early-age carbonation curing on the properties of cement-based materials: A review,abstract,unclear
949,Effects of early-age carbonation curing on the properties of cement-based materials: A review,open_access_pdf,unclear
951,Properties and microstructure of concrete blocks incorporating drinking water treatment sludge exposed to early-age carbonation curing,abstract,unclear
951,Properties and microstructure of concrete blocks incorporating drinking water treatment sludge exposed to early-age carbonation curing,open_access_pdf,unclear
952,Recycling waste glass aggregate in concrete: Mitigation of alkali-silica reaction (ASR) by carbonation curing,abstract,unclear
952,Recycling waste glass aggregate in concrete: Mitigation of alkali-silica reaction (ASR) by carbonation curing,open_access_pdf,unclear
953,Accelerated Carbonation of Portland Limestone Cement,open_access_pdf,unclear
954,"Effect of carbonation curing on the physical, mechanical, and microstructural properties of metakaolin-based geopolymer concrete",abstract,unclear
954,"Effect of carbonation curing on the physical, mechanical, and microstructural properties of metakaolin-based geopolymer concrete",open_access_pdf,unclear
955,"Effect of Carbonation Curing Regime on 3D Printed Concrete: Compressive strength, CO2 uptake, and Characterization",abstract,unclear
955,"Effect of Carbonation Curing Regime on 3D Printed Concrete: Compressive strength, CO2 uptake, and Characterization",open_access_pdf,unclear
956,Effect of Carbonation Mixing on CO2 Uptake and Strength Gain in Concrete,open_access_pdf,unclear
957,Development of reactive MgO-based Engineered Cementitious Composite (ECC) through accelerated carbonation curing,abstract,unclear
958,Investigation of the performance and thermal decomposition of MgO and MgO-SiO2 formulations,abstract,unclear
959,Development of carbon-capture binder using stainless steel argon oxygen decarburization slag activated by carbonation,abstract,unclear
959,Development of carbon-capture binder using stainless steel argon oxygen decarburization slag activated by carbonation,open_access_pdf,unclear
960,Some effects of cement and curing upon carbonation and reinforcement corrosion in concrete,abstract,unclear
960,Some effects of cement and curing upon carbonation and reinforcement corrosion in concrete,open_access_pdf,unclear
961,Influence of carbonation curing on hydration and microstructure of magnesium potassium phosphate cement concrete,abstract,unclear
961,Influence of carbonation curing on hydration and microstructure of magnesium potassium phosphate cement concrete,open_access_pdf,unclear
962,Influence of supplementary cementitious materials on the performance and environmental impacts of reactive magnesia cement concrete,abstract,unclear
962,Influence of supplementary cementitious materials on the performance and environmental impacts of reactive magnesia cement concrete,open_access_pdf,unclear
963,Investigation on the influence of early carbonation curing on the mechanical strength and microstructure of pervious concrete with recycled aggregates and PC-CSA binders,abstract,unclear
963,Investigation on the influence of early carbonation curing on the mechanical strength and microstructure of pervious concrete with recycled aggregates and PC-CSA binders,open_access_pdf,unclear
964,Carbonation Curing of Concretes in a Flexible Enclosure under Ambient Pressure,open_access_pdf,unclear
965,"Development of sustainable low carbon Engineered Cementitious Composites with waste polyethylene fiber, sisal fiber and carbonation curing",abstract,unclear
965,"Development of sustainable low carbon Engineered Cementitious Composites with waste polyethylene fiber, sisal fiber and carbonation curing",open_access_pdf,unclear
968,Carbon Dioxide Curing of Foam Concrete with Different Bulk Densities,open_access_pdf,unclear
970,Beneficial Use of Carbon Dioxide in Precast Concrete Production,venue,unclear
970,Beneficial Use of Carbon Dioxide in Precast Concrete Production,open_access_pdf,unclear
972,Feasibility Study on Replacing Steam by Carbon Dioxide for Concrete Masonry Units Curing,venue,unclear
972,Feasibility Study on Replacing Steam by Carbon Dioxide for Concrete Masonry Units Curing,open_access_pdf,unclear
974,Enhancing mechanical properties of concrete with 3D printed vascular networks via carbonation strengthening,abstract,unclear
974,Enhancing mechanical properties of concrete with 3D printed vascular networks via carbonation strengthening,open_access_pdf,unclear
976,Crafting Sustainability: Optimizing Oxalic Acid in Iron Carbonate Binder Formulation with Waste Iron Powder for a Carbon-Negative Impact,abstract,unclear
976,Crafting Sustainability: Optimizing Oxalic Acid in Iron Carbonate Binder Formulation with Waste Iron Powder for a Carbon-Negative Impact,open_access_pdf,unclear
977,Degradation and Microstructure of Palmdate Fibers-High Performance Cementitious Boards Exposed to Aging Conditions,open_access_pdf,unclear
978,Embedded PZT-EMI sensor-based equivalent structural parameters for monitoring strength evolution in carbon-cured concrete,abstract,unclear
978,Embedded PZT-EMI sensor-based equivalent structural parameters for monitoring strength evolution in carbon-cured concrete,open_access_pdf,unclear
979,Strain-Hardening Cementitious Composites Enhanced by the Synergistic Effects of Carbonized Recycled Concrete Powder and Carbonation Curing,open_access_pdf,unclear
985,Mechanical Performance Improvement by Carbon Dioxide Curing of Cement Concrete Incorporating Oil Shale Residue,abstract,unclear
985,Mechanical Performance Improvement by Carbon Dioxide Curing of Cement Concrete Incorporating Oil Shale Residue,open_access_pdf,unclear
986,A State-of-the-Art Review of Building a Greener Future: Direction of Carbon Dioxide Curing and Eco-Friendly Concrete,authors,unclear
986,A State-of-the-Art Review of Building a Greener Future: Direction of Carbon Dioxide Curing and Eco-Friendly Concrete,abstract,unclear
986,A State-of-the-Art Review of Building a Greener Future: Direction of Carbon Dioxide Curing and Eco-Friendly Concrete,open_access_pdf,unclear
989,"From dredged sediment to supplementary cementitious material: characterization, treatment, and reuse",abstract,unclear
992,热活化再生水泥砂浆的二氧化碳养护,open_access_pdf,unclear
1003,The Application of Foam Concrete in Civil Engineering,open_access_pdf,unclear
1012,Effect of further water curing on compressive strength and microstructure of CO2-cured concrete,abstract,unclear
1012,Effect of further water curing on compressive strength and microstructure of CO2-cured concrete,open_access_pdf,unclear
1013,A maturity approach to estimate compressive strength development of CO2-cured concrete blocks,abstract,unclear
1013,A maturity approach to estimate compressive strength development of CO2-cured concrete blocks,open_access_pdf,unclear
1014,Effects of sufficient carbonation on the strength and microstructure of CO2-cured concrete,abstract,unclear
1014,Effects of sufficient carbonation on the strength and microstructure of CO2-cured concrete,open_access_pdf,unclear
1015,Use of a CO2 curing step to improve the properties of concrete prepared with recycled aggregates,abstract,unclear
1015,Use of a CO2 curing step to improve the properties of concrete prepared with recycled aggregates,open_access_pdf,unclear
1016,Effect of curing parameters on CO2 curing of concrete blocks containing recycled aggregates,abstract,unclear
1016,Effect of curing parameters on CO2 curing of concrete blocks containing recycled aggregates,open_access_pdf,unclear
1017,Effect of pre-conditioning on CO2 curing of lightweight concrete blocks mixtures,abstract,unclear
1017,Effect of pre-conditioning on CO2 curing of lightweight concrete blocks mixtures,open_access_pdf,unclear
1018,CO2 curing for improving the properties of concrete blocks containing recycled aggregates,abstract,unclear
1018,CO2 curing for improving the properties of concrete blocks containing recycled aggregates,open_access_pdf,unclear
1019,Studies on some factors affecting CO2 curing of lightweight concrete products,abstract,unclear
1019,Studies on some factors affecting CO2 curing of lightweight concrete products,open_access_pdf,unclear
1020,Materials characteristics affecting CO2 curing of concrete blocks containing recycled aggregates,abstract,unclear
1020,Materials characteristics affecting CO2 curing of concrete blocks containing recycled aggregates,open_access_pdf,unclear
1021,Effects of limestone powder on CaCO3 precipitation in CO2 cured cement pastes,abstract,unclear
1021,Effects of limestone powder on CaCO3 precipitation in CO2 cured cement pastes,open_access_pdf,unclear
1022,Carbonation behavior of recycled concrete with CO2-curing recycled aggregate under various environments,abstract,unclear
1022,Carbonation behavior of recycled concrete with CO2-curing recycled aggregate under various environments,open_access_pdf,unclear
1023,Weathering properties of CO2-cured concrete blocks,abstract,unclear
1023,Weathering properties of CO2-cured concrete blocks,open_access_pdf,unclear
1024,Factors affecting kinetics of CO<sub>2</sub>curing of concrete,open_access_pdf,unclear
1025,Enhancement of recycled aggregate properties by accelerated CO2 curing coupled with limewater soaking process,abstract,unclear
1025,Enhancement of recycled aggregate properties by accelerated CO2 curing coupled with limewater soaking process,open_access_pdf,unclear
1026,Influence of pre-treatment methods for recycled concrete aggregate on the performance of recycled concrete: A review,abstract,unclear
1026,Influence of pre-treatment methods for recycled concrete aggregate on the performance of recycled concrete: A review,open_access_pdf,unclear
1027,An assessment of microcracks in the interfacial transition zone of recycled concrete aggregates cured by CO2,abstract,unclear
1027,An assessment of microcracks in the interfacial transition zone of recycled concrete aggregates cured by CO2,open_access_pdf,unclear
1028,Effect of Cylinder Size on the Compressive Strength of Concrete CO2 Curing,abstract,unclear
1028,Effect of Cylinder Size on the Compressive Strength of Concrete CO2 Curing,open_access_pdf,unclear
1029,Strength enhancement of artificial aggregate prepared with waste concrete powder and its impact on concrete properties,abstract,unclear
1029,Strength enhancement of artificial aggregate prepared with waste concrete powder and its impact on concrete properties,open_access_pdf,unclear
1030,Effect of CO2 curing on demolition recycled fine aggregates enhanced by calcium hydroxide pre-soaking,abstract,unclear
1030,Effect of CO2 curing on demolition recycled fine aggregates enhanced by calcium hydroxide pre-soaking,open_access_pdf,unclear
1031,Investigation of carbon-capture property of foam concrete using stainless steel AOD slag,abstract,unclear
1031,Investigation of carbon-capture property of foam concrete using stainless steel AOD slag,open_access_pdf,unclear
1032,Recycling drinking water treatment sludge into eco-concrete blocks with CO2 curing: Durability and leachability,abstract,unclear
1032,Recycling drinking water treatment sludge into eco-concrete blocks with CO2 curing: Durability and leachability,open_access_pdf,unclear
1033,Effects of CaCO3 powder and subsequent water curing on compressive strength and microstructure of CO2-cured concrete,open_access_pdf,unclear
1034,CO2 sequestration by construction and demolition waste aggregates and effect on mortars and concrete performance - An overview,abstract,unclear
1034,CO2 sequestration by construction and demolition waste aggregates and effect on mortars and concrete performance - An overview,open_access_pdf,unclear
1035,Turning concrete waste powder into carbonated artificial aggregates,abstract,unclear
1035,Turning concrete waste powder into carbonated artificial aggregates,open_access_pdf,unclear
1036,Investigation of cold bonded lightweight aggregates produced with incineration sewage sludge ash (ISSA) and cementitious waste,abstract,unclear
1036,Investigation of cold bonded lightweight aggregates produced with incineration sewage sludge ash (ISSA) and cementitious waste,open_access_pdf,unclear
1038,An overview on the influence of various parameters on the fabrication and engineering properties of CO2-cured cement-based composites,abstract,unclear
1038,An overview on the influence of various parameters on the fabrication and engineering properties of CO2-cured cement-based composites,open_access_pdf,unclear
1039,Effect of CO2 curing on the strength and microstructure of composite waste glass concrete,abstract,unclear
1039,Effect of CO2 curing on the strength and microstructure of composite waste glass concrete,open_access_pdf,unclear
1040,"Carbon sequestration from waste and carbon dioxide mineralisation in concrete – A stronger, sustainable and eco-friendly solution to support circular economy",open_access_pdf,unclear
1041,Modification of construction waste derived recycled aggregate via CO2 curing to enhance corrosive freeze-thaw durability of concrete,abstract,unclear
1041,Modification of construction waste derived recycled aggregate via CO2 curing to enhance corrosive freeze-thaw durability of concrete,open_access_pdf,unclear
1042,Development of cement-free bio-based cold-bonded lightweight aggregates (BCBLWAs) using steel slag and miscanthus powder via CO2 curing,abstract,unclear
1043,Development of leak-free phase change material aggregates,abstract,unclear
1043,Development of leak-free phase change material aggregates,open_access_pdf,unclear
1044,Effect of Limestone Powder Content on the Early-Age Properties of CO2-Cured Concrete,open_access_pdf,unclear
1045,Characterization of C–S–H formed in coupled CO2–water cured Portland cement pastes,abstract,unclear
1045,Characterization of C–S–H formed in coupled CO2–water cured Portland cement pastes,open_access_pdf,unclear
1046,Explainable machine learning model for predicting compressive strength of CO2-cured concrete,open_access_pdf,unclear
1047,Preparation of artificial aggregates from concrete slurry waste and waste brick masonry powder: CO2 uptake and performance evaluation,abstract,unclear
1047,Preparation of artificial aggregates from concrete slurry waste and waste brick masonry powder: CO2 uptake and performance evaluation,open_access_pdf,unclear
1048,Reinforcing the physicochemical properties of concrete through synergism of CO2 curing and Ca(OH)2 solution drenching,abstract,unclear
1048,Reinforcing the physicochemical properties of concrete through synergism of CO2 curing and Ca(OH)2 solution drenching,open_access_pdf,unclear
1049,Three-fold benefits of using CO2 to cure seawater sea sand concrete,abstract,unclear
1049,Three-fold benefits of using CO2 to cure seawater sea sand concrete,open_access_pdf,unclear
1050,Use of CO2-active BOFS binder in the production of artificial aggregates with waste concrete powder,abstract,unclear
1050,Use of CO2-active BOFS binder in the production of artificial aggregates with waste concrete powder,open_access_pdf,unclear
1051,Investigating the impact of carbonation curing concentrations on the mechanical properties and microstructure of recycled concrete,abstract,unclear
1051,Investigating the impact of carbonation curing concentrations on the mechanical properties and microstructure of recycled concrete,open_access_pdf,unclear
1052,Mathematical modeling of accelerated carbonation curing of Portland cement paste at early age,abstract,unclear
1052,Mathematical modeling of accelerated carbonation curing of Portland cement paste at early age,open_access_pdf,unclear
1053,Mechanical performance and microstructure of the calcium carbonate binders produced by carbonating steel slag paste under CO2 curing,abstract,unclear
1053,Mechanical performance and microstructure of the calcium carbonate binders produced by carbonating steel slag paste under CO2 curing,open_access_pdf,unclear
1054,Accelerated carbonation of reactive MgO and Portland cement blends under flowing CO2 gas,abstract,unclear
1054,Accelerated carbonation of reactive MgO and Portland cement blends under flowing CO2 gas,open_access_pdf,unclear
1055,Accelerated carbonation of hardened cement pastes: Influence of porosity,abstract,unclear
1055,Accelerated carbonation of hardened cement pastes: Influence of porosity,open_access_pdf,unclear
1056,Properties of coal gangue-Portland cement mixture with carbonation,abstract,unclear
1056,Properties of coal gangue-Portland cement mixture with carbonation,open_access_pdf,unclear
1057,Accelerated mineral carbonation curing of cement paste for CO2 sequestration and enhanced properties of blended calcium silicate,abstract,unclear
1057,Accelerated mineral carbonation curing of cement paste for CO2 sequestration and enhanced properties of blended calcium silicate,open_access_pdf,unclear
1058,Effect of curing conditions on the pore solution and carbonation resistance of alkali-activated fly ash and slag pastes,abstract,unclear
1058,Effect of curing conditions on the pore solution and carbonation resistance of alkali-activated fly ash and slag pastes,open_access_pdf,unclear
1059,"Effect of composition, environmental factors and cement-lime mortar coating on concrete carbonation",abstract,unclear
1059,"Effect of composition, environmental factors and cement-lime mortar coating on concrete carbonation",open_access_pdf,unclear
1060,Effect of carbonation curing on sulfate resistance of cement-coal gangue paste,abstract,unclear
1060,Effect of carbonation curing on sulfate resistance of cement-coal gangue paste,open_access_pdf,unclear
1061,Effects of chloride ions on carbonation rate of hardened cement paste by X-ray CT techniques,abstract,unclear
1061,Effects of chloride ions on carbonation rate of hardened cement paste by X-ray CT techniques,open_access_pdf,unclear
1062,Effect of carbonation on strength development of cement-treated Toyoura silica sand,abstract,unclear
1062,Effect of carbonation on strength development of cement-treated Toyoura silica sand,open_access_pdf,unclear
1063,Microstructural phase evolution and strength development of low-lime calcium silicate cement (CSC) paste incorporating ordinary Portland cement under an accelerated carbonation curing environment,abstract,unclear
1063,Microstructural phase evolution and strength development of low-lime calcium silicate cement (CSC) paste incorporating ordinary Portland cement under an accelerated carbonation curing environment,open_access_pdf,unclear
1064,An assessment on parameters affecting the carbonation of alkali-activated slag concrete,abstract,unclear
1064,An assessment on parameters affecting the carbonation of alkali-activated slag concrete,open_access_pdf,unclear
1065,Performance of Two Bacteria-Based Additives Used for Self-Healing Concrete,open_access_pdf,unclear
1066,Long-term behaviour of hydraulic binders based on calcium sulfoaluminate and calcium sulfosilicate,abstract,unclear
1066,Long-term behaviour of hydraulic binders based on calcium sulfoaluminate and calcium sulfosilicate,open_access_pdf,unclear
1069,New insights into the role of early accelerated carbonation on the calcium leaching behavior of cement paste,abstract,unclear
1069,New insights into the role of early accelerated carbonation on the calcium leaching behavior of cement paste,open_access_pdf,unclear
1071,Utilization of waste from steel and iron industry as replacement of cement in mortars,abstract,unclear
1071,Utilization of waste from steel and iron industry as replacement of cement in mortars,open_access_pdf,unclear
1072,Carbonation durability of blended cement pastes used for waste encapsulation,abstract,unclear
1072,Carbonation durability of blended cement pastes used for waste encapsulation,open_access_pdf,unclear
1073,Preparation of durable magnesium oxysulfate cement with the incorporation of mineral admixtures and sequestration of carbon dioxide,abstract,unclear
1073,Preparation of durable magnesium oxysulfate cement with the incorporation of mineral admixtures and sequestration of carbon dioxide,open_access_pdf,unclear
1074,Effect of eggshell powder addition on the properties of cement pastes with early CO2 curing and further water curing,abstract,unclear
1074,Effect of eggshell powder addition on the properties of cement pastes with early CO2 curing and further water curing,open_access_pdf,unclear
1075,Use of tomography to understand the influence of preconditioning on carbonation tests in cement-based materials,abstract,unclear
1075,Use of tomography to understand the influence of preconditioning on carbonation tests in cement-based materials,open_access_pdf,unclear
1076,Use of ultraviolet pretreatment to enhance carbonation properties of fly-ash cement under accelerated carbonation at different CO2 concentrations,abstract,unclear
1076,Use of ultraviolet pretreatment to enhance carbonation properties of fly-ash cement under accelerated carbonation at different CO2 concentrations,open_access_pdf,unclear
1077,Thermal properties and stability of reactive magnesia cement,abstract,unclear
1077,Thermal properties and stability of reactive magnesia cement,open_access_pdf,unclear
1078,"Effect of silica fume on Self-compacting Earth Concrete: Compressive strength, durability and microstructural studies",abstract,unclear
1078,"Effect of silica fume on Self-compacting Earth Concrete: Compressive strength, durability and microstructural studies",open_access_pdf,unclear
1079,Carbonation mechanism of alkali-activated fly ash and slag materials,open_access_pdf,unclear
1080,Synergistic Use of CO2 Pretreatment and Accelerated Carbonation Curing for Maximum Recycling of Steel Slag,abstract,unclear
1080,Synergistic Use of CO2 Pretreatment and Accelerated Carbonation Curing for Maximum Recycling of Steel Slag,open_access_pdf,unclear
1083,Various Durability Aspects of Calcined Kaolin-Blended Portland Cement Pastes and Concretes,abstract,unclear
1083,Various Durability Aspects of Calcined Kaolin-Blended Portland Cement Pastes and Concretes,open_access_pdf,unclear
1085,"Development of low-carbon cement utilizing waste incineration ash: Mechanical properties, hydration behavior, and environmental impact",abstract,unclear
1085,"Development of low-carbon cement utilizing waste incineration ash: Mechanical properties, hydration behavior, and environmental impact",open_access_pdf,unclear
1086,Effect of carbonation on development of reactive MgO-based pervious concrete,abstract,unclear
1086,Effect of carbonation on development of reactive MgO-based pervious concrete,open_access_pdf,unclear
1087,Study on the use of CO2 to strengthen recycled aggregates and pervious concrete,abstract,unclear
1087,Study on the use of CO2 to strengthen recycled aggregates and pervious concrete,open_access_pdf,unclear
1088,Influence of moisture content on CO<sub>2</sub>uptake in lightweight concrete subject to early carbonation,open_access_pdf,unclear
1089,"Production, properties and life cycle assessment of artificial lightweight aggregates produced with corn straw ash (CSA) and concrete slurry waste (CSW)",abstract,unclear
1089,"Production, properties and life cycle assessment of artificial lightweight aggregates produced with corn straw ash (CSA) and concrete slurry waste (CSW)",open_access_pdf,unclear
1091,Performance enhancement of recycled concrete through carbonation during ready-mix and curing,open_access_pdf,unclear
1092,Characterising cement carbonation curing using non-contact electrical resistivity measurement,open_access_pdf,unclear
1093,Toward carbon- neutral construction: A review of zero-carbon concrete,abstract,unclear
1093,Toward carbon- neutral construction: A review of zero-carbon concrete,open_access_pdf,unclear
1094,CO2 sequestration and mechanical properties of recycled concrete,open_access_pdf,unclear
1095,"Effects of wet carbonation with ethanol solution on the mechanical, durability properties, and microstructure of recycled concrete aggregates and derived block products",abstract,unclear
1095,"Effects of wet carbonation with ethanol solution on the mechanical, durability properties, and microstructure of recycled concrete aggregates and derived block products",open_access_pdf,unclear
1096,"Complement factor 5 (C5) p.A252T mutation is prevalent in, but not restricted to, Sub-Saharan Africa: Implications for the susceptibility to meningococcal disease",open_access_pdf,unclear
1097,Mechanistic and environmental benefits of accelerated carbonation in low-cement recycled concrete powder aggregates for sustainable asphalt pavements,abstract,unclear
1097,Mechanistic and environmental benefits of accelerated carbonation in low-cement recycled concrete powder aggregates for sustainable asphalt pavements,open_access_pdf,unclear
1099,CO2 Utilization in Cement and Concrete,venue,unclear
1099,CO2 Utilization in Cement and Concrete,open_access_pdf,unclear
1100,Strength development of MgO recycled aggregate concrete with recycled sand from WRSG and compressive behavior of recycled lump-aggregate concrete,abstract,unclear
1100,Strength development of MgO recycled aggregate concrete with recycled sand from WRSG and compressive behavior of recycled lump-aggregate concrete,open_access_pdf,unclear
1101,Effect of CO2 curing on phase compositions of nano silica blended cementitious mortar partially replaced with carbonated recycled fine aggregates,abstract,unclear
1101,Effect of CO2 curing on phase compositions of nano silica blended cementitious mortar partially replaced with carbonated recycled fine aggregates,open_access_pdf,unclear
1102,A comprehensive review on CO2 utilization in cement and concrete: From microstructural transformations to structural applications,open_access_pdf,unclear
1103,Effect of Carbonation Curing on the Performance of Concrete Containing Recycled Aggregates from Returned Concrete,open_access_pdf,unclear
1105,Impact of hydrated magnesium carbonate additives on the carbonation of reactive MgO cements,abstract,unclear
1106,"Carbonation curing of ceramic waste powder-based recycled aggregate concrete: Mechanical properties, durability, and carbon sequestration potential",abstract,unclear
1106,"Carbonation curing of ceramic waste powder-based recycled aggregate concrete: Mechanical properties, durability, and carbon sequestration potential",open_access_pdf,unclear
1107,Multiphase carbonation engineering of RCA via CO2-enriched cement slurry treatment: Mechanistic insights into carbonation efficiency and asphalt pavement performance enhancement,abstract,unclear
1107,Multiphase carbonation engineering of RCA via CO2-enriched cement slurry treatment: Mechanistic insights into carbonation efficiency and asphalt pavement performance enhancement,open_access_pdf,unclear
1108,Valorization of waste concrete through CO2 mineral carbonation: Optimizing parameters and improving reactivity using concrete separation,abstract,unclear
1109,Recent progress and technical challenges in using calcium sulfoaluminate (CSA) cement,abstract,unclear
1110,Conversion of waste into sustainable construction materials: A review of recent developments and prospects,open_access_pdf,unclear
1111,Crack width control and mechanical properties of low carbon engineered cementitious composites (ECC),abstract,unclear
1112,Freeze-thaw resistance and carbon sequestration capacity of recycled aggregate concrete incorporating carbide slag slurry pre-immersed and carbonation-cured aggregates,abstract,unclear
1112,Freeze-thaw resistance and carbon sequestration capacity of recycled aggregate concrete incorporating carbide slag slurry pre-immersed and carbonation-cured aggregates,open_access_pdf,unclear
1114,Effect of CO2 treatment on the microstructure and properties of steel slag supplementary cementitous materials,abstract,unclear
1114,Effect of CO2 treatment on the microstructure and properties of steel slag supplementary cementitous materials,open_access_pdf,unclear
1115,Semi-dry and aqueous carbonation of steel slag: Characteristics and properties of steel slag as supplementary cementitious materials,abstract,unclear
1115,Semi-dry and aqueous carbonation of steel slag: Characteristics and properties of steel slag as supplementary cementitious materials,open_access_pdf,unclear
1116,Effects of carbonation degree on the hydration reactivity of steel slag in cement-based materials,abstract,unclear
1116,Effects of carbonation degree on the hydration reactivity of steel slag in cement-based materials,open_access_pdf,unclear
1117,Carbonated steel slag as supplementary cementitious material: Paving the way to full reutilization,abstract,unclear
1118,Effect of accelerated precarbonation on hydration activity and volume stability of steel slag as a supplementary cementitious material,abstract,unclear
1118,Effect of accelerated precarbonation on hydration activity and volume stability of steel slag as a supplementary cementitious material,open_access_pdf,unclear
1119,Effects of ethylenediaminetetraacetic acid on the properties of accelerated carbonated steel slag as supplementary cementitious materials,abstract,unclear
1119,Effects of ethylenediaminetetraacetic acid on the properties of accelerated carbonated steel slag as supplementary cementitious materials,open_access_pdf,unclear
1120,Recycling of carbonated steel slag in building materials: Recycling pathways and recent advances,abstract,unclear
1120,Recycling of carbonated steel slag in building materials: Recycling pathways and recent advances,open_access_pdf,unclear
1121,Microbial-Enhanced Steel Slag Fixation of CO2 from Cement Kiln Flue Gas for the Production of Supplementary Cementitious Material,open_access_pdf,unclear
1122,Porous biochar-assisted aqueous carbonation of steel slag as an adsorptive crystallization modifier for value-added cement applications,abstract,unclear
1122,Porous biochar-assisted aqueous carbonation of steel slag as an adsorptive crystallization modifier for value-added cement applications,open_access_pdf,unclear
1123,Carbonated steel slag powder in cement: Retardation mechanism and triethanolamine-enhanced hydration strategy,abstract,unclear
1123,Carbonated steel slag powder in cement: Retardation mechanism and triethanolamine-enhanced hydration strategy,open_access_pdf,unclear
1124,Resource efficiency and sustainability of carbonated steel slag -cement with sodium salicylate,abstract,unclear
1124,Resource efficiency and sustainability of carbonated steel slag -cement with sodium salicylate,open_access_pdf,unclear
1125,Negative carbon cementitious materials: Improving performance and CO2 sequestration with carbonated steel slag in solid waste-based systems,abstract,unclear
1125,Negative carbon cementitious materials: Improving performance and CO2 sequestration with carbonated steel slag in solid waste-based systems,open_access_pdf,unclear
1126,Contribution of calcium-containing minerals on the mechanical properties of alkali-activated materials: A study of carbonation steel slag,abstract,unclear
1126,Contribution of calcium-containing minerals on the mechanical properties of alkali-activated materials: A study of carbonation steel slag,open_access_pdf,unclear
1127,Synergistic carbonation of carbide slag and steel slag for enhanced CO2 sequestration and application as supplementary cementitious materials: Mechanisms and performance evaluation,abstract,unclear
1127,Synergistic carbonation of carbide slag and steel slag for enhanced CO2 sequestration and application as supplementary cementitious materials: Mechanisms and performance evaluation,open_access_pdf,unclear
1128,Polymorph evolution of CaCO3 during carbonation of BOFS: Influence of foreign ions and temperature,abstract,unclear
1128,Polymorph evolution of CaCO3 during carbonation of BOFS: Influence of foreign ions and temperature,open_access_pdf,unclear
1129,Developing core-shell structured carbonated steel slag for high-performance supplementary cementitious material,abstract,unclear
1129,Developing core-shell structured carbonated steel slag for high-performance supplementary cementitious material,open_access_pdf,unclear
1130,Time-dependent rheological behavior of cementitious pastes incorporating carbonated steel slag as a supplementary cementitious material under controlled shear mixing,open_access_pdf,unclear
1131,Value added utilization of by-product electric furnace ferronickel slag as construction materials: A review,abstract,unclear
1132,"Effects of carbonation degree of semi-dry carbonated converter steel slag on the performance of blended cement mortar – Reactivity, hydration, and strength",abstract,unclear
1132,"Effects of carbonation degree of semi-dry carbonated converter steel slag on the performance of blended cement mortar – Reactivity, hydration, and strength",open_access_pdf,unclear
1133,Experimental characterization of the self-healing capacity of cement based materials and its effects on the material performance: A state of the art report by COST Action SARCOS WG2,abstract,unclear
1134,Enhanced performance of carbonated steel slag powder as supplementary cementitious materials: Effects of high-pressure CO2 and mechanical stirring systems,abstract,unclear
1134,Enhanced performance of carbonated steel slag powder as supplementary cementitious materials: Effects of high-pressure CO2 and mechanical stirring systems,open_access_pdf,unclear
1138,Effects of GBFS content and curing methods on the working performance and microstructure of ternary geopolymers based on high-content steel slag,abstract,unclear
1140,Recent research progress on the direct carbon capture of steel slag to prepare building materials,open_access_pdf,unclear
1149,Mechanism underlying early hydration kinetics of carbonated recycled concrete fines-ordinary portland cement (CRCF-OPC) paste,abstract,unclear
1149,Mechanism underlying early hydration kinetics of carbonated recycled concrete fines-ordinary portland cement (CRCF-OPC) paste,open_access_pdf,unclear
1150,"Surface characterization of carbonated recycled concrete fines and its effect on the rheology, hydration and strength development of cement paste",abstract,unclear
1150,"Surface characterization of carbonated recycled concrete fines and its effect on the rheology, hydration and strength development of cement paste",open_access_pdf,unclear
1151,Highly reactive carbonated recycled concrete fines prepared via mechanochemical carbonation: Influence on the early performance of cement composites,abstract,unclear
1151,Highly reactive carbonated recycled concrete fines prepared via mechanochemical carbonation: Influence on the early performance of cement composites,open_access_pdf,unclear
1152,"Production of sustainable lime-based brick using carbonated recycled concrete fines: Mechanical, mineralogical and microstructure properties",abstract,unclear
1152,"Production of sustainable lime-based brick using carbonated recycled concrete fines: Mechanical, mineralogical and microstructure properties",open_access_pdf,unclear
1154,"Development of sustainable alkali-activated slag bricks with high content of carbonated recycled concrete fines: Strength, microstructure and environmental benefit",open_access_pdf,unclear
1155,Chloride binding of cement paste containing wet carbonated recycled concrete fines,abstract,unclear
1155,Chloride binding of cement paste containing wet carbonated recycled concrete fines,open_access_pdf,unclear
1156,Utilizing Carbonated Recycled Concrete Fines to Develop Sustainable Ultra-High-Performance Fiber-Reinforced Concrete,abstract,unclear
1156,Utilizing Carbonated Recycled Concrete Fines to Develop Sustainable Ultra-High-Performance Fiber-Reinforced Concrete,open_access_pdf,unclear
1157,"Effect of carbonated recycled concrete fines on early-age engineering properties, hydration and microstructure of cement paste under high substitution level and low water-to-binder ratio",abstract,unclear
1157,"Effect of carbonated recycled concrete fines on early-age engineering properties, hydration and microstructure of cement paste under high substitution level and low water-to-binder ratio",open_access_pdf,unclear
1158,Synthesis of low-carbon alkali-activated materials using carbonated recycled concrete fines with sodium meta-aluminate,abstract,unclear
1158,Synthesis of low-carbon alkali-activated materials using carbonated recycled concrete fines with sodium meta-aluminate,open_access_pdf,unclear
1159,Developing sustainable engineered cementitious composites with carbonated recycled concrete fines: Feasibility and engineering properties,abstract,unclear
1159,Developing sustainable engineered cementitious composites with carbonated recycled concrete fines: Feasibility and engineering properties,open_access_pdf,unclear
1160,Research on carbonation percentage of carbonated recycled concrete fine aggregate: experimental investigation and machine learning prediction,open_access_pdf,unclear
1161,Producing Carbon-Negative Bricks by Regenerating C-S-H from Carbonated Recycled Concrete Fines,open_access_pdf,unclear
1162,Toward net negative carbon for bricks using mechano-alkaline activated carbonated recycled concrete fines,abstract,unclear
1162,Toward net negative carbon for bricks using mechano-alkaline activated carbonated recycled concrete fines,open_access_pdf,unclear
1163,Effect of carbonated recycled concrete fines on the performance of limestone–calcined clay cement,open_access_pdf,unclear
1164,Recyclable calcium carbonate-based concrete: Utilizing calcium carbonate to bond recycled concrete fines through an in-situ heterogeneous dual-precipitation approach,abstract,unclear
1164,Recyclable calcium carbonate-based concrete: Utilizing calcium carbonate to bond recycled concrete fines through an in-situ heterogeneous dual-precipitation approach,open_access_pdf,unclear
1165,"A novel internal carbonation method for utilisation of steel slag-based binder: strength, microstructure, and in-situ carbon migration",abstract,unclear
1165,"A novel internal carbonation method for utilisation of steel slag-based binder: strength, microstructure, and in-situ carbon migration",open_access_pdf,unclear
1166,Reduction of environmental impact of ground improvement using carbonated recycled concrete fines,open_access_pdf,unclear
1167,Performance and durability of concrete with carbonated recycled concrete fines,open_access_pdf,unclear
1168,Enhancing the performance of waste-derived super-sulfated with carbonated recycled concrete fines for cemented paste backfill applications,abstract,unclear
1168,Enhancing the performance of waste-derived super-sulfated with carbonated recycled concrete fines for cemented paste backfill applications,open_access_pdf,unclear
1169,Multifunctional role of carbonated recycled concrete fines in alkali-activated slag: In-situ silica supply and volumetric stability,abstract,unclear
1169,Multifunctional role of carbonated recycled concrete fines in alkali-activated slag: In-situ silica supply and volumetric stability,open_access_pdf,unclear
1170,Life cycle assessment of carbonated recycled concrete fine products,abstract,unclear
1170,Life cycle assessment of carbonated recycled concrete fine products,open_access_pdf,unclear
1171,Synthesis of Low-Carbon Alkali-Activated Materials Using Carbonated Recycled Concrete Fines with Sodium Meta-Aluminate,abstract,unclear
1171,Synthesis of Low-Carbon Alkali-Activated Materials Using Carbonated Recycled Concrete Fines with Sodium Meta-Aluminate,open_access_pdf,unclear
1172,Carbonated Recycled Concrete Fines as Supplementary Cementitious Materials - Miguel ARANDA - PID: 38014 VID: 69175 VID: 69178,open_access_pdf,unclear
1175,Durability of concrete containing carbonated recycled aggregates: A comprehensive review,abstract,unclear
1176,Multiscale microstructure and reactivity evolution of recycled concrete fines under gas-solid carbonation,abstract,unclear
1177,Amorphous calcium carbonate formation from carbonated recycled cement powder: A novel carbonation-activated cementitious material,open_access_pdf,unclear
1178,Effect of carbonation on recycled concrete fines as a partial precursor in alkali-activated slag: A comparative study,abstract,unclear
1178,Effect of carbonation on recycled concrete fines as a partial precursor in alkali-activated slag: A comparative study,open_access_pdf,unclear
1179,Interfacial evolution in engineering cementitious composites after thermal exposure: A comprehensive evaluation on single PVA fibre pullout behaviour,abstract,unclear
1179,Interfacial evolution in engineering cementitious composites after thermal exposure: A comprehensive evaluation on single PVA fibre pullout behaviour,open_access_pdf,unclear
1184,"Recycling and valorization of hydrated cement blends in mortars via semi-dry carbonation – The role of waste glass, granulated blast furnace slag and fly ash",abstract,unclear
1185,Assessing the Costs of Industrial Decarbonization,abstract,unclear
1185,Assessing the Costs of Industrial Decarbonization,open_access_pdf,unclear
1192,Strategies for carbon capture in concrete production,venue,unclear
1193,Efficient carbon sequestration of calcium carbide slag based on additive regulation,abstract,unclear
1193,Efficient carbon sequestration of calcium carbide slag based on additive regulation,open_access_pdf,unclear
1196,The utilisation of feed and byproducts of mineral carbonation processes as pozzolanic cement replacements,abstract,unclear
1196,The utilisation of feed and byproducts of mineral carbonation processes as pozzolanic cement replacements,open_access_pdf,unclear
1198,Micro-Silica for High-End Application from Carbon Capture and Storage by Mineralisation,open_access_pdf,unclear
1199,Comparative life cycle assessments of laboratory and Pilot-scale Mechanochemical processes for producing carbonated mineral products as cement substitutes,open_access_pdf,unclear
1200,The effects of NaOH addition on the mechanochemical pre-treatment of wollastonite and their performances as carbonated mineral product,open_access_pdf,unclear
1206,Toward the Implementation of Circular Economy Strategies: An Overview of the Current Situation in Mineral Processing,open_access_pdf,unclear
1213,Mechanochemical processing of silicate rocks to trap CO2,open_access_pdf,unclear
1214,"Mineral waste recycling, sustainable chemical engineering, and circular economy",open_access_pdf,unclear
1219,Optimization of gas-solid carbonation conditions of recycled aggregates using a linear weighted sum method,open_access_pdf,unclear
1220,"Towards a European supply chain for CO2 capture, utilization, and storage by mineralization: Insights from cost-optimal design",open_access_pdf,unclear
1221,Utilization of products from aqueous mineral carbonation of industrial residues as supplementary cementitious materials,open_access_pdf,unclear
1222,Utilization of products from aqueous mineral carbonation of industrial residues as supplementary cementitious materials,abstract,unclear
1222,Utilization of products from aqueous mineral carbonation of industrial residues as supplementary cementitious materials,open_access_pdf,unclear
1229,Introduction of milled kaolinite obtained by mechanosynthesis to cement mixture for the production of mortar: Study of mechanical performance of modified mortar,abstract,unclear
1232,Towards a business case for CO2 mineralisation in the cement industry,abstract,unclear
1235,"Low-carbon UHPC with carbonated blast furnace slag: Impact of mineral composition, carbonation degree, and CaCO3 polymorphs",abstract,unclear
1235,"Low-carbon UHPC with carbonated blast furnace slag: Impact of mineral composition, carbonation degree, and CaCO3 polymorphs",open_access_pdf,unclear
1236,CO<sub>2</sub> Mineralization and Utilization Using Various Calcium-Containing Wastewater and Refining Slag via a High-Gravity Carbonation Process,open_access_pdf,unclear
1237,"Aqueous carbonation of EAF steel slag to produce Supplementary Cementitious Material: Effects on mineral composition, hydration reactivity and mechanical properties",open_access_pdf,unclear
1238,Rheology and phase formation of cement pastes incorporating CO2-activated steel slag as a supplementary cementitious material,open_access_pdf,unclear
1240,Evaluation of steel slags in CO2 sequestration and as supplementary cementitious material,open_access_pdf,unclear
1241,Direct Aqueous Mineralization of Industrial Waste for the Production of Carbonated Supplementary Cementitious Materials,abstract,unclear
1241,Direct Aqueous Mineralization of Industrial Waste for the Production of Carbonated Supplementary Cementitious Materials,open_access_pdf,unclear
1242,Accelerated carbonation of ladle furnace slag: A dual approach to CO2 utilization and waste valorization in sustainable cement applications,open_access_pdf,unclear
1243,Sustainable Iron and Steel Making Systems Integrated with Carbon Sequestration,open_access_pdf,unclear
1245,"Carbonation of supplementary cementitious materials and slag aggregates: Enhancing strength, durability, and CO2 sequestration in mortar",open_access_pdf,unclear
1251,Alkali-assisted activation and carbonation of ferronickel slag for enhanced reactivity in cementitious systems,abstract,unclear
1251,Alkali-assisted activation and carbonation of ferronickel slag for enhanced reactivity in cementitious systems,open_access_pdf,unclear
1252,Mineralogical Transformations of H2-Dri-Eaf Slag by Carbonation Treatment Improves the Performance of the Slag as Supplementary Cementitious Material,abstract,unclear
1252,Mineralogical Transformations of H2-Dri-Eaf Slag by Carbonation Treatment Improves the Performance of the Slag as Supplementary Cementitious Material,open_access_pdf,unclear
1254,"Activation of BOF slag with dipotassium hydrogen phosphate: Enhancing hydration, carbonation resistance, and heavy metal leaching",open_access_pdf,unclear
1257,Insights into CO2-mineralization using non-ferrous metallurgy slags: CO2(g)-induced dissolution behavior of copper and lead slags,open_access_pdf,unclear
1260,Performance optimization and environmental assessment of novel alkali-activated binders containing carbonated recycled concrete powder,abstract,unclear
1260,Performance optimization and environmental assessment of novel alkali-activated binders containing carbonated recycled concrete powder,open_access_pdf,unclear
1261,Revealing the connection between carbonation regimes and early pozzolanic reactivity of recycled concrete powder: Impact of composition and microstructure,abstract,unclear
1261,Revealing the connection between carbonation regimes and early pozzolanic reactivity of recycled concrete powder: Impact of composition and microstructure,open_access_pdf,unclear
1262,Interaction of carbonated recycled concrete powder with calcium sulfoaluminate-belite cement: Early hydration kinetics and microstructure evolution,abstract,unclear
1262,Interaction of carbonated recycled concrete powder with calcium sulfoaluminate-belite cement: Early hydration kinetics and microstructure evolution,open_access_pdf,unclear
1263,Carbonation of waste concrete: An effective and green strategy for enhancing its heavy metals removal from wastewater,abstract,unclear
1263,Carbonation of waste concrete: An effective and green strategy for enhancing its heavy metals removal from wastewater,open_access_pdf,unclear
1264,Improved foamed glass using carbonated recycled concrete powder as a foaming agent,open_access_pdf,unclear
1265,Performance of carbonated recycled concrete powder developed by dry carbonation method as sustainable limestone substitute in LC3 binder system,abstract,unclear
1265,Performance of carbonated recycled concrete powder developed by dry carbonation method as sustainable limestone substitute in LC3 binder system,open_access_pdf,unclear
1266,Utilization of carbonated recycled concrete powder in alkali-activated slag considering reaction duration effect,abstract,unclear
1266,Utilization of carbonated recycled concrete powder in alkali-activated slag considering reaction duration effect,open_access_pdf,unclear
1270,Preparation and properties of carbonated steel slag used in cement cementitious materials,abstract,unclear
1270,Preparation and properties of carbonated steel slag used in cement cementitious materials,open_access_pdf,unclear
1271,"Environmental, economic and engineering performances of aqueous carbonated steel slag powders as alternative material in cement pastes: Influence of particle size",abstract,unclear
1271,"Environmental, economic and engineering performances of aqueous carbonated steel slag powders as alternative material in cement pastes: Influence of particle size",open_access_pdf,unclear
1272,"Accelerated carbonation of steel slag: A review of methods, mechanisms and influencing factors",abstract,unclear
1272,"Accelerated carbonation of steel slag: A review of methods, mechanisms and influencing factors",open_access_pdf,unclear
1273,An innovative ternary carbon-fixing cementitious system of cement-fly ash-carbonated steel slag,abstract,unclear
1273,An innovative ternary carbon-fixing cementitious system of cement-fly ash-carbonated steel slag,open_access_pdf,unclear
1274,Carbon sequestration of steel slag and carbonation for activating RO phase,abstract,unclear
1274,Carbon sequestration of steel slag and carbonation for activating RO phase,open_access_pdf,unclear
1276,Innovative utilization of carbonated steel slag in low-carbon cement system containing metakaolin and wollastonite,abstract,unclear
1276,Innovative utilization of carbonated steel slag in low-carbon cement system containing metakaolin and wollastonite,open_access_pdf,unclear
1277,Effect of moist content on the bio-carbonated steel slag bricks,abstract,unclear
1277,Effect of moist content on the bio-carbonated steel slag bricks,open_access_pdf,unclear
1278,Carbonation and hydration behavior of EAF and BOF steel slag binders,abstract,unclear
1278,Carbonation and hydration behavior of EAF and BOF steel slag binders,open_access_pdf,unclear
1279,Production of cleaner high-strength cementing material using steel slag under elevated-temperature carbonation,abstract,unclear
1279,Production of cleaner high-strength cementing material using steel slag under elevated-temperature carbonation,open_access_pdf,unclear
1280,ITZ properties of concrete with carbonated steel slag aggregate in salty freeze-thaw environment,abstract,unclear
1280,ITZ properties of concrete with carbonated steel slag aggregate in salty freeze-thaw environment,open_access_pdf,unclear
1282,Enhancing temperature resistance of calcium aluminate cement through carbonated steel slag,abstract,unclear
1282,Enhancing temperature resistance of calcium aluminate cement through carbonated steel slag,open_access_pdf,unclear
1283,A novel carbonate binder from waste hydrated cement paste for utilization of CO2,abstract,unclear
1283,A novel carbonate binder from waste hydrated cement paste for utilization of CO2,open_access_pdf,unclear
1284,Innovative Utilization of Carbonated Steel Slag in Low-Carbon Cement System Containing Metakaolin and Wollastonite,abstract,unclear
1284,Innovative Utilization of Carbonated Steel Slag in Low-Carbon Cement System Containing Metakaolin and Wollastonite,open_access_pdf,unclear
1285,Developing sustainable steel slag-based aerated concrete: Effects of accelerated carbonation on performance and carbon emissions,abstract,unclear
1285,Developing sustainable steel slag-based aerated concrete: Effects of accelerated carbonation on performance and carbon emissions,open_access_pdf,unclear
1286,Aqueous carbonation of steel slag with Na2CO3 solution: Synthesis of amorphous silica gel and performance enhancement of carbonated steel slag blended cement paste,abstract,unclear
1286,Aqueous carbonation of steel slag with Na2CO3 solution: Synthesis of amorphous silica gel and performance enhancement of carbonated steel slag blended cement paste,open_access_pdf,unclear
1287,"Unlocking the potential of carbonated steel slag in calcium aluminate cement: A study on mechanical strength, hydration properties, and microstructure",abstract,unclear
1287,"Unlocking the potential of carbonated steel slag in calcium aluminate cement: A study on mechanical strength, hydration properties, and microstructure",open_access_pdf,unclear
1288,Effects of EDTA on the accelerated carbonation behavior of steel slag used as cementitious materials,abstract,unclear
1288,Effects of EDTA on the accelerated carbonation behavior of steel slag used as cementitious materials,open_access_pdf,unclear
1289,Alteration mechanisms of carbonated steel slag product under hydrochloric acid attack,open_access_pdf,unclear
1290,Utilization of carbonated steel slag as fine sand in OPC concrete and mortar,open_access_pdf,unclear
1291,A comparative study of strength and durability characteristics of concrete and mortar admixture by bacterial calcite precipitation: A review,abstract,unclear
1291,A comparative study of strength and durability characteristics of concrete and mortar admixture by bacterial calcite precipitation: A review,open_access_pdf,unclear
1292,Preparation of a novel foam concrete for the carbonation of steel slag with low thermal conductivity and enhanced CO2 capture,abstract,unclear
1292,Preparation of a novel foam concrete for the carbonation of steel slag with low thermal conductivity and enhanced CO2 capture,open_access_pdf,unclear
1293,"Enhancing steel slag performance in concrete via CCUS technique: Mechanisms, applications, and challenges",abstract,unclear
1293,"Enhancing steel slag performance in concrete via CCUS technique: Mechanisms, applications, and challenges",open_access_pdf,unclear
1294,Use of Carbonation Treatment on Steel Slag for Activity Improvement and Co2 Capture,abstract,unclear
1294,Use of Carbonation Treatment on Steel Slag for Activity Improvement and Co2 Capture,open_access_pdf,unclear
1295,Carbon capture and utilization using cement-free concrete products via near-ambient pressure carbonation,abstract,unclear
1295,Carbon capture and utilization using cement-free concrete products via near-ambient pressure carbonation,open_access_pdf,unclear
1296,Synergistic utilization of Al-rich and carbonate-rich mineral admixtures toward sustainable low-carbon cementitious materials: A review,open_access_pdf,unclear
1297,Upcycling of waste hydrated cement paste containing high-volume supplementary cementitious materials via CO2 pre-treatment,abstract,unclear
1297,Upcycling of waste hydrated cement paste containing high-volume supplementary cementitious materials via CO2 pre-treatment,open_access_pdf,unclear
1298,"Performance evaluation and process simulation for synergetic removal of NOx, CO2 and PM using green alkaline solution in a high-gravity rotating packed bed",abstract,unclear
1298,"Performance evaluation and process simulation for synergetic removal of NOx, CO2 and PM using green alkaline solution in a high-gravity rotating packed bed",open_access_pdf,unclear
1299,CO2 capture and utilization for production of precipitated calcium carbonate in a rotating packed bed: simultaneous design and control using distributed computing,open_access_pdf,unclear
1300,Modeling and Parametric Investigation of Rotating Packed Bed Processes for CO2 Capture and Mineralisation,open_access_pdf,unclear
1301,CO2 Utilization Through Production of Carbonated Salts Nanoparticles in a Rotating Packed Bed,abstract,unclear
1301,CO2 Utilization Through Production of Carbonated Salts Nanoparticles in a Rotating Packed Bed,open_access_pdf,unclear
1303,Immediate one-step lime precipitation and atmospheric carbonation as pre-treatment for low biodegradable and high nitrogen wastewaters: A case study of explosives industry,abstract,unclear
1305,Ammonia recovery from brines originating from a municipal wastewater ion exchange process and valorization of recovered nitrogen into microbial protein,abstract,unclear
1306,Design of CO2 Capture and Mineralization Systems: Integrated Process Optimization and Controllability Assessment in Parallel Infrastructures,abstract,unclear
1306,Design of CO2 Capture and Mineralization Systems: Integrated Process Optimization and Controllability Assessment in Parallel Infrastructures,open_access_pdf,unclear
1309,Synthesis of CaCO3 Nanoparticles by Carbonation of Lime Solutions in Reverse Micellar Systems,abstract,unclear
1315,Stabilization-solidification-utilization of MSWI fly ash coupling CO2 mineralization using a high-gravity rotating packed bed,abstract,unclear
1315,Stabilization-solidification-utilization of MSWI fly ash coupling CO2 mineralization using a high-gravity rotating packed bed,open_access_pdf,unclear
1318,Direct air capture: novel contactor designs and intensification strategies,abstract,unclear
1320,CO <sub>2</sub> Conversion by a Metal-Coordinated Single Amino Acid Carbonic Anhydrase Enzyme Mimic,open_access_pdf,unclear
1321,The controllable and efficient synthesis of two-dimensional metal–organic framework nanosheets for heterogeneous catalysis,open_access_pdf,unclear
1322,Interfacial nanoarchitectonics for accelerated growth of zeolite via enlarging gel-liquid interfacial area using rotating packed bed,abstract,unclear
1322,Interfacial nanoarchitectonics for accelerated growth of zeolite via enlarging gel-liquid interfacial area using rotating packed bed,open_access_pdf,unclear
1323,Process intensification for post-combustion CO2 capture with chemical absorption: A critical review,abstract,unclear
1324,An overview of process systems engineering approaches for process intensification: State of the art,abstract,unclear
1324,An overview of process systems engineering approaches for process intensification: State of the art,open_access_pdf,unclear
1327,Reactive Distillation: Stepping Up to the Next Level of Process Intensification,open_access_pdf,unclear
1329,Nanosizing techniques for improving bioavailability of drugs,abstract,unclear
1334,The Role of Operating Conditions in the Precipitation of Magnesium Hydroxide Hexagonal Platelets Using NaOH Solutions,open_access_pdf,unclear
1335,"Computer‐aided process intensification: Challenges, trends and opportunities",open_access_pdf,unclear
1342,Development of intensified reactors: A process intensification methodology perspective,abstract,unclear
1346,Intensified Distillation‐Based Separation Processes: Recent Developments and Perspectives,open_access_pdf,unclear
1350,Accelerated Growth of Mesoporous Zeolite Via Enlarging Gel-Liquid Interfacial Area Using Rotating Packed Bed,abstract,unclear
1350,Accelerated Growth of Mesoporous Zeolite Via Enlarging Gel-Liquid Interfacial Area Using Rotating Packed Bed,open_access_pdf,unclear
1351,Accelerated Growth of Zeolite Via Enlarging Gel-Liquid Interfacial Area Using Rotating Packed Bed,abstract,unclear
1351,Accelerated Growth of Zeolite Via Enlarging Gel-Liquid Interfacial Area Using Rotating Packed Bed,open_access_pdf,unclear
1353,Preparation and characterization of NaY zeolite in a rotating packed bed,abstract,unclear
1355,Synthesis of Nanoparticles with Novel Technology: High-Gravity Reactive Precipitation,open_access_pdf,unclear
1356,Efficient preparation of monodisperse CaCO3 nanoparticles as overbased nanodetergents in a high-gravity rotating packed bed reactor,abstract,unclear
1356,Efficient preparation of monodisperse CaCO3 nanoparticles as overbased nanodetergents in a high-gravity rotating packed bed reactor,open_access_pdf,unclear
1357,Performance evaluation of integrated air pollution control with alkaline waste valorization via high-gravity technology,abstract,unclear
1357,Performance evaluation of integrated air pollution control with alkaline waste valorization via high-gravity technology,open_access_pdf,unclear
1358,Synthesis and application of nanoparticles by a high gravity method,abstract,unclear
1358,Synthesis and application of nanoparticles by a high gravity method,open_access_pdf,unclear
1359,High-gravity intensified iron-carbon micro-electrolysis for degradation of dinitrotoluene,abstract,unclear
1359,High-gravity intensified iron-carbon micro-electrolysis for degradation of dinitrotoluene,open_access_pdf,unclear
1360,Study on the Continuous Whole Process Preparation of Peptizable Pseudoboehmite by High Gravity Strengthening Reaction of CO<sub>2</sub> and Heat Transfer,open_access_pdf,unclear
1362,Post-combustion CO2 capture with chemical absorption: A state-of-the-art review,abstract,unclear
1365,High-gravity reaction engineering of gas-liquid-solid system,abstract,unclear
1365,High-gravity reaction engineering of gas-liquid-solid system,open_access_pdf,unclear
1368,"Natural deep eutectic solvents for lignocellulosic biomass pretreatment: Recent developments, challenges and novel opportunities",abstract,unclear
1374,Lignocellulosic Biomass Valorization for Bioethanol Production: a Circular Bioeconomy Approach,abstract,unclear
1376,Metabolic engineering of yeast for production of fuels and chemicals,abstract,unclear
1378,Production of pure drug nanocrystals and nano co-crystals by confinement methods,abstract,unclear
1382,Production of levulinic acid and alkyl levulinates: a process insight,open_access_pdf,unclear
1386,Review on the impact of heavy metals from industrial wastewater effluent and removal technologies,open_access_pdf,unclear
1388,Process intensification routes for mineral carbonation,venue,unclear
1388,Process intensification routes for mineral carbonation,abstract,unclear
1389,PROCESS INTENSIFICATION ROUTES FOR MINERAL CARBONATION,open_access_pdf,unclear
1390,Advances in process development of aqueous CO2 mineralisation towards scalability,abstract,unclear
1390,Advances in process development of aqueous CO2 mineralisation towards scalability,open_access_pdf,unclear
1391,Integrated mineral carbonation reactor technology for sustainable carbon dioxide sequestration: ‘CO2 Energy Reactor’,venue,unclear
1392,Multiscale Process Intensification of Waste Valorization Reactions,open_access_pdf,unclear
1393,Accelerated CO<sub>2</sub> Mineralization of Acid Mine Drainage Assisted by an Ultrasound Technique: An Experimental Parametric Study,open_access_pdf,unclear
1396,Emerging CO2 capture systems,abstract,unclear
1397,Intensified co-electrolysis process for syngas production from captured CO2,abstract,unclear
1397,Intensified co-electrolysis process for syngas production from captured CO2,open_access_pdf,unclear
1406,The development of carbon capture and storage (CCS) in India: A critical review,venue,unclear
1407,Does size matter? Particle size effects on Ni and Cr mobilization during ex situ mineral carbonation of ultramafic rocks.,venue,unclear
1407,Does size matter? Particle size effects on Ni and Cr mobilization during ex situ mineral carbonation of ultramafic rocks.,open_access_pdf,unclear
1409,Micro-structured copper and nickel metal foams for wastewater disinfection: proof-of-concept and scale-up,abstract,unclear
1411,Enhanced grindability of bastnaesite ore by ex-situ CO2 treatment under the partial pressure of 0–100 psi,open_access_pdf,unclear
1417,Water management and heat integration in direct air capture systems,abstract,unclear
1433,Decision: Progress in modeling of carbon capture technologies — R1/PR10,venue,unclear
1433,Decision: Progress in modeling of carbon capture technologies — R1/PR10,open_access_pdf,unclear
1434,Author comment: Progress in modeling of carbon capture technologies — R1/PR6,venue,unclear
1435,Recommendation: Progress in modeling of carbon capture technologies — R0/PR4,venue,unclear
1435,Recommendation: Progress in modeling of carbon capture technologies — R0/PR4,open_access_pdf,unclear
1436,"Process, performance and modeling of CO 2 capture by chemical absorption using high gravity: A review",abstract,unclear
1436,"Process, performance and modeling of CO 2 capture by chemical absorption using high gravity: A review",open_access_pdf,unclear
1437,Experimental study of CO2 capture enhanced by coal fly ash-synthesized NH2-MCM-41 coupled with high gravity technology,abstract,unclear
1437,Experimental study of CO2 capture enhanced by coal fly ash-synthesized NH2-MCM-41 coupled with high gravity technology,open_access_pdf,unclear
1438,Development of high-gravity technology for removing particulate and gaseous pollutant emissions: Principles and applications,abstract,unclear
1438,Development of high-gravity technology for removing particulate and gaseous pollutant emissions: Principles and applications,open_access_pdf,unclear
1439,Modeling and experimental studies of mass transfer in the cavity zone of a rotating packed bed,abstract,unclear
1439,Modeling and experimental studies of mass transfer in the cavity zone of a rotating packed bed,open_access_pdf,unclear
1440,Simultaneous Absorption of H<sub>2</sub>S and CO<sub>2</sub> into the MDEA + PZ Aqueous Solution in a Rotating Packed Bed,open_access_pdf,unclear
1441,Mass-Transfer Performance for CO<sub>2</sub> Absorption by 2-(2-Aminoethylamino)ethanol Solution in a Rotating Packed Bed,open_access_pdf,unclear
1442,Systematic approach to determination of optimum gas-phase mass transfer rate for high-gravity carbonation process of steelmaking slags in a rotating packed bed,abstract,unclear
1442,Systematic approach to determination of optimum gas-phase mass transfer rate for high-gravity carbonation process of steelmaking slags in a rotating packed bed,open_access_pdf,unclear
1443,Selective absorption of H2S with High CO2 concentration in mixture in a rotating packed bed,abstract,unclear
1443,Selective absorption of H2S with High CO2 concentration in mixture in a rotating packed bed,open_access_pdf,unclear
1444,Insight into the experimental and modeling study of process intensification for post-combustion CO2 capture by rotating packed bed,abstract,unclear
1444,Insight into the experimental and modeling study of process intensification for post-combustion CO2 capture by rotating packed bed,open_access_pdf,unclear
1445,Enhancement of CO<sub>2</sub> Absorption into K<sub>2</sub>CO<sub>3</sub> Solution by Cyclohexane in a High-Shear Reactor,open_access_pdf,unclear
1447,CFD simulation and experimental study of CO2 absorption in a rotating packed bed,abstract,unclear
1447,CFD simulation and experimental study of CO2 absorption in a rotating packed bed,open_access_pdf,unclear
1448,Experimental study on CO2 adsorption with silica-supported ionic liquid in a high gravity reactor,abstract,unclear
1448,Experimental study on CO2 adsorption with silica-supported ionic liquid in a high gravity reactor,open_access_pdf,unclear
1449,Continuous Formation Process of CO2 Gas Hydrate via a Vortex and Impinging Stream Reactor,venue,unclear
1450,Measurements of the effective mass transfer areas for the gas–liquid rotating packed bed,abstract,unclear
1450,Measurements of the effective mass transfer areas for the gas–liquid rotating packed bed,open_access_pdf,unclear
1451,A systematic approach to evaluating environmental-economic benefits of high-gravity technology for flue gas purification and municipal solid waste incineration fly ash utilization,abstract,unclear
1451,A systematic approach to evaluating environmental-economic benefits of high-gravity technology for flue gas purification and municipal solid waste incineration fly ash utilization,open_access_pdf,unclear
1452,Mass transfer intensification mechanism of Al2O3 sphere packing in a rotating packed bed,abstract,unclear
1452,Mass transfer intensification mechanism of Al2O3 sphere packing in a rotating packed bed,open_access_pdf,unclear
1453,"Experimental study of <mml:math xmlns:mml=""http://www.w3.org/1998/Math/MathML"" altimg=""si1.svg""><mml:mrow><mml:mi>C</mml:mi><mml:msub><mml:mi>O</mml:mi><mml:mn>2</mml:mn></mml:msub></mml:mrow></mml:math> absorption with MEA solution in a novel Arc-RPB",abstract,unclear
1453,"Experimental study of <mml:math xmlns:mml=""http://www.w3.org/1998/Math/MathML"" altimg=""si1.svg""><mml:mrow><mml:mi>C</mml:mi><mml:msub><mml:mi>O</mml:mi><mml:mn>2</mml:mn></mml:msub></mml:mrow></mml:math> absorption with MEA solution in a novel Arc-RPB",open_access_pdf,unclear
1454,Improving chemical engineering practices,abstract,unclear
1454,Improving chemical engineering practices,open_access_pdf,unclear
1455,Higee Technologies and Their Applications to Green Intensified Processing,venue,unclear
1455,Higee Technologies and Their Applications to Green Intensified Processing,open_access_pdf,unclear
1456,Decarbonization Absorption of Ship Exhaust Gas and Solvent Regeneration by a High-Gravity Method,abstract,unclear
1456,Decarbonization Absorption of Ship Exhaust Gas and Solvent Regeneration by a High-Gravity Method,open_access_pdf,unclear
1457,Process analysis of intensified absorber for post-combustion CO2 capture through modelling and simulation,open_access_pdf,unclear
1460,MOF-Derived Robust and Synergetic Acid Sites Inducing C–N Bond Disruption for Energy-Efficient CO<sub>2</sub> Desorption,open_access_pdf,unclear
1463,Carbon Capture with Flue Gas Purification,venue,unclear
1463,Carbon Capture with Flue Gas Purification,abstract,unclear
1463,Carbon Capture with Flue Gas Purification,open_access_pdf,unclear
1469,Calcium Looping Process (CLP) for Enhanced Steam Methane Reforming,open_access_pdf,unclear
1470,Carbonation washing of waste incinerator air pollution control residues under wastewater reuse conditions,open_access_pdf,unclear
1471,Carbonation Washing of Waste Incinerator Air Pollution Control Residues Under Wastewater Reuse Conditions,abstract,unclear
1471,Carbonation Washing of Waste Incinerator Air Pollution Control Residues Under Wastewater Reuse Conditions,open_access_pdf,unclear
1473,Direct air capture of CO2 via aqueous-phase absorption and crystalline-phase release using concentrated solar power,abstract,unclear
1478,Investigation of the process operability windows for Ca-Cu looping for hydrogen production with CO2 capture,abstract,unclear
1480,Optimization of Biodiesel Production over Chicken Eggshell-Derived CaO Catalyst in a Continuous Centrifugal Contactor Separator,open_access_pdf,unclear
1484,Application of the concept of Linear Free Energy Relationships to the hydrogenation of levulinic acid and its corresponding esters,abstract,unclear
1488,Ion-conducting ceramic membrane reactors for high-temperature applications,open_access_pdf,unclear
1489,Increasing the carbon capture efficiency of the Ca/Cu looping process for power production with advanced process schemes,open_access_pdf,unclear
1492,Experimental Investigation of Hot Steam Temperature Effects on Physicochemical Properties and Mineralization Efficiency in Steel Slag-CO2 Systems.,open_access_pdf,unclear
1493,Optimizing CO2 mineralization parameters of steel slag to improve carbonation resistance of concrete: chemical and microstructure effects,open_access_pdf,unclear
1494,Valorization of steel slag through CO2 mineralization toward improved reactivity and cementitious performance,abstract,unclear
1494,Valorization of steel slag through CO2 mineralization toward improved reactivity and cementitious performance,open_access_pdf,unclear
1495,Enhancing CO2 Mineralization Rate and Extent of Iron and Steel Slag via Grinding,abstract,unclear
1496,"Steam Efficiently Enhancing CO2 Direct Mineralization Steel Slag Towards Actual Production: Phase Evolution, Microstructure, and Mechanisms",open_access_pdf,unclear
1497,Research Progress on Chemical Pathways for CO2 Capture by Steel Slag Mineralization,abstract,unclear
1497,Research Progress on Chemical Pathways for CO2 Capture by Steel Slag Mineralization,open_access_pdf,unclear
1498,Synergistic gas–slag scheme to mitigate CO2 emissions from the steel industry,abstract,unclear
1498,Synergistic gas–slag scheme to mitigate CO2 emissions from the steel industry,open_access_pdf,unclear
1499,Geochemical modeling of CO2 sequestration via weathering of steel slag: Reactive transport and mineralization dynamics,abstract,unclear
1499,Geochemical modeling of CO2 sequestration via weathering of steel slag: Reactive transport and mineralization dynamics,open_access_pdf,unclear
1500,Carbonation of steel slag for mineral CO2 sequestration: a novel method for desorption of CO2-loaded monoethanolamine (MEA),abstract,unclear
1500,Carbonation of steel slag for mineral CO2 sequestration: a novel method for desorption of CO2-loaded monoethanolamine (MEA),open_access_pdf,unclear
1501,Study on Improving the Stability of Steel Slag Fine Aggregate by Boiling Pretreatment Combined with Microbial Mineralization,open_access_pdf,unclear
1502,3D nanostructure of CO2‐mineralized steel slag,open_access_pdf,unclear
1503,Large Scale Valorization Of Steel Slag Combined With Membrane-Based Direct Air Capture For Carbon Mineralization: A Techno-economic Evaluation,open_access_pdf,unclear
1504,Effect of Solidification and Cooling Methods on the Efficacy of Slag as a Feedstock for CO2 Mineralization,venue,unclear
1505,不锈钢渣矿化固定CO2的实验研究 Experimental Study on CO2 Sequestration by Mineralization of Stainless Steel Slag,venue,unclear
1505,不锈钢渣矿化固定CO2的实验研究 Experimental Study on CO2 Sequestration by Mineralization of Stainless Steel Slag,abstract,unclear
1506,Effects of Multiple Factors on Carbon Sequestration Rate During Direct Gas–Solid Mineralization of Ladle Furnace Slag,abstract,unclear
1506,Effects of Multiple Factors on Carbon Sequestration Rate During Direct Gas–Solid Mineralization of Ladle Furnace Slag,open_access_pdf,unclear
1507,Optimization of Operating Conditions to Improve the Performance of Brine Electrolyzer for Minerialization of Waste Cement and Steel Slag,open_access_pdf,unclear
1510,Research on selective leaching of calcium from steel-making slag with NH4Cl as leaching solution,open_access_pdf,unclear
1511,Study on carbonation reactivity of silicates in steel slag accelerated by Bacillus mucilaginosus,open_access_pdf,unclear
1512,Evaluation of elemental leaching behavior and morphological changes of steel slag in both acidic and basic conditions for carbon sequestration potential,abstract,unclear
1512,Evaluation of elemental leaching behavior and morphological changes of steel slag in both acidic and basic conditions for carbon sequestration potential,open_access_pdf,unclear
1513,Research on integrated CO2 absorption-mineralization and regeneration of absorbent process,venue,unclear
1513,Research on integrated CO2 absorption-mineralization and regeneration of absorbent process,open_access_pdf,unclear
1514,Oxygen radical-mediated process for synergistic H2 production and CO2 capture from sludge gasification.,open_access_pdf,unclear
1515,Energy-efficient mineral carbonation of blast furnace slag with high value-added products,open_access_pdf,unclear
1516,Reduction of CO2 Emissions from Steel Plants by Using Steelmaking Slags for Production of Marketable Calcium Carbonate,venue,unclear
1516,Reduction of CO2 Emissions from Steel Plants by Using Steelmaking Slags for Production of Marketable Calcium Carbonate,abstract,unclear
1516,Reduction of CO2 Emissions from Steel Plants by Using Steelmaking Slags for Production of Marketable Calcium Carbonate,open_access_pdf,unclear
1517,Accelerated Carbonation of Ca- and Mg-Bearing Minerals and Industrial Wastes Using CO2,venue,unclear
1517,Accelerated Carbonation of Ca- and Mg-Bearing Minerals and Industrial Wastes Using CO2,abstract,unclear
1517,Accelerated Carbonation of Ca- and Mg-Bearing Minerals and Industrial Wastes Using CO2,open_access_pdf,unclear
1518,Low-Carbon Concrete Development Through Incorporation of Carbonated Recycled Aggregate and Carbon Dioxide During Concrete Batching and Curing,open_access_pdf,unclear
1519,Enhancing early strength of cement mortar using MSWI fly ash under accelerated carbonation curing,abstract,unclear
1519,Enhancing early strength of cement mortar using MSWI fly ash under accelerated carbonation curing,open_access_pdf,unclear
1520,Accelerated Curing of Cement Mortar: In-Situ Carbonation Utilising Co2-Impregnated Faujasite,abstract,unclear
1520,Accelerated Curing of Cement Mortar: In-Situ Carbonation Utilising Co2-Impregnated Faujasite,open_access_pdf,unclear
1521,Investigation of the Carbonation Behavior of Cement Mortar Containing Interior Stone Sludge and Recycled Mask Fibers,open_access_pdf,unclear
1522,Setting evaluation of cement mortar using nondestructive methods under different curing conditions: temperatures and relative humidities,abstract,unclear
1522,Setting evaluation of cement mortar using nondestructive methods under different curing conditions: temperatures and relative humidities,open_access_pdf,unclear
1523,Characterization of Carbonation Curing Influence on Nonlinear Ultrasonic Response and Mechanical Performance of Mortar,open_access_pdf,unclear
1525,Effect of carbonation curing regime on strength and microstructure of Portland cement paste,venue,unclear
1525,Effect of carbonation curing regime on strength and microstructure of Portland cement paste,open_access_pdf,unclear
1526,Influence of water re-curing on microstructure of heat-damaged cement mortar characterized by low-field NMR and MIP,venue,unclear
1526,Influence of water re-curing on microstructure of heat-damaged cement mortar characterized by low-field NMR and MIP,open_access_pdf,unclear
1528,"Enhancing the Strength and Durability of Cement Mortar: Synergetic Effects of Shell Powder, Calcium Formate and Basalt Fibers",open_access_pdf,unclear
1529,The Effects of Carbonation and Elevated Temperatures on the Properties of Magnesium-Based Mortar,open_access_pdf,unclear
1530,Performance of High-volume Carbide Lime Mortar Under Accelerated CO2 Curing Followed by Postconditioning Treatments,open_access_pdf,unclear
1531,Optimising The Performance of Carbide Lime Waste Mortar: The Role of Temperature in Accelerated CO2 Curing,open_access_pdf,unclear
1532,Internal curing effect of raw and carbonated recycled aggregate on the properties of high-strength slag-cement mortar,venue,unclear
1532,Internal curing effect of raw and carbonated recycled aggregate on the properties of high-strength slag-cement mortar,abstract,unclear
1532,Internal curing effect of raw and carbonated recycled aggregate on the properties of high-strength slag-cement mortar,open_access_pdf,unclear
1534,Synergistic effects of curing conditions and magnesium oxide addition on the physico-mechanical properties and firing resistivity of Portland cement mortar,venue,unclear
1534,Synergistic effects of curing conditions and magnesium oxide addition on the physico-mechanical properties and firing resistivity of Portland cement mortar,abstract,unclear
1534,Synergistic effects of curing conditions and magnesium oxide addition on the physico-mechanical properties and firing resistivity of Portland cement mortar,open_access_pdf,unclear
1535,Performance of Cementitious Materials Subjected to Low CO2 Concentration Accelerated Carbonation Curing and Further Hydration,open_access_pdf,unclear
1536,Investigating the synergistic effects of internal curing and pozzolanic activity in mortar utilizing clay-burnt brick fines,open_access_pdf,unclear
1537,Longitudinal Deformation of Mortar Bars Containing Reactive MgO during Carbonation Curing and Sulfate Solution Immersion,open_access_pdf,unclear
1538,Effect of Carbon Dioxide Curing on Strength Development of Cement Mortar,venue,unclear
1538,Effect of Carbon Dioxide Curing on Strength Development of Cement Mortar,abstract,unclear
1538,Effect of Carbon Dioxide Curing on Strength Development of Cement Mortar,open_access_pdf,unclear
1539,Portland Cement Mortar Carbonation Assessment by Using Blue Timol Indicator,venue,unclear
1540,Properties and Environmental Impact of Cement Mortar Using Spodumene Mining Residue as Mineral Admixture,open_access_pdf,unclear
1541,Effects of CO 2 sequestrated recycled brick powder on cement mortar properties,open_access_pdf,unclear
1542,Enhancing mechanical properties and CO2 capture in mortar using calcium lime waste through dry pre-conditioning and accelerated CO2 curing,abstract,unclear
1542,Enhancing mechanical properties and CO2 capture in mortar using calcium lime waste through dry pre-conditioning and accelerated CO2 curing,open_access_pdf,unclear
1544,Study of stabilized phases in high alumina cement mortars part II effect of CaCO3 added to high alumina cement mortar subjected to elevated temperature curing and carbonation,venue,unclear
1544,Study of stabilized phases in high alumina cement mortars part II effect of CaCO3 added to high alumina cement mortar subjected to elevated temperature curing and carbonation,abstract,unclear
1544,Study of stabilized phases in high alumina cement mortars part II effect of CaCO3 added to high alumina cement mortar subjected to elevated temperature curing and carbonation,open_access_pdf,unclear
1545,Effect of Curing Methods on Carbonation Depth of Rubberised Fibre Mortar,venue,unclear
1545,Effect of Curing Methods on Carbonation Depth of Rubberised Fibre Mortar,abstract,unclear
1545,Effect of Curing Methods on Carbonation Depth of Rubberised Fibre Mortar,open_access_pdf,unclear
1546,Setting Time and Carbonation Resistance of Alkali-Activated GGBS-Fly Ash Mortar,open_access_pdf,unclear
1548,Enhancement in behavioral properties of cement mortar cubes admixed with reduced graphene oxide,venue,unclear
1548,Enhancement in behavioral properties of cement mortar cubes admixed with reduced graphene oxide,open_access_pdf,unclear
1550,An insight of carbonation-hydration kinetics and microstructure characterization of cement paste under accelerated carbonation at early age,abstract,unclear
1550,An insight of carbonation-hydration kinetics and microstructure characterization of cement paste under accelerated carbonation at early age,open_access_pdf,unclear
1551,Microstructure of cement paste subject to ambient pressure carbonation curing,venue,unclear
1551,Microstructure of cement paste subject to ambient pressure carbonation curing,open_access_pdf,unclear
1552,"Mix Design-Driven Control of Carbonation and Hydration in CO2-Mixed Cement Pastes: Effects of Water, Slag, and Surfactant",open_access_pdf,unclear
1553,FORCED INTERNAL CARBONATION AND CURING IN LC3 BLENDS MADE WITH DIFFERENT CEMENT TYPES,open_access_pdf,unclear
1556,Understanding the role of natural pozzolana in regulating the early hydration reaction process and microstructure of Portland cement,open_access_pdf,unclear
1557,Effects of carbonation on micro structures of hardened cement paste,abstract,unclear
1557,Effects of carbonation on micro structures of hardened cement paste,open_access_pdf,unclear
1558,Effect of carbonated cement paste on composite cement hydration and performance,venue,unclear
1558,Effect of carbonated cement paste on composite cement hydration and performance,open_access_pdf,unclear
1559,The effect of combined carbonation and steam curing on the microstructural evolution and mechanical properties of Portland cement concrete,venue,unclear
1559,The effect of combined carbonation and steam curing on the microstructural evolution and mechanical properties of Portland cement concrete,abstract,unclear
1559,The effect of combined carbonation and steam curing on the microstructural evolution and mechanical properties of Portland cement concrete,open_access_pdf,unclear
1560,Research on the Carbonation of Cement Paste Modified with Layered Double Hydroxides,venue,unclear
1560,Research on the Carbonation of Cement Paste Modified with Layered Double Hydroxides,abstract,unclear
1560,Research on the Carbonation of Cement Paste Modified with Layered Double Hydroxides,open_access_pdf,unclear
1561,Study on the Sustainability of Carbon Emission Reduction in China’s Cement Industry,open_access_pdf,unclear
1562,Coupling effect of γ-dicalcium silicate and slag on carbonation resistance of low carbon materials,venue,unclear
1562,Coupling effect of γ-dicalcium silicate and slag on carbonation resistance of low carbon materials,open_access_pdf,unclear
1563,Influence of steel slag-silica fume composite mineral admixture on the properties of concrete,venue,unclear
1563,Influence of steel slag-silica fume composite mineral admixture on the properties of concrete,abstract,unclear
1563,Influence of steel slag-silica fume composite mineral admixture on the properties of concrete,open_access_pdf,unclear
1564,Pseudo-dynamic carbonation for concrete curing and carbon storage,venue,unclear
1564,Pseudo-dynamic carbonation for concrete curing and carbon storage,abstract,unclear
1564,Pseudo-dynamic carbonation for concrete curing and carbon storage,open_access_pdf,unclear
1565,Feasibility of ferronickel slag powder for cementitious binder in concrete mix,open_access_pdf,unclear
1566,Carbonation of Fly Ash Concrete and Micro-Hardness Analysis,venue,unclear
1566,Carbonation of Fly Ash Concrete and Micro-Hardness Analysis,abstract,unclear
1566,Carbonation of Fly Ash Concrete and Micro-Hardness Analysis,open_access_pdf,unclear
1567,CONCRETE PROPERTIES OF BLENDED CEMENT WITH HIGH ALUMINATE,venue,unclear
1567,CONCRETE PROPERTIES OF BLENDED CEMENT WITH HIGH ALUMINATE,abstract,unclear
1568,Modelling the poromechanical behaviour of class G cement paste: A multiphysics approach from early age to hardened state,abstract,unclear
1570,The acceleration effect of nano C-S-H-PCE on the microstructure formation and evolution at early age of cement paste,abstract,unclear
1570,The acceleration effect of nano C-S-H-PCE on the microstructure formation and evolution at early age of cement paste,open_access_pdf,unclear
1573,IMPACT OF DEMOLDING AGE AND DRYING PERIOD ON DEGREE OF HYDRATION OF EARLY AGE CEMENT PASTE,abstract,unclear
1573,IMPACT OF DEMOLDING AGE AND DRYING PERIOD ON DEGREE OF HYDRATION OF EARLY AGE CEMENT PASTE,open_access_pdf,unclear
1575,Effect of different expansive agents on the early age structural build-up process of cement paste,abstract,unclear
1575,Effect of different expansive agents on the early age structural build-up process of cement paste,open_access_pdf,unclear
1576,Experimental research on aggregate restrained shrinkage and cracking of early-age cement paste,abstract,unclear
1576,Experimental research on aggregate restrained shrinkage and cracking of early-age cement paste,open_access_pdf,unclear
1577,Effect of Carbonation on Concrete Strength: A Consideration of Natural Carbonation and Accelerated Carbonation Curing,abstract,unclear
1577,Effect of Carbonation on Concrete Strength: A Consideration of Natural Carbonation and Accelerated Carbonation Curing,open_access_pdf,unclear
1578,Impact of the water-curing time on the carbonation initiation period of high-volume limestone powder concrete,open_access_pdf,unclear
1579,"Low-Carbon Slag Concrete Design Optimization Method Considering the Coupled Effects of Formwork Stripping, Strength Progress, and Carbonation Durability",open_access_pdf,unclear
1580,Enhancing concrete performance and sustainability through carbonation curing: Effects of fly ash incorporation and mechanical properties evaluation,open_access_pdf,unclear
1581,Dimensional Effects in CO2 Uptake and Compressive Strength of Pervious Concrete Subjected to CO2 Curing,abstract,unclear
1581,Dimensional Effects in CO2 Uptake and Compressive Strength of Pervious Concrete Subjected to CO2 Curing,open_access_pdf,unclear
1582,Effect of Nano-CSH and sodium sulfate on strength and durability of non-steam-curing high volume fly ash concrete,open_access_pdf,unclear
1585,Improving concrete resistance to low temperature sulfate attack through carbonation curing,venue,unclear
1585,Improving concrete resistance to low temperature sulfate attack through carbonation curing,abstract,unclear
1585,Improving concrete resistance to low temperature sulfate attack through carbonation curing,open_access_pdf,unclear
1586,"Traditional and Advanced Curing Strategies for Concrete Materials: A Systematic Review of Mechanical Performance, Sustainability, and Future Directions",open_access_pdf,unclear
1587,"Hydration behaviors, workability, and strength variations in direct aqueous carbonation (DAC) of Portland cement paste",open_access_pdf,unclear
1588,Investigation on durability of mPCM modified concrete subjected to the coupling action of carbonation and freeze-thaw cycles,open_access_pdf,unclear
1590,Effect of carbonation on concrete structure - a review,open_access_pdf,unclear
1591,Synergistic Gypsum–Carbonation Strategy and Non-Contact ITZ Quantification for CFBFA Artificial Aggregate Concrete,open_access_pdf,unclear
1592,Effects of porous ceramic roof tile waste aggregate on strength development and carbonation resistance of steam-cured fly ash concrete,venue,unclear
1593,Effect of Pre-Curing Time and Residual Water–Cement Ratio on CO2 Curing of Recycled Concrete,open_access_pdf,unclear
1596,Critical review of standardized test methods for determining the carbonation resistance of concrete,open_access_pdf,unclear
1598,Carbonated high-Al steel slag as supplementary cementitious material: Synergy of carbonation at elevated temperature and addition of gypsum,abstract,unclear
1598,Carbonated high-Al steel slag as supplementary cementitious material: Synergy of carbonation at elevated temperature and addition of gypsum,open_access_pdf,unclear
1600,Mechanical Behavior of Concrete Containing Steel Slag Powder as a Supplementary Cementitious Material,open_access_pdf,unclear
1601,Development of a sustainable stabilized macadam road base using steel slag as supplementary cementitious material,abstract,unclear
1601,Development of a sustainable stabilized macadam road base using steel slag as supplementary cementitious material,open_access_pdf,unclear
1602,Performance of a steel slag-based supplementary cementitious material via the synergistic modification of binary fly ash and gypsum system,abstract,unclear
1602,Performance of a steel slag-based supplementary cementitious material via the synergistic modification of binary fly ash and gypsum system,open_access_pdf,unclear
1603,Study on preparation of supplementary cementitious material using microbial CO2 fixation of steel slag powder,abstract,unclear
1603,Study on preparation of supplementary cementitious material using microbial CO2 fixation of steel slag powder,open_access_pdf,unclear
1604,Preparation of a supplementary cementitious material through synergy CO2 mineralization of fly ash and carbide slag,open_access_pdf,unclear
1605,The Mechanical Properties of Concrete Incorporating Steel Slag as Supplementary Cementitious Material,venue,unclear
1605,The Mechanical Properties of Concrete Incorporating Steel Slag as Supplementary Cementitious Material,open_access_pdf,unclear
1606,Chloride permeability and chloride-induced corrosion of concrete containing lithium slag as a supplementary cementitious material,abstract,unclear
1606,Chloride permeability and chloride-induced corrosion of concrete containing lithium slag as a supplementary cementitious material,open_access_pdf,unclear
1607,Influence of a steel slag powder-ground fly ash composite supplementary cementitious material on the chloride and sulphate resistance of mass concrete,venue,unclear
1607,Influence of a steel slag powder-ground fly ash composite supplementary cementitious material on the chloride and sulphate resistance of mass concrete,open_access_pdf,unclear
1608,Development of low-carbon engineered cementitious composites using pressurized carbonated steel slag aggregates,abstract,unclear
1608,Development of low-carbon engineered cementitious composites using pressurized carbonated steel slag aggregates,open_access_pdf,unclear
1610,Development of magnesium slag–steel slag-based composite cementitious material and its backfilling application,abstract,unclear
1610,Development of magnesium slag–steel slag-based composite cementitious material and its backfilling application,open_access_pdf,unclear
1611,Treatment of Energy from Waste Plant fly-ash for blast furnace slag substitution as a Supplementary Cementitious Material,abstract,unclear
1611,Treatment of Energy from Waste Plant fly-ash for blast furnace slag substitution as a Supplementary Cementitious Material,open_access_pdf,unclear
1613,Effect of Lithium Slag as Supplementary Cementitious Material on Sulphate Attack Resistance of Cement Mortar,abstract,unclear
1613,Effect of Lithium Slag as Supplementary Cementitious Material on Sulphate Attack Resistance of Cement Mortar,open_access_pdf,unclear
1614,Use of carbonated recycled cement paste powder as a new supplementary cementitious material: A critical review,abstract,unclear
1614,Use of carbonated recycled cement paste powder as a new supplementary cementitious material: A critical review,open_access_pdf,unclear
1615,Calcium aluminate rich secondary stainless steel slag as a supplementary cementitious material,venue,unclear
1615,Calcium aluminate rich secondary stainless steel slag as a supplementary cementitious material,abstract,unclear
1615,Calcium aluminate rich secondary stainless steel slag as a supplementary cementitious material,open_access_pdf,unclear
1616,Study on Hydration and Hardening Performance of Coal Gangue-Steel Slag-Cement Composite Cementitious Material,abstract,unclear
1616,Study on Hydration and Hardening Performance of Coal Gangue-Steel Slag-Cement Composite Cementitious Material,open_access_pdf,unclear
1617,Carbonated Concrete Slurry Waste as Supplementary Cementitious Material,abstract,unclear
1618,The improvement on the properties and heavy metal solidification of phosphogypsum-steel slag cementitious material: Enhancement from Bi-directional carbonation,abstract,unclear
1618,The improvement on the properties and heavy metal solidification of phosphogypsum-steel slag cementitious material: Enhancement from Bi-directional carbonation,open_access_pdf,unclear
1619,Resource utilization of lithium slag supplementary cementitious materials through mechanical activation: mechanism investigation and process optimization.,open_access_pdf,unclear
1620,Performance of Low-Energy Steel Slag Powders as Supplementary Cementitious Materials,abstract,unclear
1620,Performance of Low-Energy Steel Slag Powders as Supplementary Cementitious Materials,open_access_pdf,unclear
1623,Assessment of lithium slag as a supplementary cementitious material: Pozzolanic activity and microstructure development,abstract,unclear
1624,Efficiency of incorporating Algerian ground granulated blast furnace slag as a supplementary cementitious material: a review,abstract,unclear
1624,Efficiency of incorporating Algerian ground granulated blast furnace slag as a supplementary cementitious material: a review,open_access_pdf,unclear
1625,"Potential Reuse of Ladle Furnace Slag as Cementitious Material: A Literature Review of Generation, Characterization, and Processing Methods",open_access_pdf,unclear
1628,UTILIZING CARBONATED WASTEWATER FROM WET CARBONATION OF RECYCLED CONCRETE POWDER IN CEMENTITIOUS SYSTEMS,open_access_pdf,unclear
1629,"Total recycling of waste concrete in sustainable concrete production through CO2 mineralization: Strength, durability, and corrosion issues.",open_access_pdf,unclear
1630,Reutilization of waste concrete powder by cement hardening.,venue,unclear
1630,Reutilization of waste concrete powder by cement hardening.,abstract,unclear
1630,Reutilization of waste concrete powder by cement hardening.,open_access_pdf,unclear
1631,Effects of carbonated hardened cement paste powder on hydration and microstructure of Portland cement,open_access_pdf,unclear
1632,Effect of limestone fillers on microstructure and permeability due to carbonation of cement pastes under controlled CO2 pressure conditions,venue,unclear
1632,Effect of limestone fillers on microstructure and permeability due to carbonation of cement pastes under controlled CO2 pressure conditions,abstract,unclear
1632,Effect of limestone fillers on microstructure and permeability due to carbonation of cement pastes under controlled CO2 pressure conditions,open_access_pdf,unclear
1633,Synthesis and properties of a novel structural binder utilizing the chemistry of iron carbonation.,abstract,unclear
1633,Synthesis and properties of a novel structural binder utilizing the chemistry of iron carbonation.,open_access_pdf,unclear
1634,Synergistic effect of waste concrete powder and traditional SCMs in preparing clinker-free cement: Hydration and microstructure evolution,abstract,unclear
1634,Synergistic effect of waste concrete powder and traditional SCMs in preparing clinker-free cement: Hydration and microstructure evolution,open_access_pdf,unclear
1636,Assessment of the Applicability of Waste Concrete Fine Powder as a Raw Material for Cement Clinker,open_access_pdf,unclear
1637,STUDY ON IMPROVEMENT OF INITIAL HYDRATION OF CEMENT AND NUCLEATION EFFECT BY USIBG WASTE CONCRETE POWDER,abstract,unclear
1637,STUDY ON IMPROVEMENT OF INITIAL HYDRATION OF CEMENT AND NUCLEATION EFFECT BY USIBG WASTE CONCRETE POWDER,open_access_pdf,unclear
1638,"Improving the Mechanical, Corrosion Resistance, Microstructural and Environmental Performance of Recycled Aggregate Concrete Using Ceramic Waste Powder as an Alternative to Cement",open_access_pdf,unclear
1640,Investigations of Portland Limestone Cement and Waste Glass Powder for Sustainable Ultra-High Performance Concrete,abstract,unclear
1640,Investigations of Portland Limestone Cement and Waste Glass Powder for Sustainable Ultra-High Performance Concrete,open_access_pdf,unclear
1641,Effect of thermo-mechanical activation of waste concrete powder (WCP) on the characteristics of cement mixtures,abstract,unclear
1643,Reusing Waste Concrete Recycled Powder in Mortar: Paste Substitution versus Cement Substitution,abstract,unclear
1643,Reusing Waste Concrete Recycled Powder in Mortar: Paste Substitution versus Cement Substitution,open_access_pdf,unclear
1644,Concrete powder waste as a substitution for Portland cement for environment-friendly cement production,abstract,unclear
1644,Concrete powder waste as a substitution for Portland cement for environment-friendly cement production,open_access_pdf,unclear
1645,A comparative life cycle assessment of recycling waste concrete powder into CO2-Capture products.,open_access_pdf,unclear
1646,Chloride transport and thermoactivated modification of sustainable cement-based materials with high-content waste concrete powder,abstract,unclear
1647,Multi-scale characteristics of magnesium potassium phosphate cement enhanced by waste concrete powder,abstract,unclear
1647,Multi-scale characteristics of magnesium potassium phosphate cement enhanced by waste concrete powder,open_access_pdf,unclear
1648,Achieving carbon utilization and storage (CUS) in cement-based materials with wet-grinding carbonated concrete slurry waste,abstract,unclear
1648,Achieving carbon utilization and storage (CUS) in cement-based materials with wet-grinding carbonated concrete slurry waste,open_access_pdf,unclear
1649,"Novel exploration of chemical compounds in mono-variate, Bi-variate, and multi-variate scenarios of waste glass powder as a cement replacement in concrete",abstract,unclear
1649,"Novel exploration of chemical compounds in mono-variate, Bi-variate, and multi-variate scenarios of waste glass powder as a cement replacement in concrete",open_access_pdf,unclear
1650,The Effect of Activation Methods on the Mechanical Properties of Cement Mortars with Recycled Powder from Concrete Waste as a Cement Partial Replacement: A Review,open_access_pdf,unclear
1651,Binary effect of silica fume and waste glass powder as a cement replacement for a sustainable concrete,abstract,unclear
1651,Binary effect of silica fume and waste glass powder as a cement replacement for a sustainable concrete,open_access_pdf,unclear
1653,A Review of the Utilization of Recycled Powder from Concrete Waste as a Cement Partial Replacement in Cement-Based Materials: Fundamental Properties and Activation Methods,open_access_pdf,unclear
1654,Packing density investigation of blended cement pastes incorporating waste perlite and recycled concrete powder,abstract,unclear
1654,Packing density investigation of blended cement pastes incorporating waste perlite and recycled concrete powder,open_access_pdf,unclear
1656,Reusing waste clay brick powder for low-carbon cement concrete and alkali-activated concrete: A critical review,abstract,unclear
1656,Reusing waste clay brick powder for low-carbon cement concrete and alkali-activated concrete: A critical review,open_access_pdf,unclear
1657,Predictive modeling of concrete properties with waste glass powder as a partial cement replacement,open_access_pdf,unclear
1658,Sustainable reuse of waste ceramic tiles powder and waste brick powder as a replacement for cement on green high strength concrete properties,abstract,unclear
1658,Sustainable reuse of waste ceramic tiles powder and waste brick powder as a replacement for cement on green high strength concrete properties,open_access_pdf,unclear
1659,Recycling of Waste Granodiorite Powder as a Partial Cement Replacement Material in Ordinary Concrete,venue,unclear
1660,Performance evaluation of ultra-high-performance fiber-reinforced concrete incorporating waste OLED glass powder as a cement replacement,abstract,unclear
1660,Performance evaluation of ultra-high-performance fiber-reinforced concrete incorporating waste OLED glass powder as a cement replacement,open_access_pdf,unclear
1661,Experimental investigation for the influence of graphene oxide on properties of the cement-waste concrete powder composite,open_access_pdf,unclear
1662,"Investigation of strength, durability, and microstructure properties of concrete with waste marble powder as a partial replacement of cement",open_access_pdf,unclear
1663,An accelerator prepared from waste concrete recycled powder and its effect on hydration of cement-based materials,venue,unclear
1663,An accelerator prepared from waste concrete recycled powder and its effect on hydration of cement-based materials,open_access_pdf,unclear
1665,"Effect of waste glass powder as partial cement replacement on fresh properties, mechanical strength, bond, water penetration and thermal conductivity of normal concrete",abstract,unclear
1665,"Effect of waste glass powder as partial cement replacement on fresh properties, mechanical strength, bond, water penetration and thermal conductivity of normal concrete",open_access_pdf,unclear
1666,Evaluating the shear performance of reinforced concrete beams using waste glass powder as a sustainable cement substitute,open_access_pdf,unclear
1667,Ceramic waste powder as a cement replacement in concrete paving blocks: mechanical properties and environmental assessment,open_access_pdf,unclear
1669,Evaluation of waste concrete recycled powder (WCRP) on the preparation of low-exothermic cement,abstract,unclear
1669,Evaluation of waste concrete recycled powder (WCRP) on the preparation of low-exothermic cement,open_access_pdf,unclear
1670,Investigating the flexural strength characteristics of reinforced concrete beams utilising waste glass powder as a sustainable cement alternative,abstract,unclear
1670,Investigating the flexural strength characteristics of reinforced concrete beams utilising waste glass powder as a sustainable cement alternative,open_access_pdf,unclear
1671,Experimental and Numerical Assessment of Sustainable Concrete Using Recycled Concrete Powder (RCP) as a Partial Replacement for Cement,open_access_pdf,unclear
1672,Sustainable Utilization of Recycled Concrete Powder as Sand Replacement in Cement Mortar Production: Impact of Sand-Cement Ratio,open_access_pdf,unclear
1673,The Characteristics of Recycled Concrete Powder and Its Influences on the Properties of Cement-based Materials,abstract,unclear
1673,The Characteristics of Recycled Concrete Powder and Its Influences on the Properties of Cement-based Materials,open_access_pdf,unclear
1674,Synthesis of amorphous nano-silica from recycled concrete fines by two-step wet carbonation,venue,unclear
1674,Synthesis of amorphous nano-silica from recycled concrete fines by two-step wet carbonation,abstract,unclear
1674,Synthesis of amorphous nano-silica from recycled concrete fines by two-step wet carbonation,open_access_pdf,unclear
1675,Beneficiation of recycled concrete fines through accelerated carbonation,abstract,unclear
1675,Beneficiation of recycled concrete fines through accelerated carbonation,open_access_pdf,unclear
1677,Carbon dioxide fixation technology for concrete waste using wet and semi-dry carbonation treatments,open_access_pdf,unclear
1679,Hydration and strength of cement paste containing metastable vaterite derived from recycled concrete fines and CO2,abstract,unclear
1679,Hydration and strength of cement paste containing metastable vaterite derived from recycled concrete fines and CO2,open_access_pdf,unclear
1680,Optimizing concrete properties with carbonated recycled concrete aggregate: a sustainable approach,abstract,unclear
1680,Optimizing concrete properties with carbonated recycled concrete aggregate: a sustainable approach,open_access_pdf,unclear
1681,High early pozzolanic reactivity of alumina-silica gel: A study of the hydration of composite cements with carbonated recycled concrete paste,abstract,unclear
1681,High early pozzolanic reactivity of alumina-silica gel: A study of the hydration of composite cements with carbonated recycled concrete paste,open_access_pdf,unclear
1682,Investigating the Mechanical and Durability Properties of Carbonated Recycled Aggregate Concrete and Its Performance with SCMs,open_access_pdf,unclear
1683,Mechanochemical carbonation of recycled concrete fines: Towards a high-efficiency recycling and CO2 sequestration,abstract,unclear
1683,Mechanochemical carbonation of recycled concrete fines: Towards a high-efficiency recycling and CO2 sequestration,open_access_pdf,unclear
1684,Enhancement mechanism of wet-carbonated recycled concrete aggregates subjected to calcium-rich and magnesium-rich industrial reclaimed wastewater sources,abstract,unclear
1685,Development of Ultra-High Performance Concrete (UHPC) matrix based on recycled concrete fines subjected to coupling curing of microwave and wet carbonation,abstract,unclear
1685,Development of Ultra-High Performance Concrete (UHPC) matrix based on recycled concrete fines subjected to coupling curing of microwave and wet carbonation,open_access_pdf,unclear
1686,Enhancing Sustainable Construction Practices: Utilizing Heat-Treated Recycled Concrete Fines for Improving Slag-Based Geopolymer Materials,abstract,unclear
1687,Raman identification of CaCO3 polymorphs in concrete prepared with carbonated recycled concrete aggregates,abstract,unclear
1687,Raman identification of CaCO3 polymorphs in concrete prepared with carbonated recycled concrete aggregates,open_access_pdf,unclear
1688,Semi-dry carbonated recycled concrete paste as alternative to limestone and its reactivity in LC3,abstract,unclear
1688,Semi-dry carbonated recycled concrete paste as alternative to limestone and its reactivity in LC3,open_access_pdf,unclear
1689,In-situ 4D CT analysis of microcrack evolution in carbonated fiber-reinforced recycled aggregate concrete,abstract,unclear
1689,In-situ 4D CT analysis of microcrack evolution in carbonated fiber-reinforced recycled aggregate concrete,open_access_pdf,unclear
1690,"Recycled Concrete Fines as a Supplementary Cementitious Material: Mechanical Performances, Hydration, and Microstructures in Cementitious Systems",abstract,unclear
1691,Improving the reactivity of industrial recycled concrete fines: Exploring mechanical and hydrothermal activation,abstract,unclear
1691,Improving the reactivity of industrial recycled concrete fines: Exploring mechanical and hydrothermal activation,open_access_pdf,unclear
1692,Advanced in-situ 4D CT reconstruction for exploring fiber distribution effects on the mechanical behaviors and interface optimization of carbonated high-toughness recycled aggregate concrete,abstract,unclear
1692,Advanced in-situ 4D CT reconstruction for exploring fiber distribution effects on the mechanical behaviors and interface optimization of carbonated high-toughness recycled aggregate concrete,open_access_pdf,unclear
1693,Durability performance of concrete incorporating carbonated recycled coarse aggregates: a review,open_access_pdf,unclear
1694,Research on the mechanical properties and microstructure of low-carbon ultra-high performance concrete using carbonated recycled fine aggregate,abstract,unclear
1694,Research on the mechanical properties and microstructure of low-carbon ultra-high performance concrete using carbonated recycled fine aggregate,open_access_pdf,unclear
1695,The Basic Properties of Lightweight Artificial Aggregates Made with Recycled Concrete Fines,open_access_pdf,unclear
1696,Recycled Aggregate Concrete with Industrially Pre-carbonated Recycled Concrete Aggregates and Low Clinker Content,abstract,unclear
1697,"Performance and hydration of ternary cements based on Portland clinker, carbonated recycled concrete paste (cRCP) and calcined clay",open_access_pdf,unclear
1698,Preparation and performance investigation of carbonation curing lightweight calcium carbide slag cement-based materials,abstract,unclear
1698,Preparation and performance investigation of carbonation curing lightweight calcium carbide slag cement-based materials,open_access_pdf,unclear
1699,Improvement effect of carbonation curing on the performance of lightweight calcium carbide slag cement-based materials under the coupled action of sulfate attack and dry-wet cycling,abstract,unclear
1699,Improvement effect of carbonation curing on the performance of lightweight calcium carbide slag cement-based materials under the coupled action of sulfate attack and dry-wet cycling,open_access_pdf,unclear
1700,Triethanolamine-enhanced carbonation efficiency of carbide slag in low-carbon cement composites,abstract,unclear
1700,Triethanolamine-enhanced carbonation efficiency of carbide slag in low-carbon cement composites,open_access_pdf,unclear
1701,Preliminary exploration of the hydration-carbonation coupling mechanism of low-carbon calcined clay-carbide slag-cement composites,abstract,unclear
1701,Preliminary exploration of the hydration-carbonation coupling mechanism of low-carbon calcined clay-carbide slag-cement composites,open_access_pdf,unclear
1702,The Characterization of Carbide Slag by Carbonation Curing and Its Enhancement Performance in Blended Cement Paste,abstract,unclear
1702,The Characterization of Carbide Slag by Carbonation Curing and Its Enhancement Performance in Blended Cement Paste,open_access_pdf,unclear
1703,Utilization of cement–pozzolana–carbide slag binder and carbonation curing in concrete: A step towards carbon-neutrality,abstract,unclear
1703,Utilization of cement–pozzolana–carbide slag binder and carbonation curing in concrete: A step towards carbon-neutrality,open_access_pdf,unclear
1704,Roles of alkalinity and carbonate ions concentration of carbonated carbide slag solution in hydration-carbonation kinetics of low-heat Portland cement,abstract,unclear
1704,Roles of alkalinity and carbonate ions concentration of carbonated carbide slag solution in hydration-carbonation kinetics of low-heat Portland cement,open_access_pdf,unclear
1705,"Integrating carbide slag recycling, CO2 sequestration and performance improvement in magnesium oxychloride cement via carbonation curing",abstract,unclear
1705,"Integrating carbide slag recycling, CO2 sequestration and performance improvement in magnesium oxychloride cement via carbonation curing",open_access_pdf,unclear
1706,Mechanism analysis of microwave-carbonation solidification for carbide slag-based low-carbon materials,abstract,unclear
1706,Mechanism analysis of microwave-carbonation solidification for carbide slag-based low-carbon materials,open_access_pdf,unclear
1707,Comparative Analysis of Carbonation Strengthening Mechanisms in Full Solid Waste Materials: Steel Slag vs. Carbide Slag,abstract,unclear
1707,Comparative Analysis of Carbonation Strengthening Mechanisms in Full Solid Waste Materials: Steel Slag vs. Carbide Slag,open_access_pdf,unclear
1708,"Heat-cured cement-based composites with wet-grinded fly ash and carbide slag slurry: Hydration, compressive strength and carbonation",abstract,unclear
1708,"Heat-cured cement-based composites with wet-grinded fly ash and carbide slag slurry: Hydration, compressive strength and carbonation",open_access_pdf,unclear
1709,Carbonation resistance of fly ash-metakaolin-based geopolymer pastes regulated by slag and carbide slag,open_access_pdf,unclear
1710,Preparation and carbonation hardening of low calcium CO2 sequestration materials from waste concrete powder and calcium carbide slag,abstract,unclear
1710,Preparation and carbonation hardening of low calcium CO2 sequestration materials from waste concrete powder and calcium carbide slag,open_access_pdf,unclear
1711,"Carbonation curing of alkaline industrial waste for binders: A comparison study of steel slag, calcium carbide residue and waste hydrated cement",venue,unclear
1711,"Carbonation curing of alkaline industrial waste for binders: A comparison study of steel slag, calcium carbide residue and waste hydrated cement",abstract,unclear
1711,"Carbonation curing of alkaline industrial waste for binders: A comparison study of steel slag, calcium carbide residue and waste hydrated cement",open_access_pdf,unclear
1712,CO2 capture performance of cement-modified carbide slag,abstract,unclear
1712,CO2 capture performance of cement-modified carbide slag,open_access_pdf,unclear
1713,Carbonation of steel slag and gypsum for building materials and associated reaction mechanisms,open_access_pdf,unclear
1714,CO2 Capture Performance of Mesoporous Synthetic Sorbent Fabricated Using Carbide Slag under Realistic Calcium Looping Conditions,venue,unclear
1714,CO2 Capture Performance of Mesoporous Synthetic Sorbent Fabricated Using Carbide Slag under Realistic Calcium Looping Conditions,abstract,unclear
1714,CO2 Capture Performance of Mesoporous Synthetic Sorbent Fabricated Using Carbide Slag under Realistic Calcium Looping Conditions,open_access_pdf,unclear
1715,A Comprehensive Review of Mineral Carbonation of Civil Engineering Materials: A Bibliometric Analysis,open_access_pdf,unclear
1716,A mini review of mineral carbonation of solid materials,authors,unclear
1716,A mini review of mineral carbonation of solid materials,open_access_pdf,unclear
1717,Preparation and Properties Study of Magnesium Potassium Phosphate-based Carbon-Solidifying Cementitious Materials,open_access_pdf,unclear
1718,Effects of Carbon–Magnesium Reactions on the Physical and Mechanical Properties of Lightweight Carbonated Stabilized Soil,open_access_pdf,unclear
1720,"A review of utilizing carbide slag to sequestrate carbon dioxide by mineral carbonation: Mechanisms, processes, and value-added products",abstract,unclear
1720,"A review of utilizing carbide slag to sequestrate carbon dioxide by mineral carbonation: Mechanisms, processes, and value-added products",open_access_pdf,unclear
1721,Evaluating the effect of steel slag dosage and carbonation on super sulfate cement.,open_access_pdf,unclear
1722,Direct mineral carbonation of carbide slag waste in fixed bed reactor: comparison of dry and wet route,abstract,unclear
1722,Direct mineral carbonation of carbide slag waste in fixed bed reactor: comparison of dry and wet route,open_access_pdf,unclear
1723,Effect of carbide slag dosage on hydration behavior and mechanical properties of supersulfated cement,abstract,unclear
1723,Effect of carbide slag dosage on hydration behavior and mechanical properties of supersulfated cement,open_access_pdf,unclear
1724,Strength and microscopic properties of S95 ground granulated blast furnace slag - Calcium carbide slag -Phosphogypsum carbonation and standard-cured waste soil,abstract,unclear
1724,Strength and microscopic properties of S95 ground granulated blast furnace slag - Calcium carbide slag -Phosphogypsum carbonation and standard-cured waste soil,open_access_pdf,unclear
1725,Analysis of CO2 storage efficiency and performance of low carbon cement binders containing carbide slag and phosphorus slag,abstract,unclear
1727,Effect of Wet Carbonation of Calcium Carbide Slag on CO2 Sequestration and the Prevention of Coal Spontaneous Combustion,open_access_pdf,unclear
1728,Effects of Calcined Coal Gangue and Carbide Slag on the Properties of Cement Paste and Mortar,open_access_pdf,unclear
1729,Study on the effect of organic acid modification on carbonation and cycle performance of carbide slag,open_access_pdf,unclear
1730,"Partial or total replacement of blast furnace slag with palm oil fuel ash in high-volume slag cement: hydration characteristics, compressive strength, and carbonation resistance",abstract,unclear
1730,"Partial or total replacement of blast furnace slag with palm oil fuel ash in high-volume slag cement: hydration characteristics, compressive strength, and carbonation resistance",open_access_pdf,unclear
1731,Effects of alkali activator on the carbonation of one-part alkali-activated nickel slag cement,open_access_pdf,unclear
1732,"Strength, Microstructural, and Environmental Performance of Phosphogypsum–GGBS–Carbide Slag Ternary Blended Cement",open_access_pdf,unclear
1733,Improving the mechanical properties of cement paste with carbonated blast furnace slag by tailoring CaCO3 polymorphs and increasing carbonation degree,abstract,unclear
1733,Improving the mechanical properties of cement paste with carbonated blast furnace slag by tailoring CaCO3 polymorphs and increasing carbonation degree,open_access_pdf,unclear
1734,"Carbonation induced changes in the mechanical performance, water and chloride permeability of Portland cement-slag-limestone ternary cement concretes",abstract,unclear
1734,"Carbonation induced changes in the mechanical performance, water and chloride permeability of Portland cement-slag-limestone ternary cement concretes",open_access_pdf,unclear
1735,Utilization of carbonation-treated steel slag as fine aggregates to enhance the mechanical properties and microstructural evolution of cement mortar,open_access_pdf,unclear
1736,Low-alkalinity activation of calcium carbide slag for blast furnace slag-based materials: Synergistic effects of carbonation curing on performance and microstructure,abstract,unclear
1736,Low-alkalinity activation of calcium carbide slag for blast furnace slag-based materials: Synergistic effects of carbonation curing on performance and microstructure,open_access_pdf,unclear
1737,Aqueous carbonation of ground granulated blast furnace slag and calcium carbide slag blends: CO2 sequestration and application as mineral admixtures in cementitious materials,abstract,unclear
1737,Aqueous carbonation of ground granulated blast furnace slag and calcium carbide slag blends: CO2 sequestration and application as mineral admixtures in cementitious materials,open_access_pdf,unclear
1738,Improvement of mechanical properties and carbon sequestration effect of carbide slag-carbonization curing on cement-based materials,abstract,unclear
1738,Improvement of mechanical properties and carbon sequestration effect of carbide slag-carbonization curing on cement-based materials,open_access_pdf,unclear
1739,Structural alterations in alkali-sulfate-activated slag cement pastes induced by natural and accelerated carbonation,abstract,unclear
1739,Structural alterations in alkali-sulfate-activated slag cement pastes induced by natural and accelerated carbonation,open_access_pdf,unclear
1740,The effects of impurities in carbide slag on the morphological evolution of CaCO3 during carbonation.,open_access_pdf,unclear
1741,Production of Vaterite via Wet Carbonation of Carbide residue: Enhancing cement properties and CO2 Sequestration,abstract,unclear
1741,Production of Vaterite via Wet Carbonation of Carbide residue: Enhancing cement properties and CO2 Sequestration,open_access_pdf,unclear
1742,High-purity vaterite CaCO3 recovery through wet carbonation of magnesium slag and leaching residue utilization in cement,abstract,unclear
1742,High-purity vaterite CaCO3 recovery through wet carbonation of magnesium slag and leaching residue utilization in cement,open_access_pdf,unclear
1743,Utilization of circulating fluidized bed coal ash in autoclaved aerated concrete manufacture by mineral carbonation,open_access_pdf,unclear
1744,Characterization of standard strength concrete containing quartz powder as a supplementary cementitious material (SCM): a comparative study with traditional cement-based concrete using carbonation and electrochemical impedance spectroscopy (EIS),abstract,unclear
1744,Characterization of standard strength concrete containing quartz powder as a supplementary cementitious material (SCM): a comparative study with traditional cement-based concrete using carbonation and electrochemical impedance spectroscopy (EIS),open_access_pdf,unclear
1745,"Resistance to acid, alkali, chloride, and carbonation in ternary blended high-volume mineral admixed concrete",open_access_pdf,unclear
1746,Utilizing wollastonite in concrete as a replacement of cement: impact of carbonation and pore structure evaluation using EIS,abstract,unclear
1746,Utilizing wollastonite in concrete as a replacement of cement: impact of carbonation and pore structure evaluation using EIS,open_access_pdf,unclear
1747,Investigation of carbonation-induced microstructural changes in low-cement concrete using sustainable binders: GGBS and calcium carbonate,open_access_pdf,unclear
1748,Risk of concrete carbonation with mineral industrial by-products,venue,unclear
1748,Risk of concrete carbonation with mineral industrial by-products,abstract,unclear
1748,Risk of concrete carbonation with mineral industrial by-products,open_access_pdf,unclear
1749,Assessment of Carbonation on Strength Properties of Concrete Made of Mineral Admixtures,authors,unclear
1750,Mechanical strength and durability of mineral admixture concrete subjected to accelerated carbonation,venue,unclear
1750,Mechanical strength and durability of mineral admixture concrete subjected to accelerated carbonation,abstract,unclear
1750,Mechanical strength and durability of mineral admixture concrete subjected to accelerated carbonation,open_access_pdf,unclear
1751,"Effect of fly ash on compressive strength, carbonation and corrosion resistance of reinforced concrete: a systematic review",open_access_pdf,unclear
1754,Carbonation of composite cements with high mineral admixture content used for radioactive waste encapsulation,venue,unclear
1754,Carbonation of composite cements with high mineral admixture content used for radioactive waste encapsulation,abstract,unclear
1754,Carbonation of composite cements with high mineral admixture content used for radioactive waste encapsulation,open_access_pdf,unclear
1755,The properties of the self-compacting concrete with fly ash and ground granulated blast furnace slag mineral admixtures,venue,unclear
1755,The properties of the self-compacting concrete with fly ash and ground granulated blast furnace slag mineral admixtures,abstract,unclear
1755,The properties of the self-compacting concrete with fly ash and ground granulated blast furnace slag mineral admixtures,open_access_pdf,unclear
1756,"Influence of mineral admixtures on compressive strength, gas permeability and carbonation of high performance concrete",venue,unclear
1756,"Influence of mineral admixtures on compressive strength, gas permeability and carbonation of high performance concrete",abstract,unclear
1756,"Influence of mineral admixtures on compressive strength, gas permeability and carbonation of high performance concrete",open_access_pdf,unclear
1757,Influence of the heterogeneity of waste from wet processing of ornamental stones on the performance of Portland cement composites,venue,unclear
1759,Laboratory investigation of carbonated BOF slag used as partial replacement of natural aggregate in cement mortars,venue,unclear
1760,CARBONATION OF MORTAR AND CONCRETE WITH MINERAL ADMIXTURES,venue,unclear
1760,CARBONATION OF MORTAR AND CONCRETE WITH MINERAL ADMIXTURES,abstract,unclear
1760,CARBONATION OF MORTAR AND CONCRETE WITH MINERAL ADMIXTURES,open_access_pdf,unclear
1761,Influence of slag incorporation on electrochemical behavior of carbonated cement,venue,unclear
1761,Influence of slag incorporation on electrochemical behavior of carbonated cement,abstract,unclear
1761,Influence of slag incorporation on electrochemical behavior of carbonated cement,open_access_pdf,unclear
1763,"Sustainable Self-Compacting Recycled Aggregate Concrete Incorporating Industrial Byproducts and Agricultural Waste: Rheological, Strength, and Durability Properties",open_access_pdf,unclear
1764,"Strength, Permeability and Carbonation properties of Concrete containing Kota Stone Slurry",open_access_pdf,unclear
1765,"Study on the strength development, hydration process and carbonation process of NaOH-activated Pisha Sandstone",venue,unclear
1765,"Study on the strength development, hydration process and carbonation process of NaOH-activated Pisha Sandstone",abstract,unclear
1765,"Study on the strength development, hydration process and carbonation process of NaOH-activated Pisha Sandstone",open_access_pdf,unclear
1766,Development of sample preparation and its interaction with strongly carbonating environment,open_access_pdf,unclear
1767,"Strength, Water Absorption and Carbonation Depth of Micro Fine Quarry Dust Concrete Grade 60",venue,unclear
1767,"Strength, Water Absorption and Carbonation Depth of Micro Fine Quarry Dust Concrete Grade 60",abstract,unclear
1767,"Strength, Water Absorption and Carbonation Depth of Micro Fine Quarry Dust Concrete Grade 60",open_access_pdf,unclear
1768,Engineering properties of cement mortar with pond ash in South Korea as construction materials: from waste to concrete,venue,unclear
1769,Durability of concrete incorporated with siliceous iron tailings,venue,unclear
1769,Durability of concrete incorporated with siliceous iron tailings,open_access_pdf,unclear
1770,The Influence of Slag and Fly Ash on the Carbonation of Concrete,open_access_pdf,unclear
1771,Use of eco-admixture made from municipal solid waste incineration residues in concrete,venue,unclear
1771,Use of eco-admixture made from municipal solid waste incineration residues in concrete,open_access_pdf,unclear
1772,The state of the art regarding the long‐term properties of recycled aggregate concrete,venue,unclear
1772,The state of the art regarding the long‐term properties of recycled aggregate concrete,abstract,unclear
1772,The state of the art regarding the long‐term properties of recycled aggregate concrete,open_access_pdf,unclear
1773,Utilization of boron waste borogypsum in mortar,open_access_pdf,unclear
1774,Long-Term Property of Recycled Aggregate Concrete,venue,unclear
1774,Long-Term Property of Recycled Aggregate Concrete,abstract,unclear
1774,Long-Term Property of Recycled Aggregate Concrete,open_access_pdf,unclear
1775,High-Gravity Carbonation Process for Enhancing CO2 Fixation and Utilization Exemplified by the Steelmaking Industry.,abstract,unclear
1775,High-Gravity Carbonation Process for Enhancing CO2 Fixation and Utilization Exemplified by the Steelmaking Industry.,open_access_pdf,unclear
1776,Environmental Benefit Assessment for the Carbonation Process of Petroleum Coke Fly Ash in a Rotating Packed Bed.,abstract,unclear
1776,Environmental Benefit Assessment for the Carbonation Process of Petroleum Coke Fly Ash in a Rotating Packed Bed.,open_access_pdf,unclear
1777,Performance and Durability of Chalcedonite Reactive Powder Concrete,open_access_pdf,unclear
1778,Mechanism and efficiency analysis of carbon dioxide capture by modified 13X molecular sieve enhanced by high-gravity technology,venue,unclear
1778,Mechanism and efficiency analysis of carbon dioxide capture by modified 13X molecular sieve enhanced by high-gravity technology,abstract,unclear
1778,Mechanism and efficiency analysis of carbon dioxide capture by modified 13X molecular sieve enhanced by high-gravity technology,open_access_pdf,unclear
1779,Size-controlled synthesis of ZIF-8 nanoparticles by high gravity technology for enhanced tetracycline adsorption,abstract,unclear
1779,Size-controlled synthesis of ZIF-8 nanoparticles by high gravity technology for enhanced tetracycline adsorption,open_access_pdf,unclear
1780,Synthesis of monodispersed inorganic nanoparticles by high gravity technology for multifunctional applications,abstract,unclear
1780,Synthesis of monodispersed inorganic nanoparticles by high gravity technology for multifunctional applications,open_access_pdf,unclear
1782,"Treatment of high-salt phenol wastewater by high-gravity technology intensified Co-Mn/γ-Al2O3 catalytic ozonation: Treatment efficiency, inhibition and catalytic mechanism",abstract,unclear
1782,"Treatment of high-salt phenol wastewater by high-gravity technology intensified Co-Mn/γ-Al2O3 catalytic ozonation: Treatment efficiency, inhibition and catalytic mechanism",open_access_pdf,unclear
1783,Enhanced Photocatalytic Hydrogen Evolution over Twin-Crystal ZnCdS with Sulfur Vacancies Prepared by High-Gravity Technology,abstract,unclear
1783,Enhanced Photocatalytic Hydrogen Evolution over Twin-Crystal ZnCdS with Sulfur Vacancies Prepared by High-Gravity Technology,open_access_pdf,unclear
1784,"Green, efficient and controllable synthesis of high-quality MOF-74 with high gravity technology",open_access_pdf,unclear
1785,Devolatilization of high viscous fluid with high gravity technology,abstract,unclear
1785,Devolatilization of high viscous fluid with high gravity technology,open_access_pdf,unclear
1786,Degradation of phenol with Mn-CoOX/γ-Al2O3 catalytic ozonation enhanced by high gravity technology,abstract,unclear
1786,Degradation of phenol with Mn-CoOX/γ-Al2O3 catalytic ozonation enhanced by high gravity technology,open_access_pdf,unclear
1787,Enhancing the corrosion resistance of waterborne epoxy coating by fumarate intercalated LDHs prepared by high gravity technology,abstract,unclear
1787,Enhancing the corrosion resistance of waterborne epoxy coating by fumarate intercalated LDHs prepared by high gravity technology,open_access_pdf,unclear
1788,Machine-learning-aided application of high-gravity technology to enhance ammonia recovery of fresh waste leachate.,open_access_pdf,unclear
1789,New advance in application research of high-gravity process intensification technology,abstract,unclear
1789,New advance in application research of high-gravity process intensification technology,open_access_pdf,unclear
1790,Preparation of L-cysteine modified MnFe2O4 nanoparticles based on high-gravity technology and application for the removal of lead,abstract,unclear
1790,Preparation of L-cysteine modified MnFe2O4 nanoparticles based on high-gravity technology and application for the removal of lead,open_access_pdf,unclear
1791,Degradation of phenol with heterogeneous catalytic ozonation enhanced by high gravity technology,venue,unclear
1791,Degradation of phenol with heterogeneous catalytic ozonation enhanced by high gravity technology,open_access_pdf,unclear
1793,Highly efficient removal of heavy metal ions by carboxymethyl cellulose-immobilized Fe3O4 nanoparticles prepared via high-gravity technology.,open_access_pdf,unclear
1794,Kinetics and mechanism of nitrobenzene degradation by hydroxyl radicals-based ozonation process enhanced by high gravity technology,abstract,unclear
1794,Kinetics and mechanism of nitrobenzene degradation by hydroxyl radicals-based ozonation process enhanced by high gravity technology,open_access_pdf,unclear
1795,High-gravity technology intensified Knoevenagel condensation-Michael addition polymerization ofpoly (ethylene glycol)-poly (n-butyl cyanoacrylate) for blood-brain barrier delivery,venue,unclear
1795,High-gravity technology intensified Knoevenagel condensation-Michael addition polymerization ofpoly (ethylene glycol)-poly (n-butyl cyanoacrylate) for blood-brain barrier delivery,open_access_pdf,unclear
1796,Apparent kinetics of the ozone oxidation of nitrobenzene in aqueous solution enhanced by high gravity technology,venue,unclear
1796,Apparent kinetics of the ozone oxidation of nitrobenzene in aqueous solution enhanced by high gravity technology,open_access_pdf,unclear
1797,Large-scale preparation of graphene by Red-Al reduction under high gravity technology for supercapacitor application,venue,unclear
1797,Large-scale preparation of graphene by Red-Al reduction under high gravity technology for supercapacitor application,open_access_pdf,unclear
1798,Oxidation of benzyl alcohols to ketones and aldehydes by O3 process enhanced using high-gravity technology,open_access_pdf,unclear
1799,Preparation of CoFe2O4 nanoparticles based on high-gravity technology and application for the removal of lead,open_access_pdf,unclear
1800,Large-Scale Synthesis of Uniform Silver Nanowires by High-Gravity Technology for Flexible Transparent Conductive Electrodes,open_access_pdf,unclear
1801,Enhancing recovery of ammonia from rare earth wastewater by air stripping combination of microwave heating and high gravity technology,venue,unclear
1801,Enhancing recovery of ammonia from rare earth wastewater by air stripping combination of microwave heating and high gravity technology,abstract,unclear
1801,Enhancing recovery of ammonia from rare earth wastewater by air stripping combination of microwave heating and high gravity technology,open_access_pdf,unclear
1804,Degradation and mineralization of aniline by O 3 /Fenton process enhanced using high-gravity technology,open_access_pdf,unclear
1805,Toward a sustainable biorefinery using high‐gravity technology,venue,unclear
1806,Preparation of Two-Dimensional Molybdenum Disulfide Nanosheets by High-Gravity Technology,venue,unclear
1806,Preparation of Two-Dimensional Molybdenum Disulfide Nanosheets by High-Gravity Technology,abstract,unclear
1806,Preparation of Two-Dimensional Molybdenum Disulfide Nanosheets by High-Gravity Technology,open_access_pdf,unclear
1807,Application of high-gravity technology NaOH-modified activated carbon in rotating packed bed (RPB) to adsorb toluene,abstract,unclear
1807,Application of high-gravity technology NaOH-modified activated carbon in rotating packed bed (RPB) to adsorb toluene,open_access_pdf,unclear
1808,Enhancement performance of ozone mass transfer by high gravity technology,venue,unclear
1808,Enhancement performance of ozone mass transfer by high gravity technology,abstract,unclear
1808,Enhancement performance of ozone mass transfer by high gravity technology,open_access_pdf,unclear
1809,Facile Preparation of Controllable-Aspect-Ratio Hydroxyapatite Nanorods with High-Gravity Technology for Bone Tissue Engineering,venue,unclear
1809,Facile Preparation of Controllable-Aspect-Ratio Hydroxyapatite Nanorods with High-Gravity Technology for Bone Tissue Engineering,abstract,unclear
1809,Facile Preparation of Controllable-Aspect-Ratio Hydroxyapatite Nanorods with High-Gravity Technology for Bone Tissue Engineering,open_access_pdf,unclear
1810,Preparation of nitrogen-doped graphene by high-gravity technology and its application in oxygen reduction,venue,unclear
1810,Preparation of nitrogen-doped graphene by high-gravity technology and its application in oxygen reduction,abstract,unclear
1810,Preparation of nitrogen-doped graphene by high-gravity technology and its application in oxygen reduction,open_access_pdf,unclear
1811,Facile synthesis of Mg(OH)2/graphene oxide composite by high-gravity technology for removal of dyes,abstract,unclear
1811,Facile synthesis of Mg(OH)2/graphene oxide composite by high-gravity technology for removal of dyes,open_access_pdf,unclear
1812,Study on the synthesis of bisphenol S by reactive dehydration in rotating packed bed,abstract,unclear
1812,Study on the synthesis of bisphenol S by reactive dehydration in rotating packed bed,open_access_pdf,unclear
1813,CFD Modeling of Reactive Absorption of CO2 by Aqueous MEA Solution in a Rotating Packed Bed,abstract,unclear
1813,CFD Modeling of Reactive Absorption of CO2 by Aqueous MEA Solution in a Rotating Packed Bed,open_access_pdf,unclear
1814,Reactive absorption of carbon dioxide in aqueous n-methyldiethanoloamine solutions catalysed with carbonic anhydrase in a rotating packed bed (RPB),abstract,unclear
1815,Modeling and simulation of an enzymatic reactive absorption process in the internal zone of a rotating packed bed apparatus,abstract,unclear
1816,Preparation of Ultrafine Nitroguanidine by One-Step Crystallization in an Impinging Stream-Rotating Packed Bed,abstract,unclear
1816,Preparation of Ultrafine Nitroguanidine by One-Step Crystallization in an Impinging Stream-Rotating Packed Bed,open_access_pdf,unclear
1817,Process intensification of reactive extraction for hydrogen peroxide production in a rotating packed bed reactor,venue,unclear
1817,Process intensification of reactive extraction for hydrogen peroxide production in a rotating packed bed reactor,abstract,unclear
1817,Process intensification of reactive extraction for hydrogen peroxide production in a rotating packed bed reactor,open_access_pdf,unclear
1818,Adsorption of Reactive Red 2 from aqueous solutions using Fe3O4 nanoparticles prepared by co-precipitation in a rotating packed bed,venue,unclear
1818,Adsorption of Reactive Red 2 from aqueous solutions using Fe3O4 nanoparticles prepared by co-precipitation in a rotating packed bed,abstract,unclear
1818,Adsorption of Reactive Red 2 from aqueous solutions using Fe3O4 nanoparticles prepared by co-precipitation in a rotating packed bed,open_access_pdf,unclear
1820,"Synthesis of hierarchical ZSM-5 zeolite in a rotating packed bed: Mechanism, property and application",venue,unclear
1820,"Synthesis of hierarchical ZSM-5 zeolite in a rotating packed bed: Mechanism, property and application",open_access_pdf,unclear
1821,Recent developments of high-gravity (reactive) distillation in rotating packed beds,abstract,unclear
1823,Enhanced reactivity of copper nanoparticles mass-produced by reductive precipitation in a rotating packed bed with blade packings,venue,unclear
1824,Micromixing efficiency optimization of the premixer of a rotating packed bed by CFD,open_access_pdf,unclear
1825,Micromixing efficiency in a rotating packed bed with non-Newtonian fluid,open_access_pdf,unclear
1826,Simultaneous formation of nanoscale zero-valent iron and degradation of nitrobenzene in wastewater in an impinging stream-rotating packed bed reactor,venue,unclear
1826,Simultaneous formation of nanoscale zero-valent iron and degradation of nitrobenzene in wastewater in an impinging stream-rotating packed bed reactor,abstract,unclear
1826,Simultaneous formation of nanoscale zero-valent iron and degradation of nitrobenzene in wastewater in an impinging stream-rotating packed bed reactor,open_access_pdf,unclear
1827,Controlling Nucleation and Fabricating Nanoparticulate Formulation of Sorafenib Using a High-Gravity Rotating Packed Bed,venue,unclear
1827,Controlling Nucleation and Fabricating Nanoparticulate Formulation of Sorafenib Using a High-Gravity Rotating Packed Bed,abstract,unclear
1827,Controlling Nucleation and Fabricating Nanoparticulate Formulation of Sorafenib Using a High-Gravity Rotating Packed Bed,open_access_pdf,unclear
1828,Ozonation of CI Reactive Black 5 Using Rotating Packed Bed and Stirred Tank Reactor,venue,unclear
1828,Ozonation of CI Reactive Black 5 Using Rotating Packed Bed and Stirred Tank Reactor,abstract,unclear
1829,Scalable Preparation of Gd2O3:Yb3+/Er3+ Upconversion Nanophosphors in a High-Gravity Rotating Packed Bed Reactor for Transparent Upconversion Luminescent Films,venue,unclear
1829,Scalable Preparation of Gd2O3:Yb3+/Er3+ Upconversion Nanophosphors in a High-Gravity Rotating Packed Bed Reactor for Transparent Upconversion Luminescent Films,abstract,unclear
1829,Scalable Preparation of Gd2O3:Yb3+/Er3+ Upconversion Nanophosphors in a High-Gravity Rotating Packed Bed Reactor for Transparent Upconversion Luminescent Films,open_access_pdf,unclear
1831,A high-productivity process for mass-producing Fe3O4 nanoparticles by co-precipitation in a rotating packed bed,open_access_pdf,unclear
1832,Continuous preparation of Fe3O4 nanoparticles using impinging stream-rotating packed bed reactor and magnetic property thereof,venue,unclear
1832,Continuous preparation of Fe3O4 nanoparticles using impinging stream-rotating packed bed reactor and magnetic property thereof,abstract,unclear
1832,Continuous preparation of Fe3O4 nanoparticles using impinging stream-rotating packed bed reactor and magnetic property thereof,open_access_pdf,unclear
1833,Enhanced reactivity of nanoscale zero-valent iron prepared by a rotating packed bed with blade packings,venue,unclear
1833,Enhanced reactivity of nanoscale zero-valent iron prepared by a rotating packed bed with blade packings,abstract,unclear
1833,Enhanced reactivity of nanoscale zero-valent iron prepared by a rotating packed bed with blade packings,open_access_pdf,unclear
1834,CO 2 capture by amine-based aqueous solution containing atorvastatin functionalized mesocellular silica foam in a counter-current rotating packed bed: Central composite design modeling,venue,unclear
1834,CO 2 capture by amine-based aqueous solution containing atorvastatin functionalized mesocellular silica foam in a counter-current rotating packed bed: Central composite design modeling,abstract,unclear
1834,CO 2 capture by amine-based aqueous solution containing atorvastatin functionalized mesocellular silica foam in a counter-current rotating packed bed: Central composite design modeling,open_access_pdf,unclear
1835,Novel Cost-Effective Carbon Capture Process Using Phase Change Solvents and Rotating Packed Bed (Rpb) Columns –Study Through Process Modelling and Simulation,open_access_pdf,unclear
1836,Continuous preparation of nanoscale zero-valent iron using impinging stream-rotating packed bed reactor and their application in reduction of nitrobenzene,abstract,unclear
1836,Continuous preparation of nanoscale zero-valent iron using impinging stream-rotating packed bed reactor and their application in reduction of nitrobenzene,open_access_pdf,unclear
1837,Reactive mixing in rotating packed beds: On the packing’s role and mixing modeling,open_access_pdf,unclear
1838,Pressure drop and flooding in rotating packed beds,venue,unclear
1838,Pressure drop and flooding in rotating packed beds,open_access_pdf,unclear
1839,Computational Study of a Rotating Packed Bed Distillation Column,venue,unclear
1839,Computational Study of a Rotating Packed Bed Distillation Column,abstract,unclear
1839,Computational Study of a Rotating Packed Bed Distillation Column,open_access_pdf,unclear
1840,Computational fluid dynamic simulation of fluid flow in a rotating packed bed,venue,unclear
1840,Computational fluid dynamic simulation of fluid flow in a rotating packed bed,abstract,unclear
1840,Computational fluid dynamic simulation of fluid flow in a rotating packed bed,open_access_pdf,unclear
1841,Combined photolysis and catalytic ozonation of dimethyl phthalate in a high-gravity rotating packed bed.,abstract,unclear
1841,Combined photolysis and catalytic ozonation of dimethyl phthalate in a high-gravity rotating packed bed.,open_access_pdf,unclear
1842,Pt-catalyzed ozonation of aqueous phenol solution using high-gravity rotating packed bed.,abstract,unclear
1842,Pt-catalyzed ozonation of aqueous phenol solution using high-gravity rotating packed bed.,open_access_pdf,unclear
1843,Modeling of the Precipitation Process in a Rotating Packed Bed and Its Experimental Validation,venue,unclear
1843,Modeling of the Precipitation Process in a Rotating Packed Bed and Its Experimental Validation,abstract,unclear
1843,Modeling of the Precipitation Process in a Rotating Packed Bed and Its Experimental Validation,open_access_pdf,unclear
1844,Ozonation of Dyes and Textile Wastewater in a Rotating Packed Bed,abstract,unclear
1845,Characterization of micromixing efficiency in rotating packed beds by chemical methods,venue,unclear
1845,Characterization of micromixing efficiency in rotating packed beds by chemical methods,abstract,unclear
1845,Characterization of micromixing efficiency in rotating packed beds by chemical methods,open_access_pdf,unclear
1846,Modeling of Rotary Packed Beds for Reactive and Non-Reactive Systems,venue,unclear
1846,Modeling of Rotary Packed Beds for Reactive and Non-Reactive Systems,abstract,unclear
1847,Removal of heavy metal ions by magnetic chitosan nanoparticles prepared continuously via high-gravity reactive precipitation method.,abstract,unclear
1847,Removal of heavy metal ions by magnetic chitosan nanoparticles prepared continuously via high-gravity reactive precipitation method.,open_access_pdf,unclear
1848,Facile and scalable preparation of α-Fe2O3 nanoparticle by high-gravity reactive precipitation method for catalysis of solid propellants combustion,open_access_pdf,unclear
1849,CO 2 capture and mineralization using carbide slag doped fly ash,open_access_pdf,unclear
1851,Carbon dioxide sequestration of iron ore mining waste under low-reaction condition of a direct mineral carbonation process,abstract,unclear
1851,Carbon dioxide sequestration of iron ore mining waste under low-reaction condition of a direct mineral carbonation process,open_access_pdf,unclear
1852,Dual benefits of indirect mineral carbonation of titanium gypsum: waste gypsum recycling and carbon sequestration.,open_access_pdf,unclear
1855,Mechanochemical Activation of Argon Oxygen Decarburization Slags for Improved Mineral Carbonation,open_access_pdf,unclear
1856,Modeling and Feasibility Assessment of Mineral Carbonation Based on Biological pH Swing for Atmospheric CO2 Removal,open_access_pdf,unclear
1858,Ex-situ mineral carbonation – A parameter study on carbon mineralisation in an autoclave as part of a large-scale utilisation process,abstract,unclear
1860,"Two-step mineral carbonation using seawater-based industrial wastewater: an eco-friendly carbon capture, utilization, and storage process",venue,unclear
1860,"Two-step mineral carbonation using seawater-based industrial wastewater: an eco-friendly carbon capture, utilization, and storage process",abstract,unclear
1860,"Two-step mineral carbonation using seawater-based industrial wastewater: an eco-friendly carbon capture, utilization, and storage process",open_access_pdf,unclear
1861,Development of a nickel extraction-mineral carbonation process: Analysis of leaching mechanisms using regenerated acid,venue,unclear
1861,Development of a nickel extraction-mineral carbonation process: Analysis of leaching mechanisms using regenerated acid,open_access_pdf,unclear
1863,Experimental study of carbon dioxide capture and mineral carbonation using sodium hydroxide solution,open_access_pdf,unclear
1865,Process simulation and energy integration in the mineral carbonation of blast furnace slag,open_access_pdf,unclear
1866,The Mineral Carbonation Process of High Calcium Fly Ash under Elevated Carbon Dioxide Pressure and Temperature,venue,unclear
1867,Analysis of a reactive distillation process to recover tertiary amines and acid for use in a combined nickel extraction‐mineral carbonation process,open_access_pdf,unclear
1868,A combination process of mineral carbonation with SO2 disposal for simulated flue gas by magnesia-added seawater,abstract,unclear
1868,A combination process of mineral carbonation with SO2 disposal for simulated flue gas by magnesia-added seawater,open_access_pdf,unclear
1869,Process simulation of mineral carbonation of phosphogypsum with ammonia under increased CO2 pressure,venue,unclear
1869,Process simulation of mineral carbonation of phosphogypsum with ammonia under increased CO2 pressure,abstract,unclear
1869,Process simulation of mineral carbonation of phosphogypsum with ammonia under increased CO2 pressure,open_access_pdf,unclear
1870,“ACEME”: Synthesis and characterization of reactive silica residues from two stage mineral carbonation Process,open_access_pdf,unclear
1872,Influence of physicochemical properties of Brazilian serpentinites on the leaching process for indirect CO2 mineral carbonation,venue,unclear
1872,Influence of physicochemical properties of Brazilian serpentinites on the leaching process for indirect CO2 mineral carbonation,abstract,unclear
1873,"Critical review of methods, mechanisms, and feedstocks in mineral carbonation for enhanced carbon neutrality: From waste to climate solution.",open_access_pdf,unclear
1874,Amine-Assisted Simultaneous CO2 Absorption and Mineral Carbonation: Effect of Different Categories of Amines.,open_access_pdf,unclear
1875,A Review on Integrated Mineral Carbonation Process in Ultramafic Mine Deposit,venue,unclear
1877,Potential of major by-products from non-ferrous metal industries for CO_2 emission reduction by mineral carbonation: a review,abstract,unclear
1877,Potential of major by-products from non-ferrous metal industries for CO_2 emission reduction by mineral carbonation: a review,open_access_pdf,unclear
1878,Technical & economic evaluation of a mineral carbonation process using southern Québec mining wastes for CO2 sequestration of raw flue gas with by-product recovery,venue,unclear
1878,Technical & economic evaluation of a mineral carbonation process using southern Québec mining wastes for CO2 sequestration of raw flue gas with by-product recovery,abstract,unclear
1878,Technical & economic evaluation of a mineral carbonation process using southern Québec mining wastes for CO2 sequestration of raw flue gas with by-product recovery,open_access_pdf,unclear
1879,Mineral carbonation of Victorian brown coal fly ash using regenerative ammonium chloride - Process simulation and techno-economic analysis,venue,unclear
1879,Mineral carbonation of Victorian brown coal fly ash using regenerative ammonium chloride - Process simulation and techno-economic analysis,abstract,unclear
1879,Mineral carbonation of Victorian brown coal fly ash using regenerative ammonium chloride - Process simulation and techno-economic analysis,open_access_pdf,unclear
1880,Economic analysis on the application of mechanical activation in an integrated mineral carbonation process,venue,unclear
1881,Mineralogical and chemical characterization of mining waste and utilization for carbon sequestration through mineral carbonation,abstract,unclear
1881,Mineralogical and chemical characterization of mining waste and utilization for carbon sequestration through mineral carbonation,open_access_pdf,unclear
1882,A comprehensive review of direct aqueous mineral carbonation of industrial wastes using principal component analysis,open_access_pdf,unclear
1883,Catalytic Activity of Solution Additive Anions for Magnesite and Calcite Precipitation in Microwave‐Assisted Mineral Carbonation Experiments,open_access_pdf,unclear
1884,Integrated high-gravity process for HCl removal and CO2 capture using carbide slag slurry in a rotor-stator reactor: Experimental and modeling studies.,open_access_pdf,unclear
1887,Accelerated mass transfer of CO2 in reservoir brine due to density-driven natural convection at high pressures and elevated temperatures,venue,unclear
1887,Accelerated mass transfer of CO2 in reservoir brine due to density-driven natural convection at high pressures and elevated temperatures,abstract,unclear
1887,Accelerated mass transfer of CO2 in reservoir brine due to density-driven natural convection at high pressures and elevated temperatures,open_access_pdf,unclear
1888,Calculation of mass transfer in the remote cutting of metals by radiation of a high-power repetitively pulsed CO2 laser,venue,unclear
1888,Calculation of mass transfer in the remote cutting of metals by radiation of a high-power repetitively pulsed CO2 laser,abstract,unclear
1888,Calculation of mass transfer in the remote cutting of metals by radiation of a high-power repetitively pulsed CO2 laser,open_access_pdf,unclear
1890,Process intensification of high-gravity reactor for enviromental engineering: from fundamental to industrialization,venue,unclear
1890,Process intensification of high-gravity reactor for enviromental engineering: from fundamental to industrialization,abstract,unclear
1890,Process intensification of high-gravity reactor for enviromental engineering: from fundamental to industrialization,open_access_pdf,unclear
1891,Experimental and theoretical investigation of localized CO2 laser interaction with fused silica during the process of surface damage mitigation,venue,unclear
1892,Recent Advances in External Fields‐Enhanced Electrocatalysis,open_access_pdf,unclear
1893,The effect of interface movement and viscosity variation on the stability of a diffusive interface between aqueous and gaseous CO2,venue,unclear
1893,The effect of interface movement and viscosity variation on the stability of a diffusive interface between aqueous and gaseous CO2,abstract,unclear
1893,The effect of interface movement and viscosity variation on the stability of a diffusive interface between aqueous and gaseous CO2,open_access_pdf,unclear
1894,Measurement and Correlation of Diffusion Coefficients for CO2 and Rich-Gas Applications,venue,unclear
1894,Measurement and Correlation of Diffusion Coefficients for CO2 and Rich-Gas Applications,abstract,unclear
1894,Measurement and Correlation of Diffusion Coefficients for CO2 and Rich-Gas Applications,open_access_pdf,unclear
1895,Lattice Boltzmann investigation of thermal effect on convective mixing at the edge of solvent chamber in CO2-VAPEX process,venue,unclear
1895,Lattice Boltzmann investigation of thermal effect on convective mixing at the edge of solvent chamber in CO2-VAPEX process,abstract,unclear
1895,Lattice Boltzmann investigation of thermal effect on convective mixing at the edge of solvent chamber in CO2-VAPEX process,open_access_pdf,unclear
1896,Key issues and practical design for cooling wall of supercritical carbon dioxide coal-fired boiler,open_access_pdf,unclear
1897,Numerical study on laminar round jet of high density gases discharging into stagnant air.,venue,unclear
1897,Numerical study on laminar round jet of high density gases discharging into stagnant air.,abstract,unclear
1898,"Enhancing NOx removal in a high-gravity rotating packed bed with gaseous ClO2 oxidation-absorption: Kinetic, mass transfer, and cost analysis",abstract,unclear
1898,"Enhancing NOx removal in a high-gravity rotating packed bed with gaseous ClO2 oxidation-absorption: Kinetic, mass transfer, and cost analysis",open_access_pdf,unclear
1899,Mass transfer of acrylonitrile wastewater treatment by high gravity air stripping technology,venue,unclear
1899,Mass transfer of acrylonitrile wastewater treatment by high gravity air stripping technology,abstract,unclear
1899,Mass transfer of acrylonitrile wastewater treatment by high gravity air stripping technology,open_access_pdf,unclear
1900,Mass transfer intensification of CO2 absorption in monoethanolamine using high frequency ultrasonic technology in continuous system,venue,unclear
1900,Mass transfer intensification of CO2 absorption in monoethanolamine using high frequency ultrasonic technology in continuous system,open_access_pdf,unclear
1901,Intensification of ozone gas/liquid mass transfer and ozonation efficiency: A critical review.,open_access_pdf,unclear
1903,Strategies to improve the mass transfer in the CO2 capture process using immobilized carbonic anhydrase.,open_access_pdf,unclear
1904,Review on the mass transfer performance of CO2 absorption by amine-based solvents in low- and high-pressure absorption packed columns,venue,unclear
1905,Numerical simulation on mass transfer in the bone lacunar-canalicular system under different gravity fields,open_access_pdf,unclear
1906,Determination of mass transfer parameters and swelling factor of CO2-oil systems at high pressures,open_access_pdf,unclear
1907,Mass Transfer of CO2 in a Carbonated Water–Oil System at High Pressures,venue,unclear
1907,Mass Transfer of CO2 in a Carbonated Water–Oil System at High Pressures,abstract,unclear
1907,Mass Transfer of CO2 in a Carbonated Water–Oil System at High Pressures,open_access_pdf,unclear
1908,Quantitatively unveiling the effect of mass transfer on CO2RR through operando EXAFS and HERFD-XAFS,abstract,unclear
1908,Quantitatively unveiling the effect of mass transfer on CO2RR through operando EXAFS and HERFD-XAFS,open_access_pdf,unclear
1909,Research progress of gas-liquid mass transfer enhancement in high gravity field,venue,unclear
1909,Research progress of gas-liquid mass transfer enhancement in high gravity field,abstract,unclear
1909,Research progress of gas-liquid mass transfer enhancement in high gravity field,open_access_pdf,unclear
1910,Study on mass transfer in the bone lacunar-canalicular system under different gravity fields,abstract,unclear
1910,Study on mass transfer in the bone lacunar-canalicular system under different gravity fields,open_access_pdf,unclear
1911,ULTRASOUND-ENHANCED MINERAL CARBONATION,doi,unclear
1912,Iron and steel slag valorization through carbonation and supplementary processes,doi,unclear
1913,"CO_2 sequestration utilizing basic-oxygen furnace slag:Controlling factors,reaction mechanisms and V–Cr concerns",doi,unclear
1913,"CO_2 sequestration utilizing basic-oxygen furnace slag:Controlling factors,reaction mechanisms and V–Cr concerns",open_access_pdf,unclear
1914,The role of particle size distribution in CO2 sequestration by BOF slag,doi,unclear
1914,The role of particle size distribution in CO2 sequestration by BOF slag,open_access_pdf,unclear
1915,Calcium Extraction from unmilled BOF slag for Energy Efficient CO2 Sequestration using Graphical Analysis and Application for Acid Mine Drainage treatment,doi,unclear
1915,Calcium Extraction from unmilled BOF slag for Energy Efficient CO2 Sequestration using Graphical Analysis and Application for Acid Mine Drainage treatment,venue,unclear
1915,Calcium Extraction from unmilled BOF slag for Energy Efficient CO2 Sequestration using Graphical Analysis and Application for Acid Mine Drainage treatment,open_access_pdf,unclear
1916,Sequestration of Landfill Gas Emissions Using Basic Oxygen Furnace Slag,doi,unclear
1916,Sequestration of Landfill Gas Emissions Using Basic Oxygen Furnace Slag,open_access_pdf,unclear
1917,實驗探討轉爐石回收資源化:高溫還原改質與作為移除二氧化碳、磷與砷之介質,doi,unclear
1917,實驗探討轉爐石回收資源化:高溫還原改質與作為移除二氧化碳、磷與砷之介質,venue,unclear
1917,實驗探討轉爐石回收資源化:高溫還原改質與作為移除二氧化碳、磷與砷之介質,open_access_pdf,unclear
1918,實驗探討轉爐石回收資源化:高溫還原改質與作為移除二氧化碳、磷與砷之介質,doi,unclear
1918,實驗探討轉爐石回收資源化:高溫還原改質與作為移除二氧化碳、磷與砷之介質,venue,unclear
1918,實驗探討轉爐石回收資源化:高溫還原改質與作為移除二氧化碳、磷與砷之介質,open_access_pdf,unclear
1919,Carbonation of stainless steel slags at mild operating conditions,doi,unclear
1919,Carbonation of stainless steel slags at mild operating conditions,open_access_pdf,unclear
1920,Experimental and theoretical analysis for centrifuge concrete filled-steel tubular members subjected to bending-torsion,doi,unclear
1920,Experimental and theoretical analysis for centrifuge concrete filled-steel tubular members subjected to bending-torsion,open_access_pdf,unclear
1921,Experimental study on centrifuge concrete filled thin-walled steel tubular components under the action of torsion,doi,unclear
1921,Experimental study on centrifuge concrete filled thin-walled steel tubular components under the action of torsion,open_access_pdf,unclear
1922,Analysis on Bond Strength at the Interface of Centrifuge Concrete Filled Steel Tube,doi,unclear
1922,Analysis on Bond Strength at the Interface of Centrifuge Concrete Filled Steel Tube,venue,unclear
1922,Analysis on Bond Strength at the Interface of Centrifuge Concrete Filled Steel Tube,open_access_pdf,unclear
1923,Theoretical analysis of mechanical properties of centrifuge concrete-filled tube columns,doi,unclear
1923,Theoretical analysis of mechanical properties of centrifuge concrete-filled tube columns,open_access_pdf,unclear
1924,EQUIVALENT CONSTITUTIVE RELATIONSHIP FOR CENTRIFUGE CONCRETE-FILLED STEEL TUBULAR,doi,unclear
1924,EQUIVALENT CONSTITUTIVE RELATIONSHIP FOR CENTRIFUGE CONCRETE-FILLED STEEL TUBULAR,open_access_pdf,unclear
1925,Finite element analysis of load bearing capacities of centrifuge concrete filled steel tube on axial load,doi,unclear
1925,Finite element analysis of load bearing capacities of centrifuge concrete filled steel tube on axial load,open_access_pdf,unclear
1926,Study on the working mechanism and behavior of centrifuge concrete filled-steel tubular(CCFT) members subjected to torsion,doi,unclear
1926,Study on the working mechanism and behavior of centrifuge concrete filled-steel tubular(CCFT) members subjected to torsion,venue,unclear
1926,Study on the working mechanism and behavior of centrifuge concrete filled-steel tubular(CCFT) members subjected to torsion,open_access_pdf,unclear
1927,A Calculation Method of the Bearing Value of the Centrifuge Concrete Filled Thin-walled Steel Tubula under Torsionn un,doi,unclear
1927,A Calculation Method of the Bearing Value of the Centrifuge Concrete Filled Thin-walled Steel Tubula under Torsionn un,open_access_pdf,unclear
1928,Analysis on resistance on and after exposure to standard fire of short centrifuge concrete-filled steel tubular colunms,doi,unclear
1928,Analysis on resistance on and after exposure to standard fire of short centrifuge concrete-filled steel tubular colunms,open_access_pdf,unclear
1929,The Elastoplastic Torsion Rigidity Analysis of the Centrifuge Concrete Filled Thin-Walled Steel Tube,doi,unclear
1929,The Elastoplastic Torsion Rigidity Analysis of the Centrifuge Concrete Filled Thin-Walled Steel Tube,abstract,unclear
1929,The Elastoplastic Torsion Rigidity Analysis of the Centrifuge Concrete Filled Thin-Walled Steel Tube,open_access_pdf,unclear
1930,THE APPLICATION OF PRETENSIONED HIGH STRENGTH SPUN CONCRETE PIPE PILE FOUNDATION ON HIGH-RISE BUILDINGS,doi,unclear
1930,THE APPLICATION OF PRETENSIONED HIGH STRENGTH SPUN CONCRETE PIPE PILE FOUNDATION ON HIGH-RISE BUILDINGS,open_access_pdf,unclear
1931,Comparative analysis of prestressed hollow square piles and pipe piles,doi,unclear
1931,Comparative analysis of prestressed hollow square piles and pipe piles,venue,unclear
1931,Comparative analysis of prestressed hollow square piles and pipe piles,open_access_pdf,unclear
1932,Mechanical property and productive technology of precast thin-wall steel and spun concrete composite pile,doi,unclear
1932,Mechanical property and productive technology of precast thin-wall steel and spun concrete composite pile,open_access_pdf,unclear
1933,Flexural performance of combined pre-stressed TSC pile,doi,unclear
1933,Flexural performance of combined pre-stressed TSC pile,open_access_pdf,unclear
1934,Jacking Force Prediction: An Interface Friction Approach based on Pipe Surface Roughness,doi,unclear
1935,Flexural behaviour of spun-cast concrete-filled fibre reinforced polymer tubes for pole applications,doi,unclear
1936,Involuntary Cotenants: Eminent Domain and Energy and Communications Infrastructure Growth,doi,unclear
1937,Flexural and Shear Performance of Steel-encased Precast Spun Concrete Piles,doi,unclear
1937,Flexural and Shear Performance of Steel-encased Precast Spun Concrete Piles,abstract,unclear
1938,SC杭の曲げおよびせん断性能,doi,unclear
1938,SC杭の曲げおよびせん断性能,abstract,unclear
1939,Seismic Evaluation of Hollow Core Prestressed Concrete Bridge Column-Piles in Washington State,doi,unclear
1940,Research on Centrifugal Casting and Grouting Technique Applied in Subsea Pipeline with Concrete Weight Coat,doi,unclear
1940,Research on Centrifugal Casting and Grouting Technique Applied in Subsea Pipeline with Concrete Weight Coat,open_access_pdf,unclear
1941,"Spun Prestressed Concrete Poles--Past, Present, and Future",doi,unclear
1941,"Spun Prestressed Concrete Poles--Past, Present, and Future",open_access_pdf,unclear
1942,"Effects of Cement Chemistry, Admixtures, and Inhibitors on Corrosion Protection of Steel Pipelines by Internal Concrete Liners",doi,unclear
1942,"Effects of Cement Chemistry, Admixtures, and Inhibitors on Corrosion Protection of Steel Pipelines by Internal Concrete Liners",open_access_pdf,unclear
1943,Experiences in implementing the production of pre-stressed centrifugal casting concrete poles,doi,unclear
1943,Experiences in implementing the production of pre-stressed centrifugal casting concrete poles,abstract,unclear
1943,Experiences in implementing the production of pre-stressed centrifugal casting concrete poles,open_access_pdf,unclear
1944,Ultimate Shear Strength of Reinforced Concrete Columns using Half Orecast Square Tube Concrete Form made by Centrifugal Casting : Part2 Validity of the Wquation for the Ultimate Shear Strength,doi,unclear
1944,Ultimate Shear Strength of Reinforced Concrete Columns using Half Orecast Square Tube Concrete Form made by Centrifugal Casting : Part2 Validity of the Wquation for the Ultimate Shear Strength,abstract,unclear
1944,Ultimate Shear Strength of Reinforced Concrete Columns using Half Orecast Square Tube Concrete Form made by Centrifugal Casting : Part2 Validity of the Wquation for the Ultimate Shear Strength,open_access_pdf,unclear
1945,Centrifugal Casting Process and Rotating Vibration Phenomenon,doi,unclear
1945,Centrifugal Casting Process and Rotating Vibration Phenomenon,open_access_pdf,unclear
1946,Analysis on Current Technical Status of Subsea Pipeline with Concrete Weight Coat,doi,unclear
1946,Analysis on Current Technical Status of Subsea Pipeline with Concrete Weight Coat,venue,unclear
1946,Analysis on Current Technical Status of Subsea Pipeline with Concrete Weight Coat,open_access_pdf,unclear
1947,Discussion of Development for Centrifugal Casting Pipe of SG Iron in China,doi,unclear
1947,Discussion of Development for Centrifugal Casting Pipe of SG Iron in China,open_access_pdf,unclear
1948,Development of Centrifugal Casting Pipe of Spheroidal Graphite Cast Iron in China,doi,unclear
1948,Development of Centrifugal Casting Pipe of Spheroidal Graphite Cast Iron in China,venue,unclear
1948,Development of Centrifugal Casting Pipe of Spheroidal Graphite Cast Iron in China,open_access_pdf,unclear
1949,Research and application of key technology in prefabricated concrete piles with non-autoclave curing and non-redundant slurry,doi,unclear
1949,Research and application of key technology in prefabricated concrete piles with non-autoclave curing and non-redundant slurry,venue,unclear
1949,Research and application of key technology in prefabricated concrete piles with non-autoclave curing and non-redundant slurry,open_access_pdf,unclear
1950,Merkezkaç dökümlü beton direklerde oluşan rötre çatlaklarının sonlu elemanlar yöntemi kullanılarak incelenmesi.,doi,unclear
1950,Merkezkaç dökümlü beton direklerde oluşan rötre çatlaklarının sonlu elemanlar yöntemi kullanılarak incelenmesi.,open_access_pdf,unclear
1951,「圧縮・曲げ・せん断を受ける遠心成形ハーフプレキャスト角形管を用いた鉄筋コンクリート柱の終局強度」に対する討論,doi,unclear
1951,「圧縮・曲げ・せん断を受ける遠心成形ハーフプレキャスト角形管を用いた鉄筋コンクリート柱の終局強度」に対する討論,open_access_pdf,unclear
1952,고강도 콘크리트의 폭렬발생 메커니즘 규명,doi,unclear
1952,고강도 콘크리트의 폭렬발생 메커니즘 규명,open_access_pdf,unclear
1953,TSC 합성보와 CRC 합성기둥의 내진접합부 성능실험,doi,unclear
1953,TSC 합성보와 CRC 합성기둥의 내진접합부 성능실험,open_access_pdf,unclear
1954,Performance issues for high strength concrete in bridges,doi,unclear
1955,Механика разрушения и современные научные исследования строительных материалов,doi,unclear
1955,Механика разрушения и современные научные исследования строительных материалов,open_access_pdf,unclear
1956,Investigation of the end bearing performance of displacement piles in sand,doi,unclear
1957,"Centrifugally Formed Hume Pipes, Poles, and Prestressed Concrete Piles",doi,unclear
1957,"Centrifugally Formed Hume Pipes, Poles, and Prestressed Concrete Piles",abstract,unclear
1957,"Centrifugally Formed Hume Pipes, Poles, and Prestressed Concrete Piles",open_access_pdf,unclear
1958,"Conclusion: Capitalism, Resistance and What is to be Done?",doi,unclear
1959,"Plagiarism, Textual Borrowing, or Something else?: An L2 Student's Writing-from-sources Tasks",doi,unclear
1960,The transformation of the oil market: A study of financialisation through crises,doi,unclear
1961,Scripting the Spectacle:A Theory Tragedy,doi,unclear
1961,Scripting the Spectacle:A Theory Tragedy,venue,unclear
1962,"Reconstructing Ancient and Modern Land Use Decisions in the Copan Valley, Honduras:A GIS Landscape Archaeology Perspective",doi,unclear
1963,"Electromagnetic, gravitational wave, and static gravitational transmission through throat spacetimes: a constraint-wave asymmetry",doi,unclear
1964,"Dark Matter: Susan Howe, Muriel Rukeyser, and the Scholar's Art",doi,unclear
1965,"Isamu Noguchi and the Creation of a ""Universal"" Landscape",doi,unclear
1966,"Sharing the Earth, Dividing the Land",doi,unclear
1967,Cuerpo simbólico en Paul Klee,doi,unclear
1967,Cuerpo simbólico en Paul Klee,abstract,unclear
1967,Cuerpo simbólico en Paul Klee,open_access_pdf,unclear
1968,Novel domestic design and manufacturing of Pelton Turbine bucket : a key to manage and enhance Sub-Saharan Africa’s hydro energy potential.,doi,unclear
1968,Novel domestic design and manufacturing of Pelton Turbine bucket : a key to manage and enhance Sub-Saharan Africa’s hydro energy potential.,abstract,unclear
1969,Experimental and numerical investigations of axial pullout behavior of buried ductile iron pipe,doi,unclear
1970,Development of a two-tier prioritisationalgorithm for the replacement of water reticulation pipes,doi,unclear
1971,"Scenes, Seasons, and Spaces: Textual Modes of Address in Modern French, American, and Russian Literature",doi,unclear
1972,Research on Non-autoclaved Technology of PHC Pile Concrete,doi,unclear
1972,Research on Non-autoclaved Technology of PHC Pile Concrete,open_access_pdf,unclear
1973,Experimental Investigation of Cement Hydration in Gravity-Free Environment,doi,unclear
1974,Entire Process Simulation of Temperature and Stress Fields for RCC Dams,doi,unclear
1974,Entire Process Simulation of Temperature and Stress Fields for RCC Dams,open_access_pdf,unclear
1975,Etude experimentale modele de l'imbibition capillaire de substrats poreux a volume et structure de pores ajustables,doi,unclear
1976,2016 ASGSR MaterialsLab Overview,doi,unclear
1977,Microgravity Investigation of Cement Solidification (MICS),doi,unclear
1977,Microgravity Investigation of Cement Solidification (MICS),abstract,unclear
1978,Внутрішній простір об’єкту «Укриття» Чорнобильської АЕС як середовище існування мікробіоти,doi,unclear
1979,Autogenous shrinkage of cement-based materials : from the fundamental role of self-desiccation to mitigation strategies based on alternative materials,doi,unclear
1980,Modeling the chemo-thermo-hydro-mechanical coupling (CTHM) of rammed earth structures,doi,unclear
1981,Physical evolution of the cement paste interface at fresh state and very early age,doi,unclear
1982,Skeletal loading in animals.,doi,unclear
1983,Computational and theoretical models in diffuse imaging,doi,unclear
1984,Model experimental study of capillary imbibition of porous substrates with adjustable volume and pore structure,doi,unclear
1984,Model experimental study of capillary imbibition of porous substrates with adjustable volume and pore structure,open_access_pdf,unclear
1985,Dissolution of carbonate stones caused by CO2 pollutant: an erosion model,doi,unclear
1986,Effect of Canadian linseed oil based concrete preservatives on the durability of concrete in Hong Kong,doi,unclear
1986,Effect of Canadian linseed oil based concrete preservatives on the durability of concrete in Hong Kong,abstract,unclear
1987,Şişen zeminlerin silis dumani ve kireç kullanilarak stabilizasyonu,doi,unclear
1988,Particules dipolaires sous champs extérieurs,doi,unclear
1988,Particules dipolaires sous champs extérieurs,venue,unclear
1989,Effects of Accelerated Carbonation Curing on CO2 Sequestration and on the Compressive Strength of Concrete Masonry Units,doi,unclear
1989,Effects of Accelerated Carbonation Curing on CO2 Sequestration and on the Compressive Strength of Concrete Masonry Units,venue,unclear
1989,Effects of Accelerated Carbonation Curing on CO2 Sequestration and on the Compressive Strength of Concrete Masonry Units,abstract,unclear
1989,Effects of Accelerated Carbonation Curing on CO2 Sequestration and on the Compressive Strength of Concrete Masonry Units,open_access_pdf,unclear
1990,Improved resistance to thaumasite formation in cement pastes by early age carbonation,doi,unclear
1991,"The characterisation, improvement and modelling aspects of Frost Salt Scaling of Cement-Based Materials with a High Slag Content",doi,unclear
1992,Experimental study on performance of cement with carbonated steel slag as one of admixtures,doi,unclear
1992,Experimental study on performance of cement with carbonated steel slag as one of admixtures,open_access_pdf,unclear
1993,Early Hydration Activity of Composite with Carbonated Steel Slag,doi,unclear
1993,Early Hydration Activity of Composite with Carbonated Steel Slag,venue,unclear
1993,Early Hydration Activity of Composite with Carbonated Steel Slag,open_access_pdf,unclear
1994,Synthesis of Ultra-fine Needle-like Calcium Carbonate Particles by High-Gravity Reactive Precipitation,doi,unclear
1994,Synthesis of Ultra-fine Needle-like Calcium Carbonate Particles by High-Gravity Reactive Precipitation,open_access_pdf,unclear
1995,Preparation of ultra-fine spindle CaCO_3 by crystallization in a RPBR,doi,unclear
1995,Preparation of ultra-fine spindle CaCO_3 by crystallization in a RPBR,venue,unclear
1995,Preparation of ultra-fine spindle CaCO_3 by crystallization in a RPBR,open_access_pdf,unclear
1996,A study on bioethanol production from roseau (Miscanthus giganteus) and cassava peels (Manihot esculenta) by Saccharomyces cerevisiae.,doi,unclear
1997,Research Progresses and Applications of High Gravity Technology,doi,unclear
1997,Research Progresses and Applications of High Gravity Technology,open_access_pdf,unclear
1998,Integrated mineral carbonation reactor technology for 2 Energy,doi,unclear
1998,Integrated mineral carbonation reactor technology for 2 Energy,venue,unclear
1998,Integrated mineral carbonation reactor technology for 2 Energy,open_access_pdf,unclear
1999,Développement d'une filière de production de bio-GNV à partir de biogaz agricole à l'echelle individuelle,doi,unclear
1999,Développement d'une filière de production de bio-GNV à partir de biogaz agricole à l'echelle individuelle,open_access_pdf,unclear
2000,Infrared and Uv-Vis Spectroscopic Studies of Catalytic Reaction of Enzymes and Immobilization Enzyme on Porous Polymers,doi,unclear
2000,Infrared and Uv-Vis Spectroscopic Studies of Catalytic Reaction of Enzymes and Immobilization Enzyme on Porous Polymers,abstract,unclear
2001,Development of a complete bio-NGV production process based on agricultural biogas at farm scale,doi,unclear
2001,Development of a complete bio-NGV production process based on agricultural biogas at farm scale,open_access_pdf,unclear
2002,The Study of CO2 Removal in Slurries with Mg(OH)2 Suspended Particles and the Regeneration of Products,doi,unclear
2002,The Study of CO2 Removal in Slurries with Mg(OH)2 Suspended Particles and the Regeneration of Products,abstract,unclear
2003,Gas turbines for carbon capture,doi,unclear
2004,High-gravity Reactive Precipitation Process and Morphology Control for Precipitated Calcium Carbonate,doi,unclear
2004,High-gravity Reactive Precipitation Process and Morphology Control for Precipitated Calcium Carbonate,open_access_pdf,unclear
2005,Effect of Different Packing Structure on Mass Transfer in a Cross-flow Rotating Packed Bed,doi,unclear
2005,Effect of Different Packing Structure on Mass Transfer in a Cross-flow Rotating Packed Bed,open_access_pdf,unclear
2006,The Research of High Gravity Rotating Packed Bed Removing Carbon Dioxide Volumetric Mass Transfer Coefficient,doi,unclear
2006,The Research of High Gravity Rotating Packed Bed Removing Carbon Dioxide Volumetric Mass Transfer Coefficient,open_access_pdf,unclear
2007,Study on selective desulfurization from coke oven gas with high gravity technology,doi,unclear
2007,Study on selective desulfurization from coke oven gas with high gravity technology,open_access_pdf,unclear
2008,Synthesis of ultra-fine needle-like calcium carbonate particles by high-gravity technology and its characterization,doi,unclear
2008,Synthesis of ultra-fine needle-like calcium carbonate particles by high-gravity technology and its characterization,open_access_pdf,unclear
2009,Process intensification : a study of calcium carbonate precipitation methods on a spinning disc reactor,doi,unclear
2009,Process intensification : a study of calcium carbonate precipitation methods on a spinning disc reactor,open_access_pdf,unclear
2010,Technical and economic evaluation for two process alternatives of CO2 mineralization technology using electric arc furnace slag as raw material,doi,unclear
2010,Technical and economic evaluation for two process alternatives of CO2 mineralization technology using electric arc furnace slag as raw material,venue,unclear
2010,Technical and economic evaluation for two process alternatives of CO2 mineralization technology using electric arc furnace slag as raw material,abstract,unclear
2010,Technical and economic evaluation for two process alternatives of CO2 mineralization technology using electric arc furnace slag as raw material,open_access_pdf,unclear
2011,The Properties of the Microbial Carbon Sequestration Brick Made of Steel Slag-Slaked Lime Mixture,doi,unclear
2011,The Properties of the Microbial Carbon Sequestration Brick Made of Steel Slag-Slaked Lime Mixture,venue,unclear
2011,The Properties of the Microbial Carbon Sequestration Brick Made of Steel Slag-Slaked Lime Mixture,abstract,unclear
2011,The Properties of the Microbial Carbon Sequestration Brick Made of Steel Slag-Slaked Lime Mixture,open_access_pdf,unclear
2012,Comparison of Water Curing and Carbonation Curing on Mortar Mix Incorporating Cement Kiln Dust,doi,unclear
2012,Comparison of Water Curing and Carbonation Curing on Mortar Mix Incorporating Cement Kiln Dust,venue,unclear
2012,Comparison of Water Curing and Carbonation Curing on Mortar Mix Incorporating Cement Kiln Dust,abstract,unclear
2012,Comparison of Water Curing and Carbonation Curing on Mortar Mix Incorporating Cement Kiln Dust,open_access_pdf,unclear
2013,Effect of early age carbonation on strength and pH of concrete,doi,unclear
2013,Effect of early age carbonation on strength and pH of concrete,venue,unclear
2013,Effect of early age carbonation on strength and pH of concrete,abstract,unclear
2013,Effect of early age carbonation on strength and pH of concrete,open_access_pdf,unclear
2014,Changes in microstructure and pore structure of low-clinker cementitious materials during early stages of carbonation,doi,unclear
2014,Changes in microstructure and pore structure of low-clinker cementitious materials during early stages of carbonation,venue,unclear
2014,Changes in microstructure and pore structure of low-clinker cementitious materials during early stages of carbonation,abstract,unclear
2014,Changes in microstructure and pore structure of low-clinker cementitious materials during early stages of carbonation,open_access_pdf,unclear
2015,Microstructure and properties of concrete subject to early carbonation curing,doi,unclear
2015,Microstructure and properties of concrete subject to early carbonation curing,venue,unclear
2015,Microstructure and properties of concrete subject to early carbonation curing,abstract,unclear
2015,Microstructure and properties of concrete subject to early carbonation curing,open_access_pdf,unclear
2016,Carbonation of Fly Ash Concrete and Mircro-hardness Analysis,doi,unclear
2016,Carbonation of Fly Ash Concrete and Mircro-hardness Analysis,venue,unclear
2016,Carbonation of Fly Ash Concrete and Mircro-hardness Analysis,abstract,unclear
2016,Carbonation of Fly Ash Concrete and Mircro-hardness Analysis,open_access_pdf,unclear
2017,Effect of Carbonation Curing on Mechanical Strength and Volume Stability of Steel Slag Concrete,doi,unclear
2017,Effect of Carbonation Curing on Mechanical Strength and Volume Stability of Steel Slag Concrete,venue,unclear
2017,Effect of Carbonation Curing on Mechanical Strength and Volume Stability of Steel Slag Concrete,abstract,unclear
2017,Effect of Carbonation Curing on Mechanical Strength and Volume Stability of Steel Slag Concrete,open_access_pdf,unclear
2018,Effect of Accelerated Carbonation Curing on Strength and Durability Properties of GGBS Concrete,doi,unclear
2018,Effect of Accelerated Carbonation Curing on Strength and Durability Properties of GGBS Concrete,venue,unclear
2018,Effect of Accelerated Carbonation Curing on Strength and Durability Properties of GGBS Concrete,abstract,unclear
2018,Effect of Accelerated Carbonation Curing on Strength and Durability Properties of GGBS Concrete,open_access_pdf,unclear
2019,Determination of Flexural Strength of Concrete by Carbon Dioxide Curing,doi,unclear
2019,Determination of Flexural Strength of Concrete by Carbon Dioxide Curing,venue,unclear
2019,Determination of Flexural Strength of Concrete by Carbon Dioxide Curing,abstract,unclear
2019,Determination of Flexural Strength of Concrete by Carbon Dioxide Curing,open_access_pdf,unclear
2020,An investigation of CO2 sequestration through mineralization,doi,unclear
2020,An investigation of CO2 sequestration through mineralization,venue,unclear
2020,An investigation of CO2 sequestration through mineralization,abstract,unclear
2020,An investigation of CO2 sequestration through mineralization,open_access_pdf,unclear
2021,Study on Carbonation Resistance of Self-compacting Concrete Containing Massive Mineral Admixture,doi,unclear
2021,Study on Carbonation Resistance of Self-compacting Concrete Containing Massive Mineral Admixture,venue,unclear
2021,Study on Carbonation Resistance of Self-compacting Concrete Containing Massive Mineral Admixture,abstract,unclear
2021,Study on Carbonation Resistance of Self-compacting Concrete Containing Massive Mineral Admixture,open_access_pdf,unclear
2022,CARBONATION TEST OF CONCRETE CONTAINING MINERAL ADMIXTURES,doi,unclear
2022,CARBONATION TEST OF CONCRETE CONTAINING MINERAL ADMIXTURES,venue,unclear
2022,CARBONATION TEST OF CONCRETE CONTAINING MINERAL ADMIXTURES,abstract,unclear
2022,CARBONATION TEST OF CONCRETE CONTAINING MINERAL ADMIXTURES,open_access_pdf,unclear
2023,Environmental Impact of Carbonated Calcium Silicate Cement-Based Concrete,doi,unclear
2023,Environmental Impact of Carbonated Calcium Silicate Cement-Based Concrete,venue,unclear
2023,Environmental Impact of Carbonated Calcium Silicate Cement-Based Concrete,abstract,unclear
2023,Environmental Impact of Carbonated Calcium Silicate Cement-Based Concrete,open_access_pdf,unclear
2024,A Study on the Properties of High Performance Concrete with Compound Mineral Admixtures,doi,unclear
2024,A Study on the Properties of High Performance Concrete with Compound Mineral Admixtures,venue,unclear
2024,A Study on the Properties of High Performance Concrete with Compound Mineral Admixtures,abstract,unclear
2024,A Study on the Properties of High Performance Concrete with Compound Mineral Admixtures,open_access_pdf,unclear
2025,Effect of mineral admixtures on durability properties of concrete,doi,unclear
2025,Effect of mineral admixtures on durability properties of concrete,venue,unclear
2025,Effect of mineral admixtures on durability properties of concrete,abstract,unclear
2025,Effect of mineral admixtures on durability properties of concrete,open_access_pdf,unclear
2026,Utilization of Carbonated BOF Slag as Partial Replacement of Aggregate in Cement Mortars,doi,unclear
2026,Utilization of Carbonated BOF Slag as Partial Replacement of Aggregate in Cement Mortars,venue,unclear
2026,Utilization of Carbonated BOF Slag as Partial Replacement of Aggregate in Cement Mortars,open_access_pdf,unclear
2027,Research on Carbonation Resistance of Recycled Aggregate Concrete,doi,unclear
2027,Research on Carbonation Resistance of Recycled Aggregate Concrete,venue,unclear
2027,Research on Carbonation Resistance of Recycled Aggregate Concrete,abstract,unclear
2027,Research on Carbonation Resistance of Recycled Aggregate Concrete,open_access_pdf,unclear
2028,Research on Variation of pH Value of the Simulated Concrete Pore Solution during Carbonation Process,doi,unclear
2028,Research on Variation of pH Value of the Simulated Concrete Pore Solution during Carbonation Process,venue,unclear
2028,Research on Variation of pH Value of the Simulated Concrete Pore Solution during Carbonation Process,abstract,unclear
2028,Research on Variation of pH Value of the Simulated Concrete Pore Solution during Carbonation Process,open_access_pdf,unclear
2029,"Development of Integrated High-gravity-electrodeionization (HiG-EDI) Technology for CO2 Capture, Waste Stabilization and Wastewater Reclamation",doi,unclear
2029,"Development of Integrated High-gravity-electrodeionization (HiG-EDI) Technology for CO2 Capture, Waste Stabilization and Wastewater Reclamation",venue,unclear
2029,"Development of Integrated High-gravity-electrodeionization (HiG-EDI) Technology for CO2 Capture, Waste Stabilization and Wastewater Reclamation",abstract,unclear
2029,"Development of Integrated High-gravity-electrodeionization (HiG-EDI) Technology for CO2 Capture, Waste Stabilization and Wastewater Reclamation",open_access_pdf,unclear
2030,A method of increasing the efficiency of lithium carbonate by carbonation gas flow rate controlling method,doi,unclear
2030,A method of increasing the efficiency of lithium carbonate by carbonation gas flow rate controlling method,venue,unclear
2030,A method of increasing the efficiency of lithium carbonate by carbonation gas flow rate controlling method,abstract,unclear
2030,A method of increasing the efficiency of lithium carbonate by carbonation gas flow rate controlling method,open_access_pdf,unclear
2031,Preparation of high-purity light magnesia from sulfate salt subtype salt lake brine,doi,unclear
2031,Preparation of high-purity light magnesia from sulfate salt subtype salt lake brine,venue,unclear
2031,Preparation of high-purity light magnesia from sulfate salt subtype salt lake brine,abstract,unclear
2031,Preparation of high-purity light magnesia from sulfate salt subtype salt lake brine,open_access_pdf,unclear
2032,Discussion on Preparation Method of Nanometer Calcium Carbonate by Carbonization Technology,doi,unclear
2032,Discussion on Preparation Method of Nanometer Calcium Carbonate by Carbonization Technology,venue,unclear
2032,Discussion on Preparation Method of Nanometer Calcium Carbonate by Carbonization Technology,abstract,unclear
2032,Discussion on Preparation Method of Nanometer Calcium Carbonate by Carbonization Technology,open_access_pdf,unclear
2033,Preparation and application of nanometer light calcium carbonate,doi,unclear
2033,Preparation and application of nanometer light calcium carbonate,venue,unclear
2033,Preparation and application of nanometer light calcium carbonate,abstract,unclear
2033,Preparation and application of nanometer light calcium carbonate,open_access_pdf,unclear
2034,Preparation of Particles of Ultra-fine Salbutamol Sulfate by Anti-Solvent Re-crystallization in a Rotating Packed Bed,doi,unclear
2034,Preparation of Particles of Ultra-fine Salbutamol Sulfate by Anti-Solvent Re-crystallization in a Rotating Packed Bed,venue,unclear
2034,Preparation of Particles of Ultra-fine Salbutamol Sulfate by Anti-Solvent Re-crystallization in a Rotating Packed Bed,abstract,unclear
2034,Preparation of Particles of Ultra-fine Salbutamol Sulfate by Anti-Solvent Re-crystallization in a Rotating Packed Bed,open_access_pdf,unclear
2035,Enzyme‐enhanced CO 2 absorption process in rotating packed bed,doi,unclear
2035,Enzyme‐enhanced CO 2 absorption process in rotating packed bed,venue,unclear
2035,Enzyme‐enhanced CO 2 absorption process in rotating packed bed,abstract,unclear
2035,Enzyme‐enhanced CO 2 absorption process in rotating packed bed,open_access_pdf,unclear
2036,Preparation highly reactive polyisobutylenes in rotating packed bed,doi,unclear
2036,Preparation highly reactive polyisobutylenes in rotating packed bed,venue,unclear
2036,Preparation highly reactive polyisobutylenes in rotating packed bed,abstract,unclear
2036,Preparation highly reactive polyisobutylenes in rotating packed bed,open_access_pdf,unclear
2037,Preparation of pseudoboemite nano-fibers by high gravitational reactive carbonation in rotating packed bed,doi,unclear
2037,Preparation of pseudoboemite nano-fibers by high gravitational reactive carbonation in rotating packed bed,venue,unclear
2037,Preparation of pseudoboemite nano-fibers by high gravitational reactive carbonation in rotating packed bed,abstract,unclear
2037,Preparation of pseudoboemite nano-fibers by high gravitational reactive carbonation in rotating packed bed,open_access_pdf,unclear
2038,Preparation and Characterization of Nano-Aluminum Oxide Trihydrate by Reactive Carbonation in Rotating Packed Bed,doi,unclear
2038,Preparation and Characterization of Nano-Aluminum Oxide Trihydrate by Reactive Carbonation in Rotating Packed Bed,venue,unclear
2038,Preparation and Characterization of Nano-Aluminum Oxide Trihydrate by Reactive Carbonation in Rotating Packed Bed,abstract,unclear
2038,Preparation and Characterization of Nano-Aluminum Oxide Trihydrate by Reactive Carbonation in Rotating Packed Bed,open_access_pdf,unclear
2039,Removal of an Undesired Component from aValuable Product Using a Rotating Packed Bed,doi,unclear
2039,Removal of an Undesired Component from aValuable Product Using a Rotating Packed Bed,venue,unclear
2039,Removal of an Undesired Component from aValuable Product Using a Rotating Packed Bed,abstract,unclear
2039,Removal of an Undesired Component from aValuable Product Using a Rotating Packed Bed,open_access_pdf,unclear
2040,NUMERICAL SIMULATION OF MICROMIXING IN ROTATING PACKED BED,doi,unclear
2040,NUMERICAL SIMULATION OF MICROMIXING IN ROTATING PACKED BED,venue,unclear
2040,NUMERICAL SIMULATION OF MICROMIXING IN ROTATING PACKED BED,abstract,unclear
2040,NUMERICAL SIMULATION OF MICROMIXING IN ROTATING PACKED BED,open_access_pdf,unclear
2041,Computational fluid dynamic (CFD) simulation of micromixing in a rotating packed bed,doi,unclear
2041,Computational fluid dynamic (CFD) simulation of micromixing in a rotating packed bed,venue,unclear
2041,Computational fluid dynamic (CFD) simulation of micromixing in a rotating packed bed,abstract,unclear
2041,Computational fluid dynamic (CFD) simulation of micromixing in a rotating packed bed,open_access_pdf,unclear
2042,A systematic experimental study of the micromixing efficiency of a rotating packed bed,doi,unclear
2042,A systematic experimental study of the micromixing efficiency of a rotating packed bed,venue,unclear
2042,A systematic experimental study of the micromixing efficiency of a rotating packed bed,abstract,unclear
2042,A systematic experimental study of the micromixing efficiency of a rotating packed bed,open_access_pdf,unclear
2043,Preparation of Nano-Aluminum Hydroxide in Rotating Bed with Helix Channels by High-Gravity Reactive Precipitation,doi,unclear
2043,Preparation of Nano-Aluminum Hydroxide in Rotating Bed with Helix Channels by High-Gravity Reactive Precipitation,venue,unclear
2043,Preparation of Nano-Aluminum Hydroxide in Rotating Bed with Helix Channels by High-Gravity Reactive Precipitation,abstract,unclear
2043,Preparation of Nano-Aluminum Hydroxide in Rotating Bed with Helix Channels by High-Gravity Reactive Precipitation,open_access_pdf,unclear
2044,Process intensification routes for mineral carbonation,doi,unclear
2044,Process intensification routes for mineral carbonation,venue,unclear
2044,Process intensification routes for mineral carbonation,abstract,unclear
2044,Process intensification routes for mineral carbonation,open_access_pdf,unclear
2045,Materials for CO 2 capture prepared using supercritical CO 2,doi,unclear
2045,Materials for CO 2 capture prepared using supercritical CO 2,venue,unclear
2045,Materials for CO 2 capture prepared using supercritical CO 2,abstract,unclear
2045,Materials for CO 2 capture prepared using supercritical CO 2,open_access_pdf,unclear
2046,NUMERICAL SIMULATION OF DOUBLE DIFFUSIVE NATURAL CONVECTION AT THE EDGE OF SOLVENT CHAMBER IN CO 2-VAPEX PROCESS VIA LATTICE BOLTZMANN METHOD,doi,unclear
2046,NUMERICAL SIMULATION OF DOUBLE DIFFUSIVE NATURAL CONVECTION AT THE EDGE OF SOLVENT CHAMBER IN CO 2-VAPEX PROCESS VIA LATTICE BOLTZMANN METHOD,venue,unclear
2046,NUMERICAL SIMULATION OF DOUBLE DIFFUSIVE NATURAL CONVECTION AT THE EDGE OF SOLVENT CHAMBER IN CO 2-VAPEX PROCESS VIA LATTICE BOLTZMANN METHOD,abstract,unclear
2046,NUMERICAL SIMULATION OF DOUBLE DIFFUSIVE NATURAL CONVECTION AT THE EDGE OF SOLVENT CHAMBER IN CO 2-VAPEX PROCESS VIA LATTICE BOLTZMANN METHOD,open_access_pdf,unclear
