direction,direction_zh,query,title,year,authors,venue,doi,url,abstract,citation_count,source_database,open_access_pdf,raw_id
A,超重力碳化固废,"""steel slag"" ""CO2 mineralization""",Experimental Investigation of Hot Steam Temperature Effects on Physicochemical Properties and Mineralization Efficiency in Steel Slag-CO2 Systems.,2025,Binwei Xia; Zhiruo Liu; Jiansong Peng,Environmental Research,10.1016/j.envres.2025.121727,https://www.semanticscholar.org/paper/08da2e3766f5497f26106766f2c6312ac07c97c2,"In the face of intensifying global warming, carbon capture, utilization, and storage (CCUS) technologies are increasingly recognized as critical pathways toward achieving carbon neutrality. Although alkaline steel slag exhibits significant carbon sequestration potential, traditional mineralization methods are limited by low mass transfer efficiency and rapid efficiency decay caused by pore blockage and active surface coverage. To address these limitations, this study proposed an innovative approach leveraging steam-mediated activation to restructure the physicochemical properties of steel slag, thereby overcoming conventional barriers. Using a custom-designed hot steam-CO2 mineralization reactor, we systematically investigated the advantages of hot steam activation over conventional wet mineralization. Furthermore, we elucidated the effects of HS temperature on steel slag-CO2 mineralization efficiency and its underlying mechanisms. Results showed that the hydrated steel slag treated with hot steam exhibits a 2.4-fold increase in specific surface area and a 1.8-fold enhancement in porosity compared to conventional wet processing. This significant optimization of the mineralization conditions leads to an improvement in mineralization efficiency, reaching 22.48%, which is four times higher than that achieved by conventional wet methods. With increasing hot steam temperature, mineralization efficiency showed significant enhancement, rising from 9.2% at 100°C to a peak of 35.14% at 220°C. The mineralization product CaCO3 exhibited a dual effect: filling micropores to reduce porosity for pores <3.5 nm, while forming new nanopores through stacking to increase porosity for pores >3.5 nm. The rapid generation of mesopores and macropores further drove the overall porosity increase. As HS temperature rose, the surface content of CaCO3 and C-S-H in MSS increased significantly. The pore-forming effect of CaCO3 stacking resulted in higher porosity, reaching 9.2 and 6.5 times the porosity and specific surface area of RSS at 220°C, respectively.",3,Semantic Scholar,unclear,08da2e3766f5497f26106766f2c6312ac07c97c2
A,超重力碳化固废,"""steel slag"" ""CO2 mineralization""","Temperature-regulated ammonium carbonate curing of steel slag: Enhanced carbonation, strength, and CO2 mineralization for sustainable building materials",2025,Ziping Pan; Jiajie Li; Xingtong Yue; Z. Wu; Dongdong Zhang; Yingxi Hu; Wen Ni; M. Hitch,Journal of Materials Research and Technology,10.1016/j.jmrt.2025.07.264,https://www.semanticscholar.org/paper/8cb5e49527429c43aff4a0b6daf781c080cd61b9,unclear,13,Semantic Scholar,unclear,8cb5e49527429c43aff4a0b6daf781c080cd61b9
A,超重力碳化固废,"""steel slag"" ""CO2 mineralization""","CO2 mineralization curing steel slag-fly ash-Portland cement ternary paste: Mechanical properties, microstructure and life cycle assessment",2025,Guoyang Yi; Wei Tian; Jun Shi; Jian Guo; Xu Cheng,Journal of Central South University,10.1007/s11771-025-6022-3,https://www.semanticscholar.org/paper/3c6d4745d9566031e704c36a4697ab8fb944be86,unclear,4,Semantic Scholar,unclear,3c6d4745d9566031e704c36a4697ab8fb944be86
A,超重力碳化固废,"""steel slag"" ""CO2 mineralization""",Optimizing CO2 mineralization parameters of steel slag to improve carbonation resistance of concrete: chemical and microstructure effects,2025,Yansheng Wang; Zhaofeng Li; Chao Liu; Keke Sun; Jian Zhang; Yanhai Qi,Journal of Sustainable Cement-Based Materials,10.1080/21650373.2025.2494249,https://www.semanticscholar.org/paper/93bb9fe5e32f5425d160e0e03cde47ec79623c88,"To enhance the carbonation resistance of concrete, this study optimized CO2 mineralization parameters of steel slag using the Taguchi method, revealing a nonlinear relationship between carbon content and mineralized parameters. The optimal conditions (150 min, 2.1 MPa, 78.5 °C and 36.4% humidity) achieved a carbon fixation rate of 7.82%. A amount of carbonation products covering the surface of steel slag, significantly improving steel slag’s microstructure and chemical properties. Incorporating 10% CO2 mineralized steel slag reduced the carbonation depth of concrete to 7 mm, a 30% improvement compared to pure cement concrete (10 mm). The micro-nano mineralization products fill the pores and enhance the bonding between steel slag and hydration products, thereby reducing CO2 ingress into the concrete and maintaining a high pH level. These findings show an extensible way to recycle steel slag and improve the durability and sustainability of concrete.",1,Semantic Scholar,unclear,93bb9fe5e32f5425d160e0e03cde47ec79623c88
A,超重力碳化固废,"""steel slag"" ""CO2 mineralization""",High-gravity intensified carbonation of larger steel slag particles: Dual-path CO2 mineralization and valorization in sustainable construction materials,2025,Qifeng Song; Xinduo Li; Baojian Zhan; Tung-Chai Ling,Journal of Environmental Chemical Engineering,10.1016/j.jece.2025.117004,https://www.semanticscholar.org/paper/e855644624ce394da865c3f41628f2b86ec70490,unclear,10,Semantic Scholar,unclear,e855644624ce394da865c3f41628f2b86ec70490
A,超重力碳化固废,"""steel slag"" ""CO2 mineralization""",New insights into the effects of different CO2 mineralization conditions on steel slag as supplemental cementitious material,2024,Linshan Li; Tiefeng Chen; Xiaojian Gao; Wenchuang Yang,Journal of Building Engineering,10.1016/j.jobe.2024.108566,https://www.semanticscholar.org/paper/66bf176a6b386217e13d60ae3f1b17550388caa1,unclear,48,Semantic Scholar,unclear,66bf176a6b386217e13d60ae3f1b17550388caa1
A,超重力碳化固废,"""steel slag"" ""CO2 mineralization""",Valorization of steel slag through CO2 mineralization toward improved reactivity and cementitious performance,2025,Bo Su; Yong Sun; Ping Jiang; Chao Zhang; Kai Cui; Yong Zheng; J P Qiu; Yingliang Zhao,Journal of Environmental Chemical Engineering,10.1016/j.jece.2025.119757,https://www.semanticscholar.org/paper/7598c9de0649d82cefac034069611e6a9e0549f7,unclear,4,Semantic Scholar,unclear,7598c9de0649d82cefac034069611e6a9e0549f7
A,超重力碳化固废,"""steel slag"" ""CO2 mineralization""",Impurities in Steel Slag during the CO2 Mineralization: Optimization and Multicycle Operation,2025,Xuan Zheng; Quan Zhou; Yikun Wang; Qingyao He; Shuiping Yan; Long Ji,Industrial &amp; Engineering Chemistry Research,10.1021/acs.iecr.4c04045,https://www.semanticscholar.org/paper/b8589766e692905dbb28238a8bffd03535d5ac75,unclear,3,Semantic Scholar,unclear,b8589766e692905dbb28238a8bffd03535d5ac75
A,超重力碳化固废,"""steel slag"" ""CO2 mineralization""",Direct CO2 Mineralization of Steel Slag Accelerated by Sporosarcina pasteurii,2025,Yuele Zhang; Yanjun Zhang; Jiacheng Yu; Xiang Xu; C. Cao,Energy &amp; Fuels,10.1021/acs.energyfuels.5c00935,https://www.semanticscholar.org/paper/8e371190649df1dba7c083c2cc8ebf3c7d7f6073,unclear,2,Semantic Scholar,unclear,8e371190649df1dba7c083c2cc8ebf3c7d7f6073
A,超重力碳化固废,"""steel slag"" ""CO2 mineralization""",Coupled influence of acidic impurities in incineration flue gas on CO2 mineralization and phase composition of steel slag-based aggregates,2026,Tianjing Qiu; Qun Huan; Zonghao Liu; Decheng Gu; Xian Cao; Min Song,Chemical Engineering Journal,10.1016/j.cej.2026.173606,https://www.semanticscholar.org/paper/892c1d70d1a3386cc16ff6ec028c8fff3028d897,unclear,2,Semantic Scholar,unclear,892c1d70d1a3386cc16ff6ec028c8fff3028d897
A,超重力碳化固废,"""steel slag"" ""CO2 mineralization""",Enhancing CO2 Mineralization Rate and Extent of Iron and Steel Slag via Grinding,2022,C. Myers; Jun Sasagawa; T. Nakagaki,ISIJ International,10.2355/isijinternational.isijint-2022-091,https://www.semanticscholar.org/paper/c14c90466fe6be1e71ccc79b98079956ce5d13cc,unclear,4,Semantic Scholar,https://www.jstage.jst.go.jp/article/isijinternational/62/12/62_ISIJINT-2022-091/_pdf,c14c90466fe6be1e71ccc79b98079956ce5d13cc
A,超重力碳化固废,"""steel slag"" ""CO2 mineralization""",Experimental Study on Indirect CO2 Mineralization of Industrial Solid Wastes: Electric Arc Furnace (EAF) Slag and Nickel Mine Tailings,2025,Hamid Radfarnia; Katrin Staneva; A. Shafeen; K. Zanganeh; B. Patarachao; Stephannie Vasquez Huertas; A. Zborowski; Judy Kung; Seyedeh Laleh Dashtban Kenari; Sanaz Mosadeghsedghi; Konstantin Volchek,ACS Omega,10.1021/acsomega.5c05128,https://www.semanticscholar.org/paper/66a5713d45f730f9b42831df9948585172153423,"CO2 mineralization utilizing alkaline industrial wastes as feedstocks is a promising approach for long-term carbon sequestration. This study investigates the indirect carbonation of electric arc furnace (EAF) steel slag and nickel mine tailing using two leaching agents, inorganic hydrochloric acid (HCl) and waste-derived acid mine drainage (AMD). The efficiency of metal leaching and CO2 sequestration capacity were evaluated under varying process conditions, including temperature and carbonation reaction acceleration by ultrasound cavitation. Results demonstrated that AMD can be a viable alternative to HCl, potentially reducing chemical costs while aiding in mine waste remediation. However, the effectiveness of both leaching and carbonation processes is strongly influenced by the mineralogical composition of the feedstocks. For serpentine-based feedstock rich in magnesium (nickel tailing), using AMD as a leaching agent resulted in a sequestration capacity of up to 65.12 g-CO2 /kg-Ni-Tailing versus 18.28 g-CO2 /kg-Ni-Tailing with HCl at room temperature. Conversely, for EAF steel slag rich in calcium, the trend was opposite, with HCl achieving a sequestration capacity of up to 154.76 g-CO2/kg-EAF versus 63.58 g-CO2/kg-EAF with AMD. The study further explores the impact of operating temperature and ultrasound process intensification on reaction kinetics, concluding that CO2 sequestration efficiency was improved either by increasing the temperature or employing ultrasound processing. These findings contribute to the development of sustainable mineralization strategies for industrial waste valorization and greenhouse gas mitigation.",2,Semantic Scholar,unclear,66a5713d45f730f9b42831df9948585172153423
A,超重力碳化固废,"""steel slag"" ""CO2 mineralization""",CO2 Mineralization and Utilization using Steel Slag for Establishing a Waste-to-Resource Supply Chain,2017,S. Pan; Tai-Chun Chung; Chang-Ching Ho; Chin-Jen Hou; Yi-Hung Chen; P. Chiang,Scientific Reports,10.1038/s41598-017-17648-9,https://www.semanticscholar.org/paper/385aa2b25d4a4c78338ce5ed810ab5a9572ccf14,"Both steelmaking via an electric arc furnace and manufacturing of portland cement are energy-intensive and resource-exploiting processes, with great amounts of carbon dioxide (CO2) emission and alkaline solid waste generation. In fact, most CO2 capture and storage technologies are currently too expensive to be widely applied in industries. Moreover, proper stabilization prior to utilization of electric arc furnace slag are still challenging due to its high alkalinity, heavy metal leaching potentials and volume instability. Here we deploy an integrated approach to mineralizing flue gas CO2 using electric arc furnace slag while utilizing the reacted product as supplementary cementitious materials to establish a waste-to-resource supply chain toward a circular economy. We found that the flue gas CO2 was rapidly mineralized into calcite precipitates using electric arc furnace slag. The carbonated slag can be successfully utilized as green construction materials in blended cement mortar. By this modulus, the global CO2 reduction potential using iron and steel slags was estimated to be ~138 million tons per year.",143,Semantic Scholar,https://www.nature.com/articles/s41598-017-17648-9.pdf,385aa2b25d4a4c78338ce5ed810ab5a9572ccf14
A,超重力碳化固废,"""steel slag"" ""CO2 mineralization""",Remediation of stainless steel slag with MnO for CO2 mineralization,2019,Qing-jie Zhao; Chengjun Liu; Tian-Ci Gao; Lei Gao; H. Saxén; R. Zevenhoven,Chemical engineering research & design,10.1016/j.psep.2019.04.025,https://www.semanticscholar.org/paper/b91793f07973c155cdc180999ba20a64c91253ff,"Abstract Mineralization of CO2 using a Ca–rich metallurgical slag is known to be a promising approach to controlling CO2 emissions while converting slag by-products into valuable materials. However, untreated stainless steel slag (SSS) cannot straightforwardly be used for carbon capture and storage (CCS) or rather carbon capture and utilization (CCU) since there is a potential risk of toxic chromium release. For the dual goals of chromium immobilization and calcium recovery of SSS, four principal Ca–bearing phases of glass, dicalcium silicate, merwinite, and melilite were prepared and employed in order to investigate their decomposition behavior. Based on the experimental results, the morphology variations of the studied phases were revealed and the stability order was proposed as follow: glass > melilite > merwinite > dicalcium silicate. A MnO–based modification was conducted, and the effect of MnO content on the phase transformation and element distribution of SSS was investigated. Experimental results indicated that a proper increase of MnO content is beneficial for the calcium enrichment in target phases and chromium stabilization in a spinel phase. The structure and phases modification mechanism induced by added MnO is studied and reported in this work.",33,Semantic Scholar,https://research.abo.fi/files/25404634/Remediation%20of%20stainless%20steel%20slag%20with%20MnO%20for%20CO2%20mineralization.pdf,b91793f07973c155cdc180999ba20a64c91253ff
A,超重力碳化固废,"""steel slag"" ""CO2 mineralization""","Steam Efficiently Enhancing CO2 Direct Mineralization Steel Slag Towards Actual Production: Phase Evolution, Microstructure, and Mechanisms",2025,Xiaoqiang Wang; Changsheng Yue; Guanghua Lu; Xiangtao Huo; Guilan Yi; Haokun Li; Min Guo; Mei Zhang,Materials,10.3390/ma18204786,https://www.semanticscholar.org/paper/999bf2ce15ad6f1b3fe53636ca50509d7e3fd1c0,"About 120 million tons of steel slag are produced annually in China, making it one of the largest sources of industrial solid waste; however, its utilization rate remains only around 30%. The presence of f-CaO is the main factor in its widespread application. Currently, the carbonation of steel slag is mainly through indirect wet mineralization, which is difficult to implement on an industrial scale. Direct dry carbonation, on the other hand, consumes more energy due to its slow kinetics. In this study, steam coupled with CO2 was used to directly mineralize steel slag, a process fully compatible with existing iron and steel industry treatment processes. The required temperature can be achieved using the waste heat from hot steel slag, eliminating the need for additional heat supply. With 15% steam injection, the CaCO3 content increased to 12.02 g/100 g (52.8 kg CO2 t−1 slag utilization), representing a 16.7% improvement. After mineralization, the f-CaO decreased to 0.61%, with 91.73% of f-CaO in steel slag mineralized. The mineralization efficiency of f-CaO increased by 20.24%. This enhancement was attributed to steam entering the interior pores of steel slag, generating intermediate Ca(OH)2, causing steel slag particle breakage and fully exposing the previously enclosed f-CaO for complete carbonation. To further utilize flue gas, the effects of different CO2 concentrations on carbon fixation were investigated. At a concentration of 20% CO2, the carbon fixation reached 69.90% of that achieved at 100% CO2. This research not only addresses the stability issues of steel slag but also reduces CO2 emissions and effectively utilizes waste heat, making the process suitable for large-scale industrial application.",0,Semantic Scholar,unclear,999bf2ce15ad6f1b3fe53636ca50509d7e3fd1c0
A,超重力碳化固废,"""steel slag"" ""CO2 mineralization""",Research Progress on Chemical Pathways for CO2 Capture by Steel Slag Mineralization,2025,萌遥 孙,Metallurgical Engineering,10.12677/meng.2025.123019,https://www.semanticscholar.org/paper/6e6794331eb5924e56300973306dd3177a614fda,unclear,0,Semantic Scholar,unclear,6e6794331eb5924e56300973306dd3177a614fda
A,超重力碳化固废,"""steel slag"" ""CO2 mineralization""",CO2 Mineralization and Utilization using Steel Slag for Establishing a Waste-to-Resource Supply Chain,2017,S. Pan; Tai-Chun Chung; Chang-Ching Ho; Chin-Jen Hou; Yi-Hung Chen; P. Chiang,Scientific Reports,10.1038/s41598-017-17648-9,https://www.semanticscholar.org/paper/c4100fdda6d283f1af98b5b44132e3f7d00eb611,"Both steelmaking via an electric arc furnace and manufacturing of portland cement are energy-intensive and resource-exploiting processes, with great amounts of carbon dioxide (CO2) emission and alkaline solid waste generation. In fact, most CO2 capture and storage technologies are currently too expensive to be widely applied in industries. Moreover, proper stabilization prior to utilization of electric arc furnace slag are still challenging due to its high alkalinity, heavy metal leaching potentials and volume instability. Here we deploy an integrated approach to mineralizing flue gas CO2 using electric arc furnace slag while utilizing the reacted product as supplementary cementitious materials to establish a waste-to-resource supply chain toward a circular economy. We found that the flue gas CO2 was rapidly mineralized into calcite precipitates using electric arc furnace slag. The carbonated slag can be successfully utilized as green construction materials in blended cement mortar. By this modulus, the global CO2 reduction potential using iron and steel slags was estimated to be ~138 million tons per year.",9,Semantic Scholar,https://www.nature.com/articles/s41598-017-17648-9.pdf,c4100fdda6d283f1af98b5b44132e3f7d00eb611
A,超重力碳化固废,"""steel slag"" ""CO2 mineralization""",Synergistic gas–slag scheme to mitigate CO2 emissions from the steel industry,2025,Zichen Di; Yanxia Wang; Chenggong Chang; Huiping Song; Xi Lu; Fangqin Cheng,Nature Sustainability,10.1038/s41893-025-01572-2,https://www.semanticscholar.org/paper/058d811f3d64f7f5f05f6f78dbbe2cfdec60335f,unclear,50,Semantic Scholar,unclear,058d811f3d64f7f5f05f6f78dbbe2cfdec60335f
A,超重力碳化固废,"""steel slag"" ""CO2 mineralization""",Geochemical modeling of CO2 sequestration via weathering of steel slag: Reactive transport and mineralization dynamics,2026,E. Cosgun; J. Campbell; A. McBride; P. Wade; M. van der Spek; P. Renforth,Applied Geochemistry,10.1016/j.apgeochem.2026.106863,https://www.semanticscholar.org/paper/32f73931cccb5c49563116f286a55a536f48c56d,unclear,0,Semantic Scholar,unclear,32f73931cccb5c49563116f286a55a536f48c56d
A,超重力碳化固废,"""steel slag"" ""CO2 mineralization""",Carbonation of steel slag for mineral CO2 sequestration: a novel method for desorption of CO2-loaded monoethanolamine (MEA),2025,Ayşegül Bilen Özkan; M. Altay; Erdal Ünal; O. Gündüz,Environmental science and pollution research international,10.1007/s11356-025-37220-7,https://www.semanticscholar.org/paper/6a2d6ddf8fc03569109052596bf5b5ad239ee6ba,unclear,1,Semantic Scholar,unclear,6a2d6ddf8fc03569109052596bf5b5ad239ee6ba
A,超重力碳化固废,"""steel slag"" ""CO2 mineralization""",Study on Improving the Stability of Steel Slag Fine Aggregate by Boiling Pretreatment Combined with Microbial Mineralization,2025,Zhe Wang; Haihe Yi; Whenyu Du; Dachao Jiang; Yonghua Jiao; Hongyi Zhao; Tian Su,Coatings,10.3390/coatings15111358,https://www.semanticscholar.org/paper/b3171480f3709656c1a9fa3285abb2773ded4f43,"The volume stability of steel slag fine aggregate (SSFA) is poor due to the hydration expansion of f-CaO/f-MgO, which limits its resource utilization. In this paper, a green modification route combining simple boiling water pretreatment with carbonic anhydrase (CA) -mediated microbial mineralization (MICP) was proposed and evaluated from macro–micro multi-scale. Compared with direct carbonization, CA-MICP accelerated CO2 hydration and carbonate precipitation. Boiling water pretreatment enhanced ion release and pore accessibility, and the two synergistically improved the reaction kinetics. At 0.3 MPa, 100 h boiling pretreatment combined with 12 h microbial mineralization (K8 group) performed best: CO2 absorption rate reached 4.98%, carbonization rate reached 3.93%; the content of f-CaO and f-MgO decreased to 0.16% and 0.12% (conversion rate 91.82% and 87.43%), respectively. The linear expansion of SSFA mortar decreased to 0.0176% after 55 h of water bath. XRD/FTIR showed that the carbonate peak was enhanced and the O-H characteristics were weakened. The weight loss of TG-DTG at 600–800 °C increased. SEM/BET observed that flake/cluster carbonates filled the pores and increased the interface density. Innovations: For the first time, the synergistic effect of boiling water pretreatment and CA-MICP was verified in the steel slag fine aggregate system, and a feasible process window was given to efficiently convert expansive oxides into stable carbonates, significantly improve volume stability, and provide a feasible path for the high-value utilization of SSFA.",0,Semantic Scholar,unclear,b3171480f3709656c1a9fa3285abb2773ded4f43
A,超重力碳化固废,"""steel slag"" ""CO2 mineralization""",3D nanostructure of CO2‐mineralized steel slag,2024,Linshan Li; Tiefeng Chen; Ming Sun; Xiaojian Gao; Xingyang He; Guoqing Geng,Journal of The American Ceramic Society,10.1111/jace.20340,https://www.semanticscholar.org/paper/88841f004d5636d7ef25202e516e3b1b6b87c4c5,"Steel slag, a major industrial waste in China, possesses significant CO2 absorption potential. In this study, the CO2 sequestration of steel slag reached up to 15.6%; however, excessive mineralization resulted in reduced hydration activity. Compared to unmineralized slag, the 1‐day compressive strength decreased by 15.9%, and cumulative hydration heat over 72 h dropped by 8%. Using advanced visualization techniques such as scanning electron microscopy‐backscattered electron (SEM‐BSE), 3D X‐ray, and focused ion beam‐transmission electron microscopy (FIB‐TEM), the study reveals the microstructure of overmineralized steel slag, identifying a composition of a calcite outer layer, an amorphous SiO2 layer, a transition area, and an unmineralized core. The mineralization reaction affected 84.80% of the steel slag particles, with volume expansion causing dense regions to become porous, increasing porosity from 0% to 1.62%. This expansion also risks lattice distortion. During CO2 mineralization, a dense calcite layer forms, blocking the hydration of internal silicate gels and calcium silicate minerals, reducing the hydration activity of overmineralized slag. This study offers insights for optimizing CO2 mineralization techniques and applications for steel slag.",6,Semantic Scholar,unclear,88841f004d5636d7ef25202e516e3b1b6b87c4c5
A,超重力碳化固废,"""steel slag"" ""CO2 mineralization""",Coupling Mineralization and Product Characteristics of Steel Slag and Carbon Dioxide,2023,Linhao Zhao; Dongxu Wu; Wentao Hu; Jiajie Li; Zhengyang Zhang; Feihua Yang; Zhaojia Wang; Wen Ni,Minerals,10.3390/min13060795,https://www.semanticscholar.org/paper/0d7dd97e501e043bab4c00ab1aec80c788a32770,"Crude steel production in China exceeds 1 billion tons per year, and steel slag production accounts for 10%–15% of the crude steel mass. Although slag presents certain hydration activity, it is still difficult to be used as a building material because the particles contain a large amount of active calcium oxide and magnesium oxide, which are easy to hydrate and expand besides presenting low stability. The heap stock is increasing at a rate of 80 Mt/a because of the limitation of application scenarios. Moreover, every 1 ton of crude steel is associated with an emission of 1.8 tons of carbon dioxide (CO2), which becomes a greenhouse gas, because it cannot be reused at the moment. In this investigation, CO2 was used to cure steel slag particles, and the coupling mineralization reaction between them was used to convert active calcium oxide and magnesium oxide in steel slag into carbonate forms and, thus, allow the processing of steel slag particles into fine building aggregate. Two particle size ranges of 0.6–2.36 and 2.36–4.75 mm were selected as representative particle sizes. Mineralization was carried out under a temperature of 25 °C, relative humidity of 75%, a CO2 concentration of 20%, and a time of 24 h. The carbon fixation rate of steel slag was 9.68%. The quality of steel slag fine aggregate as a product met the GB/T 14684-2011 construction sand grade II standard. The application of this technology is expected to improve the stability of steel slag particles, the utilization rate as a building material, and the resource utilization level of CO2. It is expected to realize the full, high-value-added resource utilization of steel slag and CO2 absorption and solve the supply shortage problem of fine aggregate for construction in China, which has potential economic and environmental benefits.",24,Semantic Scholar,https://www.mdpi.com/2075-163X/13/6/795/pdf?version=1686542982,0d7dd97e501e043bab4c00ab1aec80c788a32770
A,超重力碳化固废,"""steel slag"" ""CO2 mineralization""",Performance and mechanisms of alkaline solid waste in CO2 mineralization and utilization.,2024,Yongpeng Zhang; Guoxiong Zhan; Zhoulan Huang; Lei Xing; Yimei Ying; Zhen Chen; Junhua Li,Waste Management,10.1016/j.wasman.2023.12.047,https://www.semanticscholar.org/paper/b9475e95d50ad7ef7cd675eb2b10b27fd1a0e220,"CO2 mineral sequestration using alkaline solid waste (ASW) is a promising strategy for synergistically reducing CO2 emissions and reusing industrial waste. However, improvement the carbonation degree still remains challenges due to the sluggish leaching rate of Ca/Mg ion at low pH. To the issues, this study proposed an amine-mediated CO2 absorption and mineralization process with six common ASWs, as well an ecological utilization route of CO2-ASW productions. Experimental results indicated that calcium carbide slag (CS) had greater CO2 mineralization capacity (86.2 g-CO2/kg-CS) than other ASWs, while stirring rate and particle size played a more important role during CO2 capture. Amine-mediated CO2 capture was verified to be more excellent with steel slag (SS) as mineral medium. When the MEA concentration was increased to 2 mol/L, the extraction efficiency of Ca2+ was increased by 35 %, leaded to the CO2 removal efficiency significantly promoted from 49 % to 92 %. The characterization of structural morphology referred spherical aragonite or needle-bar calcite was dominant for the porous mineralization products (30.6 m2/g). High germination index of pea seed (112.1 % at a dose of 10 g/L) inferred the negligible toxicological effects of tiny MEA residue over SS mineralization products, after centrifugally washing treatment. Pea seeds cultivated with mineralized products after centrifugal washing can achieve a growth rate of about 4 mm/d. Overall, this work provides a feasible route to apply the porous CO2-ASWs production into water conservation in arid and sandy land.",30,Semantic Scholar,unclear,b9475e95d50ad7ef7cd675eb2b10b27fd1a0e220
A,超重力碳化固废,"""steel slag"" ""CO2 mineralization""",Large Scale Valorization Of Steel Slag Combined With Membrane-Based Direct Air Capture For Carbon Mineralization: A Techno-economic Evaluation,2026,Vitor Gama; Kyle J. Shank; M. Morgan; Owen Gerdes; Savannah Sakhai; Fernando Lima; S. Zhai; Oishi Sanyal,RSC Sustainability,10.1039/d5su00924c,https://www.semanticscholar.org/paper/c16198fd7a53e4fb62c5683c4eb559c84716e831,"The removal of carbon dioxide (CO2) from the atmosphere and from hard-to-abate industrial processes such as those with inherent process emissions, including steel production remains a significant challenge for meeting...",0,Semantic Scholar,unclear,c16198fd7a53e4fb62c5683c4eb559c84716e831
A,超重力碳化固废,"""steel slag"" ""CO2 mineralization""",Technical and economic evaluation for two process alternatives of CO2 mineralization technology using electric arc furnace slag as raw material,2019,Martínez García; D. Edith,unclear,unclear,https://www.semanticscholar.org/paper/1704b5d2d9db61577a1efd448a5b0b5e8124ab15,unclear,0,Semantic Scholar,unclear,1704b5d2d9db61577a1efd448a5b0b5e8124ab15
A,超重力碳化固废,"""steel slag"" ""CO2 mineralization""",Effect of Solidification and Cooling Methods on the Efficacy of Slag as a Feedstock for CO2 Mineralization,2018,C. Myers; T. Nakagaki,unclear,10.2355/isijinternational.isijint-2017-478,https://www.semanticscholar.org/paper/74117fe82798ca5ead3ace015669071789e48106,"Iron and steel making (ISM) slag is often utilized to partially offset CO 2 emissions associated with metal production. Currently, the primary recycling method for slag is as β -Ca 2 SiO 4 utilized in the cement industry, termed ground granulated blast furnace slag (ggbs). However, the cement market is not large enough to exploit the entirety of ISM slag as ggbs, relegating a large quantity of slag to reuse pathways with minor impacts on CO 2 reduction. Recent years have seen an increase in research into mineralizing CO 2 using the Ca and Mg content of ISM slags as a feedstock. Unfortunately, it has not been widely recognized that the solidification and cooling processes of slag dramatically effects its efficacy as a CO 2 mineralizing feedstock via modification of mineralogy, crystallinity, grain size, and micromorphology. This paper clarifies the key properties determining mineralization effectiveness and elucidates how to control these properties during the solidification and cooling process. The effect of solidification and cooling method on net CO 2 reduction is shown to be strongly dependent on solidification and cooling method along with the CO 2 intensity of energy generation.",5,Semantic Scholar,https://www.jstage.jst.go.jp/article/isijinternational/58/2/58_ISIJINT-2017-478/_pdf,74117fe82798ca5ead3ace015669071789e48106
A,超重力碳化固废,"""steel slag"" ""CO2 mineralization""","A Review on the Carbonation of Steel Slag: Properties, Mechanism, and Application",2024,Shuping Wang; Mingda Wang; Fang Liu; Qiang Song; Yu Deng; Wenhao Ye; Jun Ni; Xinzhong Si; Chong Wang,Materials,10.3390/ma17092066,https://www.semanticscholar.org/paper/51494a9cc771117bbc07668bc7cf99ec6c0b3352,"Steel slag is a by-product of the steel industry and usually contains a high amount of f-CaO and f-MgO, which will result in serious soundness problems once used as a binding material and/or aggregates. To relieve this negative effect, carbonation treatment was believed to be one of the available and reliable methods. By carbonation treatment of steel slag, the phases of f-CaO and f-MgO can be effectively transformed into CaCO3 and MgCO3, respectively. This will not only reduce the expansive risk of steel slag to improve the utilization of steel slag further but also capture and store CO2 due to the mineralization process to reduce carbon emissions. In this study, based on the physical and chemical properties of steel slag, the carbonation mechanism, factors affecting the carbonation process, and the application of carbonated steel slag were reviewed. Eventually, the research challenge was also discussed.",60,Semantic Scholar,https://www.mdpi.com/1996-1944/17/9/2066/pdf?version=1714289573,51494a9cc771117bbc07668bc7cf99ec6c0b3352
A,超重力碳化固废,"""steel slag"" ""CO2 mineralization""",Carbon dioxide reduction through mineral carbonation by steel slag.,2024,Yongpeng Zhang; Yimei Ying; Lei Xing; Guoxiong Zhan; Yanli Deng; Zhen Chen; Junhua Li,Journal of Environmental Science,10.1016/j.jes.2024.06.016,https://www.semanticscholar.org/paper/309154d0aa84f384e05bab8dc25e132025571a15,"Carbon dioxide (CO2) mineralization technology has attracted significant attention, due to the synergistic terminal treatment of CO2 and industrial waste. The combined CO2 mineralization process with steel enterprises is a promising route to simultaneously address CO2 emissions and SS treatment. Recently, a serial of the relevant work focus on a single type of steel slag (SS), and the understanding of CO2 absorption by mineralization of various SS is very lacking. Meanwhile, it is urgent requirement for systematic summary and discussion on how to make full use of the mineralized products produced after the mineralization of CO2 in SS. This review aims to investigate the progress of CO2 mineralization using SS, including the potential applications of mineralization products, as well as the environmental impact and risk assessment of mineralization product applications. Currently, the application of SS mineralization products is primarily focused on their use as construction materials with low economic value. With usage of the mineralization products for ecological restoration (e.g. sandy soil remediation) was treated as an advanced route, but still remaining challenge in functional materials preparation, and its technical economy and possible hazards need to be further explored by long-term experimental tests.",38,Semantic Scholar,unclear,309154d0aa84f384e05bab8dc25e132025571a15
A,超重力碳化固废,"""steel slag"" ""CO2 mineralization""",Co-treatment of Waste From Steelmaking Processes: Steel Slag-Based Carbon Capture and Storage by Mineralization,2020,Qing-jie Zhao; Xinyi Chu; Xiaohui Mei; Qingzhang Meng; Jingyu Li; Chengjun Liu; H. Saxén; R. Zevenhoven,Frontiers in Chemistry,10.3389/fchem.2020.571504,https://www.semanticscholar.org/paper/23afbbcbde974d53ea9c5fd041007015b1680145,"The iron and steel industry is an energy-intensive sector, and large amounts of waste/ by-products are generated during the steelmaking process, such as CO2, metallurgical slag, and wastewater. Enhancing the development and deployment of treating waste from the steelmaking process will be environment friendly and resource-saving. Capturing CO2 by steel slag (SS) via mineralization is regarded to be an excellent choice due to the high basicity of the slag. In this paper, recent research on the steel slag-based carbon capture and storage (SS-CCS) by mineralization was summarized. Three routes of SS-CCS are compared including, direct gas-solid carbonation, direct aqueous carbonation, and indirect carbonation, respectively. Furthermore, the challenges and prospects for further development of the SS-CCS were discussed.",43,Semantic Scholar,https://www.frontiersin.org/articles/10.3389/fchem.2020.571504/pdf,23afbbcbde974d53ea9c5fd041007015b1680145
A,超重力碳化固废,"""steel slag"" ""CO2 mineralization""",The Mechanism of Calcium Leaching from Steel Slag Based on the “Water-Acetic Acid” Two-Step Leaching Route,2025,Kai Zhang; Qiong Cang; Lijie Peng; Yitong Wang; Shan Zhang; Hongyang Li; Shan Yu; Baoji Hu; Xin Yao; Peipei Du; Yajun Wang,Processes,10.3390/pr13124077,https://www.semanticscholar.org/paper/82f3d6175fda03aea12ac93c132c6e1e00d297d7,"Converter steel slag (BOFS) contains abundant reactive Ca-bearing minerals and represents a promising feedstock for indirect CO2 mineralization. However, conventional acid leaching suffers from excessive reagent consumption and low process sustainability. This study develops a “water–acetic acid” two-step leaching strategy aimed at reducing acid/alkali usage while enhancing calcium recovery. Thermodynamic calculations were performed to elucidate the hydrolysis behaviors of primary phases (f-CaO, C3S, and β-C2S) and the stability of secondary minerals in BOFS. The kinetic behavior and dissolution mechanisms of water-leached residues in acetic acid were further analyzed. Parametric experiments were conducted to evaluate the effects of the liquid-to-solid ratio (L/S), temperature, stirring rate, and acid concentration. Results show that the L/S is the dominant factor controlling Ca dissolution in both steps, while temperature exerts opposite effects: lower temperatures favor water leaching due to the exothermic nature of silicate hydrolysis, whereas higher temperatures enhance acid leaching. The proposed two-step route achieves a Ca recovery of 75.9%, representing a 7.6% improvement over direct acid leaching, while lowering acid consumption by ∼90%. This work provides mechanistic insight and process evidence supporting the efficient and sustainable utilization of BOFS for indirect CO2 mineralization.",0,Semantic Scholar,unclear,82f3d6175fda03aea12ac93c132c6e1e00d297d7
A,超重力碳化固废,"""steel slag"" ""CO2 mineralization""",不锈钢渣矿化固定CO2的实验研究 Experimental Study on CO2 Sequestration by Mineralization of Stainless Steel Slag,2018,M. Li; Xingyang Ning; Zicheng Wang; Hao Wu,unclear,10.12677/meng.2018.51002,https://www.semanticscholar.org/paper/f2d6e4d6958a94289c8d26da10e0d21ccbb7371b,unclear,0,Semantic Scholar,https://doi.org/10.12677/meng.2018.51002,f2d6e4d6958a94289c8d26da10e0d21ccbb7371b
A,超重力碳化固废,"""steel slag"" ""CO2 mineralization""",Effects of Multiple Factors on Carbon Sequestration Rate During Direct Gas–Solid Mineralization of Ladle Furnace Slag,2025,Zhiyuan Zhang; Weitong Du; Shaoyan Hu; Zhuo Chen; Deyong Wang; Wei Zhao; Wan-wu Ding; Guoli Wei; Qingde Zhu,Journal of Sustainable Metallurgy,10.1007/s40831-025-01278-x,https://www.semanticscholar.org/paper/543bcf0bb9241035fb70b97c88e1e202a9177995,unclear,0,Semantic Scholar,unclear,543bcf0bb9241035fb70b97c88e1e202a9177995
A,超重力碳化固废,"""steel slag"" ""CO2 mineralization""",Optimization of Operating Conditions to Improve the Performance of Brine Electrolyzer for Minerialization of Waste Cement and Steel Slag,2024,Kwang-Deog Jung; Jaewon Kim; Syed B.H. Rizvi; Ki Bong Lee; Heung Yong Ha,ECS Meeting Abstracts,10.1149/ma2024-02282181mtgabs,https://www.semanticscholar.org/paper/904bb9b386de65ee8ee452cf8813c309bf618a09,"The most important unit in mineralization to produce nano-CaCO3 from waste inorganic materials is the electrolyzer producing both HCl and NaOH at the applied potential less than 1.5 V, because both the extraction efficiency of Ca ions from waste concrete and steel slag using 0.5M HCl and the carbonation efficiency to produce CaCO3 are almost about 100% in the mineralization process [1,2]. The nano-CaCO3 can be produced through CO2 bubbling into Ca(OH)2 slurry, which is prepared from the purified fitrate solution using 1 M NaOH produced from the electrolyzer. The impurities such as Fe, Al and Mg are removed in the purification step. One of the drawbacks of the electrolysis of NaCl is that it is very difficult to improve reaction rate, because the applied potential for the electrolyzer should be less than 1.5V to achieve the objective of CO2 mitigation. Another one is to maximize the caustic efficiency. Unfortunately, both the applied potential and caustic efficiency have a trade-off relationship. This study aims to develop a way to improve the performance of electrolyzers by optimizing operating conditions. It has been found that the applied voltage and operating temperature among others can effectively enhance the reaction rate and caustic efficiency simultaneouly. Under the optimal conditions, the reaction rate is significantly enhanced more than 2 times and the caustic efficiency more than 1.5 times compared to those obtained under standard conditions. This is because the relative permeation rate of Na+ over H+ through a Nafion membrane is elevated by increasing temperature and applied voltage. Analytical work has been conducted to reveal the mechanism of performance improvement by investigating the permeation behaviors of the ions through the Nafion membrane. It is found that the permeation rate of an ion through membrane is interfered by the presence other ions. That is, the permeation of sodium ions is significantly hindered by protons, but this interference is dramatically overcome by raising temperature and applied voltage. A long-term test more than 1500 hours is also carried out to test the stability and feasibility of the electrolyzer. In this study, we have proven that the performance of brine electrolyzer could be successfully improved by optimizing the operating conditions such as temperature and applied voltage. References Lee J., Ryu K.H., Ha H.Y., Jung K.D., and Lee J.H., J. CO2 Utilization, 37 (2020) 113. Park K.H., Lee K.R., Jo H., Park J.W. Lee J.H., Jung K.D., CO2 Utilization, in revision.",1,Semantic Scholar,unclear,904bb9b386de65ee8ee452cf8813c309bf618a09
A,超重力碳化固废,"""steel slag"" ""CO2 mineralization""",An industrial demonstration study on CO2 mineralization curing for concrete,2022,Tao Wang; Zhenwei Yi; Jiayi Song; Chao Zhao; Ruonan Guo; Xiang Gao,iScience,10.1016/j.isci.2022.104261,https://www.semanticscholar.org/paper/a32dca227a477e8160afc035b3d4780ce05237b3,"Summary A 10,000 ton-CO2/y mineralization curing (CMC) process was demonstrated in Jiaozuo city, China by retrofitting a traditional autoclaved curing plant. An industrial concrete formula with synergistic effects of aggregate gradation, early hydration, and alkali excitation was developed using local solid wastes resources. Approximately 90% of the raw materials, including fly ash, furnace blaster slag, steel slag, and carbide slag, came from coal-based industries. An extraordinary phenomenon of high-temperature accumulation from room temperature to 140°C was first observed in an industrial scale because of the rapid and strong exothermic carbonation reaction. A step pressure-equalizing procedure was developed to achieve a rapid carbonation rate, a high CO2 conversion ratio of >98%, and efficient carbonation exotherm recycling. The global warming potential life cycle analysis revealed that compared with autoclaved curing, CMC showed significantly decreased the emission of 182 kg CO2-Eq/m3-product, with direct CO2 sequestration accounting for ∼65% of the reduction.",41,Semantic Scholar,https://www.cell.com/article/S2589004222005314/pdf,a32dca227a477e8160afc035b3d4780ce05237b3
A,超重力碳化固废,"""steel slag"" ""CO2 mineralization""",The Influence of Microbial Agent on the Mineralization Rate of Steel Slag,2018,Haihe Yi; C. Qian,Advances in Materials Science and Engineering,10.1155/2018/5048371,https://www.semanticscholar.org/paper/5e4b0b05087b114a7eafa3ea2b69eb40ca5d6e7b,"Bacteria-based mineralization is a new technique to use the steel slag. In this article, an experimental examination was performed to find out the steel slag advancement by the addition of the microbial agent that has the possibility to accelerate mineralization ability of bacteria. It is observed that, under natural and CO2 pressure curing conditions, the carbonation rate is significantly raised when microorganisms are added to the steel slag. The increased ratio of microorganisms leads to a better carbonation rate. The reaction products formed by bacteria mineralization were analyzed with the scanning electron microscope (SEM) and X-ray diffraction (XRD), and the amount of reaction products was examined by thermogravimetric analysis. The results show that the compressive strength and carbonation speed rose with the increase in microorganism content. Bacterial could accelerate the rate of carbon sequestration in the mineralization process. The compressive strength of steel slag with 1.5% bacterial could reach up to 51.5 MPa. The micron-sized and roughness mineralization product induced by microorganisms apparently resulted in a denser and compacted structure. The carbon depth increased by 50%, and the content of calcite increased by 3 times. These mineralization products would fill in the pore of steel slag cementitious materials and form the integrated and denser structure which produces more strength.",24,Semantic Scholar,https://doi.org/10.1155/2018/5048371,5e4b0b05087b114a7eafa3ea2b69eb40ca5d6e7b
A,超重力碳化固废,"""steel slag"" ""CO2 mineralization""","Environmental, economic and engineering performances of aqueous carbonated steel slag powders as alternative material in cement pastes: Influence of particle size.",2023,Xinduo Li; H. Mehdizadeh; T. Ling,Science of the Total Environment,10.1016/j.scitotenv.2023.166210,https://www.semanticscholar.org/paper/6313bfd2b5c0b7f5616b0f63c44fab4b1f395405,"The low reactivity and volume expansion issue of steel slag limits its application as alternative to cement. Studies demonstrated that aqueous carbonation (AC) can enhance the cementitious properties of finely sized steel slag as a cementitious supplementary material (SCM). However, the impact of particle size on the CO2 uptake capacity and its association of performance of carbonated steel slag remains unexplored. This study aims to optimize the grinding levels by examining the fineness of the steel slag used as SCM to reduce the high-energy consumption while maintaining the CO2 sequestration and properties of SCM. The results show that reducing the size of steel slag is favorable for CO2 sequestration (particle size 22.4-112.6 μm corresponds to sequestration of ~88.5-37.9 kg CO2/t steel slag) and improve the leaching of Mg ions for mineralization. The life cycle assessment shows that the global warming potential of AC of steel slag is ~96.2-24.9 kg CO2-eq/t steel slag, which can offset the carbon emissions due to further grinding. The 28-day compressive strength of the cement pastes blended with finer carbonated steel slag was also relatively higher due to the formation of mono-carboaluminates and stabilization of ettringite in facilitating the bond strength between the carbonated steel slag particle and the cement paste matrix. According to 3E (engineering, environmental and economic) triangle model, 22.4 μm steel slag powder showed the best comprehensive performance, including an increased revenue of 40.8 CNY/ton steel slag.",66,Semantic Scholar,unclear,6313bfd2b5c0b7f5616b0f63c44fab4b1f395405
A,超重力碳化固废,"""steel slag"" ""CO2 mineralization""",Emerging CO2-Mineralization Technologies for Co-Utilization of Industrial Solid Waste and Carbon Resources in China,2021,Jun Meng; Wenjie Liao; Guoquan Zhang,unclear,10.3390/min11030274,https://www.semanticscholar.org/paper/c6eb60c4bd1efde336c433bf3e3c6fdb28300df8,"CO2 mineralization (aka mineral carbonation) is a promising method for the chemical sequestration of CO2 via reaction with oxides of alkaline or alkaline-earth metals to form carbonates. It has documented advantages over similar technological solutions to climate change. The huge amount of industrial solid waste, as a serious environmental issue confronted by China, can provide additional alkalinity sources for CO2 mineralization. In this study, we present an overview of the latest advances in the emerging technologies of CO2-mineralization via industrial solid waste in China, from the perspective of both theoretical and practical considerations. We summarize the types of industrial solid waste that are used (mainly coal fly ash, steel slag, phosphogypsum, and blast furnace slag) and the technological options available in the literature, with an emphasis on the discussion of the involved process-intensification methods and valuable chemicals produced. Furthermore, we illustrate the current status of pertinent policies, and research and development activities in China. Finally, we identify the current knowledge gaps, particularly in understanding the overall sustainability performance of these CO2-mineralization technologies, and indicate that the technical, economic, and environmental challenges of promoting and commercializing these technologies for the co-utilization of industrial solid waste and carbon resources call for, amongst other things, more joint efforts by chemists, chemical engineers, and environmental scientists, and more feedback from the energy and industrial sectors.",44,Semantic Scholar,https://www.mdpi.com/2075-163X/11/3/274/pdf?version=1615205273,c6eb60c4bd1efde336c433bf3e3c6fdb28300df8
A,超重力碳化固废,"""steel slag"" ""CO2 mineralization""",Research on selective leaching of calcium from steel-making slag with NH4Cl as leaching solution,2024,Yuantao Xie; Xiaoxin Feng; Chenguang Hu; Ruiying Bai; Gang Liu; Qiuming Li; Xiufang Sun,Green Materials,10.1680/jgrma.24.00158,https://www.semanticscholar.org/paper/bda78a3e2a7417ae6604ed0d3f4de26163e0637e,"Utilizing calcium containing steel-making slag (SS) to mineralize and solidify CO2 is expected to achieve dual benefits of carbon reduction and solid waste utilization. The key factor affecting the carbon sequestration efficiency of indirect mineralization method is to achieve the efficient selective leaching of Ca from SS. In this paper, the effects of various factors on the Ca leaching process and the leaching mechanism were investigated. The orthogonal experiment results show that the concentration of NH4Cl solution and the solid-liquid ratio are the main controlling factors affecting the Ca leaching behavior. Under the optimized conditions of NH4Cl concentration of 2 mol·L−1, reaction time of 90 min, reaction temperature of 70°C, solid-liquid ratio of 1:35, and SS particle size less than 80 μm, the leaching rate of Ca reaches 55.9%. The phase changes during the leaching process of SS indicate that the main phases involved in the leaching reaction are tricalcium silicate (C3S) and dicalcium silicate (C2S). Besides, it is found that a small amount of monticellite (CaMgSiO4) and calcium-magnesium rhodonite (Ca3Mg(SiO4)2) are dissolved, while dicalcium ferrite (C2F) and RO phase are difficult to dissolve. It is proved that the NH4Cl solution exhibited better selective leaching ability for Ca in SS.",1,Semantic Scholar,unclear,bda78a3e2a7417ae6604ed0d3f4de26163e0637e
A,超重力碳化固废,"""steel slag"" ""CO2 mineralization""",Research progress of steel slag-based carbon sequestration,2022,Qing-jie Zhao; Chengjun Liu; Xiaohui Mei; H. Saxén; R. Zevenhoven,Fundamental Research,10.1016/j.fmre.2022.09.023,https://www.semanticscholar.org/paper/5b0c57f60313f78c13f46945d0fd0ce9ab0ac833,"Large amounts of steel slag (SS) and CO2 are produced globally each year during steel production. An SS-based carbon capture and utilization (SS-CCU) process for CO2 mineralization is suitable specifically for steel-making industries for simultaneous mitigation of CO2 emissions and valorization of wastes. However, the SS-CCU process is currently in the stage of laboratory research and far away from industrial application. In this review, some SS-CCU processes, including direct and indirect carbonation processes, were explored and summarized. Herein, the key factors and mechanisms of the SS-based CO2 sequestration process were identified. The carbonation process efficacy and its environmental impact (including global warming, energy use, water use, and metallic pollutants) were evaluated. Furthermore, the challenges and prospects of the further development of the SS-CCU process were discussed.",41,Semantic Scholar,https://doi.org/10.1016/j.fmre.2022.09.023,5b0c57f60313f78c13f46945d0fd0ce9ab0ac833
A,超重力碳化固废,"""steel slag"" ""CO2 mineralization""",Study on carbonation reactivity of silicates in steel slag accelerated by Bacillus mucilaginosus,2021,Xiao Zhang; C. Qian; Haihe Yi; Zhiyuan Ma,Construction and Building Materials,10.1016/j.conbuildmat.2021.123433,https://www.semanticscholar.org/paper/216d2b443d11fafca4b7e4678afc9c04b0ba3a11,"Abstract Using steel slag to fix CO2 to prepare building materials is beneficial to reducing carbon emissions and recycling industrial waste. A novel approach for accelerating CO2 fixation and improving the mechanical properties of steel slag-based materials was proposed based on using microorganisms. Silicates are the main mineral phases of steel slag. This paper focused on the effects of microorganisms on carbonated conversion rate, compressive strength, and products of β-C2S and C3S. The results showed that microorganisms could accelerate carbonation and improve the conversion of β-C2S and C3S. The conversion level of β-C2S and C3S were increased by 16% and 12%, respectively, the compressive strength increased by 48.13% and 32.13%. The mineralization and carbonation products of β-C2S and C3S were characterized by XRD, FTIR, TG-DTC, and MIP methods. The main products of mineralized β-C2S and C3S were CaCO3, and the main crystal types were calcite and vaterite. The amorphous phases were silica and C-S-H gel. Compared with carbonation products, mineralization products had higher calcium carbonate content, a larger proportion of calcite, higher decomposition temperature, smaller crystal grain size, and lower porosity of paste samples. Besides, the compressive strength of mineralized steel slag samples was significantly higher than that of carbonated samples, showing a good strength improvement effect.",31,Semantic Scholar,unclear,216d2b443d11fafca4b7e4678afc9c04b0ba3a11
A,超重力碳化固废,"""steel slag"" ""CO2 mineralization""",Evaluation of elemental leaching behavior and morphological changes of steel slag in both acidic and basic conditions for carbon sequestration potential,2021,Sujin Hong; A. Park; Youngjune Park,Korean Journal of Chemical Engineering,10.1007/s11814-021-0874-5,https://www.semanticscholar.org/paper/4e72d9a1e8b73d430e3e2c2cb1f1ed9c4522c0fc,unclear,18,Semantic Scholar,unclear,4e72d9a1e8b73d430e3e2c2cb1f1ed9c4522c0fc
A,超重力碳化固废,"""steel slag"" ""CO2 mineralization""",Research on integrated CO2 absorption-mineralization and regeneration of absorbent process,2021,Long Li; Weizao Liu; Zhifeng Qin; Guoquan Zhang; Hairong Yue; Bin Liang; Shengwei Tang; D. Luo,unclear,10.1016/j.energy.2021.120010,https://www.semanticscholar.org/paper/f59cb271f2fccbbdb0f92962a0ac264060b9e1c1,"Abstract The hot potassium-alkali method provides excellent performance for the absorption of CO2 from flue gas. However, the high energy consumption by absorbent regeneration poses a critical barrier to the widespread industrialization of the hot potassium-alkali method. In this study, an integrated CO2 absorption-mineralization and regeneration of absorbent (IAMR) process was proposed using K2CO3 solution as the absorbent and steel slag as the desorbent at normal temperature and pressure. This method greatly reduced the energy consumption and costs compared with the traditional thermal regeneration method. Under the optimal conditions, i.e. a K2CO3 concentration of 1.0 mol/L, reaction temperature of 60 °C and liquid-solid (K2CO3 solution-steel slag) ratio of 14 mL/g, the carbonation conversion of the steel slag reached 58.63% after 120min, corresponding to a CO2 storage capacity of 212 kg/t steel slag. The reaction process showed that the main component Ca2SiO4 in the steel slag had high solubility activity in K2CO3 solution which significantly enhanced the rate and efficiency of CO2 sequestration. Moreover, the performance stability of K2CO3 solution during CO2 absorption-desorption circulation was discussed. This research is of great significance for the simultaneous treatment of alkaline waste slags (steel slag, fly ash, etc.) and mitigation of greenhouse gases.",17,Semantic Scholar,unclear,f59cb271f2fccbbdb0f92962a0ac264060b9e1c1
A,超重力碳化固废,"""steel slag"" ""CO2 mineralization""",The Properties of the Microbial Carbon Sequestration Brick Made of Steel Slag-Slaked Lime Mixture,2016,Haihe Yi; C. Qian,unclear,unclear,https://www.semanticscholar.org/paper/750b83cb3587da8289011c0504131c1d7707e304,unclear,1,Semantic Scholar,unclear,750b83cb3587da8289011c0504131c1d7707e304
A,超重力碳化固废,"""steel slag"" ""CO2 mineralization""",Oxygen radical-mediated process for synergistic H2 production and CO2 capture from sludge gasification.,2026,Longgui Xie; Qihong Cen; Qianrong Zhang; Yuetao Luo; Binbin He; Wang Du; Xia Yin; Mingyi Sun; Quxiu Dai; Nanqi Ren; Liping Ma; Ping Ning,Bioresource Technology,10.1016/j.biortech.2026.134005,https://www.semanticscholar.org/paper/0a1d8eedd73790995b2c15465021f10e05e6b9c0,"To overcome the low-H2/high-CO2 challenge in converting municipal sludge to clean syngas, a novel Fe/Ca-based oxygen carrier (FCOC) was produced using waste steel slag by Ca modification. At 730 °C, FCOC-assisted sludge gasification increased H2 yield by 54.16 % and limited CO2 to below 20 vol%, as in situ carbonation created a low-CO2 atmosphere that thermodynamically favoured H2 formation. Multi-level oxygen species were established, where adsorbed oxygen (Oads) and bridge oxygen (Obridge) accelerated initial conversion and lattice oxygen (Olattice) maintained structural stability, while abundant •O2-/•O- radicals opened low-barrier pathways for organics conversion. These features defined a critical ""temperature switch"" at 730 °C. In the synergistic zone (≤ 730 °C), CO2 mineralization continuously drives hydrogen-forming reactions, whereas in the decoupling zone (> 730 °C), CaCO3 decomposition triggers H2-consuming reverse reactions. This work proposes a waste-derived oxygen-carrier strategy for hydrogen-rich syngas production and low-carbon valorization of municipal sludge and steel slag.",2,Semantic Scholar,unclear,0a1d8eedd73790995b2c15465021f10e05e6b9c0
A,超重力碳化固废,"""steel slag"" ""CO2 mineralization""",Quantifying CO2 Removal at Enhanced Weathering Sites: a Multiproxy Approach,2023,W. J. Knapp; E. Stevenson; P. Renforth; P. Ascough; A. Knight; Luke Bridgestock; M. Bickle; Yongjie Lin; A. Riley; William M. Mayes; E. Tipper,Environmental Science and Technology,10.1021/acs.est.3c03757,https://www.semanticscholar.org/paper/4ef58fe7b0af08c2b70e39d8e7e0db1ec5a66237,"Enhanced weathering is a carbon dioxide (CO2) mitigation strategy that promises large scale atmospheric CO2 removal. The main challenge associated with enhanced weathering is monitoring, reporting, and verifying (MRV) the amount of carbon removed as a result of enhanced weathering reactions. Here, we study a CO2 mineralization site in Consett, Co. Durham, UK, where steel slags have been weathered in a landscaped deposit for over 40 years. We provide new radiocarbon, δ13C, 87Sr/86Sr, and major element data in waters, calcite precipitates, and soils to quantify the rate of carbon removal. We demonstrate that measuring the radiocarbon activity of CaCO3 deposited in waters draining the slag deposit provides a robust constraint on the carbon source being sequestered (80% from the atmosphere, 2σ = 8%) and use downstream alkalinity measurements to determine the proportion of carbon exported to the ocean. The main phases dissolving in the slag are hydroxide minerals (e.g., portlandite) with minor contributions (<3%) from silicate minerals. We propose a novel method for quantifying carbon removal rates at enhanced weathering sites, which is a function of the radiocarbon-apportioned sources of carbon being sequestered, and the proportion of carbon being exported from the catchment to the oceans.",28,Semantic Scholar,https://pubs.acs.org/doi/pdf/10.1021/acs.est.3c03757,4ef58fe7b0af08c2b70e39d8e7e0db1ec5a66237
A,超重力碳化固废,"""steel slag"" ""CO2 mineralization""",Energy-efficient mineral carbonation of blast furnace slag with high value-added products,2018,Qiang Liu; Weizao Liu; Hu Jinpeng; Wang Lin; Jianqiu Gao; Bin Liang; Hairong Yue; Guoquan Zhang; D. Luo; Chun Li,Journal of Cleaner Production,10.1016/j.jclepro.2018.06.150,https://www.semanticscholar.org/paper/35361aff7fdafed61aa423e037229a221f16a9fb,"Abstract Large quantities of CO2 and blast furnace (BF) slag are discharged in the iron and steel industry. Mineral carbonation of blast furnace slag can offer substantial CO2 emission reduction and comprehensive utilization of the solid waste. An energy- and cost-efficient mineral carbonation technology combined with NH3 capturing CO2 and simultaneous power generation is presented in this article. In this process, blast furnace slag was leached with recyclable ammonium bisulphate (ABS) to extract Ca, Mg and Al. Gaseous ammonia, which is produced during ammonium sulphate (AS) roasting for ABS regeneration, was used to capture CO2 in flue gases using a CO2 mineralization cell (CMC) to simultaneously generate NH4HCO3 and electricity. The extracted CaSO4 and MgSO4 reacted with an NH4HCO3/NH3 solution to realize stable CO2 sequestration while the extracted Al was recovered in the form of aluminium ammonium sulphate, which is a high value-added product. The process parameters and efficiency of the leaching, mineralization and Al recovery were investigated in detail in the present study. The results showed that approximately 91% of Mg and 97% of Ca in the BF slag were converted into corresponding carbonates and 76% of aluminium was recovered in the form of NH4Al(SO4)212H2O with a purity of 99.6 wt.%. 3802 kg of blast furnace slag was required for sequestration of 1000 kg CO2. A preliminary energy analysis indicated that although the present process was somewhat energy intensive without a net reduction of CO2 emission, an improved process, which combined the NH3 capturing CO2 and simultaneous generating of electrical energy with a mixed ammonium sulphate (AS)+ blast furnace (BF) slag roasting instead of the separated ammonium sulphate roasting and ammonium bisulphate aqueous leaching of the blast furnace slag, was energy-efficient with a 567 kg net reduction of CO2 emission during the sequestration of 1000 kg of CO2. An economic analysis of the process demonstrated that the sales revenue of the primary products after deducting the cost of raw materials reached up to $427 for sequestration of 1000 kg of CO2.",80,Semantic Scholar,unclear,35361aff7fdafed61aa423e037229a221f16a9fb
A,超重力碳化固废,"""steel slag"" ""CO2 mineralization""",Reduction of CO2 Emissions from Steel Plants by Using Steelmaking Slags for Production of Marketable Calcium Carbonate,2009,S. Eloneva; Sebastian Teir; H. Revitzer; J. Salminen; A. Said; C. Fogelholm; R. Zevenhoven,unclear,10.2374/sri09sp028,https://www.semanticscholar.org/paper/ff6a6d5fe0e8d6f01f4dc25b80ebd9b0318f7ca7,unclear,95,Semantic Scholar,unclear,ff6a6d5fe0e8d6f01f4dc25b80ebd9b0318f7ca7
A,超重力碳化固废,"""steel slag"" ""CO2 mineralization""",Accelerated Carbonation of Ca- and Mg-Bearing Minerals and Industrial Wastes Using CO2,2015,G. Gadikota; A. Park,unclear,10.1016/b978-0-444-62746-9.00008-6,https://www.semanticscholar.org/paper/acb7b5951beb936d463d2266e7fd611ebd9174a0,unclear,50,Semantic Scholar,unclear,acb7b5951beb936d463d2266e7fd611ebd9174a0
A,超重力碳化固废,"""steel slag"" ""CO2 mineralization""",Low-Carbon Concrete Development Through Incorporation of Carbonated Recycled Aggregate and Carbon Dioxide During Concrete Batching and Curing,2026,H. Srivastava; S. Clark,Infrastructures,10.3390/infrastructures11010036,https://www.semanticscholar.org/paper/499f1a3495eaf4e68446be108fe2241811f65505,"The accelerated carbonation of fresh concrete and recycled aggregates is one of the safest methods of CO2 sequestration as it mineralizes CO2, preventing its escape into the atmosphere. CO2 injection during batching of concrete improves its strength and may partially replace Portland cement, as with supplementary cementitious materials (SCMs). The curing of concrete by incorporation of CO2 also accelerates early strength development, which may enable early stripping of formwork/moulds for precast and in situ construction. The carbonation process may also be used for the beneficiation of recycled aggregates sourced from demolition waste. The CO2 mineralization technique may also be used for producing low-carbon, carbon-neutral, or carbon-negative concrete constituents via the carbonation of mineral feedstock, including industrial wastes like steel slag, mine tailings, or raw quarried minerals. This research paper analyses various available technologies for CO2 storage in concrete, CO2 curing and mixing of concrete, and CO2 injection for improving the properties of recycled aggregates. Carbon dioxide can be incorporated into concrete both through reaction with hydrating cement and through incorporation in recycled aggregates, giving a product of similar properties to concrete made from virgin materials. In this contribution we explore the various methodologies available to incorporate CO2 in both hydrating cement and recycled aggregates and develop a protocol for best practice. We find that the loss of concrete strength due to the incorporation of recycled aggregates can be mitigated by CO2 curing of the aggregates and the hydrating concrete, giving no negative strength consequences and sequestering around 30 kg of CO2 per cubic metre of concrete.",0,Semantic Scholar,unclear,499f1a3495eaf4e68446be108fe2241811f65505
D,CO2养护与碳化混凝土,"""carbonation curing"" cement mortar","Accelerated carbonation curing of biochar-cement mortar: Effects of biochar pyrolysis temperatures on carbon sequestration, mechanical properties and microstructure",2024,Yuyang Chen; Binggen Zhan; Binglin Guo; Cun Wang; Hongcen Li; Deyin Tian; Shuo Dai; Ping Ye; Huyong Qin; Peng Gao; Qijun Yu,Construction and Building Materials,10.1016/j.conbuildmat.2024.138446,https://www.semanticscholar.org/paper/8bddf9a3e38f3b11fdbb1b8a812960f0de9affdd,unclear,41,Semantic Scholar,unclear,8bddf9a3e38f3b11fdbb1b8a812960f0de9affdd
D,CO2养护与碳化混凝土,"""carbonation curing"" cement mortar",Enhancing carbon sequestration in cement mortar using high volume local rice husk biochar coupled with carbonation curing,2024,P. F. Gunn; C. C. Onn; Kim Hung Mo; Hwei Voon Lee,Case Studies in Construction Materials,10.1016/j.cscm.2024.e03591,https://www.semanticscholar.org/paper/9cc7daa2dc472ade66faf8fb7839b247084e7e75,unclear,21,Semantic Scholar,https://doi.org/10.1016/j.cscm.2024.e03591,9cc7daa2dc472ade66faf8fb7839b247084e7e75
D,CO2养护与碳化混凝土,"""carbonation curing"" cement mortar",Coupling evaluation of carbon emissions and strength: Early carbonation curing of cement mortar containing incinerated sewage sludge ash (ISSA),2024,Yinxue Li; Xiaolu Guo,Construction and Building Materials,10.1016/j.conbuildmat.2024.136278,https://www.semanticscholar.org/paper/ea702d244c81e6af1d41871a5bcbe9606dc7243b,unclear,18,Semantic Scholar,unclear,ea702d244c81e6af1d41871a5bcbe9606dc7243b
D,CO2养护与碳化混凝土,"""carbonation curing"" cement mortar",Enhancing early strength of cement mortar using MSWI fly ash under accelerated carbonation curing,2026,Minseok Nam; Yunsu Lee; J. Han; Dongkyu Lee; S. Jung; Myung-Sun Baek; Dongcheon Park; K. Wi,Case Studies in Construction Materials,10.1016/j.cscm.2026.e05779,https://www.semanticscholar.org/paper/e1305caeddd55831e771b3e9c5efb27271fbd04d,unclear,0,Semantic Scholar,unclear,e1305caeddd55831e771b3e9c5efb27271fbd04d
D,CO2养护与碳化混凝土,"""carbonation curing"" cement mortar",Effect of carbonation curing on durability of cement mortar incorporating carbonated fly ash subjected to Freeze-Thaw and sulfate attack,2022,Anshuang Su; Tiefeng Chen; Xiaojian Gao; Qiyan Li; L. Qin,Construction and Building Materials,10.1016/j.conbuildmat.2022.127920,https://www.semanticscholar.org/paper/e70b74afe1c56201e59814da04528a294811df52,unclear,58,Semantic Scholar,unclear,e70b74afe1c56201e59814da04528a294811df52
D,CO2养护与碳化混凝土,"""carbonation curing"" cement mortar",Effects of the Curing Conditions on the Carbonation Curing Efficiency of Ordinary Portland Cement and a Belite-Rich Cement Mortar,2021,Hyeju Kim; J. Pei; S. Siddique; J. Jang,unclear,10.3390/su13095175,https://www.semanticscholar.org/paper/6d4634e1ce41a9b6766bf4350cce9183b6f4617e,"In the present study, the efficiency of five different carbonation and/or water curing conditions on the properties of belite-rich cement mortar and ordinary Portland cement mortar was investigated. The hybrid curing of samples was carried out by submerging samples at different levels in water or in a lime-saturated solution kept under carbonation curing conditions. The compressive strength was measured to compare the physical properties of the cement mortars, and X-ray diffraction and thermogravimetric analysis results were analyzed to compare the physicochemical properties. The results revealed that the supply of additional moisture during carbonation curing tends to decrease carbonation curing efficiency and that the hydration products of cement paste are predominantly affected by the depth at which the specimen was immersed in the liquid rather than the type of liquid used.",29,Semantic Scholar,https://www.mdpi.com/2071-1050/13/9/5175/pdf?version=1620568987,6d4634e1ce41a9b6766bf4350cce9183b6f4617e
D,CO2养护与碳化混凝土,"""carbonation curing"" cement mortar",Effect of carbonation curing on the mechanical properties of belite-rich cement mortar exposed to elevated temperatures,2022,Hyeju Kim; S. Siddique; J. Jang,Journal of Building Engineering,10.1016/j.jobe.2022.104453,https://www.semanticscholar.org/paper/4cb77d80147549fa1e7aa4484c3439074776fc3c,unclear,36,Semantic Scholar,unclear,4cb77d80147549fa1e7aa4484c3439074776fc3c
D,CO2养护与碳化混凝土,"""carbonation curing"" cement mortar","Microstructural evolution of belite-rich cement mortar subjected to water, carbonation, and hybrid curing regime",2023,Raju Sharma; Junjie Pei; J. Jang,Cement & Concrete Composites,10.1016/j.cemconcomp.2023.105028,https://www.semanticscholar.org/paper/f7b29f61e5014b7e7fca19d1f0dff2db8451a1fa,unclear,39,Semantic Scholar,unclear,f7b29f61e5014b7e7fca19d1f0dff2db8451a1fa
D,CO2养护与碳化混凝土,"""carbonation curing"" cement mortar",Accelerated Curing of Cement Mortar: In-Situ Carbonation Utilising Co2-Impregnated Faujasite,2023,W. Luo; Bo Li; Mengxia Xu; Chengheng Pang; E. Lester; K. Kow,Social Science Research Network,10.2139/ssrn.4188712,https://www.semanticscholar.org/paper/a7543b92038b894db0b9a5528160035d9d3cd511,unclear,10,Semantic Scholar,unclear,a7543b92038b894db0b9a5528160035d9d3cd511
D,CO2养护与碳化混凝土,"""carbonation curing"" cement mortar",Investigation of the Carbonation Behavior of Cement Mortar Containing Interior Stone Sludge and Recycled Mask Fibers,2025,Junhyeok Choi; Seongjin Cho; Dongkyu Lee; G. Kim; Beomjoo Yang; Daeik Jang,Materials,10.3390/ma18225218,https://www.semanticscholar.org/paper/b4d9def12fd810906124395afee2e094d631bb7d,"Highlights What are the main findings? This study explores the use of interior stone sludge and recycled mask fibers in cement mortars. The proposed approach aims to improve sustainability and reduce environmental impact. What is the implication of the main finding? Sludge acts as a fine filler that increases matrix compactness. Mask fibers lower thermal conductivity and help mitigate cracking. Abstract This study examines the carbonation and mechanical behavior of cement mortar incorporating artificial interior stone (AIS) sludge and recycled mask fibers (RMFs). Sludge, derived from AIS waste, replaced 30 wt.% of fine aggregate, while RMF from polypropylene masks was added at 0–1 wt.% of cement. Specimens were cured under normal and carbonation conditions (10% CO2, 25 °C, 60% RH) for 7 and 28 days. Carbonation curing improved compressive and flexural strengths by up to 28% and 88%, respectively, and enhanced microstructural densification. Although the incorporation of AIS sludge reduced compressive strength due to its inert and irregular particle characteristics, it effectively refined the pore structure and decreased overall porosity. The inclusion of RMF at moderate contents (0.25–0.5 wt.%) improved crack resistance and lowered thermal conductivity, demonstrating a favorable balance between strength and thermal performance. TGA/DTG results confirmed increased CaCO3 formation and greater CO2 uptake. After exposure to 500 °C, carbonation-cured mortars retained higher residual strength, indicating superior thermal stability.",0,Semantic Scholar,unclear,b4d9def12fd810906124395afee2e094d631bb7d
D,CO2养护与碳化混凝土,"""carbonation curing"" cement mortar",Setting evaluation of cement mortar using nondestructive methods under different curing conditions: temperatures and relative humidities,2023,Yubin Jun; Y. Bae; H. Yim,Materials Structure,10.1617/s11527-023-02138-4,https://www.semanticscholar.org/paper/4507c1bfc95e9502373c3a20538ffba96d6eb8aa,unclear,10,Semantic Scholar,unclear,4507c1bfc95e9502373c3a20538ffba96d6eb8aa
D,CO2养护与碳化混凝土,"""carbonation curing"" cement mortar",Comparison of Water Curing and Carbonation Curing on Mortar Mix Incorporating Cement Kiln Dust,2018,D. Sharma; S. Goyal,unclear,unclear,https://www.semanticscholar.org/paper/91dfb75e8f14daa837d437cb72d0da09dc4add1b,unclear,0,Semantic Scholar,unclear,91dfb75e8f14daa837d437cb72d0da09dc4add1b
D,CO2养护与碳化混凝土,"""carbonation curing"" cement mortar",Carbonation curing of cement mortars incorporating carbonated fly ash for performance improvement and CO2 sequestration,2021,Tiefeng Chen; Mengjie Bai; Xiaojian Gao,unclear,10.1016/j.jcou.2021.101633,https://www.semanticscholar.org/paper/646bf04f0d46b05c23559497cbe83cc9d566f484,unclear,135,Semantic Scholar,unclear,646bf04f0d46b05c23559497cbe83cc9d566f484
D,CO2养护与碳化混凝土,"""carbonation curing"" cement mortar",Effect of curing regime on the immobilization of municipal solid waste incineration fly ash in sustainable cement mortar.,2022,Baoju Liu; Lei Yang; Jinyan Shi; Shipeng Zhang; Çağlar Yalçınkaya; A. Alshalif,Environmental Pollution,10.1016/j.envpol.2022.120839,https://www.semanticscholar.org/paper/603c96e068cf1dbdb4352b824b751edf01d10aa7,"Stabilizing/solidificating municipal solid waste incineration fly ash (MIFA) with cement is a common strategy, and it is critical to study the high-value utilization of MIFA in ordinary Portland cement (OPC) components. With this aim, binary-binding-system mortar was produced by partially replacing OPC (∼50%) with MIFA, and the effects of different curing regimes (steam curing and carbonation curing) on the properties of the cement mortar were studied. The results showed that the setting time of the cement paste was shorten with the increase of MIFA content, and steam curing accelerated the hardening of the mixture. Although the incorporation of MIFA reduced the strength of the mortar, compared to conventional curing method, steam curing and carbonation curing increased the 3-d strength of the mortar. For high-volume MIFA mortars, the CO2-cured samples had the highest long-term strength and lowest permeability. The incorporation of MIFA increased the initial porosity of the mortar, thereby significantly increasing the carbonation degree and crystallinity of the reaction product - CaCO3. Steam curing also further narrowed the difference in the hydration degree between MIFA-modified sample and plain paste, which may be due to the enhanced hydraulic reactivity of MIFA at high temperatures. Although the incorporation of MIFA increased the porosity of the mortar, this waste-derived SCM refined the bulk pore structure and decreased the interconnected porosity. Additionally, the heavy metal leaching contents of MIFA-modified mortars were all below 1%, which meet the requirements of Chinese standards. Compared with standard curing, steam curing and carbonation curing made the early-age and long-term performance of MIFA-modified mortar better, which can promote the efficient application of MIFA in OPC products.",38,Semantic Scholar,unclear,603c96e068cf1dbdb4352b824b751edf01d10aa7
D,CO2养护与碳化混凝土,"""carbonation curing"" cement mortar",Strength and durability improvements of biochar-blended mortar or paste using accelerated carbonation curing,2021,Xu Yang; Xiao-Yong Wang,Journal of CO2 Utilization,10.1016/j.jcou.2021.101766,https://www.semanticscholar.org/paper/96d663013575715200adf1bc1d0fdae996ccae3b,"Abstract The carbonation curing method is widely used to produce low-CO2 cement-based materials. This study presents experimental studies on plain, 2 %, and 5 % biochar-blended mortar or paste with accelerated carbonation curing (ACC) and normal curing. Tests on the degree of carbonation, strength, ultrasonic pulse velocity (UPV), electrical resistivity, chloride diffusion, X-ray diffraction (XRD), Fourier transform infrared spectroscopy (FTIR), and thermogravimetric analysis (TGA) were performed. The results are summarized as follows: 1) Biochar-blended mortars had a higher degree of carbonation than that of plain specimens. After 28 days, the strength of the ACC specimens was approximately 1.3 times that of the sealed curing group. 2) As aging increased, the compensation effect of ACC on the quality of mortar became prominent. For ACC specimens, the strength was an exponential function of the UPV. 3) Compared with the sealed specimens, the electrical resistivity of ACC increased more obviously with an increase in the biochar replacement ratio, and the ACC specimens had much lower chloride diffusion coefficients. 4) XRD analysis revealed that the ACC specimens had no calcium hydroxide or ettringite. FTIR revealed for ACC specimens, the peak of calcium silicate hydrate shifted to approximately 1034 cm−1 and weakened. 5) A new calculation method was proposed to exclude the weight loss of the biochar ignition in the TGA. TGA revealed that for ACC specimens, as the biochar content increased, the content of calcium carbonate increased. Carbonation curing of biochar-blended mortar or paste is a feasible method for carbon sequestration.",75,Semantic Scholar,unclear,96d663013575715200adf1bc1d0fdae996ccae3b
D,CO2养护与碳化混凝土,"""carbonation curing"" cement mortar",Characterization of Carbonation Curing Influence on Nonlinear Ultrasonic Response and Mechanical Performance of Mortar,2026,Shruti Singh; Hang Zeng; U. Amjad; Hee-Jeong Kim; T. Kundu,Materials,10.3390/ma19050874,https://www.semanticscholar.org/paper/0e381c5530944af0d8b35fff843647333001928e,"The cement industry is a major contributor to global CO2 emissions, creating a need for monitoring techniques that support carbon capture strategies while assessing material performance. This study investigates the accelerated carbonation curing of cement mortar using linear and nonlinear ultrasonic sensing methods, alongside mechanical and gravimetric measurements. Mortar specimens were carbonated for 1–28 days and evaluated using ultrasonic pulse velocity (UPV), the Sideband Peak Count Index (SPC-I) for nonlinear ultrasonic response, compressive strength testing, and mass-based CO2 uptake analysis. UPV showed sensitivity primarily to bulk material changes, with comparatively less distinction among the observed responses during carbonation curing. In contrast, the SPC-I captured distinct nonlinear responses associated with matrix evolution. Early-age carbonation (<7 days) produced increased nonlinearity, attributed to shrinkage-induced microcracking, whereas extended curing led to reduced SPC-I values, consistent with carbonation curing age. These trends exhibited an inverse correlation with compressive strength, which increased by up to 38.9% on the 28th day compared to the control specimens. Gravimetric analysis confirmed effective CO2 sequestration, with average specimen mass gains reaching 2.62%. The findings demonstrate that nonlinear ultrasonic sensing provides a sensitive, nondestructive approach for monitoring carbonation curing and linking acoustic signatures to mechanical performance and carbon uptake in cement-based materials.",0,Semantic Scholar,unclear,0e381c5530944af0d8b35fff843647333001928e
D,CO2养护与碳化混凝土,"""carbonation curing"" cement mortar",Porous Mortars Incorporating Active Biochar from Olive Stone Waste and Recycled Masonry Aggregate: Effects of Accelerated Carbonation Curing,2025,Antonio Manuel Merino-Lechuga; Ágata González-Caro; Álvaro Caballero; José Ramón Jiménez; José María Fernández-Rodrígez; David Suescum-Morales,Materials,10.3390/ma18040904,https://www.semanticscholar.org/paper/88ab2e122b901e7b21c873ff05a4773e3fc07f28,"This study investigated the use of activated biochar derived from olive stone waste and recycled masonry aggregates in porous mortar mixtures and assessed their behaviour under accelerated carbonation curing conditions. Three mortar mixtures were produced, incorporating 0%, 5%, and 10% activated biochar by volume. The physical, chemical, and mechanical properties of the mortars were analysed, including the compressive strength, flexural strength, water absorption, porosity, and CO2 capture capacity. Additionally, calorimetry tests were performed on cement pastes with 0%, 0.5%, 1%, 3%, 15%, and 20% activated biochar to evaluate their impact on setting times and ensure compatibility between activated biochar and cement. The results showed that the addition of biochar improved mechanical properties, particularly under accelerated carbonation curing, whereas active biochar (AcB) significantly enhanced the compressive and flexural strengths. Furthermore, biochar incorporation boosted CO2 capture efficiency, with the 10% biochar mix showing up to 147% higher CO2 uptake, compared with a control. These findings suggest that activated biochar and recycled masonry aggregates can be effectively utilised to develop sustainable construction materials and thereby contribute to carbon sequestration and the reduction in environmental impacts. This research fills the gaps in the current knowledge on the use of activated biochar from olive stones waste in cement-base materials under accelerated carbonation conditions.",2,Semantic Scholar,https://doi.org/10.3390/ma18040904,88ab2e122b901e7b21c873ff05a4773e3fc07f28
D,CO2养护与碳化混凝土,"""carbonation curing"" cement mortar",Effect of carbonation curing regime on strength and microstructure of Portland cement paste,2019,Tiefeng Chen; Xiaojian Gao,unclear,10.1016/j.jcou.2019.05.034,https://www.semanticscholar.org/paper/7e5e83880e954f6c1fef96e4562fe63dbaa4e8be,"Abstract This study aims to investigate the effects of pre-curing and carbonation duration on compressive strength and microstructure characteristics of Portland cement paste. Experimental results showed that 30–40% water loss of cement paste is ideal for CO2 uptake. The combination of appropriate pre-curing and carbonation duration could increase compressive strength of cement mortar effectively, especially at early age. The optimal pre-curing duration decreases as the carbonation duration increases. Thermogravimetric analysis indicated that carbonation could retard hydration of cement paste and higher concentration of CO2 increases crystallinity of carbonate. According to MIP results, the influence of hydration and carbonation on pore structure of cement paste is different. Carbonation could decrease large capillary porosity obviously while hydration fills small capillary first. In addition, it is observed from EDS point analysis that excessive carbonation lead to decalcification of C-S-H. Therefore, suitable pre-curing and carbonation duration is of significance to improve the strength and microstructure of cement pastes.",313,Semantic Scholar,unclear,7e5e83880e954f6c1fef96e4562fe63dbaa4e8be
D,CO2养护与碳化混凝土,"""carbonation curing"" cement mortar",Effects of γ-C2S on the Properties of Ground Granulated Blast-Furnace Slag Mortar in Natural and Accelerated Carbonation Curing,2021,Duc Thanh Tran; Yunsu Lee; Han-seung Lee; Hyun-Min Yang; J. Singh,Sustainability,10.3390/su13010357,https://www.semanticscholar.org/paper/2fb65a69fd9bf305001d9992cdaae37b546c7249,"γ-Dicalcium silicate (γ-C2S) is known for its strong carbonation reactivity by which it can capture atmospheric carbon dioxide (CO2), thus, it can be used in construction industries. This paper aims to study the effects of γ-C2S on the properties of ground granulated blast-furnace slag (GGBFS) containing cement mortar and paste in natural and accelerated carbonation curing. The compressive strength of 5% γ-C2S (G5) added to GGBFS cement mortar is higher compared with the control one in natural carbonation (NC) and accelerated carbonation (AC) up to 14 days of curing, but once the curing duration is increased, there is no significant improvement with the compressive strength observed. The compressive strength of AC-cured mortar samples is higher than that of NC. The scanning electron microscopy (SEM) images show that the AC samples exhibited compact, uniform, and regular morphology with less in porosity than the NC samples. X-ray diffraction (XRD) and Fourier transform infra-red (FT-IR) results confirmed the formation of calcium carbonate (calcite: CC) as carbonated products in paste samples, which make the surface dense and a defect-free matrix result in the highest compressive strength. The decomposition of AC samples around 650–750 °C revealed the well-documented and stable crystalline CC peaks, as observed by thermogravimetry analysis (TGA). This study suggests that γ-C2S added to concrete can capture atmospheric CO2 (mostly generated from cement and metallurgy industries), and make the concrete dense and compact, resulting in improved compressive strength.",12,Semantic Scholar,https://www.mdpi.com/2071-1050/13/1/357/pdf?version=1609591118,2fb65a69fd9bf305001d9992cdaae37b546c7249
D,CO2养护与碳化混凝土,"""carbonation curing"" cement mortar",Influence of water re-curing on microstructure of heat-damaged cement mortar characterized by low-field NMR and MIP,2020,Shanbin Xue; F. Meng; Peng Zhang; J. Bao; Junjie Wang; Kaiyue Zhao,unclear,10.1016/j.conbuildmat.2020.120532,https://www.semanticscholar.org/paper/34e36e239602f5e07d1e39739197b828557fb8a9,"Abstract Water re-curing has been recognized as a potential method to recover the mechanical strength and durability of heat-damaged cement-based materials, which benefits from the improvement of its microstructure due to the rehydration and carbonation of dehydration products. In this contribution, the influence of water re-curing on the microstructure of heat-damaged cement mortar was evaluated by combining Mercury Intrusion Porosimetry (MIP) with low-field Nuclear Magnetic Resonance (LF-NMR). The heat-damaged cement mortar specimens were prepared through exposing to a series of ascending temperatures (105 °C, 200 °C, 400 °C, 600 °C, 800 °C). First, the influence of water re-curing on the porosity and pore size of the heat-damaged cement mortar was analysed with the results of MIP tests. Then, the microstructural evolution of the heat-damaged cement mortar was monitored by means of LF-NMR in the process of water re-curing. At last, a conversion of T2 spectra into pore size distribution (PSD) curves was performed. Causes for the difference in the PSD curves determined by LF-NMR and MIP were discussed. Results demonstrated that LF-NMR was a powerful tool to follow the microstructural evolution of heat-damaged mortar specimens during water re-curing. When combined with MIP tests, the LF-NMR technique can provide quantitative information with respect to the evolution of PSD in a nondestructive way. Capillary pores can be segmented into smaller pores due to the filling of products generated by the rehydration of dehydrated products. The microdamage was partially healed after 10.5 days of water re-curing. The original exposure temperature has a noteworthy impact on the recovery rate and level of the heat-damaged mortar during water re-curing.",77,Semantic Scholar,unclear,34e36e239602f5e07d1e39739197b828557fb8a9
D,CO2养护与碳化混凝土,"""carbonation curing"" cement mortar","Carbon Storage in Portland Cement Mortar: Influences of Hydration Stage, Carbonation Time and Aggregate Characteristics",2021,L. Abidoye; D. Das,Clean Technology,10.3390/cleantechnol3030034,https://www.semanticscholar.org/paper/90295fab6b837304023c7de8fd57b480c15519b7,"This study elucidates the effects of the particle size, carbonation time, curing time and pressure on the efficiency of carbon storage in Portland cement mortar. Using pressure chamber experiments, our findings show how carbonation efficiency increases with a decrease in the particle size. Approximately 6.4% and 8.2% (w/w) carbonations were achieved in the coarse-sand and fine-sand based mortar samples, respectively. For the hydration/curing time of 7 h, up to 12% carbonation was achieved. This reduced to 8.2% at 40 h curing period. On the pressure effect, for comparable curing conditions, 2 bar at 7 h carbonation time gives 1.4% yield, and 8.2% at 5 bar. Furthermore, analysing the effect of the carbonation time, under comparable conditions, shows that 4 h of carbonation time gives up to 8.2% yield while 64 h of carbonation gives up to 18.5%. It can be reliably inferred that, under similar conditions, carbonation efficiency increases with lower-sized particles or higher-surface areas, increases with carbonation time and higher pressure but decreases with hydration/curing time. Microstructural analyses with X-ray diffraction (XRD) and scanning electron microscopy (SEM) further show the visual disappearance of calcium-silicate-hydrate (C-S-H) together with the inhibition of ettringite formation by the presence of CO2 and CaCO3 formation during carbonation.",5,Semantic Scholar,https://www.mdpi.com/2571-8797/3/3/34/pdf,90295fab6b837304023c7de8fd57b480c15519b7
D,CO2养护与碳化混凝土,"""carbonation curing"" cement mortar","Enhancing the Strength and Durability of Cement Mortar: Synergetic Effects of Shell Powder, Calcium Formate and Basalt Fibers",2025,Wei Shi; Zhongping Tang; Yiming Jin; Shixiang Yi; Lili Huang; Shuang Lu; Wenjing Sun,Buildings,10.3390/buildings16010098,https://www.semanticscholar.org/paper/bcca78b095b053aba4b059877aca14df82d5e711,"This study focuses on the core issue of sustainably utilizing shells to enhance the performance of cement mortar. The influence of shell powder on the slump flow, setting time, mechanical strengths, drying shrinkage rate and carbonation depth of cement mortar is investigated. The flexural and compressive strengths of cement mortar incorporating calcium formate after 12 h, 3-day and 28-day curing periods are examined. The effect of basalt fibers on the attenuation of cement mortar’s mechanical properties (flexural and compressive strengths) after NaCl freeze–thaw cycles is also studied. Scanning electron microscopy-energy dispersive spectroscopy (SEM-EDS) is employed to elucidate the underlying mechanisms. Results show that the slump flow, setting time and mechanical strengths have cubic function relationships with the shell powder’s mass ratio, while the drying shrinkage rate and carbonation depth follow quadratic function changes. Cement mortar with 15% shell powder by mass of the total binder materials demonstrates the highest slump flow and mechanical strengths. At this shell powder mass ratio, cement mortar shows the lowest drying shrinkage rate and carbonation depth. Calcium formate positively influences the 12-h mechanical strengths. After 3 days of curing, the mechanical strengths of cement mortar with 0.3% calcium formate are the highest. The calcium carbonate powder reduces the drying shrinkage rate of mortar and increases the content of Ca and C elements. The mass ratio of calcium formate exhibits a negative correlation with the cement mortar’s mechanical strengths after being cured for 28 days. The addition of basalt fibers enhances resistance to chloride salt freeze–thaw and dry-wet alternations erosion performance. These findings will provide a sustainable and effective strategy for utilizing agricultural by-products in concrete structures.",0,Semantic Scholar,unclear,bcca78b095b053aba4b059877aca14df82d5e711
D,CO2养护与碳化混凝土,"""carbonation curing"" cement mortar",Accelerated carbonation curing of cement mortars containing cement kiln dust: An effective way of CO2 sequestration and carbon footprint reduction,2018,D. Sharma; S. Goyal,Journal of Cleaner Production,10.1016/j.jclepro.2018.05.027,https://www.semanticscholar.org/paper/c45395150aefe1a07e87dfc2fc1b3ebe1657dbcc,"Abstract Accelerated Carbonation curing (ACC) is an innovative curing procedure for precast concrete units, which results in sequestration of the carbon dioxide gas and its conversion into stable products. The effect of carbonation curing on mortar mixes incorporating cement kiln dust (CKD) as partial replacement of cement has been investigated in the present study. Carbonation curing was carried out for 12 h, followed by either sealed bag curing or water spray curing for 3 days. The effect of carbonation curing was studied in terms of compressive strength, porosity and pH of the mix, along with SEM to study the resultant morphology. It was observed that ACC led to better early age strength and lower porosity as compared to water cured mortars with at least 20% increase in the strength for each mix. The later age strength decreased slightly by ACC due to water loss, but could be compensated by adopting subsequent water spray. The microstructure analysis showed presence of C-S-H gel and CaCO3 for the carbonated mortars, contributing to the additional strength and reduced porosity. Stoichiometric analysis of the control mix at 3 days of casting also confirmed that carbonation curing enhances the compressive strength and decreases porosity of the mix. It was observed that the finer particle size of CKD particles and presence of alkali in CKD further promotes the carbonation reaction, and hence led to large improvement in the properties of the resultant mix.",171,Semantic Scholar,unclear,c45395150aefe1a07e87dfc2fc1b3ebe1657dbcc
D,CO2养护与碳化混凝土,"""carbonation curing"" cement mortar",The Effects of Carbonation and Elevated Temperatures on the Properties of Magnesium-Based Mortar,2025,Neslişah Aytimur; S. Ulukaya; Abdullah Huzeyfe Akca,Applied Sciences,10.3390/app15179264,https://www.semanticscholar.org/paper/cf87f6256df8237830b76742035b63c34d5f26ce,"Reactive MgO cement can substitute Portland cement in constructions for numerous purposes. While hydration of MgO yields a low-strength material, incorporation of additives, CO2 and heat curing can improve strength development. This study highlights how curing conditions and additives affect reactive MgO cements under elevated temperatures, providing key insights for enhancing sustainable construction materials with lower carbon footprints. Therefore, mortar mixtures were carbonated in a CO2 incubator for 3–14 days utilizing reactive MgO cement as a binder. Sodium carbonate and sodium bicarbonate were separately incorporated into mixtures to investigate their influence on compressive strength and microstructure. Elevated temperatures were also tested on carbonated magnesium-based material. Carbon dioxide curing enhanced compressive strengths and the reference carbonated group reached 20.1 MPa at the 14th day of curing. Sodium carbonate reduced the hydration rate and compressive strength, while air-cured mortar with sodium carbonate solution had the lowest compressive strength. However, sodium bicarbonate increased the strength of air-cured specimens. The specimens heated to 50 °C demonstrated a 35% increase in compressive strength, while temperatures of 100 °C or above led to a decline in strength. Hydration of MgO produced brucite and carbonation formed dypingite in the specimens’ microstructure. Temperature rise led to the disintegration of dypingite and rthe reappearanceof MgO.",1,Semantic Scholar,unclear,cf87f6256df8237830b76742035b63c34d5f26ce
D,CO2养护与碳化混凝土,"""carbonation curing"" cement mortar",Performance of High-volume Carbide Lime Mortar Under Accelerated CO2 Curing Followed by Postconditioning Treatments,2025,Adrina Rosseira A. Talip; Nur Hafizah A. Khalid; A. R. Mohd Sam,Pertanika journal of science & technology,10.47836/pjst.33.2.07,https://www.semanticscholar.org/paper/1d36cbc5fd7cf3665bcaba1898c6822425a5b4ae,"This study explores the potential of using calcium hydroxide (Ca(OH)2) derived from Carbide Lime Waste (CLW) as a high-volume cement replacement (40%–70% by volume) in mortar. The mortar was subjected to accelerated carbon dioxide (CO2) curing to enhance carbonation capture while maintaining the desired strength, promoting more sustainable construction practices. The optimum high-volume mortar was further analysed to examine its long-term properties under various postconditioning treatments, including water, wet gunny, and air curing, in terms of calcium carbonate (CaCO3) formation and late-age strength. The physical properties, such as water absorption and mechanical properties, including compressive, flexural, and splitting tensile strengths, were evaluated. CO2 capture performance was assessed through carbonation depth testing, and microstructural analysis was performed using Thermogravimetric analysis (TGA) and X-ray diffraction (XRD). Results showed that CLW70 exhibited the best mix design, achieving 100% carbonation depth and 70% CaCO3 formation within 7 days of accelerated CO2 curing. Compressive strength increased from 2.62 MPa on day 1 to 17.01 MPa on day 7. XRD analysis indicated that air curing was the most effective postconditioning treatment, resulting in the highest CaCO3 peaks. Accelerated CO2 curing also reduced water absorption, and mechanical strength improved with curing age, demonstrating that the CaCO3 formed during the carbonation process densified the CLW mortar after 7 days of curing.",1,Semantic Scholar,unclear,1d36cbc5fd7cf3665bcaba1898c6822425a5b4ae
D,CO2养护与碳化混凝土,"""carbonation curing"" cement mortar",Optimising The Performance of Carbide Lime Waste Mortar: The Role of Temperature in Accelerated CO2 Curing,2025,Adrina Rosseira Abu Talip; N. H. Abd Khalid; A.R. Mohd.Sam; Nurdalina Syuhada Zulkifli,Civil and Environmental Engineering Reports,10.59440/ceer/200891,https://www.semanticscholar.org/paper/efef7da924fbb492d3a22280f6d025ac4071a80d,"This study examined the effects of elevated temperatures higher than ambient temperature on the physical, mechanical, and CO2 (carbon dioxide) capturing performance of Carbide Lime Waste (CLW) mortars with 20% cement replacement at early curing ages (1, 3 and 7 days). The CLW mortars cured under accelerated CO2 curing (CLW20acc) were compared with the control samples under ambient curing (CLW20). The temperatures were set at 30°C, 40°C and 60°C with fixed 20% CO2 concentration. Key assessments include density, compressive and flexural strengths, carbonation depth, and microstructural analyses using Thermogravimetric analysis (TGA). Results revealed that mortar densities decreased with increased temperature, but higher curing temperatures significantly enhanced the performance of CLW20acc mortars over control samples. At 60°C, carbonation depth reached 8.50%, 36.18%, and 86.25% after 1, 3, and 7 days, respectively, while compressive strength increased by 51.5% at day 7 compared to day 1. TGA results demonstrated progressive CaCO3 (calcium carbonate) precipitation from 26.6% on day 1 to 58.5% on day 7, indicating calcium silicate and portlandite conversion into carbonates. XRD study showed calcite as the main phase and vaterite to aragonite as curing temperature and age arose. Ambient curing reduced mechanical strength and carbonation performance in all control samples. These findings demonstrate that elevated temperatures expedite carbonation and enhance the mechanical properties of CLW mortars, validating the potential of accelerated CO2 curing as a sustainable strategy for optimising lime-based materials. This approach offers a dual benefit: reducing CO2 emissions while leveraging elevated CO2 levels to improve construction material performance.",0,Semantic Scholar,unclear,efef7da924fbb492d3a22280f6d025ac4071a80d
D,CO2养护与碳化混凝土,"""carbonation curing"" cement mortar",Microstructural densification and CO2 uptake promoted by the carbonation curing of belite-rich Portland cement,2016,J. Jang; H. Lee,unclear,10.1016/j.cemconres.2016.01.001,https://www.semanticscholar.org/paper/6da71e431472c4994d1a2f8e2299516e48bf25ac,unclear,349,Semantic Scholar,unclear,6da71e431472c4994d1a2f8e2299516e48bf25ac
D,CO2养护与碳化混凝土,"""carbonation curing"" cement mortar",Strength Development of Low Heat Cement Mortar by Carbonation Curing,1999,K. Koibuchi; M. Morioka; E. Sakai; M. Daimon,unclear,10.3151/crt1990.10.2_65,https://www.semanticscholar.org/paper/4493959c386903125977545e901371cdc08fdbfe,unclear,1,Semantic Scholar,https://doi.org/10.3151/crt1990.10.2_65,4493959c386903125977545e901371cdc08fdbfe
D,CO2养护与碳化混凝土,"""carbonation curing"" cement mortar",Internal curing effect of raw and carbonated recycled aggregate on the properties of high-strength slag-cement mortar,2018,S. Abate; Keum-Il Song; Jin-Kyu Song; B. Lee; Hyeong-Ki Kim,unclear,10.1016/j.conbuildmat.2018.01.035,https://www.semanticscholar.org/paper/ca3468cfb652292952203aeb9a79afb1c1aa542a,unclear,65,Semantic Scholar,unclear,ca3468cfb652292952203aeb9a79afb1c1aa542a
D,CO2养护与碳化混凝土,"""carbonation curing"" cement mortar",Improvement in Carbonation Resistance of Portland Cement Mortar Incorporating γ-Dicalcium Silicate,2019,Zhengxing Chen; Yunsu Lee; Hyeong-Kyu Cho; Hanseung Lee; Seungmin Lim,Advances in Materials Science and Engineering,10.1155/2019/9856734,https://www.semanticscholar.org/paper/f6cf7f3d28b8df42c6806ed81b4689fe8f973007,"In this study, γ-dicalcium silicate (γ-C2S) was incorporated into ordinary Portland cement (OPC) to sequester CO2 to enhance the carbonation resistance of cement-based composite materials. γ-C2S can react with CO2 rapidly to form vaterite and high dense SiO2 gel which could block the pores off and then inhibit further diffusion of CO2 into the system. Cement mortar specimens containing 0%, 5%, 10%, 20%, and 40% γ-C2S as cement replacement were prepared. After water curing for 28 days followed by curing in an environmental chamber for 28 days, the specimens were then exposed to an accelerated carbonation with 5% CO2 concentration for 28 days. The carbonation depth of the cement mortar with a low replacement rate (5% and 10%) was lower than that of the OPC mortar at all ages due to the sequestration of CO2 by γ-C2S. However, the cement mortar with a high replacement rate (20% and 40%) showed less carbonation resistance due to the dilution effect of γ-C2S replacement and increase in initial porosity caused by nonhydraulic characteristic of γ-C2S.",16,Semantic Scholar,https://downloads.hindawi.com/journals/amse/2019/9856734.pdf,f6cf7f3d28b8df42c6806ed81b4689fe8f973007
D,CO2养护与碳化混凝土,"""carbonation curing"" cement mortar",Synergistic effects of curing conditions and magnesium oxide addition on the physico-mechanical properties and firing resistivity of Portland cement mortar,2018,H. Abdel-Gawwad; S. A. A. El-Enein; Mohamed Heikal; Mohamed Heikal; S. El-Aleem; A. Amer; Ibrahim M. El-Kattan,unclear,10.1016/j.conbuildmat.2018.05.092,https://www.semanticscholar.org/paper/28c5b4ff38395b85013e7f8e85045b36efa8b626,unclear,24,Semantic Scholar,unclear,28c5b4ff38395b85013e7f8e85045b36efa8b626
D,CO2养护与碳化混凝土,"""carbonation curing"" cement mortar",Performance of Cementitious Materials Subjected to Low CO2 Concentration Accelerated Carbonation Curing and Further Hydration,2026,Jingyi Jiang; Xu Chen; Lei Li; Wenlong Yan; Meng Zhang; Zheng Gang; Q. Ma; Jingran He; Xiaodi Dai,Buildings,10.3390/buildings16010187,https://www.semanticscholar.org/paper/706f2cff36e8fa1a1127724af252fae4e6abf46b,"Excessive carbonation curing can impair later-age properties; therefore, determining an appropriate carbonation duration is critical for practical low-CO2 utilization. In this study, cement paste and mortar specimens were subjected to accelerated carbonation curing under a diluted CO2 atmosphere (3%) using a concentration-controlled scheme (2.5–3.0%), followed by standard hydration curing for up to 28 d. Carbonation durations of 500, 1000, 2000, and 6000 min were examined. The results show that an early carbonation duration of 1000 to 2000 min achieves an optimal balance between performance enhancement and subsequent hydration development. Compared with the reference specimens, compressive and flexural strengths, as well as durability-related indicators (including electrical flux and EIS parameters), are improved. In addition, the surface microstructure is refined, with a higher proportion of highly crystalline CaCO3 (>70%). In contrast, prolonged carbonation (>2000 min) induces unfavorable microstructural evolution during subsequent hydration, leading to reductions in mechanical performance and durability. These findings provide a practical duration-control strategy for accelerated carbonation curing using low-concentration CO2 streams (3–10%), which are typical of light-industry flue gases.",1,Semantic Scholar,unclear,706f2cff36e8fa1a1127724af252fae4e6abf46b
D,CO2养护与碳化混凝土,"""carbonation curing"" cement mortar",Investigating the synergistic effects of internal curing and pozzolanic activity in mortar utilizing clay-burnt brick fines,2024,Tarek Uddin Mohammed; Jamil Ahmed Joy; Chowdhury Zubayer Bin Zahid; Redwan Ul Islam,Heliyon,10.1016/j.heliyon.2024.e38739,https://www.semanticscholar.org/paper/cd7c50ed903bf55e4446326b6f6e52c3030439b9,"This study investigates the combined effect of internal curing and pozzolanic activity in mortar through the incorporation of clay-burnt brick fines (CBBF) as a partial substitute for sand. Simultaneously, the study explores the degree of pozzolanic reactivity by replacing a part of cement with finer clay-burnt brick fines (CBBP, particle size <75 μm). These materials are sourced from waste materials generated during brick-chip production. The 50 mm cubic mortar specimens were prepared by substituting a portion of fine aggregate with pre-wetted CBBF up to 20 % v/v and replacing cement with CBBP up to 27 % v/v. Two separate sand-to-cement ratios (S/C) of 1.2 and 1.6 were used in the mortar mixes. Samples underwent mechanical testing and were analyzed using ultrasonic pulse velocity (UPV) and accelerated carbonation tests. At a S/C of 1.6, increasing CBBF content in the mortar led to higher compressive strength. Conversely, for S/C = 1.2, the optimal replacement level was 4 % v/v of CBBF, beyond which compressive strength gradually decreased due to the porous nature of CBBF particles. Moreover, an 8 % CBBF replacement demonstrated maximum resistance to carbonation. SEM analysis revealed a denser matrix, indicating the effectiveness of CBBF in enhancing mechanical and durability properties.",6,Semantic Scholar,unclear,cd7c50ed903bf55e4446326b6f6e52c3030439b9
D,CO2养护与碳化混凝土,"""carbonation curing"" cement mortar",Longitudinal Deformation of Mortar Bars Containing Reactive MgO during Carbonation Curing and Sulfate Solution Immersion,2019,Runxiao Zhang; D. Panesar,Journal of materials in civil engineering,10.1061/(asce)mt.1943-5533.0002932,https://www.semanticscholar.org/paper/6daa820c3504b7f5a161fc84f53494e65383d882,"AbstractReactive magnesium oxide (r-MgO) as a replacement of portland cement (PC) not only brings potential to reduce the embodied carbon in construction materials, but also brings uncertainties in...",3,Semantic Scholar,unclear,6daa820c3504b7f5a161fc84f53494e65383d882
D,CO2养护与碳化混凝土,"""carbonation curing"" cement mortar",Effect of Carbon Dioxide Curing on Strength Development of Cement Mortar,2017,Ming-Gin Lee; W. Wang; Y. Huang; Yu-Min Su; Q. Jiang,unclear,10.4028/www.scientific.net/kem.748.323,https://www.semanticscholar.org/paper/2adcf95802f7eae3cea439780e20ec6d1701a7d8,unclear,7,Semantic Scholar,unclear,2adcf95802f7eae3cea439780e20ec6d1701a7d8
D,CO2养护与碳化混凝土,"""carbonation curing"" cement mortar",Portland Cement Mortar Carbonation Assessment by Using Blue Timol Indicator,2018,Esteban Estévez; M. Sanjuán; C. Argiz,unclear,10.31031/rdms.2018.05.000605,https://www.semanticscholar.org/paper/76dba6b50a75850f2a15806f045e922266d8fd0f,"This work investigated the performance of Portland cement mortars with regard to the carbonation resistance. Mortars were made with a Portland cement with 62,2% ground granulated blast-furnace slag and cured under water for one, two, three, seven, 14 and 20 days. Normally, testing for natural carbonation is made by using a phenolftalein indicator solution; however, in this study a blue timol indicator was chosen. Carbonation rate after one year of natural exposure increases with decreasing curing time under water. Also, it increases when ground granulated blast-furnace slag content in mortars increase.",0,Semantic Scholar,https://doi.org/10.31031/rdms.2018.05.000605,76dba6b50a75850f2a15806f045e922266d8fd0f
D,CO2养护与碳化混凝土,"""carbonation curing"" cement mortar",Properties and Environmental Impact of Cement Mortar Using Spodumene Mining Residue as Mineral Admixture,2026,Cheng Li; Xiaoying Li; Weiping Yan; Zhenhua Feng; Binbin Tang; Wei Zhang; P. Jiang,Materials,10.3390/ma19040729,https://www.semanticscholar.org/paper/d7bd6e286dd02882b633e7d67ed5999b2489f7dd,"The rapid development of the lithium battery industry resulted in a large accumulation of spodumene mining residue (SMR). This paper explored the feasibility of using SMR as mineral admixtures in cement mortar. The properties of cement mortar, including flexural strength, compressive strength, fluidity, hydration characteristics, and durability, were studied. The interaction mechanism between SMR and cement mortar had been explored using the Dinger–Funk model, isothermal calorimetry, X-Ray Diffraction (XRD), fourier Transform Infrared Spectroscopy (FTIR), and thermogravimetry (TG) methods. Additionally, the environmental impact of cement mortar was quantitatively evaluated by the life cycle assessment method. The results showed that, while the dosage of SMR was no more than 20 wt.% replaced cement, the flexural strength, compressive strength, and anti-carbonation and sulfate corrosion resistance properties of S2 and S3 cement mortar were similar to that of the blank group. After curing for 28 d, the compressive strength of S1, S2, and S3 were 44.2 MPa, 43.15 MPa, and 40.32 MPa, respectively. SMR powder could improve the workability and reduce the cumulative hydration heat of cement mortar, which confirmed its application potential in large-volume concrete projects. The appropriate content of SMR incorporation into cement mortar could improve the structure and properties of cement-based materials through particle filling, the induced nucleation effect, and the pozzolanic effect. In addition, the utilization of SMR reduced the environmental emissions and resource consumption of cement-based materials. Using 1 m3 cement mortar as an example, for every 10 wt.% increase in SMR powder replacing cement, the energy consumption, the emissions of CO2, CO, CxHy, NOx, SO2, dust, and resource consumption of cement mortar were decreased by approximately 342 MJ, 40 kg, 8.1 g, 5.55 g, 88.3 g, 5.24 g, 1.80 kg, and 74.3 kg, respectively. The research findings of this paper are expected to promote the resource utilization of SMR and reduce the carbon emissions of the building materials industry.",0,Semantic Scholar,unclear,d7bd6e286dd02882b633e7d67ed5999b2489f7dd
D,CO2养护与碳化混凝土,"""carbonation curing"" cement mortar",Effects of CO 2 sequestrated recycled brick powder on cement mortar properties,2026,Vaishnavi Chikine; Rakesh Siempu; Ilias Said,E3S Web of Conferences,10.1051/e3sconf/202670201018,https://www.semanticscholar.org/paper/cb4d55bab8ea1305920c465a6abf2257d1202447,"The increasing impact on environment due to the mining of river beds for the use of natural river sand as fine aggregate in mortar/concrete demands for sustainable methods. Hence, in this present study to reduce the use of natural river sand in mortar/concrete, a sustainable alternative method was investigated. This method involves the use of Recycled Brick Powder (RBP) as an alternative to river sand in cement mortar. In this present study, CO 2 sequestration method was employed on RBP and was used as a partial replacement to river sand in cement mortar. Recycled Brick Powder (RBP), which was obtained by crushing the construction demolition waste, was carbonated at various levels (0%, 10% and 20%) of CO 2 concentration in an accelerated carbonation chamber. This CO 2 sequestrated RBP was replaced at 0%, 25% and 50% by weight of that of natural river sand. Flow table test was conducted to determine the consistency of the cement mortar mixes. The compressive strength was determined at the ages of 1, 3, 7 and 28 days of curing. From the obtained results, it was observed that the increase of RBP percentage tends to reduce the consistency of cement mortar and the compressive strength. From the compressive strength test results, it was found that CO2 sequestration had positive effect on both the consistency and compressive strength of cement mortar containing RBP. An increase in compressive strength of about 4% was observed with carbonated RBP. This research confirms that CO2 sequestered RBP can be used as a low-carbon eco-friendly sustainable fine aggregate that helps in carbon reduction and preservation of natural resources.",0,Semantic Scholar,unclear,cb4d55bab8ea1305920c465a6abf2257d1202447
D,CO2养护与碳化混凝土,"""carbonation curing"" cement mortar","The influence of new and old mortar matrix, carbon curing, and water curing on the performance and damage evolution of CO2-injected model concrete",2026,Xingchang Cheng; Yuan Cao; Qiong Liu; Chang Sun; V. Tam; Amardeep Singh,Low-carbon Materials and Green Construction,10.1007/s44242-025-00097-3,https://www.semanticscholar.org/paper/4ce3036bd37b558707c82208ae817d81d08524c4,unclear,1,Semantic Scholar,unclear,4ce3036bd37b558707c82208ae817d81d08524c4
D,CO2养护与碳化混凝土,"""carbonation curing"" cement mortar",Enhancing mechanical properties and CO2 capture in mortar using calcium lime waste through dry pre-conditioning and accelerated CO2 curing,2026,A. R. A. Talip; Nur Hafizah A. Khalid; M. Nehdi; I. Faridmehr; A. M. Sam; Ghasan Fahim Huseien,Materials for Renewable and Sustainable Energy,10.1007/s40243-026-00356-8,https://www.semanticscholar.org/paper/1a67718d45b2ba72a91887d2b433a1d56e09693f,unclear,0,Semantic Scholar,unclear,1a67718d45b2ba72a91887d2b433a1d56e09693f
D,CO2养护与碳化混凝土,"""carbonation curing"" cement mortar",Early CO2 capturing mortar by incorporating a new potential carbide lime waste under controlled CO2 curing,2023,A. T. Adrina Rosseira; A. K. Nur Hafizah; M. Fadzil; M. M. P. Bazli Faliq; N. N. A. L. Khairul Irfan; O. Rohaya,Journal of Physics: Conference Series,10.1088/1742-6596/2521/1/012007,https://www.semanticscholar.org/paper/8eb237a357b27c75d87f71deb4fc6a1d58f84ef0,"Early-age cement paste or mortar can be enhanced by curing it in a CO2 chamber. The study was initiated with investigation on the optimum compressive strength by replacing cement to carbide lime with 0, 5, 10, 15 and 20% of Carbide Lime Waste (CLW) content. The desired CLW mortar at 28 normal curing age was selected and the similar mix proportion was again casted and the fresh CLW mortar was cured for 1,3 and 7 days under controlled CO2 curing. The CO2 concentration and temperature were fixed at 20% and 60% respectively. The compressive strength and depth of carbonation of CLW mortar was investigated. In addition, their microstructural properties under TGA test was analysed at the early curing ages by using cement pastes. It was found that the mortar containing 5% of CLW had the desired optimum compressive strength and UPV under water curing condition. Overall, the strength properties of control mortar and CLW mortar significantly enhanced at early strength gained by controlled CO2 curing as compared to the water curing technique. The used of 5% of CLW as the potential to substitute the cement portion has provide better understanding on CO2 sequestration in cement mortar. The microstructural result shows the CaCO3 precipitation in the CLW mortar was higher than the control mortar as CLW has Ca(OH)2 behaviour which effectively react with CO2 and formed stable CaCO3 precipitation in the mortar.",3,Semantic Scholar,https://iopscience.iop.org/article/10.1088/1742-6596/2521/1/012007/pdf,8eb237a357b27c75d87f71deb4fc6a1d58f84ef0
D,CO2养护与碳化混凝土,"""carbonation curing"" cement mortar",Study of stabilized phases in high alumina cement mortars part II effect of CaCO3 added to high alumina cement mortar subjected to elevated temperature curing and carbonation,1984,M. Perez; T. Vázquez; F. Triviño,unclear,10.1016/0008-8846(84)90073-5,https://www.semanticscholar.org/paper/d273aaed3c07ea3a17740c9357a751f71e78e08f,unclear,9,Semantic Scholar,unclear,d273aaed3c07ea3a17740c9357a751f71e78e08f
D,CO2养护与碳化混凝土,"""carbonation curing"" cement mortar",Effect of Curing Methods on Carbonation Depth of Rubberised Fibre Mortar,2015,M. Musa; Farah Nora A. Aziz; N. Nasir,unclear,10.4028/www.scientific.net/amm.802.124,https://www.semanticscholar.org/paper/bb20f5fe20fd736741628284926521a514776c5a,unclear,0,Semantic Scholar,unclear,bb20f5fe20fd736741628284926521a514776c5a
D,CO2养护与碳化混凝土,"""carbonation curing"" cement mortar",Effect of Curing Methods on Carbonation Depth of Rubberised Fibre Mortar,2015,Mukaddas Ahmad Musa; F. A. Abdul Aziz; N. A. Mohd. Nasir,unclear,10.4028/www.scientific.net/amm.802.124,https://www.semanticscholar.org/paper/5d46f03b76dec6784177a9851a1434b7014b8650,unclear,0,Semantic Scholar,unclear,5d46f03b76dec6784177a9851a1434b7014b8650
D,CO2养护与碳化混凝土,"""carbonation curing"" cement mortar",Setting Time and Carbonation Resistance of Alkali-Activated GGBS-Fly Ash Mortar,2022,Rania Khattab; O. Mohamed; E. Ahmed,2022 Advances in Science and Engineering Technology International Conferences (ASET),10.1109/aset53988.2022.9735023,https://www.semanticscholar.org/paper/42d7880a2dabc810b8478a7848427653e0b30b7f,"In this study, the setting time and carbonation resistance under normal laboratory conditions are evaluated for alkali-activated GGBS-fly ash blends. Three binder combinations including GGBS as sole binder, GGBS:fly ash ratio of 3:1, and GGBS:fly ash ratio of 3:1, were activated using sodium hydroxide and sodium silicates solutions with various solution alkalinities. Initial setting time (IST) of 100%GGBS mortar samples increased as the molarity of sodium hydroxide is increased from 10M to 16M, with the longest initial time being only 20.3 minutes. Mortars that use 75%GGBS + 25% fly ash exhibited a maximum IST of 31 minutes, very similar to typical ordinary Portland cement (OPC), as the 25% fly ash helped extend the IST. The longest IST for mortars using 50%GGBS + 50% fly ash was 45 minutes, offering ample time for placement of concrete. Under normal laboratory conditions, none of the samples exhibited in signs of carbonation after 90 days of curing.",3,Semantic Scholar,unclear,42d7880a2dabc810b8478a7848427653e0b30b7f
D,CO2养护与碳化混凝土,"""carbonation curing"" cement mortar",Supercritical CO2 Curing of Resource-Recycling Secondary Cement Products Containing Concrete Sludge Waste as Main Materials,2022,Min-Sung Kim; Sang-Rak Sim; D. Ryu,Materials,10.3390/ma15134581,https://www.semanticscholar.org/paper/cc44aa694ff3671909c53c82f9066f782e2af639,"This study aims to develop highly durable, mineral carbonation-based, resource-recycling, secondary cement products based on supercritical carbon dioxide (CO2) curing as part of carbon capture utilization technology that permanently fixes captured CO2. To investigate the basic characteristics of secondary cement products containing concrete sludge waste (CSW) as the main materials after supercritical CO2 curing, the compressive strengths of the paste and mortar (fabricated by using CSW as the main binder), ordinary Portland cement, blast furnace slag powder, and fly ash as admixtures were evaluated to derive the optimal mixture for secondary products. The carbonation curing method that can promote the surface densification (intensive CaCO3 formation) of the hardened body within a short period of time using supercritical CO2 curing was defined as “Lean Carbonation”. The optimal curing conditions were derived by evaluating the compressive strength and durability improvement effects of applying Lean Carbonation to secondary product specimens. As a result of the experiment, for specimens subjected to Lean Carbonation, compressive strength increased by up to 12%, and the carbonation penetration resistance also increased by more than 50%. The optimal conditions for Lean Carbonation used to improve compressive strength and durability were found to be 35 °C, 80 bar, and 1 min.",12,Semantic Scholar,https://www.mdpi.com/1996-1944/15/13/4581/pdf?version=1656656385,cc44aa694ff3671909c53c82f9066f782e2af639
D,CO2养护与碳化混凝土,"""carbonation curing"" cement mortar",An Experimental Study on Curing of Mortar Cubes by Carbon Dioxide,2022,Seema B S; Vijaya Kumar Y M; Yashaswini L; Natraj R L,Asian journal of applied science and technology,10.38177/ajast.2022.6204,https://www.semanticscholar.org/paper/ee7e2283c21aab0df2ad8482a8c31f99b8f505d0,"Carbon dioxide (CO2) is the predominant greenhouse gas resulting from human industrial Activities. A significant fraction of CO2 discharged into the atmosphere comes from Industry point sources. Cement production alone contributes approximately 5% of global CO2 emissions. This emitted carbon dioxide, however, can be partially recycled into mortar through early age curing to form thermodynamically stable calcium carbonates. The carbonation reaction between carbon dioxide and appropriate calcium Compounds results in permanent fixation of the carbon dioxide in a thermodynamically stable calcium carbonate. Carbon dioxide and water can be found in almost every environment and thus all concretes will be subjected to carbonation. The experimental study on water cured and CO2 specimens for compression strength were carried out. The results show that mortar cubes has achieved increasing value as comparing with water curing.",2,Semantic Scholar,https://doi.org/10.38177/ajast.2022.6204,ee7e2283c21aab0df2ad8482a8c31f99b8f505d0
D,CO2养护与碳化混凝土,"""carbonation curing"" cement mortar",Enhancement in behavioral properties of cement mortar cubes admixed with reduced graphene oxide,2020,S. Prabavathy; K. Jeyasubramanian; S. Prasanth; G. S. Hikku; R. Robert,unclear,10.1016/j.jobe.2019.101082,https://www.semanticscholar.org/paper/390bef667b04c038f6e6a0c418bf578ef37d4691,"Abstract In this paper, we detail the enhancement in most of the prominent characteristics of cement mortar cubes fabricated by admixing with reduced graphene oxide (rGO) as an additive to a standard mix design. After curing the fabricated cement mortar cubes for 28 days, 0.1% rGO impregnated cement mortar cubes (0.1% rGOCMC) display higher compressive strength of 36.23 MPa in contrast to all other specimens (0.05%, 0.15% and 0.2%). Besides compressive strength, tests for water absorption, ultrasonic pulse velocity, carbonation, fire resistance, and acid attack further validate the superior performance of 0.1% rGOCMC over control mortar cubes. From all the obtained results, it is clear that 0.1% rGOCMC has the best characteristics of cement mortar to protect embedded metal reinforcement from corrosion and can be used as an effective structural material in the building industry.",37,Semantic Scholar,unclear,390bef667b04c038f6e6a0c418bf578ef37d4691
D,CO2养护与碳化混凝土,"""carbonation curing"" cement mortar",Effect of pre-carbonation hydration on long-term hydration of carbonation-cured cement-based materials,2020,Duo Zhang; Xinhua Cai; B. Jaworska,unclear,10.1016/j.conbuildmat.2019.117122,https://www.semanticscholar.org/paper/bc5fd4ca013c9a25271051d053c07d195405c949,"Abstract In the context of CO2 storage in construction materials, early-age carbonation curing of cement-based materials has been extensively studied in recent decades. Here, the effect of cement chemical and mineralogical alterations caused by initial hydration before early-age carbonation (i.e., pre-carbonation hydration) on subsequent hydration and strength development after early-age carbonation (i.e., post-carbonation hydration) is studied as a new parameter for controlling the curing process. Cement pastes were examined immediately after early-age carbonation using thermogravimetric analysis (TGA) and at 28 d by means of TGA, X-ray diffraction and vapor sorption, and were further associated with mortar strength development. The efficiency of early-age carbonation was found to noticeably decrease by delaying CO2 exposure. The post-carbonation hydration, however, was enhanced under the same condition and formed higher 28-d strength and bound water content compared to the non-carbonated reference. The use of limestone cement emphasized this observation and tended to advance its occurrence at shorter pre-carbonation hydrations. It is inferred that carbonation introduced after the late deceleration period of cement hydration can potentially enable a nucleation seeding effect to promote long-term hydration. The findings of this study confirm the importance of controlling pre-carbonation hydration age as a critical parameter for synergistically optimizing CO2 sequestration and technical properties of CO2-embodied materials.",98,Semantic Scholar,unclear,bc5fd4ca013c9a25271051d053c07d195405c949
D,CO2养护与碳化混凝土,"""carbonation curing"" cement mortar",CO2 Curing Efficiency for Cement Paste and Mortars Produced by a Low Water-to-Cement Ratio,2020,S. Han; Yubin Jun; T. Shin; Jae Hong Kim,Materials,10.3390/ma13173883,https://www.semanticscholar.org/paper/955dec362707381a5ce3cf009956ef8e8c5e89d9,"Curing by CO2 is a way to utilize CO2 to reduce greenhouse gas emissions. Placing early-age cement paste in a CO2 chamber or pressure vessel accelerates its strength development. Cement carbonation is attributed to the quickened strength development, and CO2 uptake can be quantitatively evaluated by measuring CO2 gas pressure loss in the pressure vessel. A decrease in CO2 gas pressure is observed with all cement pastes and mortar samples regardless of the mix proportion and the casting method; one method involves compacting a low water-to-cement ratio mix, and the other method comprises a normal mix consolidated in a mold. The efficiency of the CO2 curing is superior when a 20% concentration of CO2 gas is supplied at a relative humidity of 75%. CO2 uptake in specimens with the same CO2 curing condition is different for each specimen size. As the specimen scale is larger, the depth of carbonation is smaller. Incorporating colloidal silica enhances the carbonation as well as the hydration of cement, which results in contributing to the increase in the 28-day strength.",40,Semantic Scholar,https://www.mdpi.com/1996-1944/13/17/3883/pdf?version=1599052247,955dec362707381a5ce3cf009956ef8e8c5e89d9
D,CO2养护与碳化混凝土,"""early age carbonation"" cement paste",Determination of pore structure evolution of cement paste under early-age carbonation by N2 isotherms,2025,Haitao Gu; Zhenghong Yang; Yawen Sun; Yaxin Tao; Yiyuan Zhang; Wei Jiang,Construction and Building Materials,10.1016/j.conbuildmat.2025.143226,https://www.semanticscholar.org/paper/f93c99f26bf914b4080879013e4705676a34d2b7,unclear,6,Semantic Scholar,unclear,f93c99f26bf914b4080879013e4705676a34d2b7
D,CO2养护与碳化混凝土,"""early age carbonation"" cement paste",Study on the Properties and Eco-Sustainability of Early-age Carbonation Cured Cement Paste with Recycled Concrete Slurry Waste Substitution,2024,Yunhong Cai; Min Liu; Miaoyuan Li; Jianghong Mao; Zixiao Wu; Zhaowei Cheng; Runzhu Shi; Shuming Du; Jun Ren,Case Studies in Construction Materials,10.1016/j.cscm.2024.e03862,https://www.semanticscholar.org/paper/329320e07a415f3ddf67747e2e0658f5b607495f,unclear,6,Semantic Scholar,unclear,329320e07a415f3ddf67747e2e0658f5b607495f
D,CO2养护与碳化混凝土,"""early age carbonation"" cement paste",Dimensional stability of cement paste and concrete subject to early-age carbonation curing,2022,Xia Xian; C. Logan; Y. Shao,Materials Structure,10.1617/s11527-022-01926-8,https://www.semanticscholar.org/paper/a571162379232d31780cf2ef1870aa7f9fbfd907,"Early-age carbonation curing of concrete is receiving more interest in terms of performance improvement and emission reduction. However, the volume change of cement-based products subject to carbonation curing may become a concern because of the potential carbonation shrinkage and its related shrinkage cracking. The purpose of this study was to investigate the dimensional stability of cement paste and concrete subject to the early-age carbonation curing. It was found that the carbonation curing introduced first an initial shrinkage due to water evaporation upon gas injection and then generated an expansion due to CO2 uptake and carbonate precipitation. As carbonation proceeded, the deformation was switched to a secondary shrinkage after expansion. The residual deformation due to carbonation curing was shrinkage in cement paste samples and expansion in concrete samples. This was because the relative expansion due to carbonate precipitation in paste was not large enough to compensate for the shrinkage caused by water loss. However, for concrete samples, the introduction of aggregates reduced the pore spaces in concrete, leading to an expansion owing to the limited precipitation. The results of carbon dioxide uptake, XRD, and SEM analysis confirmed that calcium carbonate formation played a critical role in the relative expansion. The study also showed that cement-based products were more resistant to weathering carbonation after the early-age carbonation curing. After 61-day weathering carbonation exposure, both paste and concrete samples exhibited carbonation shrinkage as a result of carbonation of hydration products. However, the magnitude of shrinkage was much smaller in carbonation curing than in weathering carbonation because of the short period of exposure. Both carbonations did not significantly affect the compressive strength of carbonated products. Carbonation curing likely makes concrete products more dimensionally stable in the long-term service.",34,Semantic Scholar,https://doi.org/10.1617/s11527-022-01926-8,a571162379232d31780cf2ef1870aa7f9fbfd907
D,CO2养护与碳化混凝土,"""early age carbonation"" cement paste",Correction: Dimensional stability of cement paste and concrete subject to early-age carbonation curing,2023,Xia Xian; C. Logan; Y. Shao,Materials Structure,10.1617/s11527-023-02130-y,https://www.semanticscholar.org/paper/39f1956a26454580be0d41fd659acc44e4993250,unclear,0,Semantic Scholar,https://link.springer.com/content/pdf/10.1617/s11527-023-02130-y.pdf,39f1956a26454580be0d41fd659acc44e4993250
D,CO2养护与碳化混凝土,"""early age carbonation"" cement paste",An insight of carbonation-hydration kinetics and microstructure characterization of cement paste under accelerated carbonation at early age,2022,Lingling Hu; Yongsheng Jia; Zhen Chen; Yingkang Yao; Jinshan Sun; Quanmin Xie; Huamei Yang,Cement & Concrete Composites,10.1016/j.cemconcomp.2022.104763,https://www.semanticscholar.org/paper/f97e9bc8cccc2ed0b53053fa53a9e6c3233a8faa,unclear,56,Semantic Scholar,unclear,f97e9bc8cccc2ed0b53053fa53a9e6c3233a8faa
D,CO2养护与碳化混凝土,"""early age carbonation"" cement paste",Mathematical modeling of accelerated carbonation curing of Portland cement paste at early age,2019,Tiefeng Chen; Xiaojian Gao; L. Qin,Cement and Concrete Research,10.1016/j.cemconres.2019.03.025,https://www.semanticscholar.org/paper/860c8345434cc86ea89503de301d9bed72641f28,"Abstract Accelerated carbonation curing is considered as a promising method to improve mechanical properties and durability of cement-based materials and it also provides a potential for reducing carbon emission. In this paper, a partial differential mathematical model was developed for the coupling behavior of cement hydration and carbonation reaction of both clinker minerals and hydration products when cement paste is exposed to an accelerated carbonation curing at early age. The numerical simulations show that tricalcium silicate is the major reactant for both hydration and carbonation of early age Portland cement paste. The modeling prediction of porosity, carbonation efficiency and pH value of cement paste was verified by measurement results from accelerated carbonation curing test. The prediction values behaved more close to the experimental results with the longer curing age. Dimensionless analysis was performed to figure out the effects of different carbonation mechanisms. Based on the relationship between Thiele modulus and carbonation efficiency, it was found that early age accelerated carbonation curing is a diffusion limiting process initially and then turns into a rate limiting process as the carbonation proceeds. It was also demonstrated that carbonation depth and rate of early age Portland cement paste are mainly controlled by contents of tricalcium silicate and calcium hydroxide while water to binder ratio is kept constant. Therefore, accelerated carbonation curing process of Portland cement paste can be theoretically predicted using this model and influences of mineral admixtures should be further investigated.",115,Semantic Scholar,unclear,860c8345434cc86ea89503de301d9bed72641f28
D,CO2养护与碳化混凝土,"""early age carbonation"" cement paste",Mechanical and Microstructural Characteristics of Calcium Sulfoaluminate Cement Exposed to Early-Age Carbonation Curing,2021,Weikang Wang; Xuanchun Wei; Xinhua Cai; H. Deng; Bokang Li,Materials,10.3390/ma14133515,https://www.semanticscholar.org/paper/642ebeb2c65c964540d30d3f0110d9f843ed3de5,"The early-age carbonation curing technique is an effective way to improve the performance of cement-based materials and reduce their carbon footprint. This work investigates the early mechanical properties and microstructure of calcium sulfoaluminate (CSA) cement specimens under early-age carbonation curing, considering five factors: briquetting pressure, water–binder (w/b) ratio, starting point of carbonation curing, carbonation curing time, and carbonation curing pressure. The carbonization process and performance enhancement mechanism of CSA cement are analyzed by mercury intrusion porosimetry (MIP), thermogravimetry and derivative thermogravimetry (TG-DTG) analysis, X-ray diffraction (XRD), and scanning electron microscope (SEM). The results show that early-age carbonation curing can accelerate the hardening speed of CSA cement paste, reduce the cumulative porosity of the cement paste, refine the pore diameter distribution, and make the pore diameter distribution more uniform, thus greatly improving the early compressive strength of the paste. The most favorable w/b ratio for the carbonization reaction of CSA cement paste is between 0.15 and 0.2; the most suitable carbonation curing starting time point is 4 h after initial hydration; the carbonation curing pressure should be between 3 and 4 bar; and the most appropriate time for carbonation curing is between 6 and 12 h.",30,Semantic Scholar,https://www.mdpi.com/1996-1944/14/13/3515/pdf?version=1624588556,642ebeb2c65c964540d30d3f0110d9f843ed3de5
D,CO2养护与碳化混凝土,"""early age carbonation"" cement paste",Enhanced Performance of Reclaimed Concrete Slurry Waste in Cement Paste: Effect of Early-age Carbonation Curing,unclear,Jun Ren; Min Liu,Proceedings of the C3 Symposium 2025,10.5703/1288284318001,https://www.semanticscholar.org/paper/d49041a06e8e1f153a6a0479b26836fff20ffadb,unclear,0,Semantic Scholar,unclear,d49041a06e8e1f153a6a0479b26836fff20ffadb
D,CO2养护与碳化混凝土,"""early age carbonation"" cement paste",Microstructure of cement paste subject to ambient pressure carbonation curing,2021,Xia Xian; Y. Shao,unclear,10.1016/j.conbuildmat.2021.123652,https://www.semanticscholar.org/paper/7fdf0970f1b233989fff429d9eff665f3f7114eb,"Abstract This study investigated the microstructure of ordinary Portland cement paste subject to early age ambient pressure carbonation curing in a flexible enclosure. The high-pressure carbonation at 5 bar and the normal hydration were used as references. Both ambient-pressure and high-pressure carbonation was carried out with pure gas (99.9% CO2) for 12 h. It was found that ambient pressure carbonation could achieve comparable carbon uptake and strength gain as high pressure at both early and late age. Nevertheless, ambient carbonation was more economic and practical for precast products of different sizes and shapes. In order to examine this mechanism, X-ray diffraction (XRD), thermogravimetric analysis (TGA), Fourier transform infrared spectroscopy (FTIR), 29Si nuclear magnetic resonance (NMR), scanning electron microscopy (SEM) and nitrogen adsorption/desorption (NAD) were adopted to characterize the microstructural development after early carbonation curing under both ambient pressure and high pressure. Ambient pressure carbonation reaction took place more on the surface than in the core due to the limited CO2 diffusion so that the surface layer was more densified. The NAD results showed that ambient pressure performed better than high pressure in terms of reducing the cumulative pore volume and refining the capillary pore size. Ambient pressure could produce well crystalline carbonates as high pressure as deduced by XRD, TGA, FTIR and SEM images. The generation of calcium carbonate and its intermingling effect with hydration products were the main reasons for the strength gain and microstructural development of paste after early carbonation. Besides, SEM images showed that ambient pressure tended to produce calcium carbonates along the surface of C-S-H filling pore structure. As subsequent hydration proceeded, the increase of well crystalline carbonates was seen more in ambient pressure carbonation than high pressure based on TGA. NMR revealed that ambient pressure could enhance the polymerization of silicon in C-S-H promoting the early strength gain and maintain high Ca/Si ratio.",93,Semantic Scholar,unclear,7fdf0970f1b233989fff429d9eff665f3f7114eb
D,CO2养护与碳化混凝土,"""early age carbonation"" cement paste",Flue gas carbonation curing of cement paste and concrete at ambient pressure,2021,Xia Xian; Duo Zhang; Y. Shao,unclear,10.1016/j.jclepro.2021.127943,https://www.semanticscholar.org/paper/9b144787ae07ede239a01e992df43b7bcfcaa61f,unclear,90,Semantic Scholar,unclear,9b144787ae07ede239a01e992df43b7bcfcaa61f
D,CO2养护与碳化混凝土,"""early age carbonation"" cement paste","Mix Design-Driven Control of Carbonation and Hydration in CO2-Mixed Cement Pastes: Effects of Water, Slag, and Surfactant",2025,Jingliang Xia; Chunjin Li; Haoyuan Ma; Qiang Ren,Buildings,10.3390/buildings15122116,https://www.semanticscholar.org/paper/b04a5b71e905a08e3ae43970d88cf577ad2b7372,"This study systematically investigates the influence of mix proportion on and the early-age properties and CO2 uptake of CO2-mixed cement paste, focusing on variations in the water-to-binder (w/b) ratio, slag content, and air-entraining agent (AEA) dosage. Mineralogical characteristics were analyzed using X-ray diffraction (XRD) and thermogravimetric analysis (TGA), while pore structures were assessed via nitrogen adsorption. CO2 uptake was quantified immediately after mixing. Results indicate that a low w/b ratio limits CO2 dissolution and transport, favors hydration over carbonation, and leads to a coarser pore structure. At moderate w/b ratios, excess free water facilitates concurrent carbonation and hydration; however, thinner water films ultimately hinder CaCO3 precipitation and C-S-H nucleation. Slag contents up to 30% slightly suppress early carbonation and hydration, while higher dosages significantly delay both reactions and increase capillary porosity. An increasing AEA dosage stabilizes CO2 bubbles, suppressing immediate CO2 dissolution and reducing the early formation of carbonation and hydration products; excessive AEAs promotes bubble coalescence and results in an interconnected pore network. An optimized mix design, moderate water content, slag below 30%, and limited AEA dosage enhance the synergy between carbonation and hydration, improving early pore refinement and reaction kinetics.",2,Semantic Scholar,unclear,b04a5b71e905a08e3ae43970d88cf577ad2b7372
D,CO2养护与碳化混凝土,"""early age carbonation"" cement paste",FORCED INTERNAL CARBONATION AND CURING IN LC3 BLENDS MADE WITH DIFFERENT CEMENT TYPES,2025,Arqam Azeem; Abbas Albu Shaqraa; S. Adekunle,Proceedings of International Structural Engineering and Construction,10.14455/isec.2025.12(1).cte-08,https://www.semanticscholar.org/paper/946f93d4234a760c368e93215db4258ec17e4b3e,"The construction industry significantly contributes to global carbon emissions, underscoring the need for sustainable strategies to mitigate its environmental impact. This study examines the two-fold effect of carbonic acid mixing and curing on four cement paste mixes: ordinary Portland cement (OPC), sulfate-resisting cement (SRC), limestone calcined clay cement (LC3) with OPC, and LC3 with SRC. Isothermal calorimetry showed no significant changes in hydration kinetics. Early compressive strength testing revealed comparable results when either carbonic acid mixing or curing was applied individually, with LC3 mixes exhibiting slightly higher later-age strengths than plain cement mixes in non-carbonated conditions. However, the two-fold approach, i.e., simultaneous mixing and curing with carbonic acid, led to a 12.9% to 30.6% reduction in the 28-day compressive strength compared to the mixes without carbonation. Contrary to expectations, X-ray diffraction (XRD) detected no significant CaCO3 formation, suggesting inconclusive carbonation effects. Despite some strength reduction with carbonic acid treatment, LC3 mixes demonstrated a denser microstructural matrix than plain cement mixes. Scanning electron microscopy (SEM) images further confirmed this density, indicating that LC3 w/ SRC mixes consistently maintained relative compressive strengths in cases of partial carbonation.",0,Semantic Scholar,unclear,946f93d4234a760c368e93215db4258ec17e4b3e
D,CO2养护与碳化混凝土,"""early age carbonation"" cement paste",Effect of carbonation curing regime on strength and microstructure of Portland cement paste,2019,Tiefeng Chen; Xiaojian Gao,unclear,10.1016/j.jcou.2019.05.034,https://www.semanticscholar.org/paper/7e5e83880e954f6c1fef96e4562fe63dbaa4e8be,"Abstract This study aims to investigate the effects of pre-curing and carbonation duration on compressive strength and microstructure characteristics of Portland cement paste. Experimental results showed that 30–40% water loss of cement paste is ideal for CO2 uptake. The combination of appropriate pre-curing and carbonation duration could increase compressive strength of cement mortar effectively, especially at early age. The optimal pre-curing duration decreases as the carbonation duration increases. Thermogravimetric analysis indicated that carbonation could retard hydration of cement paste and higher concentration of CO2 increases crystallinity of carbonate. According to MIP results, the influence of hydration and carbonation on pore structure of cement paste is different. Carbonation could decrease large capillary porosity obviously while hydration fills small capillary first. In addition, it is observed from EDS point analysis that excessive carbonation lead to decalcification of C-S-H. Therefore, suitable pre-curing and carbonation duration is of significance to improve the strength and microstructure of cement pastes.",313,Semantic Scholar,unclear,7e5e83880e954f6c1fef96e4562fe63dbaa4e8be
D,CO2养护与碳化混凝土,"""early age carbonation"" cement paste",Influence of Magnesium Oxide on Carbonation of Cement Paste Containing Limestone and Metakaolin,2022,Tao Jiang; Ying Jin,Sustainability,10.3390/su14095627,https://www.semanticscholar.org/paper/af95af8fb64fc147e0460449d33a27c9ff463311,"One of the major durability concerns for limestone calcined clay cement (LC3) concrete is its high susceptibility to atmospheric carbonation that could lead to an early onset of electrochemical corrosion of reinforcing steel in concrete structures. Aimed at designing innovative LC3 formulations with potentially enhanced carbonation resistance, this preliminary study investigates the influence of reactive magnesia (MgO) on the early-age strength development, hydrates assemblage, and atmospheric carbonation resistance of ternary ordinary Portland cement-metakaolin-limestone blends with a constant 45% ordinary Portland cement (OPC) replacement level. The results show that the MgO addition impedes the formation of AFm phases (hemicarbonate and monocarbonate), likely through interfering reactions between metakaolin and portlandite. The formed brucite due to MgO hydration can uptake atmospheric CO2 to some extent, but at a considerably slower rate, in comparison with other hydrates in LC3 including AFm, AFt, and portlandite. The enhancement of carbonation resistance of LC3 pastes is insignificant by MgO addition of less than 5%.",3,Semantic Scholar,https://www.mdpi.com/2071-1050/14/9/5627/pdf?version=1651920820,af95af8fb64fc147e0460449d33a27c9ff463311
D,CO2养护与碳化混凝土,"""early age carbonation"" cement paste",Characterization of carbonation-cured cement paste using X-ray photoelectron spectroscopy,2018,Rahil Khoshnazar; Y. Shao,unclear,10.1016/j.conbuildmat.2018.02.175,https://www.semanticscholar.org/paper/7ebf99ea3401f2389a52fb1d79b9c782c8cc9d1d,unclear,25,Semantic Scholar,unclear,7ebf99ea3401f2389a52fb1d79b9c782c8cc9d1d
D,CO2养护与碳化混凝土,"""early age carbonation"" cement paste",Studies on the microstructure of carbon dioxide sequestered cement paste,2023,Pranjal V. Chechani; A. Ramaswamy,"IABSE Congress, New Delhi 2023: Engineering for Sustainable Development",10.2749/newdelhi.2023.1357,https://www.semanticscholar.org/paper/f1817801e8cbfc3a3a58bb8c246b29d6287c8145,"The article presents the salient findings of research to investigate the effect of varying water-to- cement ratios on CO2 sequestration in cement paste. Paste prepared using Ordinary Portland cement and tap water has been carbonated using crushed dry ice added at 4% by weight of cement in the first method of carbonation and bubbling CO2 gas directly into the mixing vessel as the second method. To study the influence of early-age carbonation on physical properties, setting time and compressive strength tests have been performed on 50mm cube specimens. Thermogravimetric analysis (TGA}, X-ray Diffraction (XRD}, and pH measurements have all been used to examine changes in the composition of the hardened cement paste caused by the aforementioned processes. The chemical and morphological variations among non-carbonated and carbonated samples have been examined using Scanning Electron Microscopy (SEM}.",0,Semantic Scholar,unclear,f1817801e8cbfc3a3a58bb8c246b29d6287c8145
D,CO2养护与碳化混凝土,"""early age carbonation"" cement paste",Mitigation of Drying and Carbonation Shrinkage of Cement Paste using Magnesia,2018,H. Ye,Journal of advanced concrete technology,10.3151/jact.16.476,https://www.semanticscholar.org/paper/cba01fa3487b71006cc47124fc8a64ee6e7485cf,"In this work, the effect of magnesia (MgO) on the hydrated phase assemblage, microstructure, as well as drying and carbonation shrinkage of hardened Portland cement paste is studied. By means of X-ray diffraction, scanning electron microscopy (SEM/EDS), and thermodynamic simulation, it shows that MgO hydration does not substantially alter the phase assemblage and microstructure of hardened cement paste, except the formation of brucite. The 5% MgO addition reduces the drying shrinkage of cement by about half, which cannot be simply explained by the molar volumetric increase due to MgO to brucite conversion. The results suggest that besides generating early-age expansion offsetting subsequent drying shrinkage, the formed brucite at early stages can enhance the matrix stiffness probably due to crystal formation with reinforcing potentials. In addition, the MgO addition improves the carbonation resistance of hardened cement due to the formation of magnesium-containing calcium carbonates. However, the effectiveness of MgO in mitigating carbonation shrinkage depends on the drying and carbonation sequence.",11,Semantic Scholar,https://www.jstage.jst.go.jp/article/jact/16/9/16_476/_pdf,cba01fa3487b71006cc47124fc8a64ee6e7485cf
D,CO2养护与碳化混凝土,"""early age carbonation"" cement paste",Effect of early age carbonation on strength and pH of concrete,2007,Xiaolu Lin,unclear,unclear,https://www.semanticscholar.org/paper/48782c21e07810687d68d9d1d651b3bf9a3635a1,unclear,7,Semantic Scholar,unclear,48782c21e07810687d68d9d1d651b3bf9a3635a1
D,CO2养护与碳化混凝土,"""early age carbonation"" cement paste",Microstructure of cement paste subject to early carbonation curing,2012,Vahid Rostami; Y. Shao; A. Boyd; Zhen He,unclear,10.1016/j.cemconres.2011.09.010,https://www.semanticscholar.org/paper/1b70c1ac9bae01cd289cce323fe0bf455a2b0f42,"Abstract Microstructure of Ordinary Portland Cement paste subjected to early age carbonation curing was studied to examine the effect of early carbonation on performance of paste at different ages. The study was intended to understand the mechanism of concrete carbonation at early age through the microstructure development of its cement paste. Early carbonation was carried out after 18-hour initial controlled air curing. The microstructure characterized by XRD, TGA, 29 Si NMR and SEM was correlated to strength gain, CO 2 uptake and pH change. It was found that early carbonation could accelerate early strength while allowing subsequent hydration. The short term carbonation created a microstructure with more strength-contributing solids than conventional hydration. Calcium hydroxide was converted to calcium carbonates, and calcium–silicate–hydrate became intermingled with carbonates, generating an amorphous calcium–silicate–hydrocarbonate binding phase. Carbonation modified C–S–H retained its original gel structure. The re-hydration procedure applied after carbonation was essential in increasing late strength and durability.",583,Semantic Scholar,unclear,1b70c1ac9bae01cd289cce323fe0bf455a2b0f42
D,CO2养护与碳化混凝土,"""early age carbonation"" cement paste",Understanding the role of natural pozzolana in regulating the early hydration reaction process and microstructure of Portland cement,2024,Liyun Yi; Dan Yang; Juhong Chen,"Fullerenes, nanotubes, and carbon nanostructures",10.1080/1536383x.2024.2354761,https://www.semanticscholar.org/paper/52173cf702ab9f372f09af3705d0e2be953808b3,"Abstract The present study examines the regulatory role of natural pozzolana (NP) on the early-age hydration process and microstructural development of Portland cement. Through a series of experiments, including low-field nuclear magnetic resonance (NMR), X-ray diffraction (XRD), thermogravimetric (TG) analysis and scanning electron microscopy (SEM), it was found that NP significantly influences the hydration kinetics and chemical shrinkage of cement paste. The addition of NP was shown to reduce the early-age chemical shrinkage and refine the microstructure by decreasing the quantity of harmful pores and increasing harmless pores, as evidenced by the bimodal distribution observed in pore size distribution (PSD) analysis. XRD and TG results indicate that NP reacts with calcium hydroxide to form additional calcium silicate hydrate (C-S-H) gel, thus improving the interfacial transition zone and resistance to carbonation. SEM micrographs further confirm the improved microstructure with fewer microcracks. The findings suggest that NP can be effectively utilized to optimize the early-age performance of concrete, offering a sustainable approach to improving its durability and long-term structural integrity.",2,Semantic Scholar,unclear,52173cf702ab9f372f09af3705d0e2be953808b3
D,CO2养护与碳化混凝土,"""early age carbonation"" cement paste",Effects of carbonation on micro structures of hardened cement paste,2016,Junzhe Liu; Senyuan Yao; M. Ba; Z. He; Yushun Li,Journal of Wuhan University of Technology-Mater. Sci. Ed.,10.1007/s11595-016-1344-5,https://www.semanticscholar.org/paper/5dafd5361c0f0ed1136b0f6899e995da9783d547,unclear,19,Semantic Scholar,unclear,5dafd5361c0f0ed1136b0f6899e995da9783d547
D,CO2养护与碳化混凝土,"""early age carbonation"" cement paste",Effect of carbonated cement paste on composite cement hydration and performance,2020,M. Zając; J. Skocek; Paweł T. Durdziński; Frank Bullerjahn; J. Skibsted; Mohsen Ben Haha,unclear,10.1016/j.cemconres.2020.106090,https://www.semanticscholar.org/paper/6d7ad86a36f22fd0f1845874b06e90e8be6bbac3,"Abstract In this work carbonated cement paste from demolished concrete recycling has been investigated as an active SCM-like component of composite cement. Carbonation of hydrated cement paste results in formation of calcium carbonate and a silica-alumina gel. The gel is found to be a pozzolanic material with high reactivity. Its composition is similar to the glass phase of siliceous fly ash and hence its impact on the resulting hydrate assemblage is comparable. However, due to the high specific surface of the gel and its structure, the pozzolanic reaction is very rapid achieving degrees of reaction of 50% after one day of reaction. The formed calcium carbonate acts as a fine filler. As a result, composite cements containing carbonated recycled cement paste are characterized by a rapid strength gain and a dense microstructure already at early age.",228,Semantic Scholar,unclear,6d7ad86a36f22fd0f1845874b06e90e8be6bbac3
D,CO2养护与碳化混凝土,"""early age carbonation"" cement paste",CO2 Curing Efficiency for Cement Paste and Mortars Produced by a Low Water-to-Cement Ratio,2020,S. Han; Yubin Jun; T. Shin; Jae Hong Kim,Materials,10.3390/ma13173883,https://www.semanticscholar.org/paper/955dec362707381a5ce3cf009956ef8e8c5e89d9,"Curing by CO2 is a way to utilize CO2 to reduce greenhouse gas emissions. Placing early-age cement paste in a CO2 chamber or pressure vessel accelerates its strength development. Cement carbonation is attributed to the quickened strength development, and CO2 uptake can be quantitatively evaluated by measuring CO2 gas pressure loss in the pressure vessel. A decrease in CO2 gas pressure is observed with all cement pastes and mortar samples regardless of the mix proportion and the casting method; one method involves compacting a low water-to-cement ratio mix, and the other method comprises a normal mix consolidated in a mold. The efficiency of the CO2 curing is superior when a 20% concentration of CO2 gas is supplied at a relative humidity of 75%. CO2 uptake in specimens with the same CO2 curing condition is different for each specimen size. As the specimen scale is larger, the depth of carbonation is smaller. Incorporating colloidal silica enhances the carbonation as well as the hydration of cement, which results in contributing to the increase in the 28-day strength.",40,Semantic Scholar,https://www.mdpi.com/1996-1944/13/17/3883/pdf?version=1599052247,955dec362707381a5ce3cf009956ef8e8c5e89d9
D,CO2养护与碳化混凝土,"""early age carbonation"" cement paste",The effect of combined carbonation and steam curing on the microstructural evolution and mechanical properties of Portland cement concrete,2021,Seonhyeok Kim; T. AmrIssam; Fadhel Bandar; Rami A. Bamagain; A. Hunaidy; Solmoi Park; Joonho Seog; H. K. Lee,unclear,10.12989/acc.2021.11.5.367,https://www.semanticscholar.org/paper/3f269a7ed7fbf3fb3e6cb64a7b158f774cabaaf1,unclear,3,Semantic Scholar,unclear,3f269a7ed7fbf3fb3e6cb64a7b158f774cabaaf1
D,CO2养护与碳化混凝土,"""early age carbonation"" cement paste",Research on the Carbonation of Cement Paste Modified with Layered Double Hydroxides,2012,Liang Chen; X. Chen; Wei Chen,unclear,10.4028/www.scientific.net/amm.174-177.706,https://www.semanticscholar.org/paper/cfa1c975d9806384dab31ba402022e34b8b99e8e,unclear,5,Semantic Scholar,unclear,cfa1c975d9806384dab31ba402022e34b8b99e8e
D,CO2养护与碳化混凝土,"""early age carbonation"" cement paste",Study on the Sustainability of Carbon Emission Reduction in China’s Cement Industry,2025,Kui Zhao; Congling Bao; Bingxin Zhang,Sustainability,10.3390/su17146349,https://www.semanticscholar.org/paper/bc56190ec58a883186dd2a4a811ab1741ded3435,"Recycled concrete fines (RCFs) have the potential to serve as a supplementary cementitious material (SCM) after carbonation. Traditionally, carbonation of RCFs results in calcium carbonate primarily in the form of calcite, which significantly limits the development of RCFs as an SCM. In this research, a wet grinding carbonation (WGC) technique was introduced to enhance the reactivity of RCFs. The research indicates that RCFs after WGC exhibit a finer particle size and a larger specific surface area. The carbonation products include calcite with smaller grains, metastable calcium carbonate, and nanoscale silica gel and Al-Si gel. When RCF-WGC is used as an SCM in ordinary Portland cement (OPC), it significantly promotes the hydration of the cement paste, as evidenced by the advancement and increased intensity of the exothermic peaks of aluminates and silicates. RCF-WGC can significantly enhance the compressive strength of hydrated samples, particularly at early ages. Specifically, at a curing age of 1 day, the compressive strength of WGC5, WGC10, and WGC20 samples increased by 9.9%, 22.5%, and 7.7%, respectively, compared to the Ref sample (0% RCF-WGC). At a curing age of 3 days, the compressive strength of the WGC5, WGC10, and WGC20 samples showed even more significant improvements, increasing by 20.8%, 21.9%, and 11.8%, respectively. The performance enhancement of the WGC samples is attributed to the chemical reactions involving nanoscale silica gel, Al-Si gel, and calcium carbonate in the RCFs. When RCF-WGC is used as an SCM to replace 5%, 10%, and 20% of cement, it can reduce carbon emissions by 27.5 kg/t, 55 kg/t, and 110 kg/t, respectively. Large-scale application of RCFs as a high-value SCM can significantly reduce the life-cycle carbon emissions of the cement industry, contributing to the achievement of carbon peaking in China’s cement sector.",0,Semantic Scholar,unclear,bc56190ec58a883186dd2a4a811ab1741ded3435
D,CO2养护与碳化混凝土,"""early age carbonation"" cement paste",Performance of Cementitious Materials Subjected to Low CO2 Concentration Accelerated Carbonation Curing and Further Hydration,2026,Jingyi Jiang; Xu Chen; Lei Li; Wenlong Yan; Meng Zhang; Zheng Gang; Q. Ma; Jingran He; Xiaodi Dai,Buildings,10.3390/buildings16010187,https://www.semanticscholar.org/paper/706f2cff36e8fa1a1127724af252fae4e6abf46b,"Excessive carbonation curing can impair later-age properties; therefore, determining an appropriate carbonation duration is critical for practical low-CO2 utilization. In this study, cement paste and mortar specimens were subjected to accelerated carbonation curing under a diluted CO2 atmosphere (3%) using a concentration-controlled scheme (2.5–3.0%), followed by standard hydration curing for up to 28 d. Carbonation durations of 500, 1000, 2000, and 6000 min were examined. The results show that an early carbonation duration of 1000 to 2000 min achieves an optimal balance between performance enhancement and subsequent hydration development. Compared with the reference specimens, compressive and flexural strengths, as well as durability-related indicators (including electrical flux and EIS parameters), are improved. In addition, the surface microstructure is refined, with a higher proportion of highly crystalline CaCO3 (>70%). In contrast, prolonged carbonation (>2000 min) induces unfavorable microstructural evolution during subsequent hydration, leading to reductions in mechanical performance and durability. These findings provide a practical duration-control strategy for accelerated carbonation curing using low-concentration CO2 streams (3–10%), which are typical of light-industry flue gases.",1,Semantic Scholar,unclear,706f2cff36e8fa1a1127724af252fae4e6abf46b
D,CO2养护与碳化混凝土,"""early age carbonation"" cement paste",Changes in microstructure and pore structure of low-clinker cementitious materials during early stages of carbonation,2016,M. Bertin; O. Metalssi; V. B. Bouny; M. Saillio,unclear,unclear,https://www.semanticscholar.org/paper/16dd1a9529348443b02e51466701661ef61c395e,unclear,4,Semantic Scholar,unclear,16dd1a9529348443b02e51466701661ef61c395e
D,CO2养护与碳化混凝土,"""early age carbonation"" cement paste",Coupling effect of γ-dicalcium silicate and slag on carbonation resistance of low carbon materials,2020,Zhengxing Chen; S. Chu; Yunsu Lee; Han-seung Lee,unclear,10.1016/j.jclepro.2020.121385,https://www.semanticscholar.org/paper/4b836df63828d4e7e278e4627ca57fda08a2dc60,"Abstract In this paper, the combined use of γ-dicalcium silicate and slag for possible coupling effect on carbonation resistance was investigated. The potential of the use of γ-C2S to impart carbonation immunity to slag blended materials at early age has not been fully explored so far. In this regard, 15, 30 and 50% slag blended cement paste and mortar samples containing 0, 5, 10, 15, 20% of γ-C2S in replacement of cement were manufactured before undergoing accelerated carbonation for 3, 7 and 28 days. Then, techniques of X-ray diffraction (XRD), Fourier-transform infrared spectroscopy (FT-IR), thermogravimetric analysis (TGA) and Mercury Intrusion Porosimetry (MIP) were utilized to analyze the carbonation characteristics. Results show that the carbonation of γ-C2S in the presence of slag is effective in CO2 sequestration, pore refinement and surface hardening. Moreover, an optimum combination of γ-C2S and slag exists for achieving the smallest carbonation depth which is 78% lower than the observed maximum, from which certain coupling effect was identified. Lastly, a conceptual model was presented to probe into the mechanism. Such research shall be conducive to the search for next-generation low carbon concrete with improved durability.",59,Semantic Scholar,unclear,4b836df63828d4e7e278e4627ca57fda08a2dc60
D,CO2养护与碳化混凝土,"""early age carbonation"" cement paste",Carbonation Curing of Precast Fly Ash Concrete,2016,Duo Zhang; Xinhua Cai; Y. Shao,unclear,10.1061/(asce)mt.1943-5533.0001649,https://www.semanticscholar.org/paper/35a38373f5249c16084814fc99cdfae626f9e7cf,unclear,131,Semantic Scholar,unclear,35a38373f5249c16084814fc99cdfae626f9e7cf
D,CO2养护与碳化混凝土,"""early age carbonation"" cement paste",Microstructure and properties of concrete subject to early carbonation curing,2013,Vahid Rostami; Y. Shao; A. Boyd; Zhen He,unclear,unclear,https://www.semanticscholar.org/paper/534fe7369e9442ac518d36ca8fdb4ef00c06bd65,unclear,0,Semantic Scholar,unclear,534fe7369e9442ac518d36ca8fdb4ef00c06bd65
D,CO2养护与碳化混凝土,"""early age carbonation"" cement paste",Rapid hydration mechanism of carbonic acid and cement,2020,Nicholas Lippiatt; T. Ling,unclear,10.1016/j.jobe.2020.101357,https://www.semanticscholar.org/paper/43d673f57984b8ffa4864a9bea510f2b1b3e1b64,"Abstract Early-age carbonation is an attractive option to reduce the net CO2 emissions of cementitious materials. Applying early-age carbonation to the most common cementitious material, ready-mix concrete, is difficult as the process must be performed in atmosphere. A technique that could supply a large quantity of CO2 to cement in atmosphere is by mixing powdered cement with a super-saturated aqueous solution. However, this would create an acidic solution. This paper addresses the competing effects of dissolved CO2 ions and carbonic acid when mixed with cement paste or mortar. While CO2 is expected to form carbonates, carbonic acid usually decreased the strength of cement. The cement replacement fraction, and the strength and porosity of the original mix alter the relative effect of carbonic acid on compressive strength. The most likely cause of strength and workability losses are identified as a very rapid but limited hydration in the first 10 min after mixing.",23,Semantic Scholar,unclear,43d673f57984b8ffa4864a9bea510f2b1b3e1b64
D,CO2养护与碳化混凝土,"""early age carbonation"" cement paste",Early CO2 capturing mortar by incorporating a new potential carbide lime waste under controlled CO2 curing,2023,A. T. Adrina Rosseira; A. K. Nur Hafizah; M. Fadzil; M. M. P. Bazli Faliq; N. N. A. L. Khairul Irfan; O. Rohaya,Journal of Physics: Conference Series,10.1088/1742-6596/2521/1/012007,https://www.semanticscholar.org/paper/8eb237a357b27c75d87f71deb4fc6a1d58f84ef0,"Early-age cement paste or mortar can be enhanced by curing it in a CO2 chamber. The study was initiated with investigation on the optimum compressive strength by replacing cement to carbide lime with 0, 5, 10, 15 and 20% of Carbide Lime Waste (CLW) content. The desired CLW mortar at 28 normal curing age was selected and the similar mix proportion was again casted and the fresh CLW mortar was cured for 1,3 and 7 days under controlled CO2 curing. The CO2 concentration and temperature were fixed at 20% and 60% respectively. The compressive strength and depth of carbonation of CLW mortar was investigated. In addition, their microstructural properties under TGA test was analysed at the early curing ages by using cement pastes. It was found that the mortar containing 5% of CLW had the desired optimum compressive strength and UPV under water curing condition. Overall, the strength properties of control mortar and CLW mortar significantly enhanced at early strength gained by controlled CO2 curing as compared to the water curing technique. The used of 5% of CLW as the potential to substitute the cement portion has provide better understanding on CO2 sequestration in cement mortar. The microstructural result shows the CaCO3 precipitation in the CLW mortar was higher than the control mortar as CLW has Ca(OH)2 behaviour which effectively react with CO2 and formed stable CaCO3 precipitation in the mortar.",3,Semantic Scholar,https://iopscience.iop.org/article/10.1088/1742-6596/2521/1/012007/pdf,8eb237a357b27c75d87f71deb4fc6a1d58f84ef0
D,CO2养护与碳化混凝土,"""early age carbonation"" cement paste",Influence of steel slag-silica fume composite mineral admixture on the properties of concrete,2017,J. Liu; Dongmin Wang,unclear,10.1016/j.powtec.2017.07.052,https://www.semanticscholar.org/paper/91219caebd3ed227037bd6d61a8397f27b64a7c2,unclear,125,Semantic Scholar,unclear,91219caebd3ed227037bd6d61a8397f27b64a7c2
D,CO2养护与碳化混凝土,"""early age carbonation"" cement paste",Pseudo-dynamic carbonation for concrete curing and carbon storage,2015,Y. Shao; A. Zhou; Mehrdad Mahoutian,unclear,10.1504/ijmsi.2015.071108,https://www.semanticscholar.org/paper/4e8ff949a7a0f7e7b17972ccd0c77c9500b1e497,unclear,5,Semantic Scholar,unclear,4e8ff949a7a0f7e7b17972ccd0c77c9500b1e497
D,CO2养护与碳化混凝土,"""early age carbonation"" cement paste",Feasibility of ferronickel slag powder for cementitious binder in concrete mix,2019,Hansol Kim; Chang-Hong Lee; K. Ann,Construction and Building Materials,10.1016/j.conbuildmat.2019.02.166,https://www.semanticscholar.org/paper/68193b44dd7ebad07527713f5caddc5aeb87b31d,"Abstract This study aims at utilizing ferronickel slag (FNS) powder for replacing for ordinary Portland cement (OPC) in concrete. Three types of FNS in different fineness and replacement were used to find which is the most beneficial to be used as binder. FNS concrete was assessed at compressive, flexural, shear and splitting tensile strength tests along with measurement of setting time, hydration heat and drying shrinkage for physical performance. Durability was evaluated by the resistance to chemical degradation against chloride ion penetration, carbonation and sulfate attack. Hydration characteristics of the ferronickel slag paste were identified by scanning electron microscopy observation and pore size analysis. It was found that FNS concrete might have a lower strength at an early age, which was substantially overcame with time then to meet the strength for OPC concrete in a long term, presumably due to a latent hydration. When it comes to durability, chloride transport and sulfate attack were mitigated in FNS concrete, whilst carbonation could be more often prevailed. However, a reuse of industrial waste could enhance the economic benefit and simultaneously lower the CO2 emission in concrete production.",80,Semantic Scholar,unclear,68193b44dd7ebad07527713f5caddc5aeb87b31d
D,CO2养护与碳化混凝土,"""early age carbonation"" cement paste",Carbonation of Fly Ash Concrete and Micro-Hardness Analysis,2011,L. Tu; Wen Xu; Wei Chen,unclear,10.4028/www.scientific.net/amr.378-379.56,https://www.semanticscholar.org/paper/862cd454fc6412cd8924c572a6810116efc94b5b,unclear,6,Semantic Scholar,unclear,862cd454fc6412cd8924c572a6810116efc94b5b
D,CO2养护与碳化混凝土,"""early age carbonation"" cement paste",CONCRETE PROPERTIES OF BLENDED CEMENT WITH HIGH ALUMINATE,2012,H. Misumi; E. Maruya; Toshiyuki Takahashi,unclear,10.14250/cement.66.353,https://www.semanticscholar.org/paper/7bdecf5fd7ec0e724899b066171db908db44ce6d,unclear,1,Semantic Scholar,https://doi.org/10.14250/cement.66.353,7bdecf5fd7ec0e724899b066171db908db44ce6d
D,CO2养护与碳化混凝土,"""early age carbonation"" cement paste",Carbonation of Fly Ash Concrete and Mircro-hardness Analysis,2009,Zhou Zi-chen,unclear,unclear,https://www.semanticscholar.org/paper/28b2341dbe9a758e4b15e818799c2ba5edddc297,unclear,1,Semantic Scholar,unclear,28b2341dbe9a758e4b15e818799c2ba5edddc297
D,CO2养护与碳化混凝土,"""early age carbonation"" cement paste",Effects of early-age carbonation curing on the properties of cement-based materials: A review,2024,Chaofeng Liang; Binglin Li; Ming-Zhi Guo; Shaodan Hou; Shunxiang Wang; Yueqing Gao; Xiaoyong Wang,Journal of Building Engineering,10.1016/j.jobe.2024.108495,https://www.semanticscholar.org/paper/b10e89f7d37e810574b88c566273ce9eeb9d4a8d,unclear,113,Semantic Scholar,unclear,b10e89f7d37e810574b88c566273ce9eeb9d4a8d
D,CO2养护与碳化混凝土,"""early age carbonation"" cement paste",Modelling the poromechanical behaviour of class G cement paste: A multiphysics approach from early age to hardened state,2025,Maxime Pierre; M. Samudio; S. Ghabezloo; Patrick Dangla,Cement and Concrete Research,10.1016/j.cemconres.2025.107852,https://www.semanticscholar.org/paper/72936d3ab2606c7176d666703c4b74cc09bd2cb7,unclear,6,Semantic Scholar,https://doi.org/10.1016/j.cemconres.2025.107852,72936d3ab2606c7176d666703c4b74cc09bd2cb7
D,CO2养护与碳化混凝土,"""early age carbonation"" cement paste",Effect of Class C and Class F Fly Ash on Early-Age and Mature-Age Properties of Calcium Sulfoaluminate Cement Paste,2023,Sukanta K. Mondal; Carrie Clinton; Hongyan Ma; Aditya Kumar; M. Okoronkwo,Sustainability,10.3390/su15032501,https://www.semanticscholar.org/paper/fd5f89f2b9f62c85ad14194450d3a2d0feb256e0,"To promote the sustainable development of eco-efficient calcium sulfoaluminate (CSA) cements through the partial replacement of the CSA clinker with supplementary cementitious waste products, the effects of coal fly ashes on the early-age and mature-age properties of a calcium sulfoaluminate (CSA)-based cement paste were investigated. The impacts of both Class C and Class F fly ashes on the rheological properties, hydration kinetics, and compressive strength development of CSA cement paste were studied. Rheology-based workability parameters, representing the rate of loss of flowability, the rate of hardening, and the placement limit, were characterized for the pastes prepared with fixed water-to-cement (w/c) and fixed water-to-binder (w/b) ratios. The results indicate a slight improvement in the workability of the CSA paste by fly ash addition at a fixed w/b ratio. The isothermal calorimetry studies show a higher heat of hydration for the Class C fly ash-modified systems compared to the Class F-modified systems. The results show that fly ash accelerates the hydration of the calcium sulfoaluminate cement pastes, chiefly due to the filler effects, rather than the pozzolanic effects. In general, ettringite is stabilized more by the addition of Class F fly ash than Class C fly ash. Both fly ashes reduced the 1-day compressive strength, but increased the 28-day strength of the CSA cement paste; meanwhile, the Class C modified pastes show a higher strength than Class F, which is attributed to the higher degree of reaction and potentially more cohesive binding C-S-H-based gels formed in the Class C fly ash modified systems. The results provide insights that support that fly ash can be employed to improve the performance of calcium sulfoaluminate cement pastes, while also enhancing cost effectiveness and sustainability.",18,Semantic Scholar,https://www.mdpi.com/2071-1050/15/3/2501/pdf?version=1675396697,fd5f89f2b9f62c85ad14194450d3a2d0feb256e0
D,CO2养护与碳化混凝土,"""early age carbonation"" cement paste",The acceleration effect of nano C-S-H-PCE on the microstructure formation and evolution at early age of cement paste,2023,Wei Li; Rongjie Wang; Yuanhong Wang; Wenqiang Zuo; Jinxiang Hong; Shuqiong Luo; Penggang Wang,Materials Structure,10.1617/s11527-023-02179-9,https://www.semanticscholar.org/paper/e698b6ac5e13cb7966cd7d5705a2df0e873cba83,unclear,14,Semantic Scholar,unclear,e698b6ac5e13cb7966cd7d5705a2df0e873cba83
D,CO2养护与碳化混凝土,"""early age carbonation"" cement paste",The Early Age Hydration Products and Mechanical Properties of Cement Paste with Steel Slag Powder as Additive under Steam Curing Conditions,2023,Baoliang Li; Xue Lu; B. Huo; Yuheng Du; Yuyi Liu; Yongzhen Cheng; Zejun Liu,Buildings,10.3390/buildings13092192,https://www.semanticscholar.org/paper/09840a1e74019c0ea33a2af86636d057f4222949,"To explore the feasibility of the application of steel slag powder (SSP) in steam-cured precast concrete, 0% and 20% SSP were used to replace cement and prepare cement paste, and the early age performance of steam-cured (80 °C for 7 h and 7 d) SSP-blended cement paste, including different types and amounts of hydrates, the microstructure and mechanical properties were investigated and compared with those of 28 d standard-cured SSP sample. The results show that SSP addition promotes the generation of laminar C-S-H gels and granular C-S-H gels after an initial 7 h steam curing. Further extending the lasting time of 80 °C steam curing to 7 days favors the production of hydrogarnet and crystalline C-S-H, of which the amount of formation of hydrogarnet in SSP composite cement paste is less and the particle size is smaller than those in the control sample. However, steam curing increases the gap between the number of hydrates formed in SSP-blended cement paste and the control paste. The delayed hydration effect of SSP on cement offsets the promoting effect of steam curing on the hydration of cement; in consequence, the incorporation of SSP seems to be detrimental to the hydration of steam-cured cement paste.",13,Semantic Scholar,https://www.mdpi.com/2075-5309/13/9/2192/pdf?version=1693238181,09840a1e74019c0ea33a2af86636d057f4222949
D,CO2养护与碳化混凝土,"""early age carbonation"" cement paste",Effect of an Early-Age Exposure on the Degradation Mechanisms of Cement Paste under External Sulfate Attack,2023,O. Metalssi; Rim Ragoug; Fabien Barberon; J. D. D. Lacaillerie; Nicolas Roussel; L. Divet; J. Torrenti,Materials,10.3390/ma16176013,https://www.semanticscholar.org/paper/cb4b06491ac3c2d691a0d95fef9a5704a6fc717f,"Among the most significant causes of concrete degradation is ESA (external sulfate attack). The majority of studies are currently conducted on samples that have been saturated and matured. Concrete structures, however, are exposed to the environment once the formwork has been removed. The purpose of this study is to determine what effects early exposure to external sulfates may have on degradation mechanisms. Microstructure, physical, and chemical behavior are monitored using a variety of experimental techniques, including NMR (27Al and 29Si), ICP, XRD, MIP, and SEM. Based on expansion measurements, mature Portland cement paste, unlike the early-age case, degraded rapidly due to the presence of compressed ettringite and gypsum, highlighted by SEM analysis. During ESA, sulfate ions diffuse through the cement matrix and are bound by chemical agents. Chemical analyses indicate that the chemical mechanism varies with the duration of curing. At an early age, external sulfates and aluminates are the most important reagents. For matured cases, these reagents include external sulfates, calcium derived from CH dissolution, and aluminates derived from the total dissolution of AFm.",18,Semantic Scholar,https://www.mdpi.com/1996-1944/16/17/6013/pdf?version=1693547142,cb4b06491ac3c2d691a0d95fef9a5704a6fc717f
D,CO2养护与碳化混凝土,"""early age carbonation"" cement paste",IMPACT OF DEMOLDING AGE AND DRYING PERIOD ON DEGREE OF HYDRATION OF EARLY AGE CEMENT PASTE,2026,Qihang Tan; Luge Cheng; R. Kurihara; Ippei Maruyama,Cement Science and Concrete Technology,10.14250/cement.79.113,https://www.semanticscholar.org/paper/a6d6d936e4560dd6c794eca226fa772a6b4f7f47,unclear,0,Semantic Scholar,unclear,a6d6d936e4560dd6c794eca226fa772a6b4f7f47
D,CO2养护与碳化混凝土,"""early age carbonation"" cement paste",Influence of Recycled Cement Paste Powder on Early-Age Plastic Shrinkage and Cracking of Cement-Based Materials,2023,Yuanhuang Wang; Zheng Lu; Dianchao Wang; Qihang Tan; Weiwei Wu; Liming Zhu,Sustainability,10.3390/su151310661,https://www.semanticscholar.org/paper/ffa06fb719eb8010c5f6aeb0f0389c3370f3721a,"Cement-based materials, especially those with low water-cement ratios, often experience premature cracking due to plastic shrinkage in the early curing stages. In this study, the development mechanism of early-age plastic shrinkage of cement paste, and the crack shrinkage control effect of recycled cement paste powder on cement paste, was quantitatively investigated using non-contacting two-dimensional digital image technology. The influence of different replacement rates (5%, 10%, 20% and 30%) of recycled cement paste powder on the major principal strain and crack patterns of cement paste was investigated. Furthermore, the mechanism of recycled cement paste powder on the early-age plastic shrinkage of cement-based materials was explored. The results show that the addition of recycled cement paste powder could suppress the early-age plastic shrinkage of cement paste. An appropriate replacement ratio (10%) of recycled cement paste powder shows a 33.3% time delay in crack appearance and a 28.0% reduction in the major principal strain. However, the higher replacement ratio of 30% shows an adverse effect on the major principal strain, with an increase of 35.1%. The core mechanism of the appropriate recycled cement paste powder on plastic shrinkage reduction lies in its porous nature, which allows for water absorption and release and regulates the moisture state inside the pores. This quantitative research of the major principal strain development of the early-age plastic shrinkage of cement paste can facilitate a better understanding of plastic shrinkage reduction in recycled cement paste powder on cement paste.",6,Semantic Scholar,https://www.mdpi.com/2071-1050/15/13/10661/pdf?version=1688634256,ffa06fb719eb8010c5f6aeb0f0389c3370f3721a
D,CO2养护与碳化混凝土,"""early age carbonation"" cement paste",Effect of different expansive agents on the early age structural build-up process of cement paste,2023,Zijian Jia; Zedi Zhang; Lutao Jia; Ruilin Cao; Cheng Yu; Jinyao Yu; Yueyi Gao; Yamei Zhang,Cement & Concrete Composites,10.1016/j.cemconcomp.2023.105282,https://www.semanticscholar.org/paper/5d391fefc88ff7f144de4a397e8bfab13770e6cb,unclear,32,Semantic Scholar,unclear,5d391fefc88ff7f144de4a397e8bfab13770e6cb
D,CO2养护与碳化混凝土,"""early age carbonation"" cement paste",Experimental research on aggregate restrained shrinkage and cracking of early-age cement paste,2023,M. Hong; Dong Lei; Feipeng Zhu; Pengxiang Bai; Jintao He,Cement and Concrete Research,10.1016/j.cemconres.2023.107246,https://www.semanticscholar.org/paper/6343464172c49ebd46fec1dee95347499f90b1cf,unclear,22,Semantic Scholar,unclear,6343464172c49ebd46fec1dee95347499f90b1cf
D,CO2养护与碳化混凝土,"""early age carbonation"" cement paste",New insights into the role of early accelerated carbonation on the calcium leaching behavior of cement paste,2023,Tiefeng Chen; Linshan Li; Xiaojian Gao; Mukang Guo; L. Qin,Cement & Concrete Composites,10.1016/j.cemconcomp.2023.105103,https://www.semanticscholar.org/paper/9b38ea4849ec8d36317ca1acc7a15e860ae1fa81,unclear,56,Semantic Scholar,unclear,9b38ea4849ec8d36317ca1acc7a15e860ae1fa81
D,CO2养护与碳化混凝土,"""carbonation curing"" concrete strength",Effect of Carbonation on Concrete Strength: A Consideration of Natural Carbonation and Accelerated Carbonation Curing,2025,Sang-Min Jeon; Hyeong-Ki Kim,Journal of the Korea Concrete Institute,10.4334/jkci.2025.37.4.453,https://www.semanticscholar.org/paper/b26f102b3328c3667ddbc5b4d5fb9fbb3f896a4f,unclear,0,Semantic Scholar,unclear,b26f102b3328c3667ddbc5b4d5fb9fbb3f896a4f
D,CO2养护与碳化混凝土,"""carbonation curing"" concrete strength",Carbonation curing and long-term shrinkage performance of manufactured sand concrete with different strength grades from tunnel muck,2025,Chuanbei Liu; Pengfei Liu; Kaijing Tang; Sumin Guan; Xu Luo; Lihua Zhang; Laibao Liu,Construction and Building Materials,10.1016/j.conbuildmat.2025.140406,https://www.semanticscholar.org/paper/fdeca26c4ec7eb60ea5bbb4d5f894670e6466066,unclear,12,Semantic Scholar,unclear,fdeca26c4ec7eb60ea5bbb4d5f894670e6466066
D,CO2养护与碳化混凝土,"""carbonation curing"" concrete strength",Investigation on the influence of early carbonation curing on the mechanical strength and microstructure of pervious concrete with recycled aggregates and PC-CSA binders,2025,Shunxiang Wang; Sicheng Ren; Wenshuai Tao; Xin Wan; Kaile Qiu; Chaofeng Liang; Yan Yin; Chuanchuan Guo,Construction and Building Materials,10.1016/j.conbuildmat.2025.143638,https://www.semanticscholar.org/paper/80b886114fc349b3154d55d5dc3977cbf218236c,unclear,4,Semantic Scholar,unclear,80b886114fc349b3154d55d5dc3977cbf218236c
D,CO2养护与碳化混凝土,"""carbonation curing"" concrete strength",Efficacy of Accelerated Carbonation Curing and Its Influence on the Strength Development of Concrete,2024,Akarsh Padmalal; K. Kulkarni; P. Rawat; H. K. Sugandhini,Buildings,10.3390/buildings14082573,https://www.semanticscholar.org/paper/8f39dc4a0643be9c60de0ddd73002b0fb2600591,"The building sector is figuring out how to lower its embodied CO2 in a sustainable way. The technology, known as Carbon Capture, Utilization, and Storage (CCUS), offers a possible remedy for this issue. Accelerated carbonation is one method of sequestering CO2 in concrete. In this study, an M25 grade of concrete is made using Ordinary Portland Cement with 0–30% replacements of Class F fly ash. The specimens were exposed to accelerated carbonation curing for 6 h, 24 h, and 72 h, and then the specimens were tested for their compressive strength, carbonation depth, and pH. The CO2 uptake was measured by Thermogravimetric analysis (TGA), and the occurrence of carbonation was confirmed using X-ray diffraction (XRD) and Scanning Electron Microscopy (SEM). The results of the study indicate a significant improvement in the compressive strength with a percentage increase of 70.46%, 111.28%, 30.36%, and 36.69%, respectively, for 0%, 10%, 20%, and 30% fly ash contents in concrete samples subjected to 72 h of accelerated carbonation curing without affecting its alkalinity. The study reiterated that accelerated carbon curing is an advisable method for countries like India that are undergoing rapid economic developments.",14,Semantic Scholar,https://www.mdpi.com/2075-5309/14/8/2573/pdf?version=1724226300,8f39dc4a0643be9c60de0ddd73002b0fb2600591
D,CO2养护与碳化混凝土,"""carbonation curing"" concrete strength","Effect of Carbonation Curing Regime on 3D Printed Concrete: Compressive strength, CO2 uptake, and Characterization",2024,Xiaoyu Han; Jiachuan Yan; Yanlin Huo; Tiefeng Chen,Journal of Building Engineering,10.1016/j.jobe.2024.111341,https://www.semanticscholar.org/paper/6a93c43f574bcad9ca2f5a4e5078b8acda8b7deb,unclear,14,Semantic Scholar,unclear,6a93c43f574bcad9ca2f5a4e5078b8acda8b7deb
D,CO2养护与碳化混凝土,"""carbonation curing"" concrete strength",Strength and permeation characteristics of pervious concrete subjected to accelerated carbonation curing,2023,G. Sidhu; Himanshu Guleria; D. Sharma; S. Goyal,Journal of Sustainable Cement-Based Materials,10.1080/21650373.2023.2213241,https://www.semanticscholar.org/paper/30b55e6bd4c8de6642654917164723b17b9c00c8,"This study aims to investigate the influence of accelerated carbonation curing (ACC) on strength and permeation characteristics of pervious concrete. ACC envisaged well for CO2 sequestration in concrete. Pervious concrete is considered to be better recipient for CO2 curing due to presence of high interconnected pores. Carbonation of pervious concrete is deeper and homogeneous in comparison to normal concrete. Experimental results show that accelerated carbonation curing at 12-hour effectively improves strength of pervious concrete. Also, application-based interlocking pervious paver blocks subjected to 12-hour ACC provide the highest strength of 23.36 MPa. Permeation characteristics were found to be in optimum range despite of decrease in permeability due to the formation of CaCO3 in specimens subjected to ACC. Microstructural analysis also suggested intermingled matrix of CaCO3 and CSH gel. TGA revealed higher CO2 uptake for longer duration of ACC specimens, suggesting sequestration of CO2 in pervious concrete compare to conventional concrete.",10,Semantic Scholar,unclear,30b55e6bd4c8de6642654917164723b17b9c00c8
D,CO2养护与碳化混凝土,"""carbonation curing"" concrete strength",Strength recovery of thermally damaged high-performance concrete subjected to post-fire carbonation curing,2023,Tiejun Liu; Haodong Wang; D. Zou; Xu Long; Md. Jihad Miah; Ye Li,Cement & Concrete Composites,10.1016/j.cemconcomp.2023.105273,https://www.semanticscholar.org/paper/c50d69e6035ca7aeb3b3c8907a7003310792c9c1,unclear,18,Semantic Scholar,unclear,c50d69e6035ca7aeb3b3c8907a7003310792c9c1
D,CO2养护与碳化混凝土,"""carbonation curing"" concrete strength",Use of Carbonation Curing to Improve Mechanical Strength and Durability of Pervious Concrete,2020,Tiefeng Chen; Xiaojian Gao,unclear,10.1021/acssuschemeng.9b07348,https://www.semanticscholar.org/paper/bd460396580af1f477bcee8325d81711e3dd8451,"Carbonation curing is a promising method for CO2 sequestration and strength improvement of cement-based materials. For normal cement concretes, the carbonation dominantly occurs in the outer layer ...",120,Semantic Scholar,unclear,bd460396580af1f477bcee8325d81711e3dd8451
D,CO2养护与碳化混凝土,"""carbonation curing"" concrete strength",Effects of Accelerated Carbonation Curing on CO2 Sequestration and on the Compressive Strength of Concrete Masonry Units,2020,B. Gilroy; L. Black; D. Thompson; R. Hogan; N. Holmes,unclear,unclear,https://www.semanticscholar.org/paper/5d61e403d506aed3e85655ecaf43266da00c2de0,unclear,2,Semantic Scholar,unclear,5d61e403d506aed3e85655ecaf43266da00c2de0
D,CO2养护与碳化混凝土,"""carbonation curing"" concrete strength",Effects of carbonation pressure and duration on strength evolution of concrete subjected to accelerated carbonation curing,2017,Shamsad Ahmad; R. Assaggaf; M. Maslehuddin; O. Al-Amoudi; S. Adekunle; Syed Imran Ali,unclear,10.1016/j.conbuildmat.2017.01.069,https://www.semanticscholar.org/paper/c04a6e8ded4bd665a6826a1d4502aa3e458f7260,unclear,158,Semantic Scholar,unclear,c04a6e8ded4bd665a6826a1d4502aa3e458f7260
D,CO2养护与碳化混凝土,"""carbonation curing"" concrete strength",Investigating the effect of accelerated carbonation curing duration on Portland and pozzolana cement‐based concrete,2025,Himanshu Guleria; S. Goyal,Structural Concrete,10.1002/suco.70326,https://www.semanticscholar.org/paper/683b20323bd004afb4f1f89d72ce339c559e7303,"Accelerated carbonation curing (ACC) has emerged as a viable method to improve the sustainability and durability of construction materials, especially in precast concrete applications. The curing period is a crucial component affecting the efficacy of ACC and determines material performance. This study systematically examines the effects of carbonation curing periods, from 3 to 24 h, to determine the best period by evaluating CO2 absorption, carbonation depth, microstructural attributes (using x‐ray diffraction, scanning electron microscopy, and mercury intrusion porosimetry [MIP]), compressive strength, and permeation qualities (water absorption and sorptivity). Microstructural examination demonstrated a notable alteration in the morphology of the C–S–H gel, transitioning from an initially fibrous structure in water‐cured specimens to a flat denser structure in carbonated specimens, flat form containing embedded calcite crystals. The MIP results demonstrated a refinement of the pore structure, marked by the transformation of large void sizes into capillary sizes in carbonated specimens, thereby improving compressive strength and overall durability. The experimental results indicate that the most favorable curing durations are 12 h for ordinary Portland cement (OPC) and 15 h for Portland pozzolana cement (PPC); these findings contribute to a better understanding of the relationship between curing duration and concrete performance, offering valuable insights into optimizing strength, durability, and microstructural refinement for both OPC and PPC concrete systems.",3,Semantic Scholar,unclear,683b20323bd004afb4f1f89d72ce339c559e7303
D,CO2养护与碳化混凝土,"""carbonation curing"" concrete strength",Effect of Carbonation Curing on the Performance of Concrete Containing Recycled Aggregates from Returned Concrete,2025,S. Al-Fadala,Jordan Journal of Civil Engineering,10.14525/jjce.v19i2.10,https://www.semanticscholar.org/paper/495ec4ca7044527136a5b628086a0af0b54fa345,"The stringent quality control measures on the properties of concrete result in the production of a large quantity of returned concrete in many countries. Waste management strategies include extracting the aggregates from this returned concrete to reduce the consumption of natural aggregates. This study aims to extract and characterize the recycled coarse aggregates (RCAs) obtained from returned concrete by using superabsorbent polymer (SAP) additives (RCA-SAP), and by washing (RCAW), and to compare the properties with local specification for recycled aggregates. Furthermore, the comparative performance of the concrete containing those two types of differently treated recycled aggregates as partial replacements for natural aggregates (NCAs) under accelerated carbonation and water curing was analyzed through strength, water absorption and gas adsorption tests. Quality testing revealed that RCA-W outperforms RCA-SAP in terms of water absorption and abrasion resistance. RCA-W showed a water absorption of 1%, compared to a value of 4.5% for RCASAP. Also, a Los Angeles abrasion value of lower than 30% was observed for RCA-W, indicating better abrasion resistance compared to RCA-SAP. The concrete containing polymer-modified recycled aggregates at a 30% replacement showed a maximum strength of 60.44 MPa under carbonation curing and 51.93 MPa under water curing, indicating 16.4% higher strength under carbonation curing. In summary, it was confirmed that carbonation curing enhances the concrete performance with polymermodified recycled aggregates.",0,Semantic Scholar,unclear,495ec4ca7044527136a5b628086a0af0b54fa345
D,CO2养护与碳化混凝土,"""carbonation curing"" concrete strength",Impact of the water-curing time on the carbonation initiation period of high-volume limestone powder concrete,2025,A. Radović; V. Carević; S. Marinković,Gradjevinski materijali i konstrukcije,10.5937/grmk2500004r,https://www.semanticscholar.org/paper/f8667be5289a5608fcd954986b3d6197f6dca52e,"The high-volume limestone powder concrete (HVLPC) is one of the potential CO 2 mitigation strategies within ready-mixed concrete sector. As with other low-clinker concretes, its durability related properties, carbonation resistance especially, could present a problem in the structural applications. This work deals with the influence of the water-curing time on the carbonation initiation period of HVLPC. An experimental campaign was designed which included various curing times, from 1 day to 28 days. Beside the reference mix (ordinary Portland cement concrete - OPC), HVLPC mixes with three different percentages of limestone powder (LP) in the powder phase (47%, 58% and 65%), and with two different LP particle size distributions within each group, were designed to have similar compressive strength. All mixes were tested under accelerated and natural carbonation conditions. Test results showed significant impact of the curing time on the HVLPC carbonation resistance, but different from OPC. The Model Code 2020 prediction model was tested against test results and it was found that it largely overestimated the impact of curing duration for short curing times (1 and 3 days), while underestimated this impact for 14 and 28 days of curing. New expression for the execution transfer parameter kc was proposed based on the own experimental results.",3,Semantic Scholar,unclear,f8667be5289a5608fcd954986b3d6197f6dca52e
D,CO2养护与碳化混凝土,"""carbonation curing"" concrete strength",Steel Slag Accelerated Carbonation Curing for High-Carbonation Precast Concrete Development,2024,Weilong Li; Hui Wang; Zhichao Liu; Ning Li; Shaowei Zhao; Shuguang Hu,Materials,10.3390/ma17122968,https://www.semanticscholar.org/paper/8d10003102063d0de8d07c89b04be4daaaab6b10,"Steel slag as an alkaline industrial solid waste, possesses the inherent capacity to engage in carbonation reactions with carbon dioxide (CO2). Capitalizing on this property, the current research undertakes a systematic investigation into the fabrication of high-carbonation precast concrete (HCPC). This is achieved by substituting a portion of the cementitious materials with steel slag during the carbonation curing process. The study examines the influence of varying water–binder ratios, silica fume dosages, steel slag dosages, and sand content on the compressive strength of HCPC. Findings indicate that adjusting the water–binder ratio to 0.18, adding 8% silica fume, and a sand volume ratio of 40% can significantly enhance the compressive strength of HCPC, which can reach up to 104.9 MPa. Additionally, the robust frost resistance of HCPC is substantiated by appearance damage analysis, mass loss rate, and compressive strength loss rate, after 50 freeze–thaw cycles the mass loss, and the compressive strength loss rate can meet the specification requirements. The study also corroborates the high-temperature stability of HCPC. This study optimized the preparation of HCPC and provided a feasibility for its application in precast concrete.",12,Semantic Scholar,https://www.mdpi.com/1996-1944/17/12/2968/pdf?version=1718632573,8d10003102063d0de8d07c89b04be4daaaab6b10
D,CO2养护与碳化混凝土,"""carbonation curing"" concrete strength","Low-Carbon Slag Concrete Design Optimization Method Considering the Coupled Effects of Formwork Stripping, Strength Progress, and Carbonation Durability",2025,Li-Na Zhang; Seung-jun Kwon; Xiao-Yong Wang,Buildings,10.3390/buildings15081316,https://www.semanticscholar.org/paper/e8039f986dcb3c42907a21aa90314ab8e63bf4b5,"Partially substituting cement with slag is an efficient approach to lowering the carbon footprint of concrete. Earlier research on low-carbon slag concrete has primarily concentrated on the optimization of material strength without considering the coupled effects of formwork stripping time, strength progress, and carbonation durability, which may lead to the risk of steel reinforcement corrosion. To address this limitation, this study introduces an optimized design approach for low-carbon slag concrete that simultaneously accounts for the formwork stripping time and carbonation durability. First, based on strength test results, a strength prediction equation which incorporates the curing age, water-to-(cement+slag) mass ratio, and slag-to-(cement+slag) mass ratio is developed. As such, the coefficients of the equation have clear physical meanings. Both the cement and slag strength coefficients increase with curing age, with the slag strength coefficient exhibiting a greater growth rate than that of cement. Second, an evaluation of concrete’s carbon emissions per 1 MPa increase in strength reveals that, for a given curing age, adopting a low water-to-(cement+slag) mass ratio and a high slag-to-(cement+slag) mass ratio effectively reduces these emissions. Parameter analysis of the carbonation model reveals that increasing the curing time before the onset of carbonation reduces the carbonation depth. Furthermore, four design scenarios are considered in this study: scenario C1 does not consider carbonation durability, with a specified strength of 30 MPa at 28 days; scenario C2 considers carbonation durability, with the same specified strength of 30 MPa at 28 days; scenario C3 does not consider carbonation durability but requires formwork stripping at 7 days; and scenario C4 considers carbonation durability and also requires formwork stripping at 7 days. Through the formulation of constraints for optimization using a genetic algorithm, the appropriate mix proportions for each design scenario are obtained. Finally, the optimization results reveal that, when transitioning from C1 to C2, the actual 28-day concrete compressive strength rises from 30 MPa to 65.139 MPa; when transitioning from C1 to C3, the actual 28-day concrete compressive strength slightly rises from 30 MPa to 30.122 MPa; and when transitioning from C3 to C4, the actual 28-day concrete compressive strength significantly rises from 30.122 MPa to 80.890 MPa. In summary, this study introduces a new approach to the material design of low-carbon slag concrete. In particular, prolonging the curing period plays a crucial role in optimizing low-carbon slag concrete mixtures.",1,Semantic Scholar,unclear,e8039f986dcb3c42907a21aa90314ab8e63bf4b5
D,CO2养护与碳化混凝土,"""carbonation curing"" concrete strength",Enhancing concrete performance and sustainability through carbonation curing: Effects of fly ash incorporation and mechanical properties evaluation,2024,P. Joyson Silva; Binu Sukumar; A. Hemamathi; P. Ram Shankar; B. Aakash; Janda Chaithanya; P. Shanmugam,IOP Conference Series: Earth and Environment,10.1088/1755-1315/1409/1/012028,https://www.semanticscholar.org/paper/714bf3ef438bdfe3ccf87278f1e72dbe4512d300,"This research paper intends to assess the characteristics of various concrete samples exposed to carbonation curing. Carbonation curing is a technique used to quicken the solidifying process of concrete by exposing it to carbon dioxide. Concrete treated with carbonation exhibits mechanical and durability properties superior to those treated with moisture. In this study, carbonation-treated concrete was prepared by initially pre-curing and then subjecting it to carbonation curing. The research encompassed testing different properties of concrete specimens treated with carbonation, including compressive strength, tensile strength, and carbonation resistance. The addition of Fly Ash (FA) is renowned for enhancing the durability of reinforced concrete as supplementary contentious materials. In this investigation, concrete cubes were prepared with and without partial substitution of cement by Fly Ash and were encased in plastic covers tightly sealed to prevent air ingress, undergoing carbonation in a controlled environment. Results revealed that the compressive strength of carbonation-treated concrete exceeded that of moisture-cured concrete by 15% to 20% at the same age. These findings indicate that carbonation curing holds promise for enhancing concrete performance in specific applications.",1,Semantic Scholar,unclear,714bf3ef438bdfe3ccf87278f1e72dbe4512d300
D,CO2养护与碳化混凝土,"""carbonation curing"" concrete strength",Dimensional Effects in CO2 Uptake and Compressive Strength of Pervious Concrete Subjected to CO2 Curing,2025,Wenjia Zhou; Lixi Liu; Liangliang Zhu; Keying Wang; Hang Xiao; Xi Chen,Journal of Wuhan University of Technology-Mater. Sci. Ed.,10.1007/s11595-025-3109-5,https://www.semanticscholar.org/paper/0e6f0602a6be436e46c7248bcc9f760a13c88571,unclear,0,Semantic Scholar,unclear,0e6f0602a6be436e46c7248bcc9f760a13c88571
D,CO2养护与碳化混凝土,"""carbonation curing"" concrete strength",Effect of Nano-CSH and sodium sulfate on strength and durability of non-steam-curing high volume fly ash concrete,2025,Yongkang Du; Bitao Zhang; Dong Liu; Haoqian Wang; Yanyan Hu,PLoS ONE,10.1371/journal.pone.0326140,https://www.semanticscholar.org/paper/0c523918a81a6eaee64fbb31b7df7f994f95b0f2,"In this study, a novel nanomaterial early strength agent, CSH nano-crystal nucleus (NCSH), was used to compare with the conventional early strength agent, sodium sulfate (Na2SO4), to deal with the problem of insufficient early strength development of high volume fly ash concrete. The effects of NCSH, Na2SO4, and their combined action on the strength development, water absorption performance, and durability performance (impermeability, frost resistance, and carbonation) were investigated. The research results show that: the maximum strength of the concrete with Na2SO4 was only 12.9 MPa at 12 hours, which could not meet the requirement of demoulding. At 28 days, the strength had significantly decreased, and the larger the dosage, the more it had decreased. Using NCSH or a mix of NCSH and Na2SO4 allowed the concrete to attain the necessary strength for demoulding at 12 hours, and none of them showed any reduction at 28 days. The concrete durability test results show that: Na2SO4 decreased the impermeability, frost resistance and carbonation resistance of concrete, while NCSH improved above properties of concrete significantly, and the improvement of frost resistance and carbonation resistance when combined Na2SO4 and NCSH was not as good as that of NCSH alone. In addition, either NCSH or the combination of CSH and Na2SO4 could make the concrete reach the frost resistance level of F200, and the concrete with appropriate dose of NCSH can still maintain the low mass loss rate and high relative dynamic elastic modulus after 200 freeze-thaw cycles; while the concrete with Na2SO4 did not reach F200.",0,Semantic Scholar,unclear,0c523918a81a6eaee64fbb31b7df7f994f95b0f2
D,CO2养护与碳化混凝土,"""carbonation curing"" concrete strength",Performance of Alkali-Activated Slag Concrete Masonry Blocks Subjected to Accelerated Carbonation Curing,2023,Joud Hwalla; Mahra Al-Mazrouei; Khalood Al-Karbi; Afraa Al-Hebsi; Mariam Al-Ameri; Fatima Al-Hadrami; Hilal El-Hassan,Sustainability,10.3390/su151914291,https://www.semanticscholar.org/paper/6ef21aac8be356ddb3dffeb9591585b71e568e7d,"This study investigates the effect of accelerated carbonation curing on the carbon sequestration potential, performance, and microstructure of alkali-activated slag mixes representing concrete masonry blocks (CMBs). The carbonation curing process parameters varied, including initial curing duration, carbonation curing duration, and carbonation pressure. Research findings showed that a maximum CO2 uptake of 12.8%, by binder mass, was attained upon exposing concrete to 4 h initial curing and 20 h carbonation curing at a pressure of 5 bars. The compressive strength and water absorption capacity improved with longer initial and carbonation curing durations and higher pressure. Upon subjecting to salt attack, the mass and strength of 28-day concrete samples increased, owing to the formation of Friedel’s salt and Halite. All mixes could be used as non-load-bearing CMB, with a 1-day strength greater than 4.1 MPa. Based on the global warming potential index, the carbon footprint of carbonation-cured, alkali-activated slag concrete masonry units was up to 46% lower than non-carbonation-cured counterparts. Research findings offer valuable information on the production of carbonation-cured, cement-free concrete masonry blocks to replenish natural resources, recycle industrial waste, and mitigate CO2 emissions.",21,Semantic Scholar,https://www.mdpi.com/2071-1050/15/19/14291/pdf?version=1695820818,6ef21aac8be356ddb3dffeb9591585b71e568e7d
D,CO2养护与碳化混凝土,"""carbonation curing"" concrete strength","Design Method for Low-Carbon Fly Ash Concrete Considering Strength, Form Removal Time, and Carbonation Durability Life",2024,Li-Na Zhang; Xiao-Yong Wang,Buildings,10.3390/buildings14051334,https://www.semanticscholar.org/paper/be707fbb5b2b2637ac58fdf8cdf5e5e3b25f3b2a,"Low-carbon fly ash concrete is one of the hottest research topics in the concrete industry. This study proposes a design method for low-carbon fly ash concrete that systematically considers strength, form removal time, and carbonation durability life. The basic steps of this method are as follows: First, based on the experimental results, the strength development formula of fly ash concrete using different mix ratios and different aging periods is obtained through regression. The adopted carbonation depth calculation formula can be used to consider the influence of the curing time and mix ratio on carbonation depth. Second, through the analysis of design cases, the dominant factors in the design of low-carbon fly ash concrete are clarified. For example, strength dominates, demolding time dominates, or carbonation durability dominates. If the concrete is removed from the formwork early, the carbonation resistance is very weak, and a large amount of cementitious material is required in order to meet the carbonation durability requirements. Appropriately extending the removal time of the concrete form can enhance the carbonation durability, reduce the content of cementitious materials, and achieve the goal of low-carbon design. In short, the method proposed in this study can be used as a general method for low-carbon fly ash concrete design, and this method can be extended for use in different countries and regions.",0,Semantic Scholar,https://www.mdpi.com/2075-5309/14/5/1334/pdf?version=1715175874,be707fbb5b2b2637ac58fdf8cdf5e5e3b25f3b2a
D,CO2养护与碳化混凝土,"""carbonation curing"" concrete strength","Impact of superabsorbent polymer on self-compacting concrete's workability, strength, carbonation and freezing-thawing",2024,Venkateswarlu Kuruva; S. Deo; M. Murmu,Research on Engineering Structures and Materials,10.17515/resm2024.10ma1009rs,https://www.semanticscholar.org/paper/f6b17012762e2e7774235e6193f30b4870dc94f7,"Superabsorbent Polymer, an internal curing material, is a significant development in concrete technology. Self-compacting concrete is popular due to high flowability or pumpability. However, the higher quantity of cementitious materials required higher moisture consumption to complete the hydration. Further moisture unavailability leads to shrinkage increment. External curing cannot give proper moisture to cementitious material at higher depth. Hence, internal curing with super absorbent polymer is an economical solution for this problem. This study examines the impact of super absorbent polymer on the mechanical and durability properties of concrete. Laboratory tests were conducted to evaluate the workability, mechanical characteristics of the concrete, such as compressive strength and flexural strength. In addition, freezing-thawing tests and carbonation tests were conducted to investigate the durability performance of concrete. Scanning electron microscopy images were also used to observe the concrete's microstructure after freezing-thawing cycles. The findings demonstrate that Compressive strength and flexural strength values decreased in water curing while in air curing, those were increased. Additionally, it was discovered that the freezing-thawing cycles decreased the compressive strength of reference concrete in standard water curing. However, compressive strength increased after freezing-thawing cycles in air-curing super absorbent polymer mixes. Scanning electron microscopy images have confirmed that the microstructure of air-curing super absorbent polymer mixes was improved",0,Semantic Scholar,http://jresm.org/archive/resm2024.10ma1009rs.pdf,f6b17012762e2e7774235e6193f30b4870dc94f7
D,CO2养护与碳化混凝土,"""carbonation curing"" concrete strength",Effect of Carbonation Curing on Mechanical Strength and Volume Stability of Steel Slag Concrete,2016,Zhang Feng; Mo Liwu; Deng Min,unclear,unclear,https://www.semanticscholar.org/paper/c4ae587ae64c39d3140595d095815e34392241a6,unclear,15,Semantic Scholar,unclear,c4ae587ae64c39d3140595d095815e34392241a6
D,CO2养护与碳化混凝土,"""carbonation curing"" concrete strength",Effect of Accelerated Carbonation Curing on Strength and Durability Properties of GGBS Concrete,2018,Harvir Singh,unclear,unclear,https://www.semanticscholar.org/paper/1e95c3e6ecca2b96a1045cc249400a014fcfdabe,unclear,0,Semantic Scholar,unclear,1e95c3e6ecca2b96a1045cc249400a014fcfdabe
D,CO2养护与碳化混凝土,"""carbonation curing"" concrete strength",Influence of carbonation curing on hydration and microstructure of magnesium potassium phosphate cement concrete,2021,I. Jeon; A. Qudoos; Hong-gi Kim,unclear,10.1016/j.jobe.2021.102203,https://www.semanticscholar.org/paper/67650795cc4e4bb6048af876c62e831023d451ea,"Abstract Magnesium phosphate cements are normally referred as chemically bonded ceramic materials and have a vast range of potential applications, due to their excellent performance. This study aims to investigate the effects of carbonation curing on hydration and microstructure of magnesium potassium phosphate (MKPC) concrete. Concrete specimens were prepared and cured in ambient as well as carbonation curing environment. The performance of MKPC concrete specimens were examined via compressive strength and nano indentation tests. In addition, microstructure, and hydration products of MKPC specimens on carbonation curing were investigated via Backscatter electron microscopy (BSEM), Energy dispersive X-ray spectroscopy (EDS), X-ray diffraction (XRD), Fourier transform infrared spectroscopy (FT-IR), and Thermogravimetric analysis (TGA). Experimental results show that the MKPC concrete with carbonation curing represents increased mechanical properties compared to uncarbonated MKPC concrete specimens. The results also showed that the production of magnesium carbonate like Nesquehonite under carbonation had a filling effect that refined the microstructure and enhanced the mechanical properties of the composites.",43,Semantic Scholar,unclear,67650795cc4e4bb6048af876c62e831023d451ea
D,CO2养护与碳化混凝土,"""carbonation curing"" concrete strength",Improving concrete resistance to low temperature sulfate attack through carbonation curing,2021,Shipeng Zhang; Zaid Ghouleh; A. Azar; Y. Shao,unclear,10.1617/s11527-021-01626-9,https://www.semanticscholar.org/paper/de8a5798bbe59ee5b3c580eaa90207c66691855a,unclear,24,Semantic Scholar,unclear,de8a5798bbe59ee5b3c580eaa90207c66691855a
D,CO2养护与碳化混凝土,"""carbonation curing"" concrete strength",Properties and microstructure of concrete blocks incorporating drinking water treatment sludge exposed to early-age carbonation curing,2020,Yue Liu; Y. Zhuge; C. Chow; A. Keegan; Danda Li; Phuong N. Pham; Jianyin Huang; R. Siddique,Journal of Cleaner Production,10.1016/j.jclepro.2020.121257,https://www.semanticscholar.org/paper/965965b421fa1b22955f25fc79422e92326973ae,"Abstract In recent decades, industrial by-products have gained significant attention for their potential as components of more environmentally friendly construction materials. In this context, this paper presents the manufacture of concrete blocks (CB), in which sand was replaced with oven-dried drinking water treatment sludge (DWTS). In addition, CB with DWTS contents ranging from 0% to 30% by weight were exposed to early-age carbonation curing. Experiments were conducted to determine the compressive strength, splitting tensile strength, and water capillary absorption of CB subjected to normal or early-age carbonation curing. The results indicated that DWTS degraded durability and mechanical properties of CB because of the high-water absorption and high organic content of DWTS. However, early-age carbonation curing was found to improve the overall performance of CB with DWTS, such that the carbonated CB mixtures satisfied the strength requirement of load-bearing blocks. The pH values of CB after carbonation curing increased with increasing content of DWTS. Microstructural analyses showed that the addition of DWTS into CB caused the formation of ettringites because of the presence of alum and gypsum in DWTS, and early-age carbonation curing decomposed these ettringite into calcium carbonates. The results also showed that the production of crystalline CaCO3 under carbonation had a filling effect that refined the pore sizes. Thus, the findings of this study indicate that utilisation of DWTS in CB offers significant environmental and health benefits via increased greenhouse gas absorption, as well as reduced DWTS disposal in landfills and unsustainable sand extraction.",81,Semantic Scholar,unclear,965965b421fa1b22955f25fc79422e92326973ae
D,CO2养护与碳化混凝土,"""carbonation curing"" concrete strength",CO2 Sequestration in Pervious Concrete and its Impact on Concrete Strength and Alkalinity,2025,Chenjun Jiang; Jinxia Xu; Han Yu; Shuang Han; Zihui Jiang; Da Li; Feiyue Liu; Yuxuan Wang,Journal of materials engineering and performance (Print),10.1007/s11665-025-11364-6,https://www.semanticscholar.org/paper/e61655ca1a8ff967fba8b892e2102392553994b6,unclear,1,Semantic Scholar,unclear,e61655ca1a8ff967fba8b892e2102392553994b6
D,CO2养护与碳化混凝土,"""carbonation curing"" concrete strength","Traditional and Advanced Curing Strategies for Concrete Materials: A Systematic Review of Mechanical Performance, Sustainability, and Future Directions",2025,R. Haigh; Omid Ameri Sianaki,Applied Sciences,10.3390/app152011055,https://www.semanticscholar.org/paper/78837cdb354481909beae6889a90efe330d19bbb,"Curing plays a fundamental role in determining the mechanical performance, durability, and sustainability of concrete structures. Traditional curing practices, such as water and air curing, are widely used but often limited by long durations, high water demand, and reduced effectiveness under extreme climatic conditions. In response, advanced curing methods such as steam, microwave, electric, autoclave, and accelerated carbonation have been developed to accelerate hydration, refine pore structures, and enhance durability. This review critically examines the performance of both conventional and advanced curing strategies across a range of concrete systems. Findings show that microwave curing achieves up to 85–95% of 28-day wet-cured strength within 24 h, whilst autoclave curing enhances early strength by 40–60%. Electric curing reduces energy demand by approximately 40% compared to steam curing, and carbonation curing lowers carbon dioxide emissions by 30–50% through carbon sequestration. While steam and autoclave curing provide rapid early strength, they may compromise long-term durability through microcracking and increased porosity. No single method was identified as universally optimal; the effectiveness depends on the mix design, application, and environmental conditions. The review highlights future opportunities in smart curing systems, integrating Internet of Things (IoT), sensor technologies, and AI-driven predictive control to enable real-time optimisation of curing conditions. Such innovations represent a critical pathway for improving concrete performance while addressing sustainability targets in the building and construction industry.",11,Semantic Scholar,unclear,78837cdb354481909beae6889a90efe330d19bbb
D,CO2养护与碳化混凝土,"""carbonation curing"" concrete strength",Effect of accelerated carbonation curing on near surface properties of concrete,2020,D. Sharma; S. Goyal,European Journal of Environmental and Civil Engineering,10.1080/19648189.2019.1707714,https://www.semanticscholar.org/paper/7a5713f89f3045365d8304dd6f03004a6eb9b948,"Abstract Accelerated carbonation curing (ACC) is one of the emerging techniques to sequester CO2 in concrete. The present study focuses on assessing the near surface properties of concrete subjected to ACC. Freshly cast concrete was subjected to ACC for a period of 6 hours after an initial preconditioning of 2 hours and was followed by water spray till 3 days. Thermogravimetric analysis (TGA) and X-Ray Diffraction (XRD) analysis revealed presence of CaCO3 and increased quantity of CSH gel in near surface of ACC concrete. The findings of XRD and TGA were also confirmed by Scanning Electron Microscopy which exhibited a densification of microstructure due to precipitation of CaCO3 in voids. Mechanical properties and permeation properties of both bulk concrete and near surface concrete were assessed and results were compared with traditional water curing. Compressive strength and abrasion resistance of concrete was found to increase by 30% at the age of 3 days in ACC concrete. Water absorption, sorptivity, chloride permeability and carbonation depth decreased in case of carbonation cured concrete, showing a reduction in permeability of concrete surface. The effect of ACC was more prominent on near surface properties than on bulk properties at later ages and the same were confirmed by performing analysis of variance.",41,Semantic Scholar,unclear,7a5713f89f3045365d8304dd6f03004a6eb9b948
D,CO2养护与碳化混凝土,"""carbonation curing"" concrete strength","Hydration behaviors, workability, and strength variations in direct aqueous carbonation (DAC) of Portland cement paste",2025,Zhiguang Wang; Hangjie Zhou; Songsong Lian; Tao Meng; Haiying Yu; Xiangming Zhou; Su Wang; Shaoqin Ruan,Scientific Reports,10.1038/s41598-025-89875-4,https://www.semanticscholar.org/paper/50553a593b07ca4e423f78a1c9580faececfa82e,"This study investigates the mechanisms behind direct aqueous carbonation in concrete manufacturing, focusing on its effects on workability and strength. Through an analysis of cement paste under varying water-to-cement ratios (0.5, 0.55, and 0.6) and CO2 additive amount (0%, 0.1%, and 1%), the results demonstrate that early carbonation accelerates the setting process. Higher CO2 additive amounts and lower w/c ratios further reduce setting time and fluidity, also increase free water consumption, which negatively affects the pore structure and compressive strength. However, as the transformation of amorphous calcium carbonate to calcite, enhancing hydration during curing and ultimately improving the final compressive strength. This study elucidates the various effects of CO2 addition to cement paste on fresh and hardened paste during the direct aqueous carbonation process, shedding light on how it influences hydration, workability, and strength, contributing to sustainable concrete production.",8,Semantic Scholar,unclear,50553a593b07ca4e423f78a1c9580faececfa82e
D,CO2养护与碳化混凝土,"""carbonation curing"" concrete strength",Novel typology of accelerated carbonation curing: using dry and pre-soaked biochar to tune carbon capture and mechanical properties of cementitious mortar,2023,H. Kua; S. Tan,Biochar,10.1007/s42773-023-00234-w,https://www.semanticscholar.org/paper/f4e959f297ca1896b8bd6392e3c8114d995e6658,"A typology of accelerated carbonation curing for mortar was proposed Dry and pre-soaked biochar was subjected to internal and/or external carbonation Compressive and flexural strength, water sorptivity, and carbonation efficiency were measured Dry biochar subjected to internal carbonation increased strength and carbonation of mortar One of the challenges of promoting accelerated carbonation curing (ACC) of concrete as a carbon sequestration strategy is ensuring that carbonation will not deteriorate mechanical strength. This study examined the mechanical strength, water sorptivity and carbonation efficiency of ten types of mortar containing dry or pre-soaked biochar subjected to internal and/or external carbonation. The results obtained enabled a typology of ACC to be proposed, in which the carbon dioxide absorption of mortar containing various types of CO_2-dosed biochar ranged between 0.022% and 0.068% per unit dosage hour. In particular, the mortar containing dry biochar dosed with carbon dioxide was the top candidate for concurrently increasing both compressive strength (54.9 MPa) and carbon dioxide absorption (0.055% per unit dosage hour). Mortar containing pre-soaked biochar dosed with carbon dioxide was identified as a strategy that achieved the highest carbonation efficiency (0.068% per unit dosage hour), but it also reduced compressive strength (45.1 MPa). Collectively, the proposed typology offers a useful overview of the different ways by which biochar can be used to tune ACC in mortar, according to any technical constraints and/or intended functions of the carbonated concrete components. Graphical Abstract",62,Semantic Scholar,https://link.springer.com/content/pdf/10.1007/s42773-023-00234-w.pdf,f4e959f297ca1896b8bd6392e3c8114d995e6658
D,CO2养护与碳化混凝土,"""carbonation curing"" concrete strength",Improving concrete resistance to low temperature sulfate attack through carbonation curing,2021,Shipeng Zhang; Zaid Ghouleh; A. Azar; Y. Shao,Materials Structure,10.1617/s11527-021-01626-9,https://www.semanticscholar.org/paper/9464ec53f196f9a6bc278629e02d2fb2fe159e97,unclear,0,Semantic Scholar,unclear,9464ec53f196f9a6bc278629e02d2fb2fe159e97
D,CO2养护与碳化混凝土,"""carbonation curing"" concrete strength",Carbonation behavior of recycled concrete with CO2-curing recycled aggregate under various environments,2020,Chao-feng Liang; Na Lu; Hongwang Ma; Zhiming Ma; Z. Duan,unclear,10.1016/j.jcou.2020.101185,https://www.semanticscholar.org/paper/581b0c58723d60feafa4b5fa8db6f1e1272fe1e4,"Abstract A CO2-curing treatment is frequently used to modify the properties of recycled aggregate (RA); however, the carbonation behavior of concrete with CO2-curing recycled aggregate (CRA) has not been investigated in previous investigations. This research focuses on investigating the carbonation behavior of concrete containing CRA when exposed to various environments. The results show that the CO2-curing treatment improves RA property, and there is an obvious reduction in water absorption of CRA. The CRA concrete has higher compressive strength and a lower carbonation depth than RA concrete; in addition, the decrease in the carbonation depth is more obvious when the CO2-curing recycled fine and coarse aggregates are added; for example, the maximum carbonation depth of CRA concrete is approximately 42.5 % lower than that of RA concrete. The carbonation depth increases linearly with the square root of carbonation time. When subjected to the freeze-thaw conditions, incorporating CRA improves the freezing-thawing resistance of concrete, and CRA concrete has better carbonation resistance than RA concrete after undergoing the same number of freeze-thaw cycles. An induced initial crack deteriorates the carbonation resistance of CRA concrete, but CRA concrete still has better carbonation resistance than RA concrete when the induced initial crack and carbonation duration are the same.",126,Semantic Scholar,unclear,581b0c58723d60feafa4b5fa8db6f1e1272fe1e4
D,CO2养护与碳化混凝土,"""carbonation curing"" concrete strength",The effect of combined carbonation and steam curing on the microstructural evolution and mechanical properties of Portland cement concrete,2021,Seonhyeok Kim; T. AmrIssam; Fadhel Bandar; Rami A. Bamagain; A. Hunaidy; Solmoi Park; Joonho Seog; H. K. Lee,unclear,10.12989/acc.2021.11.5.367,https://www.semanticscholar.org/paper/3f269a7ed7fbf3fb3e6cb64a7b158f774cabaaf1,unclear,3,Semantic Scholar,unclear,3f269a7ed7fbf3fb3e6cb64a7b158f774cabaaf1
D,CO2养护与碳化混凝土,"""carbonation curing"" concrete strength",Optimizing NaHCO3 solution concentration for carbonation and strengthening of recycled aggregate concrete,2025,R. Xu; Zongping Chen; Ying Liang; Fan Ning; Xuemei Liu,Archives of Civil and Mechanical Engineering,10.1007/s43452-025-01252-0,https://www.semanticscholar.org/paper/8777b4ac8ae3f8039b2132b483afde9b2568ebaa,unclear,3,Semantic Scholar,unclear,8777b4ac8ae3f8039b2132b483afde9b2568ebaa
D,CO2养护与碳化混凝土,"""carbonation curing"" concrete strength",Investigation on durability of mPCM modified concrete subjected to the coupling action of carbonation and freeze-thaw cycles,2025,Xuebing Zhang; Tianyun Zhang; Baikuang Chen; Wanji Ou; Yang Quan; Guohui Cao; Ping Xiang,European Journal of Environmental and Civil Engineering,10.1080/19648189.2025.2492089,https://www.semanticscholar.org/paper/94c059c99475f0b32ae21f2fc9c945973e4f6680,"Abstract Carbonation and freeze-thaw cycles have been important factors affecting the durability of concrete in cold regions. This research prepared modified concrete specimens by substituting river sand with microencapsulated phase change materials (mPCM) at concentrations of 6%, 9% and 12%, followed by 28 days of curing. After undergoing carbonation for 14 and 28 days, respectively, the specimens were subjected to freeze-thaw cycles experiments to assess changes in mechanical properties and frost resistance. In this paper, we examine the compressive strength, split tensile strength, mass loss and dynamic elastic modulus loss of concrete subject to the interaction of carbonation, freeze-thaw cycles and mPCM for the first time. Furthermore, it was investigated the evolution of concrete’s micro-morphology and pore structure employing scanning electron microscopy and mercury intrusion porosimetry (MIP). The results showed that: 1) early carbonization exacerbates concrete damage, but freeze-thaw cycles become a primary factor over time. 2) The collective impacts of mPCM and carbonation on durability of concrete is contingent upon their relative contributions in improving pore structure. 3) The addition of mPCM not only increases pore numbers but also promotes pore connectivity, whereas prolonged carbonation (28 d) elevates the tortuosity, making pore channels more complex.",2,Semantic Scholar,unclear,94c059c99475f0b32ae21f2fc9c945973e4f6680
D,CO2养护与碳化混凝土,"""carbonation curing"" concrete strength",Optimizing Carbonation Hardening for Lightweight Concrete,2025,Olexander Gara; Anatoliy Gara; Andrii Kolesnykov; Khrystyna Moskalova,Tehnički glasnik,10.31803/tg-20241231153205,https://www.semanticscholar.org/paper/fb30b86281b72bf52c62f6a02e1c82dab4824fb3,"This study investigates the accelerated carbonation hardening (ACH) of lightweight aggregate concrete. It evaluates the effects of binder content, ground limestone, lightweight aggregates, plasticizers, carbonation pressure, and duration on compressive strength at 1 hour, 28 days, and 180 days. Statistical models and optimization using desirability functions were employed to identify optimal recipe and technological parameters. ACH enhances concrete strength and promotes sustainable carbon sequestration, providing an alternative to conventional curing methods.",0,Semantic Scholar,https://doi.org/10.31803/tg-20241231153205,fb30b86281b72bf52c62f6a02e1c82dab4824fb3
D,CO2养护与碳化混凝土,"""carbonation curing"" concrete strength",Effect of carbonation on concrete structure - a review,2025,Prashant S. Chavan; Chaitanya Mishra,Journal of Physics: Conference Series,10.1088/1742-6596/3076/1/012008,https://www.semanticscholar.org/paper/19454cf6aec600e3f457eb485c98ce85591d9896,"Cement production is a key source of human-made greenhouse gas (GHG) emissions and one of the primary drivers of worldwide CO2 output. As the environmental influences of cement manufacturing continue to grow, reducing its carbon footprint has become progressively crucial. Reinforced cement concrete (RCC) has long been a popular construction material because of its excellent compressive and tensile strength. These basis properties of the structure are extremely affected due to corrosion and degradation of steel. Basic reason behind the corrosion and degradation of steel is carbon percentage present in the steel. Over time, through carbonation, the highly alkaline environment of Portland cement concrete is neutralized. Which can break down the protective layer on steel reinforcement bars. Excessive early-age carbonation curing has been observed to weaken the strength characteristics of cement-based composites, affecting their performance in both the short and long term. This process eventually causes corrosion of the reinforcement, leading to early structural deterioration. This review offers a comprehensive, cutting-edge overview of current carbonation strategies, emphasizing the key industrial challenges and crucial research gaps that still require in-depth exploration.",0,Semantic Scholar,unclear,19454cf6aec600e3f457eb485c98ce85591d9896
D,CO2养护与碳化混凝土,"""carbonation curing"" concrete strength",Synergistic Gypsum–Carbonation Strategy and Non-Contact ITZ Quantification for CFBFA Artificial Aggregate Concrete,2025,Nuo Xu; Mingyi Guo; Yiheng Chen; Rentuoya Sa; M. Huo; Suxia Ma,Materials,10.3390/ma18225240,https://www.semanticscholar.org/paper/e04615e870e0c2a98c3c4adab6874ee57f30ecc1,"This study explores an integrated strategy combining gypsum activation and pressurized flue gas heat curing (FHC) to enhance the interfacial transition zone (ITZ) in concrete incorporating over 80% circulating fluidized bed fly ash (CFBFA)-based artificial coarse aggregates. The inherently weak ITZ, characterized by low bonding strength and high porosity, remains a major limitation to the mechanical performance of CFBFA-based concrete. Gypsum promotes the formation of ettringite (AFt) and facilitates the development of a dense CaCO3 shell through enhanced carbonation. Their synergistic effect improves microstructural homogeneity and reduces crack connectivity at the interface. A novel grayscale image-based double-peak gradient method is developed for non-contact, quantitative measurement of ITZ thickness, revealing a strong inverse correlation (R2 = 0.87) between ITZ thickness and compressive strength. Microstructural analyses confirm that the dual treatment significantly refines the ITZ, resulting in denser aggregate interiors, improved matrix continuity, and more structurally integrated interfaces. The failure mode correspondingly shifts from interface-dominated fracture to composite-controlled behavior. These findings demonstrate the effectiveness of the FHC–gypsum approach in tailoring ITZ morphology and enhancing mechanical integrity, offering a viable pathway for high-performance, low-carbon cementitious composites utilizing industrial by-products.",0,Semantic Scholar,unclear,e04615e870e0c2a98c3c4adab6874ee57f30ecc1
D,CO2养护与碳化混凝土,"""carbonation curing"" concrete strength",Effects of porous ceramic roof tile waste aggregate on strength development and carbonation resistance of steam-cured fly ash concrete,2020,Y. Ogawa; P. Bui; K. Kawai; R. Sato,unclear,10.1016/j.conbuildmat.2019.117462,https://www.semanticscholar.org/paper/b6451acf69d8af49fb96920e342787b8fb0a6166,"Abstract This study aims to investigate the effects of porous ceramic waste coarse aggregate (PCWA), which was used as an internal curing agent, on the compressive strength, shrinkage, and carbonation resistance of steam-cured concrete using fly ash (FA) at the replacement ratios of 0%, 20%, and 40% by mass. The PCWA replacement ratios amounted to 0%, 10%, and 20% of the coarse aggregate volume. The results showed that the PCWA significantly improved compressive strength and carbonation resistance of concrete using 40% FA, whereas it could increase the drying shrinkage of the steam-cured concrete using 40% FA.",55,Semantic Scholar,https://ir.lib.hiroshima-u.ac.jp/50512/files/35844,b6451acf69d8af49fb96920e342787b8fb0a6166
D,CO2养护与碳化混凝土,"""carbonation curing"" concrete strength",Carbonation of Recycled Concrete Aggregates for New Concrete and Concrete Fines to Make Cement-Free Hollow Blocks,2024,Jef Bergmans; Hadi Kazemi Kamyab; Debabrata Ghosh; Peter Van Mierloo; Hilde Carens; Peter Nielsen,Sustainability,10.3390/su16083494,https://www.semanticscholar.org/paper/294e7bca5e4afe55ade56e592739abf7d1effade,"Mineral carbonation provides a way to increase the recycling of concrete waste in added-value products, and contributes to the principles of the circular economy. At present, most concrete waste is still downcycled. The high water absorption of recycled concrete aggregates, among other factors, impedes their recycling in the concrete industry. The quality of coarse recycled concrete aggregates (RCA) can, however, be enhanced by carbonation. Even when starting with high-grade RCA obtained from a selective demolition process, the carbonation process can decrease the water absorption of the RCA to as low as 3.0%. Concrete with a 50% replacement rate of carbonated RCA can be produced without a significant compressive strength reduction. The research further shows that carbonation can be performed at atmospheric pressure and low CO2 concentrations (e.g., 10%). The recycled concrete fines (RCF, 0–4 mm) in combination with 25% stainless steel slag were used to make zero-cement hollow blocks (39 × 19 × 9 cm) by carbonation curing without using any hydraulic binder. The hollow blocks have a compressive strength of 15.4 MPa at the lab scale. Both technologies were demonstrated on a pilot scale. In both processes, CO2 is immobilized in the resulting construction product. The developed production processes use less primary raw materials and cause less greenhouse-gas emissions than the production of traditional concrete products.",15,Semantic Scholar,https://www.mdpi.com/2071-1050/16/8/3494/pdf?version=1713785254,294e7bca5e4afe55ade56e592739abf7d1effade
D,CO2养护与碳化混凝土,"""carbonation curing"" concrete strength",Effect of Pre-Curing Time and Residual Water–Cement Ratio on CO2 Curing of Recycled Concrete,2025,Qi-yi Lai; Cheng Wang; Yu Liu; Xuejin Ying; Zixin He; Jianjun Zhao; Xiao Zhao,Sustainability,10.3390/su17156769,https://www.semanticscholar.org/paper/f4eb7f41a31a4fe60f35654877dd276e2f829a5c,"Using recycled concrete (RC) created from building debris to capture, utilize, and sequester CO2 is a green and sustainable development strategy. Before CO2 curing, pretreatment can provide a suitable environment for the carbonation reaction of the RC, accelerate the carbonation rate of the RC, and enhance its performance. The effects of the pre-curing time and residual water–cement ratio (Re) on the carbon sequestration rate, carbon sequestration, carbonation depth, and mechanical strength of RC were investigated and validated through X-ray diffraction (XRD) and scanning electron microscopy (SEM). The study demonstrated optimal carbon sequestration properties at a pre-curing time of 5 days. The corresponding carbon sequestration rate, unit carbon sequestration, carbonation depth, and compressive strength were 23.17%, 19.88 g/kg, 15.79 mm, and 28.7 MPa, respectively. Optimal carbon sequestration performance occurred at a Re of 0.26. The measured values were 20.15% (carbon sequestration rate), 17.38 g/kg (unit carbon sequestration), 12.55 mm (carbonation depth), and 31.1 MPa (compressive strength). According to the XRD and SEM results, the effects of pre-curing time and Re were mainly seen in the conversion rate of CaCO3 and a denser microstructure. This implies that improving the CO2 curing effect by controlling the pre-curing time and Re can both alleviate the pressure of greenhouse gas emissions and increase the utilization efficiency of RC.",1,Semantic Scholar,unclear,f4eb7f41a31a4fe60f35654877dd276e2f829a5c
D,CO2养护与碳化混凝土,"""carbonation curing"" concrete strength",Influence of accelerated carbonation curing on the properties of self-compacting concrete mixtures containing different mineral fillers,2019,Shamsad Ahmad; R. Assaggaf; S. Adekunle; O. Al-Amoudi; M. Maslehuddin; Syed Imran Ali,European Journal of Environmental and Civil Engineering,10.1080/19648189.2019.1649197,https://www.semanticscholar.org/paper/ee109e9315557a061e648786e4467bb66a7e4b8b,"Abstract This paper presents a study on the effects of accelerated carbonation curing (ACC) on performance of self-compacting concrete (SCC) mixtures prepared using limestone powder (LSP) alone and blend of limestone powder and silica fume (SF) as mineral fillers. Specimens cast using both SCC mixtures were subjected to ACC that consisted of exposing specimens to CO2 for 10 hours under a constant pressure of 414 kPa. ACC-treated specimens were tested for evaluating effects of ACC on properties of SCC mixtures in terms of CO2 uptake, mechanical and durability properties, morphology, and mineralogy. Test results indicate that the ACC-treatment substantially enhanced the properties of both SCC mixtures. Strength of ACC-treated concrete specimens can be improved further by exposing them to air for a period of first 7 days of the ACC-treatment. ACC-treatment of LSP-SF-C was more effective than that for LSP-C. Properties of ACC-treated SCC mixtures were comparable with that of the same mixtures subjected to moist-curing for 7 days except drying shrinkage, which was higher for ACC-treated specimens than the moist-cured specimens. However, shrinkage of ACC-treated specimens after 7 days was within the permissible limit in case of LSP-C whereas 7-day shrinkage for LSP-SF-C exceeded the permissible limit of 500 μm.",11,Semantic Scholar,unclear,ee109e9315557a061e648786e4467bb66a7e4b8b
D,CO2养护与碳化混凝土,"""carbonation curing"" concrete strength",Determination of Flexural Strength of Concrete by Carbon Dioxide Curing,2022,V. Y M; Seema B S; Natraj R L; Yashaswini L,Asian journal of applied science and technology,10.38177/ajast.2022.6202,https://www.semanticscholar.org/paper/80aabb768846453a7a92ab0d6af5979b3c001ab0,"The global gas emission is keeping on increasing for which cement industry alone contributes 5%. The enormous water is required for curing of concrete in construction industry which can effectively be used for various purposes. The accelerated carbonation curing shows a way to reduce these emissions in a very effective way by sequestering it in concrete elements. In this paper the effect of accelerated carbonation curing was reviewed on non-reinforced concrete elements (cubes) and reinforced concrete elements (prisms). The CO2 curing showed 60% in strength of cubes and prisms, respectively when compared to water cured specimens. This early age strength through waste gas proves beneficial in terms of reducing in atmospheric pollution and saving the water which is a critical resource now-a-days.",0,Semantic Scholar,https://doi.org/10.38177/ajast.2022.6202,80aabb768846453a7a92ab0d6af5979b3c001ab0
D,CO2养护与碳化混凝土,"""carbonation curing"" concrete strength",Determination of Flexural Strength of Concrete by Carbon Dioxide Curing,2022,D. MacMaster; Oscar Tavares,unclear,unclear,https://www.semanticscholar.org/paper/240b6324bf3e65e21b7406354d26b148c4ebfe76,unclear,0,Semantic Scholar,unclear,240b6324bf3e65e21b7406354d26b148c4ebfe76
D,CO2养护与碳化混凝土,"""carbonation curing"" concrete strength",Effect of early carbonation curing on chloride penetration and weathering carbonation in concrete,2016,Duo Zhang; Y. Shao,unclear,10.1016/j.conbuildmat.2016.07.041,https://www.semanticscholar.org/paper/57e5d4a4d9435ba82b80f1250d3eccb4067072ea,unclear,206,Semantic Scholar,unclear,57e5d4a4d9435ba82b80f1250d3eccb4067072ea
D,CO2养护与碳化混凝土,"""carbonation curing"" concrete strength",Effect of Slag Content and Carbonation/Ageing on Freeze-Thaw Resistance of Concrete,2024,A. Iqbal; Teemu Ojala; Fahim Al-Neshawy; J. Punkki,Nordic Concrete Research,10.2478/ncr-2024-0012,https://www.semanticscholar.org/paper/11ee4ae445a4863f6306236d073a52415c97f496,"Abstract The construction industry is pursuing the reduction of CO2 emissions and the development of lowcarbon concrete. LOIKKA research project was initiated in Finland with the aim to reduce the CO2 emissions of concrete manufacturing by 50%. The use of blast furnace slag was seen as the most competitive way to significantly reduce CO2 emissions of concrete. However, incorporating slag in concrete can lead to durability complications, particularly concerning salt freeze-thaw resistance. This study investigates the effects of slag content, carbonation/ageing, and pre-curing conditions on the freeze-thaw and salt freeze-thaw resistance of concrete. Additionally, it evaluates the compressive strength development and porosity differences of test concretes. Slab tests were conducted to determine the surface scaling and internal damage resistance of concrete specimens. The results showed that high slag content and carbonation reduced salt freeze-thaw resistance. The incorporation of 50% slag content as the cement clinker replacement is considered critical. An increase in slag content led to a decrease in the compressive strength at 7 days due to the low reactivity of slag but achieved the highest compressive strength at 91 days with 70% slag content. These insights contribute to our understanding of the durability properties of concrete incorporating slag.",5,Semantic Scholar,https://doi.org/10.2478/ncr-2024-0012,11ee4ae445a4863f6306236d073a52415c97f496
D,CO2养护与碳化混凝土,"""carbonation curing"" concrete strength",Effect of the Addition of Manganese Dioxide Nanoparticles on the Mechanical Properties of Concrete against Carbonation and Sulfate Attack,2024,Ana Torre; Luisa Shuan; Noemi Quintana; Isabel Moromi; J. Basurto; L. Mosquera; Noe Cortez,Buildings,10.3390/buildings14103094,https://www.semanticscholar.org/paper/fe05e1556d3b30896eb0dc88ef1cfe71a4238d0c,"This study evaluates the impact of the addition of nanoparticles of anodic manganese dioxide (NAMD) on the mechanical properties and resistance to chemical attack of concrete. The research focused on nine concrete mixtures with water/cement ratios of 0.40, 0.45, and 0.50 and NAMD contents of 0, 5, and 10%. The properties of NAMD were analyzed, and fresh concrete properties such as temperature, unit weight, and consistency were measured. The compressive strength was determined at different ages (7, 14, 28, 56, and 90 days). The tensile and flexural strength were evaluated at 28 days, and the longitudinal change generated by the SO4Mg attack was monitored until 90 days. In addition, an accelerated carbonation test was performed on concrete samples with 28 days of curing exposed to an atmosphere of 6% CO2 for one week. The addition of NAMD did not significantly affect the temperature or unit weight of the fresh concrete, but it did influence the consistency. An increase in compressive, tensile, and flexural strength was observed, especially at early ages and for low w/c ratios. The addition of NAMD reduced the expansion of concrete exposed to magnesium sulfate, with 5% being the most effective dose, and reduced the carbonation rate of concrete by up to 40% in mixes with w/c ratios of 0.40 and 0.50. It was shown that the addition of 5% as an effective dose of NAMD improves the mechanical and durability properties of concrete, especially in mixtures with a low water/cement ratio, contributing to the improvement of the quality and strength of concrete.",1,Semantic Scholar,https://doi.org/10.3390/buildings14103094,fe05e1556d3b30896eb0dc88ef1cfe71a4238d0c
D,CO2养护与碳化混凝土,"""carbonation curing"" concrete strength",Critical review of standardized test methods for determining the carbonation resistance of concrete,2024,Vyacheslav R. Falikman; N. S. Dmitriev,Concrete and Reinforced Concrete,10.37538/0005-9889-2024-5(624)-61-68,https://www.semanticscholar.org/paper/fc89a341df5f1058ba5207e18d9f25a5b46bf593,"Principal part. The article considers the recommendations on preliminary preparation and curing of specimens given in the existing domestic and foreign standards of concrete carbonization tests. The conditions of exposure to accelerated carbonization affect the mechanism of processes and the degree of changes that the material will experience. The concept of “maturity index” should be prioritized in future iterations of standards. There is a need to provide direct comparison of the results of different studies and to improve the understanding of how the internal properties of individual concrete types relate to their resistance to carbonation, to define principles for accurately translating carbonation rates in accelerated tests into natural carbonation rates for different types of concrete. Prescriptive and performance-based approaches to durability design of reinforced concrete structures are reviewed in this article. Often a direct correlation between carbonization ratio and compressive strength in concretes with mineral additives is not revealed, especially when the performance characteristics are determined by accelerated tests. Therefore, models of degradation of such concretes under the influence of carbon dioxide in semi-probabilistic, probabilistic calculations, and service life assessment need some refinement. Conclusions. The existing standards for carbonation depth determination have significant differences from each other, in particular in the variants of specimen preparation, curing conditions, conditions during testing in the carbonation chamber. This leads to different results when tested to different standards. The performance-based approach to assessing the durability and service life of reinforced concrete structures can be considered an important advancement in structural concrete design. At present, the limitations in this approach are due to the fact that the various failure processes affecting the behavior of reinforced concrete structures are not fully studied and described in all necessary details, laboratory test methods do not always reflect the actual operating conditions, and the variation of concrete quality within a structure are determined by the heterogeneity and anisotropy of properties, the presence of defects, time-dependent parameters (shrinkage, creep), and other probabilistic factors.",1,Semantic Scholar,unclear,fc89a341df5f1058ba5207e18d9f25a5b46bf593
D,CO2养护与碳化混凝土,"""carbonation curing"" concrete strength",Carbonation and strength of self-compacting concrete with coal bottom ash exposed to seawater by wetting-drying cycle,2020,A. F. Hamzah; M. H. Wan Ibrahim; E. A. Manan,IOP Conference Series: Earth and Environment,10.1088/1755-1315/476/1/012032,https://www.semanticscholar.org/paper/3f9a796c256518f11e362ce56fad9b45022ad132,"This experimental work presents the carbonation and strength behaviour of self-compacting concrete with coal bottom ash that was exposed to cyclic wetting-drying processes under condition of seawater environment. Six series of mix portions with 0%, 10%, 15%, 20%, 25% and 30% of coal bottom ash replacement to sand were produced. The samples arising from each mixture were exposed to seawater environment with an average of 15 hours of wetting and 9 hours of drying process per day. Thus, the carbonation and compressive strength behaviour at the durations of 28, 60, 90 and 180 days under curing process were observed. The results obtained in this study for seawater exposure has clearly indicated that the incorporation of 10% replacement of coal bottom ash to sand exhibited good result of carbonation and compressive strength.",7,Semantic Scholar,https://doi.org/10.1088/1755-1315/476/1/012032,3f9a796c256518f11e362ce56fad9b45022ad132
E,碳化固废辅助胶凝材料,"""carbonated steel slag"" ""supplementary cementitious material""",The Utilization of Carbonated Steel Slag as a Supplementary Cementitious Material in Cement,2024,Xinyue Liu; Pengfei Wu; Xiaoming Liu; Zengqi Zhang; Xianbin Ai,Materials,10.3390/ma17184574,https://www.semanticscholar.org/paper/36a8dbd2696b8e87c643d91d5de42d9eafc150da,"Carbon emission reduction and steel slag (SS) treatment are challenges in the steel industry. The accelerated carbonation of SS and carbonated steel slag (CSS) as a supplementary cementitious material (SCM) in cement can achieve both large-scale utilization of SS and CO2 emission reduction, which is conducive to low-carbon sustainable development. This paper presents the utilization status of CSS. The accelerated carbonation route and its effects on the properties of CSS are described. The carbonation reaction of SS leads to a decrease in the average density, an increase in the specific surface area, a refinement of the pore structure, and the precipitation of different forms of calcium carbonate on the CSS surface. Carbonation can increase the specific surface area of CSS by about 24–80%. The literature review revealed that the CO2 uptake of CSS is 2–27 g/100 g SS. The effects of using CSS as an SCM in cement on the mechanical properties, workability, volume stability, durability, environmental performance, hydration kinetics, and microstructure of the materials are also analyzed and evaluated. Under certain conditions, CSS has a positive effect on cement hydration, which can improve the mechanical properties, workability, bulk stability, and sulfate resistance of SS cement mortar. Meanwhile, SS carbonation inhibits the leaching of heavy metal ions from the solid matrix. The application of CSS mainly focuses on material strength, with less attention being given to durability and environmental performance. The challenges and prospects for the large-scale utilization of CSS in the cement and concrete industry are described.",31,Semantic Scholar,https://doi.org/10.3390/ma17184574,36a8dbd2696b8e87c643d91d5de42d9eafc150da
E,碳化固废辅助胶凝材料,"""carbonated steel slag"" ""supplementary cementitious material""",Analysis of the Stability and Reactivity of Carbonated Steel Slag Powder as a Supplementary Cementitious Material,2025,Longteng Zhang; Haihe Yi; Whenyu Du; Dachao Jiang; Yonghua Jiao; Hongyi Zhao; Tian Su,Coatings,10.3390/coatings15121368,https://www.semanticscholar.org/paper/12ff8e8e75c8194c6fcfd5697c2e1a6c3c897366,"In order to address the poor volume stability and low reactivity of steel slag powder (SS) as a supplementary cementitious material (SCM), this study investigates a microbial-assisted carbonation method for its enhancement. Using untreated SS as a control, we compared the performance and microstructure of carbonated steel slag powder (CSS) and bio-mineralized steel slag powder (BSS). Results indicate that, compared to CSS, BSS exhibits a more significant reduction in the content of f-CaO and f-MgO (from 6.25% and 3.19% to 0.8% and 1.36%, respectively) and a greater improvement in 7-day and 28-day activity indices (from 59% and 72% to 78% and 87%), leading to markedly enhanced volume stability and reactivity. Calculations show that each ton of BSS can sequester 114.2 kg of CO2, and it achieves a cement replacement ratio exceeding 30%. The utilization of BSS as an SCM not only addresses the inherent technical challenges of steel slag powder but also creates dual environmental benefits through emission reduction and active carbon sequestration, demonstrating significant potential for advancing the low-carbon transition in the construction materials industry.",2,Semantic Scholar,unclear,12ff8e8e75c8194c6fcfd5697c2e1a6c3c897366
E,碳化固废辅助胶凝材料,"""carbonated steel slag"" ""supplementary cementitious material""",Carbonated steel slag as supplementary cementitious material: Paving the way to full reutilization,2025,Lufan Li; Xi Wu; Chengquan Wang; Tung-Chai Ling,Case Studies in Construction Materials,10.1016/j.cscm.2025.e04535,https://www.semanticscholar.org/paper/8c271f80760eb53eec5eb20077fab916737f93b6,unclear,9,Semantic Scholar,https://doi.org/10.1016/j.cscm.2025.e04535,8c271f80760eb53eec5eb20077fab916737f93b6
E,碳化固废辅助胶凝材料,"""carbonated steel slag"" ""supplementary cementitious material""",Carbonated high-Al steel slag as supplementary cementitious material: Synergy of carbonation at elevated temperature and addition of gypsum,2025,Nannan Zhang; Gao Deng; Wenyu Liao; Chuanlin Hu; Lingyu Chi; Hongyan Ma,Construction and Building Materials,10.1016/j.conbuildmat.2025.143088,https://www.semanticscholar.org/paper/06068d0c1e807cc2bf80d54520ab71729ea65100,unclear,0,Semantic Scholar,unclear,06068d0c1e807cc2bf80d54520ab71729ea65100
E,碳化固废辅助胶凝材料,"""carbonated steel slag"" ""supplementary cementitious material""",Toward low-carbon and sustainable concrete – carbonated steel slag as supplementary cementitious material: A review,2026,Sereen Talib Hussein; H. J. Khadim; Zainab Abdulsada,Ecological Engineering &amp; Environmental Technology,10.12912/27197050/217786,https://www.semanticscholar.org/paper/269e7733a6ef230945eeea004c7032b55e0051f3,"This review examines in full the use of carbonate steel slag CSS in concrete through combining results from the literature and experimental studies to assess its performance, sustainability and durability. As a by-product of steel production, steel slag is generated in large quantities, posing environmental problems as a result of inadequate disposal and leaching of hazardous materials. Concurrently, the use of Portland cement in the construction sector is a major contributor to CO 2 emissions at global levels. Owing to its chemical similarity to cementitious materials, SS has shown that it possesses good potential as a partial replacement for cement or natural aggregates. However, its high content of free lime and magnesia may cause serious durability problems when used directly as a binder or aggregate substitute. To overcome this limitation, carbonation treatment has become an effective and validated treatment. Through the process of carbonation, the active phases of free CaO and MgO in steel slag can be trans - formed to stable CaCO 3 and MgCO 3 , respectively. Utilizing CSS has several advantages such as volume stability, lower leaching of heavy metals, improved mechanical performance and resistance to chemical and chloride-caused corrosion. However, the transformation not only improves the stability and usability of the material, but it also enables sequestration of CO 2 through mineralization, which is a part of the emission reduction efforts. The present study focuses on the physico-chemical characteristics of steel slag, the carbonation behavior, the key parameters that affect the carbonation efficiency, and the possible applications of carbonated slag. Moreover, research gaps and future directions of development of steel slag carbonation are discussed.",0,Semantic Scholar,unclear,269e7733a6ef230945eeea004c7032b55e0051f3
E,碳化固废辅助胶凝材料,"""carbonated steel slag"" ""supplementary cementitious material""",Time-dependent rheological behavior of cementitious pastes incorporating carbonated steel slag as a supplementary cementitious material under controlled shear mixing,2026,Ning Li; C. Unluer,Construction and Building Materials,10.1016/j.conbuildmat.2026.145893,https://www.semanticscholar.org/paper/aff463dafcf46886a0a6877b47217fabbbd8acaf,unclear,0,Semantic Scholar,unclear,aff463dafcf46886a0a6877b47217fabbbd8acaf
E,碳化固废辅助胶凝材料,"""carbonated steel slag"" ""supplementary cementitious material""",Developing core-shell structured carbonated steel slag for high-performance supplementary cementitious material,2026,Feifei Zhou; R. Gu; Qingping Wang; Ganghua Pan; Jiufu Zhang; Hailong Sun,Construction and Building Materials,10.1016/j.conbuildmat.2026.146468,https://www.semanticscholar.org/paper/5758f23681993f4de8446e201ce9afa20b90fa68,unclear,0,Semantic Scholar,unclear,5758f23681993f4de8446e201ce9afa20b90fa68
E,碳化固废辅助胶凝材料,"""carbonated steel slag"" ""supplementary cementitious material""",Effect of accelerated precarbonation on hydration activity and volume stability of steel slag as a supplementary cementitious material,2021,Yanfeng Fang; W. Su; Yuzhuo Zhang; Miao Zhang; X. Ding; Qinghe Wang,Journal of Thermal Analysis and Calorimetry,10.1007/s10973-021-10914-z,https://www.semanticscholar.org/paper/ccb88cd311571d5eb37b4aac40fa2fa40168284f,unclear,53,Semantic Scholar,unclear,ccb88cd311571d5eb37b4aac40fa2fa40168284f
E,碳化固废辅助胶凝材料,"""carbonated steel slag"" ""supplementary cementitious material""","Environmental, economic and engineering performances of aqueous carbonated steel slag powders as alternative material in cement pastes: Influence of particle size.",2023,Xinduo Li; H. Mehdizadeh; T. Ling,Science of the Total Environment,10.1016/j.scitotenv.2023.166210,https://www.semanticscholar.org/paper/6313bfd2b5c0b7f5616b0f63c44fab4b1f395405,"The low reactivity and volume expansion issue of steel slag limits its application as alternative to cement. Studies demonstrated that aqueous carbonation (AC) can enhance the cementitious properties of finely sized steel slag as a cementitious supplementary material (SCM). However, the impact of particle size on the CO2 uptake capacity and its association of performance of carbonated steel slag remains unexplored. This study aims to optimize the grinding levels by examining the fineness of the steel slag used as SCM to reduce the high-energy consumption while maintaining the CO2 sequestration and properties of SCM. The results show that reducing the size of steel slag is favorable for CO2 sequestration (particle size 22.4-112.6 μm corresponds to sequestration of ~88.5-37.9 kg CO2/t steel slag) and improve the leaching of Mg ions for mineralization. The life cycle assessment shows that the global warming potential of AC of steel slag is ~96.2-24.9 kg CO2-eq/t steel slag, which can offset the carbon emissions due to further grinding. The 28-day compressive strength of the cement pastes blended with finer carbonated steel slag was also relatively higher due to the formation of mono-carboaluminates and stabilization of ettringite in facilitating the bond strength between the carbonated steel slag particle and the cement paste matrix. According to 3E (engineering, environmental and economic) triangle model, 22.4 μm steel slag powder showed the best comprehensive performance, including an increased revenue of 40.8 CNY/ton steel slag.",66,Semantic Scholar,unclear,6313bfd2b5c0b7f5616b0f63c44fab4b1f395405
E,碳化固废辅助胶凝材料,"""carbonated steel slag"" ""supplementary cementitious material""",Effect of Glycine on the Wet Carbonation of Steel Slag Used as a Cementitious Material,2024,Peiyu Cao; Xin Zhao; Yutong Wang; Zeyu Zhang; Jiaxiang Liu,Materials,10.3390/ma17020451,https://www.semanticscholar.org/paper/b0f72b972cced766374a0af91d4ee32f8c06cd3c,"The wet carbonation process of steel slag (SS) is envisaged to be an effective way to sequestrate CO2 and improve the properties of SS as a supplementary cementitious material. However, the carbonation process still struggles with having a low carbonation efficiency. This paper studied the effect of glycine on the accelerated carbonation of SS. The phase composition change of carbonated SS was analyzed via XRD, FT-IR, and TG–DTG. The carbonation process of SS is facilitated by the assistance of glycine, with which the carbonation degree is increased. After 60 min of carbonation, SS with glycine obtained a CO2 sequestration rate of 9.42%. Meanwhile, the carbonation reaction could decrease the content of free calcium oxide in SS. This significantly improves the soundness of SS–cement cementitious material, and the compressive strength of cementitious materials that contain carbonated SS with glycine is improved. Additionally, the cycling performance of glycine in the successive wet carbonation process of SS was investigated. Multicycle experiments via solvent recovery demonstrated that although the promotion effect of glycine was reduced after each cycle, compared with the SS–water system, the carbonation process could still be facilitated, demonstrating that successive wet carbonation via solvent recovery has considerable potential. Herein, we provide a new idea to facilitate the wet carbonation process of SS and improve the properties of SS–cement cementitious material.",4,Semantic Scholar,https://www.mdpi.com/1996-1944/17/2/451/pdf?version=1705504927,b0f72b972cced766374a0af91d4ee32f8c06cd3c
E,碳化固废辅助胶凝材料,"""carbonated steel slag"" ""supplementary cementitious material""",Mineralogical Transformations of H2-DRI-EAF Slag by Carbonation Treatment Improves the Performance of the Slag as Supplementary Cementitious Material,2026,Srujana Gouda; Hoang-Anh Nguyen; Vitalii Ponomar; E. Adesanya; J. Yliniemi; Katja Kilpimaa,Journal of Sustainable Metallurgy,10.1007/s40831-026-01409-y,https://www.semanticscholar.org/paper/197943ef2ea37e758117a5c50795bccb9a69669a,unclear,0,Semantic Scholar,unclear,197943ef2ea37e758117a5c50795bccb9a69669a
E,碳化固废辅助胶凝材料,"""carbonated steel slag"" ""supplementary cementitious material""",Utilization Potential of Steel Slag for CO2 Sequestration and as a Filler Aggregate in Mortars,2026,M. Loncnar; Sara Tominc; L. Žibret; S. Dolenec; Maruša Mrak; V. Ducman,Journal of Sustainable Metallurgy,10.1007/s40831-026-01463-6,https://www.semanticscholar.org/paper/fa6659d510604d6c953734f053f96012a41730bf,unclear,0,Semantic Scholar,unclear,fa6659d510604d6c953734f053f96012a41730bf
E,碳化固废辅助胶凝材料,"""carbonated steel slag"" ""supplementary cementitious material""",Ontology Framework for Sustainability Evaluation of Cement–Steel-Slag-Stabilized Soft Soil Based on Life Cycle Assessment Approach,2023,Chunyang Yu; Jia Yuan; Chunyi Cui; Jiuye Zhao; Fang Liu; Gang Li,Journal of Marine Science and Engineering,10.3390/jmse11071418,https://www.semanticscholar.org/paper/3ae071a9117a72835749367a3e7ad11a7de388ae,"Steel slag has become a promising supplementary cementitious material for soft soil stabilization. However, there is a lack of research on the integrated assessment of cement–steel-slag-stabilized soft soils (SCSs) from the performance, environmental, and economic perspectives. In this study, an ontology framework for the sustainable evaluation of SCSs was developed based on the life cycle assessment (LCA) approach, which combined a knowledge base with semantic web rules to achieve an automated decision design for soft soil stabilization, considering comprehensive benefits. The ontology framework was applied to a marine soft soil stabilization case to verify its scientificity and practicability and to evaluate the influence of the fineness, carbonation degree, and substitution ratio of steel slag on the sustainability of SCSs. The results show that, when compared to pure-cement-stabilized soil (S-C), using 10% and 20% of fine steel slag carbonated for 18 h (FSS-C-18h) as cement substitutes can significantly reduce carbon emissions and costs while achieving a similar strength performance as S-C, demonstrating the feasibility of steel slag as a sustainable supplementary cementitious material for soft soil stabilization.",8,Semantic Scholar,https://www.mdpi.com/2077-1312/11/7/1418/pdf?version=1689573300,3ae071a9117a72835749367a3e7ad11a7de388ae
E,碳化固废辅助胶凝材料,"""carbonated steel slag"" ""supplementary cementitious material""",Valorization of converter steel slag into eco-friendly ultra-high performance concrete by ambient CO2 pre-treatment,2021,Gang Liu; K. Schollbach; Peipeng Li; H. Brouwers,Construction and Building Materials,10.1016/j.conbuildmat.2021.122580,https://www.semanticscholar.org/paper/c4676bfc6cfb97915fd49866ed990dc272544856,"Abstract The converter steel slag is a by-product during the steel-making process, which usually acts as an inert ingredient in construction due to the relatively low reactivity. However, its mineral composition results in a high reactivity in a CO2 rich environment. This study reveals the modification of converter steel slag by an ambient CO2 pretreatment, and the application of modified converter steel slag as the supplementary cementitious material (SCM) in the design of eco-friendly ultra-high performance concrete (UHPC) by using a particle packing model. The results show that converter steel slag after ambient CO2 pretreatment is feasible to be used in eco-friendly UHPC design, which achieves a relative higher compressive strength over 150 MPa with the cement substitution from 15% to 45%, compared to non-carbonated steel slag. The ambient CO2 pretreatment can modify the physical and chemical properties of converter steel slag particles, which produces a rough and porous surface of slag particles because of the precipitation of calcium carbonate and amorphous silica gel as carbonation products. Consequently, the incorporation of carbonated steel slag improves the cement hydration, enhance the formation of ettringite and C-S-H, while densify the microstructure compared to non-carbonated slag in eco-friendly UHPCs. The leaching of potentially hazardous elements, e.g. Cr and V from carbonated steel slag can be efficiently reduced below legal limits in UHPC mixtures.",91,Semantic Scholar,https://pure.tue.nl/ws/files/199961884/1_s2.0_S0950061821003408_main.pdf,c4676bfc6cfb97915fd49866ed990dc272544856
E,碳化固废辅助胶凝材料,"""carbonated steel slag"" ""supplementary cementitious material""",Effects of ethylenediaminetetraacetic acid on the properties of accelerated carbonated steel slag as supplementary cementitious materials,2025,Yichao Zhang; Jinxue Shan; Zhongcheng Ma; Zhicheng Liu; Jianguo Huang; Yanfeng Fang,Construction and Building Materials,10.1016/j.conbuildmat.2025.142093,https://www.semanticscholar.org/paper/3b1f7556550d3f44fce1041192259d2069ce5847,unclear,5,Semantic Scholar,unclear,3b1f7556550d3f44fce1041192259d2069ce5847
E,碳化固废辅助胶凝材料,"""carbonated steel slag"" ""supplementary cementitious material""",Microbial-Enhanced Steel Slag Fixation of CO2 from Cement Kiln Flue Gas for the Production of Supplementary Cementitious Material,2025,Chunxiang Qian; Yijin Fan; Yafeng Rui; Xiao Zhang; Yangfan Xu,Engineering,10.1016/j.eng.2025.03.024,https://www.semanticscholar.org/paper/03fec201018214632d0c609c6a2256a745356ba1,unclear,14,Semantic Scholar,unclear,03fec201018214632d0c609c6a2256a745356ba1
E,碳化固废辅助胶凝材料,"""carbonated steel slag"" ""supplementary cementitious material""",Mechanical Behavior of Concrete Containing Steel Slag Powder as a Supplementary Cementitious Material,2025,Ahmed M. Gomaa; Khaled M Samy; Girges Nageh; Mohamed Shaita; Mohamed Samir; Armia Adel Said; Abdalla Nasif; Keroles Elkes; Mohamed Raggab; Kamal Hafez,International Journal of Engineering &amp; Artificial Intelligence Art Design,10.21608/ijeaid.2025.407290.1004,https://www.semanticscholar.org/paper/39f9babf08ffe68650dc6ad1842a99068750cb3e,"This study aimed to evaluate the effect of using steel slag powder (SSP) as a partial cement replacement on both the compressive and tensile strengths of ordinary concrete. Amid the growing trend toward sustainable building materials and reduced environmental impact, the use of industrial by-products such as steel slag is a promising option for reducing carbon dioxide emissions and improving concrete properties. Concrete mixes were prepared by replacing cement with different percentages of steel slag powder (0%, 5%, 10%, and 20% by weight), and standard compressive and tensile strength tests were conducted after curing periods of 7, 14, and 28 days. The results showed that an optimum percentage of replacement (10%) contributed to improving both compressive and tensile strengths, with the highest tensile strength recorded at this percentage, with the highest results for all mixes occurring at 28 days. This improvement is attributed to the inherent hydraulic activity of the SSP and its micro filling effect within the concrete structure. The study confirms the effectiveness of SSP as an environmentally friendly and cost effective supplementary cementitious material in the concrete industry, supporting sustainable construction practices.",2,Semantic Scholar,unclear,39f9babf08ffe68650dc6ad1842a99068750cb3e
E,碳化固废辅助胶凝材料,"""carbonated steel slag"" ""supplementary cementitious material""",Development of a sustainable stabilized macadam road base using steel slag as supplementary cementitious material,2024,Xinkui Yang; Shaopeng Wu; Boyu Chen; Guang Ye; Shi Xu,Construction and Building Materials,10.1016/j.conbuildmat.2024.138566,https://www.semanticscholar.org/paper/663255134be72cf07865d7ca1236099318c8b318,unclear,15,Semantic Scholar,unclear,663255134be72cf07865d7ca1236099318c8b318
E,碳化固废辅助胶凝材料,"""carbonated steel slag"" ""supplementary cementitious material""",Performance of a steel slag-based supplementary cementitious material via the synergistic modification of binary fly ash and gypsum system,2023,Yueyang Hu; Xuehong Ren; Jiayuan Ye; Zhengbin Luan; Yongling Xiao; Wensheng Zhang,Construction and Building Materials,10.1016/j.conbuildmat.2023.133186,https://www.semanticscholar.org/paper/a8d8672bb612a0f3c9b6c0fb837dc6b88400bb88,unclear,23,Semantic Scholar,unclear,a8d8672bb612a0f3c9b6c0fb837dc6b88400bb88
E,碳化固废辅助胶凝材料,"""carbonated steel slag"" ""supplementary cementitious material""",Study on preparation of supplementary cementitious material using microbial CO2 fixation of steel slag powder,2022,Xiao Zhang; C. Qian; Zhiyuan Ma; Fan Li,Construction and Building Materials,10.1016/j.conbuildmat.2022.126864,https://www.semanticscholar.org/paper/01df97c4655fa11fcc367069c134ebe8ab17db00,unclear,81,Semantic Scholar,unclear,01df97c4655fa11fcc367069c134ebe8ab17db00
E,碳化固废辅助胶凝材料,"""carbonated steel slag"" ""supplementary cementitious material""",Preparation of a supplementary cementitious material through synergy CO2 mineralization of fly ash and carbide slag,2024,Hongzhi Zhang; Yingxuan Shao; Chuanyi Ma; Xianglong Meng; Nengdong Jiang; Zhi Ge; Meijun Liang; Honglei Chang; B. Šavija,Journal of Sustainable Cement-Based Materials,10.1080/21650373.2024.2441463,https://www.semanticscholar.org/paper/9659c369274642495a9bc57f1a62bd853df593a0,"A compounded system of fly ash (FA) and carbide slag (CS) was proposed for CO2 mineralization using the aqueous approach to prepare supplementary cementitious material. Influence of CS dosage on the morphology, particle size distribution, and chemical phases of the carbonation products were characterized. It is found that the mineralization products (calcite) cover on the surface of FA leading to a remarkable synergistic effect in which the CO2 uptake is improved by about 50%. Furthermore, FA with calcite attached effectively mitigates the set retardation in OPC/FA blends by about 30% and improved the 3- and 28-day compressive strengths by 37.2% and 24.3% respectively due to combined physical and chemical effects. The results indicate that a high-volume cement replacement can be achieved using the carbonated FA produced by the proposed synergy CO2 mineralization.",6,Semantic Scholar,unclear,9659c369274642495a9bc57f1a62bd853df593a0
E,碳化固废辅助胶凝材料,"""carbonated steel slag"" ""supplementary cementitious material""",The Mechanical Properties of Concrete Incorporating Steel Slag as Supplementary Cementitious Material,2021,Xiao Feng Li; S. Doh; Wei Feng; J. A. A. Albtoosh; B. W. Chong,unclear,10.4028/www.scientific.net/kem.879.81,https://www.semanticscholar.org/paper/69f5ae62db658d8d4cbcc981039f64e7c9547130,"Steel slag (SS) is a kind of industrial solid waste usually been dumped at landfills and causes environmental pollution. Previous studies have demostrated that SS can be an alternative material to be used for making concrete and could achieve good mechanical properties, which not only reduce natural resources depletion but also improve environmental quality. This study aims to evaluate the effectiveness of SS as supplementary cementitious material (SCM) partially replacing cement on workability and mechanical properties of fresh and hardened concrete. X-ray flouresence test, slump test, compressive strength test and ultra pulse velocity test have been conducted. Mix designs are determined with replacement proportion of cement by SS of 0, 10%, 20%, 30%, 40% and 50%. Results show that replacement of cement by SS up to 50% increase the workability of concrete. The density of concrete ranges from 2083 to 2373 kg/m3, with and without replacement of SS at curing age of 1-day, 3-day and 28-day. Compressive strength of concretes incorporating SS is lower than that of plain concrete. 1-day and 3-day compressive strength of concrete incorporating SS decrease with the increase in replacement of SS while 28-day compressive strength reach peak at 30% replacement and further replacement of SS reduce 28-day compressive strength. The UPV value of concrete have good relationship with compressive strengh with the correlation coefficient of 0.92, 0.87 and 0.70 of 1-day, 3-day and 28-day experiment data, respectively. This study indicates the SS can be used for making concrete.",5,Semantic Scholar,unclear,69f5ae62db658d8d4cbcc981039f64e7c9547130
E,碳化固废辅助胶凝材料,"""carbonated steel slag"" ""supplementary cementitious material""",Effect of CO2 treatment on the microstructure and properties of steel slag supplementary cementitous materials,2021,Peng Liu; J. Zhong; Mengxiang Zhang; L. Mo; Min Deng,Construction and Building Materials,10.1016/j.conbuildmat.2021.125171,https://www.semanticscholar.org/paper/5efab1076adf2d286d3bbed68b6c73a4a30b171d,"Abstract Accelerated carbonation was employed to pretreat steel slag supplementary cementitious materials (SCMs) to improve its hydration reactivity and volume stability. The microstructures of carbonated steel slag SCMs and their impact on the hydration, soundness and compressive strengths of cement materials were investigated. Results indicated that nano-CaCO3 and amorphous SiO2 gel were the main carbonation products of steel slag, which constructed a porous microstructure, leading to an obvious increase in specific surface area by 77.11%. The nano-CaCO3 and amorphous SiO2 were involved in cement hydration to form monocarboaluminate and C-S-H respectively, which increased the hydration degree, enhanced the interface between the steel slag and hydrated cement matrix. For instance, compressive strength of cement paste mixed with 30 wt% carbonated steel slag was increased by 9.7 % compared with that of the paste incorporating noncarbonated steel slag. The autoclave expansion of cement paste containing 30 wt% carbonated steel slag was 0.17% whereas that of the paste containing uncarbonated steel slag was disintegrated as a result of excessive expansion. This study provides a novel way to utilize the steel slag to prepare high quality SCMs for being used as a replacement of cement.",117,Semantic Scholar,unclear,5efab1076adf2d286d3bbed68b6c73a4a30b171d
E,碳化固废辅助胶凝材料,"""carbonated steel slag"" ""supplementary cementitious material""",Chloride permeability and chloride-induced corrosion of concrete containing lithium slag as a supplementary cementitious material,2025,Md Tanvir Ehsan Amin; P. Sarker; F. Shaikh; Anwar Hosan,Construction and Building Materials,10.1016/j.conbuildmat.2025.140629,https://www.semanticscholar.org/paper/ccce080a54706ddffb181bf8a47e3ef2f0620dab,unclear,14,Semantic Scholar,unclear,ccce080a54706ddffb181bf8a47e3ef2f0620dab
E,碳化固废辅助胶凝材料,"""carbonated steel slag"" ""supplementary cementitious material""",Influence of a steel slag powder-ground fly ash composite supplementary cementitious material on the chloride and sulphate resistance of mass concrete,2020,Xiao Han; Jingjing Feng; Y. Shao; Runan Hong,unclear,10.1016/j.powtec.2020.05.015,https://www.semanticscholar.org/paper/2c03bd84ddf0c65ce6c90961f2712057c80fe0f4,"Abstract In this study, ground fly ash (GFA) and steel sag powder (SSP) were applied to mass concrete to explore its workability, temperature rise during cement hydrating and the resistance to sulphate and chloride attacks. The results show that a composite of SSP and GFA can retain a moderate workability. SSP and GFA can effectively reduce the temperature rise during concrete hardening. Replacing SSP with GFA could increase the hydration degree of concrete, decrease the content of Ca(OH)2 (CH) and its carbonation, and refine the pore structure of concrete, especially under high temperature curing conditions. Replacing OPC with SSP has a negative effect on the strength and the durability of concrete, and replacing SSP with GFA can offset this negative due to the higher pozzolanic activity of GFA. The improved effect is better under high temperature curing conditions and at later ages.",51,Semantic Scholar,unclear,2c03bd84ddf0c65ce6c90961f2712057c80fe0f4
E,碳化固废辅助胶凝材料,"""carbonated steel slag"" ""supplementary cementitious material""",Development of low-carbon engineered cementitious composites using pressurized carbonated steel slag aggregates,2025,Tong Zhang; Le Xu; Meng Chen; Yu Hong,Construction and Building Materials,10.1016/j.conbuildmat.2025.142474,https://www.semanticscholar.org/paper/8b1be7715bbde873319eaffcd5d3a55447849788,unclear,6,Semantic Scholar,unclear,8b1be7715bbde873319eaffcd5d3a55447849788
E,碳化固废辅助胶凝材料,"""carbonated steel slag"" ""supplementary cementitious material""",Sustainable bioengineering approach to industrial waste management: LD slag as a cementitious material,2025,Pramod Kumar; Abhilash Gogineni; Muhammad Imam Ammarullah,Discover Sustainability,10.1007/s43621-025-00981-9,https://www.semanticscholar.org/paper/f8beeae2fc7cb3eddb211e517a0a8fe4d05761b1,"This study explores a sustainable bioengineering approach to industrial waste management by investigating the potential of Linz-Donawitz (LD) slag as a cementitious material in construction applications. LD slag, a durable and compact by-product of steel manufacturing, exhibits properties suitable for partial replacement of Ordinary Portland Cement (OPC) in construction. In this study, OPC 53-grade was partially substituted with finely treated LD slag in proportions ranging from 10 to 100%, and the compressive strength of the resulting mortar cubes was evaluated over 3, 7, and 28 days. The findings reveal that a 30% replacement of cement with LD slag yields the highest compressive strength of 48.15 MPa at 28 days, demonstrating its viability as a supplementary cementitious material. However, higher replacement levels result in a progressive decline in strength, highlighting limitations in its usage. This research underscores the potential of treated LD slag as an effective and eco-friendly alternative for sustainable industrial waste valorization, contributing to the circular economy and reduced environmental impact in the construction sector.",17,Semantic Scholar,https://doi.org/10.1007/s43621-025-00981-9,f8beeae2fc7cb3eddb211e517a0a8fe4d05761b1
E,碳化固废辅助胶凝材料,"""carbonated steel slag"" ""supplementary cementitious material""",Development of magnesium slag–steel slag-based composite cementitious material and its backfilling application,2025,Xizhi Zhang; Xiao-bing Yang; Jian Yang; SH Yin; Wenhui Bian; Yaobin Qi,Archives of Civil and Mechanical Engineering,10.1007/s43452-025-01226-2,https://www.semanticscholar.org/paper/6f123c42cf2d956f94b2ec702ef67a22be1de590,unclear,6,Semantic Scholar,unclear,6f123c42cf2d956f94b2ec702ef67a22be1de590
E,碳化固废辅助胶凝材料,"""carbonated steel slag"" ""supplementary cementitious material""",Treatment of Energy from Waste Plant fly-ash for blast furnace slag substitution as a Supplementary Cementitious Material,2025,G. Carneiro; Thomas Bier; Sandra Waida; Andreas Dous; Sebastian Heinemann; Patrick Herr; A. Charitos,Journal of Cleaner Production,10.1016/j.jclepro.2025.144693,https://www.semanticscholar.org/paper/2317564ad8fbc3d402ef33a1241cddbb949dde26,unclear,10,Semantic Scholar,unclear,2317564ad8fbc3d402ef33a1241cddbb949dde26
E,碳化固废辅助胶凝材料,"""carbonated steel slag"" ""supplementary cementitious material""",Combined Use of Ladle Furnace Slag and Rice Husk Ash as a Supplementary Cementitious Material,2023,E. Souza; T. Silva; Mylena Alves de Castro; G. Ferreira,Materials Research,10.1590/1980-5373-mr-2023-0069,https://www.semanticscholar.org/paper/0bdb189237f2df4558783feb22445ca471470c68,"Ladle Furnace Slag (LFS) is a solid waste from steel production that can be used in civil construction due to its high content of calcium oxides (> 50% CaO), contributing to the sustainability of both industries. Seeking to study its function as a supplementary cementitious material, the objective of this work was to determine the properties of coating mortars with the replacement of Portland Cement (PC) by 30% LFS combined with the pozzolanic effect of Rice Husk Ash (RHA). Prismatic specimens were produced in a 1:6 mixture proportion (PC:sand) and subjected to mechanical tests and determination of the dynamic modulus of elasticity. The results indicated that the replacement provided a reduction in mechanical strength, however the presence of LFS+RHA was beneficial to improve water retention. These changes were caused by the bigger surface area of RHA grains and the higher CaO content, in relation to the reference mixture.",9,Semantic Scholar,https://www.scielo.br/j/mr/a/xLdctHVrtGsFjGXPfHQWfkd/?lang=en&format=pdf,0bdb189237f2df4558783feb22445ca471470c68
E,碳化固废辅助胶凝材料,"""carbonated steel slag"" ""supplementary cementitious material""",Semi-dry and aqueous carbonation of steel slag: Characteristics and properties of steel slag as supplementary cementitious materials,2024,Yanfeng Fang; Jinxue Shan; Qinghe Wang; Mingyu Zhao; Xiaowei Sun,Construction and Building Materials,10.1016/j.conbuildmat.2024.135981,https://www.semanticscholar.org/paper/f0cd4b22a7d88e9c6ddf5007eef80c6b3c9c41d7,unclear,70,Semantic Scholar,unclear,f0cd4b22a7d88e9c6ddf5007eef80c6b3c9c41d7
E,碳化固废辅助胶凝材料,"""carbonated steel slag"" ""supplementary cementitious material""",Effect of Lithium Slag as Supplementary Cementitious Material on Sulphate Attack Resistance of Cement Mortar,2025,Md Tanvir Ehsan Amin; P. Sarker; Faiz Uddin Ahmed Shaikh,Journal of Building Engineering,10.1016/j.jobe.2025.112858,https://www.semanticscholar.org/paper/3eb748434293abf36a46088d7b33ec45c9f1c402,unclear,8,Semantic Scholar,unclear,3eb748434293abf36a46088d7b33ec45c9f1c402
E,碳化固废辅助胶凝材料,"""carbonated steel slag"" ""supplementary cementitious material""",Use of carbonated recycled cement paste powder as a new supplementary cementitious material: A critical review,2024,Yuguang Mao; Xiang Hu; U. Alengaram; Wei Chen; Caijun Shi,Cement & Concrete Composites,10.1016/j.cemconcomp.2024.105783,https://www.semanticscholar.org/paper/e7a36920b924f982140ab154fcbef88d26cfe160,unclear,38,Semantic Scholar,unclear,e7a36920b924f982140ab154fcbef88d26cfe160
E,碳化固废辅助胶凝材料,"""carbonated steel slag"" ""supplementary cementitious material""",Calcium aluminate rich secondary stainless steel slag as a supplementary cementitious material,2016,A. Mladenovič; B. Mirtič; A. Meden; V. Z. Serjun,unclear,10.1016/j.conbuildmat.2016.04.141,https://www.semanticscholar.org/paper/cad25fafec44262179ce9daaadc3bd8b0c120fb4,unclear,32,Semantic Scholar,unclear,cad25fafec44262179ce9daaadc3bd8b0c120fb4
E,碳化固废辅助胶凝材料,"""carbonated steel slag"" ""supplementary cementitious material""",Study on Hydration and Hardening Performance of Coal Gangue-Steel Slag-Cement Composite Cementitious Material,2024,Xiaozhi Zhao; Liang Wang; Chenglong Wang; Jian Xu; Wei Hu; Qi Li; Hao Wang,KSCE Journal of Civil Engineering,10.1007/s12205-024-1956-9,https://www.semanticscholar.org/paper/66aedf5b8f80630852b200edbb93e7144bc48e7f,unclear,7,Semantic Scholar,unclear,66aedf5b8f80630852b200edbb93e7144bc48e7f
E,碳化固废辅助胶凝材料,"""carbonated steel slag"" ""supplementary cementitious material""",Carbonated steel slags as supplementary cementitious materials: Reaction kinetics and phase evolution,2023,Sumit Srivastava; Michel Cerutti; Hoang Nguyen; V. Carvelli; P. Kinnunen; M. Illikainen,Cement & Concrete Composites,10.1016/j.cemconcomp.2023.105213,https://www.semanticscholar.org/paper/8288cc572781d9c78389974faa28688d8fe406ff,unclear,87,Semantic Scholar,https://doi.org/10.1016/j.cemconcomp.2023.105213,8288cc572781d9c78389974faa28688d8fe406ff
E,碳化固废辅助胶凝材料,"""carbonated steel slag"" ""supplementary cementitious material""",Carbonated Concrete Slurry Waste as Supplementary Cementitious Material,2024,F. Winnefeld; Johannes Tiefenthaler; A. Leemann,Journal of advanced concrete technology,10.3151/jact.22.485,https://www.semanticscholar.org/paper/6e86cc27c498ea385e41ed65f67bf3360f899541,unclear,7,Semantic Scholar,https://doi.org/10.3151/jact.22.485,6e86cc27c498ea385e41ed65f67bf3360f899541
E,碳化固废辅助胶凝材料,"""carbonated steel slag"" ""supplementary cementitious material""",The improvement on the properties and heavy metal solidification of phosphogypsum-steel slag cementitious material: Enhancement from Bi-directional carbonation,2024,Jun Ren; Junhao Shao; Min Liu; Haiyan Zhu; Miaoyuan Li; Ruiqu Ma; Limin Liang; Jianghong Mao; Dafu Wang,Construction and Building Materials,10.1016/j.conbuildmat.2024.139435,https://www.semanticscholar.org/paper/5d3126a008ddf1f875be6e87c68027d032e0f1ec,unclear,10,Semantic Scholar,unclear,5d3126a008ddf1f875be6e87c68027d032e0f1ec
E,碳化固废辅助胶凝材料,"""carbonated steel slag"" ""supplementary cementitious material""",Properties of Carbonated Steel Slag Admixture in the Cementitious System,2023,Lie Sun; Hui Wang; Yali Wang,Advance in Civil Engineering,10.1155/2023/5547591,https://www.semanticscholar.org/paper/0535c5ce0a57ad6f3861db0f6431e2d1e5c3a3e5,"Global warming caused by carbon dioxide (CO2) emissions has emerged as an undeniable environmental concern. While advocating for energy conservation and emissions reduction, the challenge of addressing the substantial CO2 emissions cannot be underestimated. Currently, steel slag is utilized in carbon capture and storage technology due to its potential for carbonation. However, the carbonation of steel slag necessitates a stable and cost-effective carbon source. Industrial exhaust gases are considered a viable option, but they often have low CO2 concentrations, resulting in sluggish carbonation rates. Therefore, this study focuses on directly converting steel slag powder into concrete mineral admixtures to enhance the carbonation rate at low CO2 concentrations. Experimental results reveal that a carbonation time of 3–7 days, a liquid–solid ratio of 50%, and the selection of sodium silicate as the alkali activator yield the optimal carbonation conditions. Under these conditions, the CO2 uptake can reach 15.3%–16.0%, and the f-CaO content can be reduced to 0.2%–0.3%. Mixing 30% carbonated steel slag powder with P·I 42.5 cement in mortar samples yields a compressive strength of 32.1 MPa at 7 days and 47.5 MPa at 28 days, along with a flexural strength of 6.2 MPa at 7 days and 8.0 MPa at 28 days. The addition of carbonated steel slag powder not only enhances the mechanical properties but also reduces the pore diameter in the hardened cementitious system. In 7 days, the pore size decreases from being concentrated around 349 nm to approximately 282 nm, and in 28 days, the pore size decreases from being concentrated around 62 nm to roughly 55 nm. This transformation is primarily attributed to the role played by calcite grains in the carbonated steel slag powder, which facilitates nucleation and filling effects.",10,Semantic Scholar,https://downloads.hindawi.com/journals/ace/2023/5547591.pdf,0535c5ce0a57ad6f3861db0f6431e2d1e5c3a3e5
E,碳化固废辅助胶凝材料,"""carbonated steel slag"" ""supplementary cementitious material""",Resource utilization of lithium slag supplementary cementitious materials through mechanical activation: mechanism investigation and process optimization.,2025,Haitao Wang; Houqin Wu; Jia Tian; Lang Liu; Mengbo Zhu; Kaiqian Shu; Haijun Tang; Min Liu; Longhua Xu,Environmental Research,10.1016/j.envres.2025.122112,https://www.semanticscholar.org/paper/f0d73cf38c5749bb961379d8cec5f3761a4f1a3d,"The use of lithium slag (LS) in the preparation of supplementary cementitious materials (SCM) effectively mitigates the environmental pollution caused by open-air storage and landfill disposal of LS. Focusing on region-specific LS as the subject of study, this research proposes optimizing the mechanical properties of SCMs by regulating the grinding time and LS dosage. Based on the analysis of the hydration products and microstructure of the SCM, the LS with the median particle size of 11.71 μm demonstrated the highest activity index, achieving a 28-day compressive strength of 107% compared to ordinary Portland cement. Remarkably, the 3-day strength also exceeded that of pure cement, likely due to the dilution effect of LS, which provides additional nucleation sites for hydration products like C-S-H and AFt. With 30% LS replacing cement, the compressive strength of SCM reached 54.61 MPa, comparable to that of pure cement. The introduction of LS significantly reduced the interparticle pore volume. These findings provided a scientific basis for promoting the resource utilization of LS waste and its application in SCM production.",5,Semantic Scholar,unclear,f0d73cf38c5749bb961379d8cec5f3761a4f1a3d
E,碳化固废辅助胶凝材料,"""carbonated steel slag"" ""supplementary cementitious material""",Performance of Low-Energy Steel Slag Powders as Supplementary Cementitious Materials,2023,V. R. Carvalho; Laís Cristina Barbosa Costa; Fernanda Pereira da Fonseca Elói; A. C. da Silva Bezerra; J. Carvalho; R. A. F. Peixoto,Social Science Research Network,10.2139/ssrn.4387362,https://www.semanticscholar.org/paper/5a32cad33717b66fe8acb55c8d2a40a2976f9451,unclear,34,Semantic Scholar,unclear,5a32cad33717b66fe8acb55c8d2a40a2976f9451
E,碳化固废辅助胶凝材料,"""carbonated steel slag"" ""supplementary cementitious material""",Effects of Steel Slag Powder as A Cementitious Material on Compressive Strength of Cement-Based Composite,2023,G. Sheng; C. Li; Shengjie Jin; Q. Bai,Minerals,10.3390/min13070869,https://www.semanticscholar.org/paper/8385ff984b80da2b671e152f053b8b00457fd430,"The utilization rate of steel slag in China is far behind that of developed countries. The annual output of steel slag is still increasing, resulting in a large amount of accumulation, causing environmental pollution. This paper summarizes and analyzes the relevant research on steel slag powder (SSP) as a cementitious material, studies the effect of SSP replaces cement as single or multiple admixtures, with different specific surface areas, and the amount of activator on the compressive strength of cement-based material. The results show that due to the lower content of active substances in SSP compared to cement, the strengths decrease with the increase of the replacement ratio R, which is the ratio of SSP to cement. R = 30% is important for replacing cement with single SSP. When replacing cement with the mixture of SSP and slag/fly ash, the strengths of most groups decrease with the increase of the mix replacement ratio Rc. The decreasing trend is not obvious due to the pozzolanic effect. There is an optimal dosage for using a single activator to activate SSP. The effect of using multiple activators in combination is better than that of single one. The strength increases with the increase of the specific surface area (SSA) of SSP. However, if the SSA is too high, it will not only increase the preparation cost, but also reduce the increase in strength due to the agglomeration effect of SSP. The optimal range of specific surface area SSA is 400 m2/kg~500 m2/kg. With the increase of age t, the compressive strength increases. The effect of the curing methods on the compressive strength is hot and heat curing > standard curing > natural curing.",22,Semantic Scholar,https://www.mdpi.com/2075-163X/13/7/869/pdf?version=1687935872,8385ff984b80da2b671e152f053b8b00457fd430
E,碳化固废辅助胶凝材料,"""carbonated steel slag"" ""supplementary cementitious material""",Ground Granulated Iron Silicate Slag as Supplementary Cementitious Material: Effect of Prolonged Grinding and Granulation Temperature,2023,A. Andersson; L. Brander; Andreas Lennartsson; Å. Roos; F. Engström,Cleaner Materials,10.1016/j.clema.2023.100209,https://www.semanticscholar.org/paper/3972266eb05a15404603426b14b17a0c362db604,"The metallurgical and cement industries contribute significantly to anthropogenic carbon dioxide emissions. Utilizing oxidic by-products from the metallurgical industry as supplementary cementitious materials (SCMs) can improve resource efficiency and reduce emissions from cement production. Iron silicate copper slags have been studied as SCMs, but mainly in systems where Portland cement is used as an activator. There is limited research on the inherent reactivity of the slag under changing processing conditions. The present study offers insight into the effect of granulation temperature and grinding on the inherent reactivity of an industrially produced iron silicate copper slag. The results showed that granulation temperature had an insignificant effect on reactivity, while grinding generated substantial improvements. The latter effect was concluded to stem from the increased specific surface area, increased number of sites for nucleation and growth of hydrates, and changes in the inherent reactivity owing to structural changes induced by the grinding.",13,Semantic Scholar,https://doi.org/10.1016/j.clema.2023.100209,3972266eb05a15404603426b14b17a0c362db604
E,碳化固废辅助胶凝材料,"""carbonated steel slag"" ""supplementary cementitious material""",Assessment of lithium slag as a supplementary cementitious material: Pozzolanic activity and microstructure development,2023,S. Rahman; A. Dodd; Sanjida Khair; Faiz Shaikh; P. Sarker; Anwar Hosan,Cement & Concrete Composites,10.1016/j.cemconcomp.2023.105262,https://www.semanticscholar.org/paper/671d75cad3ed108deeb63d145638a8974052bcd6,unclear,119,Semantic Scholar,https://doi.org/10.1016/j.cemconcomp.2023.105262,671d75cad3ed108deeb63d145638a8974052bcd6
E,碳化固废辅助胶凝材料,"""carbonated steel slag"" ""supplementary cementitious material""",Efficiency of incorporating Algerian ground granulated blast furnace slag as a supplementary cementitious material: a review,2021,Mohammed Siline,Innovative Infrastructure Solutions,10.1007/s41062-021-00720-9,https://www.semanticscholar.org/paper/fe7db2d8df41ed948e6e0b2b2c369ee24092eaf5,unclear,7,Semantic Scholar,unclear,fe7db2d8df41ed948e6e0b2b2c369ee24092eaf5
E,碳化固废辅助胶凝材料,"""carbonated steel slag"" ""supplementary cementitious material""","Potential Reuse of Ladle Furnace Slag as Cementitious Material: A Literature Review of Generation, Characterization, and Processing Methods",2024,Noureddine Ouffa; Mostafa Benzaazoua; R. Trauchessec; T. Belem; Y. Taha; C. Diliberto,Minerals,10.3390/min14121204,https://www.semanticscholar.org/paper/0a9b4db1bdb8379d3e077c37fb0c60341fa6e802,"Ladle furnace slag (LFS), a by-product of steel refining, shows a promising reuse pathway as an alternative additive or substitute for Portland cement due to its high alkalinity and similar chemical composition to clinkers. However, LFS is often stored in large, open surface areas, leading to many environmental issues. To tackle waste management challenges, LFS can be recycled as supplementary cementitious material (SCM) in many cementitious composites. However, LFS contains some mineral phases that hinder its reactivity (dicalcium silicate (γ-C2S)) and pose long-term durability issues in the cured cemented final product (free lime (f-CaO) and free magnesia (f-MgO)). Therefore, LFS needs to be adequately treated to enhance its reactivity and ensure long-term durability in the structures of the cementitious materials. This literature review assesses possible LFS treatments to enhance its suitability for valorization. Traditional reviews are often multidisciplinary and explore all types of iron and steel slags, sometimes including the recycling of LFS in the steel industry. As the reuse of industrial by-products requires a knowledge of their characteristics, this paper focuses first on LFS characterization, then on the obstacles to its use, and finally compiles an exhaustive inventory of previously investigated treatments. The main parameters for treatment evaluation are the mineralogical composition of treated LFS and the unconfined compressive strength (UCS) of the final geo-composite in the short and long term. This review indicates that the treatment of LFS using rapid air/water quenching at the end-of-refining process is most appropriate, allowing a nearly amorphous slag to be obtained, which is therefore suitable for use as a SCM. Moreover, the open-air watering treatment leads to an optimal content of treated LFS. Recycling LFS in this manner can reduce OPC consumption, solve the problem of limited availability of blast furnace slag (GGBFS) by partially replacing this material, conserve natural resources, and reduce the carbon footprint of cementitious material operations.",14,Semantic Scholar,unclear,0a9b4db1bdb8379d3e077c37fb0c60341fa6e802
E,碳化固废辅助胶凝材料,"""carbonated steel slag"" ""supplementary cementitious material""",Effect of Carbonation Treatment on the Strength and CO2 Uptake Rate of Composite Cementitious Material with a High Steel Slag Powder Content,2023,Z. He; Xuyang Shao; Xin Chen,Materials,10.3390/ma16186204,https://www.semanticscholar.org/paper/840f69e586dfb3a2bcb34a40ff5cc6d0081df007,"As a major steel producer, China is now eager to develop feasible solutions to recycle and reuse steel slag. However, due to the relatively poor hydration activity of steel slag, the quantity of steel slag used as a supplemental binder material is limited. In order to improve the cementitious properties of steel slag, the strength and carbonation degree of the high-content steel slag powder–cement–metakaolin composite cementitious material system under CO2 curing conditions were investigated. The compressive strengths of the mortar specimens were tested and compared. The carbonation areas were identified and evaluated. A microscopic analysis was conducted using X-ray diffraction (XRD), thermogravimetry analysis (TG), and scanning electron microscopy (SEM) to reveal the chemical mechanisms. The results showed that CO2 curing significantly increased the early strength as the 3D compressive strength of the specimens increased by 47.2% after CO2 curing. The strength of the specimens increased with increasing amounts of metakaolin in a low water-to-binder ratio mixture. The 3D compressive strength of the specimens prepared with 15% metakaolin at a 0.2 water-to-binder ratio achieved 44.2 MPa after CO2 curing. Increasing the water-to-binder ratio from 0.2 to 0.5 and the metakaolin incorporation from 0% to 15% resulted in a 25.33% and 19.9% increase in the carbonation area, respectively. The calcium carbonate crystals that formed during carbonation filled the pores and reduced the porosity, thereby enhancing the strength of the mortar specimens. The soundness of the specimens after CO2 curing was qualified. The results obtained in the present study provide new insight for the improvement of the hydration reactivity and cementitious properties of steel slag powder.",9,Semantic Scholar,https://www.mdpi.com/1996-1944/16/18/6204/pdf?version=1694674917,840f69e586dfb3a2bcb34a40ff5cc6d0081df007
E,碳化固废辅助胶凝材料,"""carbonated steel slag"" ""supplementary cementitious material""","Feasibility of Preparing Steel Slag–Ground Granulated Blast Furnace Slag Cementitious Materials: Synergistic Hydration, Fresh, and Hardened Properties",2024,Jianwei Sun; Shaoyun Hou; Yuehao Guo; Xinying Cao; Dongdong Zhang,Buildings,10.3390/buildings14030614,https://www.semanticscholar.org/paper/ce9eb3e83e766989e48c02d826e76a30f03e15a3,"Steel slag and GBFS are wastes generated during the steel and iron smelting process, characterized by their considerable production rates and extensive storage capacities. After grinding, they are often used as supplementary cementitious materials. However, the intrinsic slow hydration kinetics of steel slag–GBFS cementitious material (SGM) when exposed to a pure water environment result in prolonged setting times and diminished early-age strength development. The incorporation of modifiers such as gypsum, clinker, or alkaline activators can effectively improve the various properties of SGM. This comprehensive review delves into existing research on the utilization of SGM, examining their hydration mechanisms, workability, setting time, mechanical strengths, durability, and shrinkage. Critical parameters including the performance of base materials (water-to-cement ratio, fineness, and composition) and modifiers (type, alkali content, and dosage) are scrutinized to understand their effects on the final properties of the cementitious materials. The improvement mechanisms of various modifiers on properties are discussed. This promotes resource utilization of industrial solid wastes and provides theoretical support for the engineering application of SGM.",11,Semantic Scholar,https://www.mdpi.com/2075-5309/14/3/614/pdf?version=1708956461,ce9eb3e83e766989e48c02d826e76a30f03e15a3
E,碳化固废辅助胶凝材料,"""carbonated steel slag"" ""supplementary cementitious material""",The role of carbonated steel slag on mechanical performance of ultra-high performance concrete containing coarse aggregates,2021,Shaohua Li; Gang Liu; Q. Yu,Construction and Building Materials,10.1016/j.conbuildmat.2021.124903,https://www.semanticscholar.org/paper/76ff3368bc7771317c5dd22899e1f56d3fe02a0e,"Abstract Carbonated fine steel slag (CSS) can be used as supplementary cementitious materials (SCM) to enhance the sustainability of ultra-high performance concrete (UHPC). However, the role of CSS on the mechanical performance of UHPC containing coarse aggregates (UHPC-CA) has not been well understood. Here, the influence of cement substitution by CSS on the hydration products, microstructure, mesoscale fracture characteristics and macroscopic strength of UHPC-CA is investigated. Results reveal that the C-S-H content in UHPC increases with the increase of CSS substitution up to 15%. Replacement of cement by CSS results in a more porous interfacial transition zone (ITZ), consequently, a lower mechanical contribution from CA. Both the compressive and the flexural strength decrease with the increase of CSS substitution, and the negative effect is rather limited till 30% CSS substitution. Moreover, due to a more porous ITZ at a higher cement substitution, the ratio of flexural to compressive strength decreases with the increase of CSS substitution.",41,Semantic Scholar,https://doi.org/10.1016/j.conbuildmat.2021.124903,76ff3368bc7771317c5dd22899e1f56d3fe02a0e
E,碳化固废辅助胶凝材料,"""carbonated steel slag"" ""supplementary cementitious material""",Preparation and properties of carbonated steel slag used in cement cementitious materials,2021,Zhimin Chen; Ruiduan Li; Jiaxiang Liu,unclear,10.1016/j.conbuildmat.2021.122667,https://www.semanticscholar.org/paper/ce738bf61c38051fb8cd485be71181b56a905542,"Abstract Attributable to the advantages of low cost, easy availability and high density, et al., steel slag has become the research focus of the cement concrete industry. In this paper, the indirect carbonation process of steel slag is studied, the cementitious materials are prepared by replacing part of cement with carbonated steel slag, the mechanical properties and volume stability of the cementitious materials were studied. The reasons for the influence of carbonated steel slag on the properties of cementitious materials are explored from the hydration properties. The results show that carbonation reaction can reduce the content of free calcium oxide in steel slag. The carbonation products are mainly calcite and are in the form of non-uniform particles and carbonation layer morphology. The volume stability of cementitious materials containing carbonated steel slag is improved effectively due to the consumption of the expansion phase. Although the silicate phase in steel slag will be carbonated, the calcium carbonate produced by carbonation fills the microcracks or pores of the cementitious materials, or becomes the core of the hydration product, which significantly improves the 28-day strength of the cementitious materials.",105,Semantic Scholar,unclear,ce738bf61c38051fb8cd485be71181b56a905542
E,碳化固废辅助胶凝材料,"""carbonated waste concrete powder"" cement",UTILIZING CARBONATED WASTEWATER FROM WET CARBONATION OF RECYCLED CONCRETE POWDER IN CEMENTITIOUS SYSTEMS,2025,A. Farouk; Salah U. Dulaijan; M. Al-Osta; Suleiman Abdulrahman,Proceedings of International Structural Engineering and Construction,10.14455/isec.2025.12(1).cte-47,https://www.semanticscholar.org/paper/231fc7953dbdb977283c6bd1cd8e6d8f07e495cc,"The studies assessed whether aging waste carbonated water (WCW) from wet carbonation of recycled concrete powder (RCP) affects cement hydration and performance. WCW was produced using MgCl2 solutions of 0.1, 0.2, 0.4, and 0.8 M, with carbonation times of 30, 90, 180, and 300 minutes. It was reused as mixing water immediately after carbonation (t0) or after four months of storage (t4m), while Portland cement was partially replaced with 10% non-carbonated RCP. Isothermal calorimetry (≥72 h) measured induction, peak behavior, and total heat release. Heatmap analysis revealed that aging reversed the response surface: the cumulative heat optimum shifted from 0.1 M–300 min (12,500) at t0 to 0.4 M–300 min (12,999) at t4m, with increases at 0.4–0.8 M (+1,399 at 0.4 M–300 min) and consistent decreases at 0.2 M (to −992 at 300 min). Therefore, aged WCW enhanced mixtures with higher Mg and longer carbonation times but reduced hydration at lower Mg levels. These trends were interpreted as storage-driven changes in ion species, including precipitation of Mg-bearing phases, CO2 re-equilibration, and altered chloride activity. Future research will evaluate the practical implications by creating UHPC mixes with 10–30% RCP using aged WCW for mechanical properties, supporting a circular-water strategy that lowers freshwater demand while maintaining performance.",0,Semantic Scholar,unclear,231fc7953dbdb977283c6bd1cd8e6d8f07e495cc
E,碳化固废辅助胶凝材料,"""carbonated waste concrete powder"" cement",Turning concrete waste powder into carbonated artificial aggregates,2019,Minjiao Shi; T. Ling; Binlin Gan; Mingzhi Guo,Construction and Building Materials,10.1016/j.conbuildmat.2018.12.021,https://www.semanticscholar.org/paper/0b8878d9f9f671c43c525601a558be6c9d520768,"Abstract In recent years, sustainable management of construction waste has garnered increasing attention. However, most previous studies mainly focused on turning construction wastes into recycled aggregates, whereas, recycling of those construction wastes below 5 mm has often been challenged or ignored. This study attempted to effectively deal with such recycled fine powders by employment of granulation technology to produce artificial aggregates with a diameter of 5–20 mm. The optimal granulation parameters were identified through a systematic experimental test. Moreover, the effect of water and cement content, as well as curing regimes, on the properties (such as shape and strength) of the prepared artificial aggregates was also investigated. More importantly, influence of normal curing and CO2 curing on the strength development of artificial aggregates was examined and compared. In doing so, the scheme of preparation of artificial aggregates with optimal strength was developed. Findings from this study provide an alternative and viable solution to effectively dealing with construction wastes in an environmentally-friendly way and serve as a reference for follow-up studies in the future. Meanwhile, the carbonated artificial aggregate can be potentially used to replace natural aggregates in the preparation of low-strength concrete and blocks.",118,Semantic Scholar,unclear,0b8878d9f9f671c43c525601a558be6c9d520768
E,碳化固废辅助胶凝材料,"""carbonated waste concrete powder"" cement","Total recycling of waste concrete in sustainable concrete production through CO2 mineralization: Strength, durability, and corrosion issues.",2026,Bingcheng Chen; Xu Miao; Bin Jia; Yuzhou Wang; Zhiyuan Hu; Ligang Peng,Waste Management,10.1016/j.wasman.2026.115407,https://www.semanticscholar.org/paper/58efed20dbaf7549de27ba36c809e03eaccdeaf5,"CO2 mineralization technology provides a technically feasible strategy to achieve the high-value recycling of waste concrete as a carbon sink, aiming to achieve the carbon neutrality goal in the construction sector. In this study, CO2 mineralization technology was harnessed to enhance recycled aggregate (RA) and recycled powder (RP) to fully replace natural aggregate (NA) and partially replace cement, thereby developing carbonated recycled aggregate concrete incorporating carbonated RP (CRAC-CRP). The results show that the physical and mechanical properties of RA were enhanced after CO2 mineralization due to the reduction of porosity and the refinement of pore size. Furthermore, CRAC-CRP achieved 90-day compressive strength within ∼7% of natural aggregate concrete, together with a ∼16% strength gain from 28 to 90 days. Additionally, CRAC-CRP showed 4.5% lower water absorption and 24.7% lower chloride migration coefficient than recycled aggregate concrete at 90 days. Under chloride exposure, CRAC-CRP maintained more positive open-circuit potential and higher polarization resistance for 200 days, whereas depassivation occurred after 105-180 days in mixes without carbonated constituents. A cradle-to-gate life cycle assessment indicated up to a ∼33% reduction in CO2 emissions and ∼28% lower carbon intensity, together with ∼25% reduced production cost, confirming both environmental and economic advantages of this approach.",2,Semantic Scholar,unclear,58efed20dbaf7549de27ba36c809e03eaccdeaf5
E,碳化固废辅助胶凝材料,"""carbonated waste concrete powder"" cement",Reutilization of waste concrete powder by cement hardening.,1988,M. Kamon; S. Tomohisa; K. Tsubouchi; S. Nontananandh,unclear,10.2472/jsms.37.1260,https://www.semanticscholar.org/paper/f3b44021b4a8ee643d09acea414348bab34de672,unclear,7,Semantic Scholar,unclear,f3b44021b4a8ee643d09acea414348bab34de672
E,碳化固废辅助胶凝材料,"""carbonated waste concrete powder"" cement",Effects of carbonated hardened cement paste powder on hydration and microstructure of Portland cement,2018,Bao Lu; C. Shi; Jiake Zhang; Jiyun Wang,Construction and Building Materials,10.1016/j.conbuildmat.2018.07.159,https://www.semanticscholar.org/paper/3e5e1a98afaa61c8b895223029da0113c1e9fccb,"Abstract Recovering aggregates from recycled concrete produces a large amount of powder, which contains hardened cement paste and is classified as a corrosive hazardous material. This study used CO2 to treat hardened cement paste powder and to investigate how the incorporation of uncarbonated and carbonated hardened cement paste powder into cement affects the hydration and microstructure development of cement. Carbonated hardened cement paste powder consists mainly of calcite and silica gel. Replacement of cement by uncarbonated cement paste powder content from 10 to 30% by the mass of cement decreases, while replacement of cement with 10–20% carbonated hardened cement paste powder increases the strength of cement up to 90 days. The replacement of cement with 30% carbonated waste paste powder slightly decrease the strength of the cement. The silica gel in carbonated hardened cement paste powder quickly reacts with calcium hydroxide and results in the formation of more C-S-H. The presence of calcite in carbonated hardened paste powder leads to the formation of calcium aluminate hemi-carbonate (CAHC) and calcium aluminate mono-carbonate (CAMC) thus to a stabilization of ettringite (AFt) compared with the control cement paste, in which portion of AFt converts to mono-sulphoaluminate. CAHC is less stable than CAMC and transforms to CAMC in about one week after its formation. These chemical actions lead to a lower porosity and a higher compressive strength for cement paste with carbonated hardened paste powder compared with the control cement paste.",322,Semantic Scholar,unclear,3e5e1a98afaa61c8b895223029da0113c1e9fccb
E,碳化固废辅助胶凝材料,"""carbonated waste concrete powder"" cement",Effects of CO 2 sequestrated recycled brick powder on cement mortar properties,2026,Vaishnavi Chikine; Rakesh Siempu; Ilias Said,E3S Web of Conferences,10.1051/e3sconf/202670201018,https://www.semanticscholar.org/paper/cb4d55bab8ea1305920c465a6abf2257d1202447,"The increasing impact on environment due to the mining of river beds for the use of natural river sand as fine aggregate in mortar/concrete demands for sustainable methods. Hence, in this present study to reduce the use of natural river sand in mortar/concrete, a sustainable alternative method was investigated. This method involves the use of Recycled Brick Powder (RBP) as an alternative to river sand in cement mortar. In this present study, CO 2 sequestration method was employed on RBP and was used as a partial replacement to river sand in cement mortar. Recycled Brick Powder (RBP), which was obtained by crushing the construction demolition waste, was carbonated at various levels (0%, 10% and 20%) of CO 2 concentration in an accelerated carbonation chamber. This CO 2 sequestrated RBP was replaced at 0%, 25% and 50% by weight of that of natural river sand. Flow table test was conducted to determine the consistency of the cement mortar mixes. The compressive strength was determined at the ages of 1, 3, 7 and 28 days of curing. From the obtained results, it was observed that the increase of RBP percentage tends to reduce the consistency of cement mortar and the compressive strength. From the compressive strength test results, it was found that CO2 sequestration had positive effect on both the consistency and compressive strength of cement mortar containing RBP. An increase in compressive strength of about 4% was observed with carbonated RBP. This research confirms that CO2 sequestered RBP can be used as a low-carbon eco-friendly sustainable fine aggregate that helps in carbon reduction and preservation of natural resources.",0,Semantic Scholar,unclear,cb4d55bab8ea1305920c465a6abf2257d1202447
E,碳化固废辅助胶凝材料,"""carbonated waste concrete powder"" cement",Effect of limestone fillers on microstructure and permeability due to carbonation of cement pastes under controlled CO2 pressure conditions,2015,Q. Phung; N. Maes; D. Jacques; E. Bruneel; I. Driessche; G. Ye; G. Schutter,unclear,10.1016/j.conbuildmat.2015.02.093,https://www.semanticscholar.org/paper/c6be398979a4e11e760923f699701f1e65a42cfe,unclear,150,Semantic Scholar,unclear,c6be398979a4e11e760923f699701f1e65a42cfe
E,碳化固废辅助胶凝材料,"""carbonated waste concrete powder"" cement",Synthesis and properties of a novel structural binder utilizing the chemistry of iron carbonation.,2014,Sumanta Das; Beshoy Souliman; D. Stone; N. Neithalath,ACS Applied Materials and Interfaces,10.1021/am5011145,https://www.semanticscholar.org/paper/77b2cb6625183741eb1b113558e854b71d4a2437,unclear,64,Semantic Scholar,unclear,77b2cb6625183741eb1b113558e854b71d4a2437
E,碳化固废辅助胶凝材料,"""carbonated waste concrete powder"" cement",Synergistic effect of waste concrete powder and traditional SCMs in preparing clinker-free cement: Hydration and microstructure evolution,2025,Ruiquan Jia; Bo Ran; Tong Lv; Yong Yu; Xiaochuan Hu; Lei Xu,Construction and Building Materials,10.1016/j.conbuildmat.2025.142798,https://www.semanticscholar.org/paper/1ab659e229076222df9b51ac09a2ed3fc7a96c4d,unclear,17,Semantic Scholar,unclear,1ab659e229076222df9b51ac09a2ed3fc7a96c4d
E,碳化固废辅助胶凝材料,"""carbonated waste concrete powder"" cement",Tests Research on Grouting Materials of Waste-Concrete-Powder Cement for Goaf Ground Improvement,2021,Zhilin Dun; Mengqi Wang; L. Ren; Z. Dun,Advances in Materials Science and Engineering,10.1155/2021/9598418,https://www.semanticscholar.org/paper/853c8a936dbed96c0ee04631322597a7b9e3d3bf,"Waste concrete powder (WCP) is proposed to replace part of the cement to seek environmentally friendly grouting materials for ground improvement in mine goaf. The optimal mixing proportion was selected based on the performance indexes of the water-separation ratio, stone rate, viscosity, setting time, and compressive strength. X-ray diffraction (XRD) and scanning electron microscopy (SEM) tests were also conducted to analyze mineralogical phases and investigate the microscopic mechanism. Test results show that the slurry prepared by the substitution rate of 70% and adding 0.05% water-reducing agent meets well the requirements of ground grouting in mine goaf. The WCP produced by grinding mainly exerts microaggregate effect in the slurry due to low activity. A lot of pores on the surface of WCP were shown by SEM which can absorb the water in the slurry and increase the stone rate. The WCP application for ground grouting in mine goaf can not only recycle WC but also provide new grouting materials for goaf ground.",10,Semantic Scholar,https://downloads.hindawi.com/journals/amse/2021/9598418.pdf,853c8a936dbed96c0ee04631322597a7b9e3d3bf
E,碳化固废辅助胶凝材料,"""carbonated waste concrete powder"" cement",Assessment of the Applicability of Waste Concrete Fine Powder as a Raw Material for Cement Clinker,2025,Sangchul Shin; G. Kim; Jinman Kim; Ha-Suk Kim; Sungyu Park,Recycling,10.3390/recycling10010017,https://www.semanticscholar.org/paper/5c1d430b019682306c082666bd058bf5ac42470b,"The cement industry is responsible for a significant portion of global CO2 emissions, primarily due to the decarbonatization of limestone during clinker production. To mitigate this environmental impact, this study investigated the feasibility of using waste concrete fine powder, produced during the recycling of waste concrete, as a decarbonized raw material in cement clinker production. As a decarbonized material, waste concrete fine powder presents a valuable opportunity to reduce CO2 emissions typically produced during the decarbonatization of limestone in clinker production. In addition, its use supports the recycling of construction waste, contributing to both emissions reduction and resource sustainability. In this study, samples were collected from 20 intermediate treatment plants in South Korea, where the chemical composition, particle size distribution, and carbonation rate of the fine powders were analyzed. The experimental results show that the properties of waste concrete fine powder vary significantly depending on the recycling process. Road construction aggregate production plants, which typically involve two to three crushing stages, produce fine powders with higher CaO content (28–31%) and consistent particle size distributions. In contrast, plants producing aggregates for concrete, which involve four to six crushing stages, produce powders with lower CaO content (around 20%) and greater variability in particle size. The average carbonation rate of 7.44% suggests that these fine powders can replace limestone in clinker production. It is estimated that substituting 5% of limestone with waste concrete fine powder could reduce CO2 emissions from limestone decarbonatization by approximately 952,560 tons in 2023, representing a 3.34% decrease in total emissions from clinker production. However, it is important to note that the CO2 emissions reduction calculation is not from a lifecycle perspective, without considering the energy-related emissions from recycling waste concrete fine powder. Nevertheless, this study highlights the potential for waste concrete fine powder to serve as a sustainable raw material for the cement industry, contributing to both CO2 reduction and efficient recycling of construction waste.",5,Semantic Scholar,unclear,5c1d430b019682306c082666bd058bf5ac42470b
E,碳化固废辅助胶凝材料,"""carbonated waste concrete powder"" cement",STUDY ON IMPROVEMENT OF INITIAL HYDRATION OF CEMENT AND NUCLEATION EFFECT BY USIBG WASTE CONCRETE POWDER,2025,Tatsuya Fujimaki; T. Saito; Koya Kamimura; Y. Hosokawa,Cement Science and Concrete Technology,10.14250/cement.78.70,https://www.semanticscholar.org/paper/5e5bce1e9be1cd095c090176383b8e6f3a85b5d2,unclear,0,Semantic Scholar,unclear,5e5bce1e9be1cd095c090176383b8e6f3a85b5d2
E,碳化固废辅助胶凝材料,"""carbonated waste concrete powder"" cement","Improving the Mechanical, Corrosion Resistance, Microstructural and Environmental Performance of Recycled Aggregate Concrete Using Ceramic Waste Powder as an Alternative to Cement",2025,Ansam Ali Hashim; R. Anaee; M. Nasr,Ceramics,10.3390/ceramics8010011,https://www.semanticscholar.org/paper/d1fc63990a5770497b95d4d9ed139888274d00c7,"This study investigates the effectiveness of replacing the cement with 0, 5, 10, 15, and 20 wt.% of ceramic waste powder (HCCP) to improve the performance of recycled aggregate concrete (RCA) prepared using 25 wt.% wall tile ceramic coarse aggregates. The slump, initial and final setting time, compressive strength, splitting tensile strength, flexural strength, electrical resistivity, bulk density, porosity, total and surface water absorption, pH level, ultrasonic pulse velocity, dynamic elastic modulus, chloride ion diffusion coefficient, chloride penetration depth, microstructure analysis, and environmental assessment properties were investigated. The results showed that replacing cement with HCCP by 5 to 20 wt.% prolonged the setting time and improved all hardened properties. The highest improvements in mechanical properties were observed at 5 wt.% HCCP, with increasing rates of 26.5%, 22%, and 22.4% at 90 days for compressive strength, tensile strength, and flexural strength, respectively. On the other hand, the optimum enhancement for the durability, microstructural, and environmental efficiency properties was recorded at a 20 wt.% HCCP replacement rate. However, the strength at this ratio tended to decrease but remained higher than that of the control RAC. For instance, the total water absorption, surface water absorption, void ratio, chloride penetration depth, and migration coefficient were reduced by 47%, 45%, 38%, 62.3%, and 55.52%, respectively, compared to the reference sample.",28,Semantic Scholar,unclear,d1fc63990a5770497b95d4d9ed139888274d00c7
E,碳化固废辅助胶凝材料,"""carbonated waste concrete powder"" cement",Experimental Research on Application of Waste Concrete Powder–Waste Brick Powder–Cement Grout for Foundation Reinforcement in Mining Goaf,2023,Yan Wang; Mengqi Wang; Hui Wang; Zhilin Dun; Lianwei Ren,Materials,10.3390/ma16186075,https://www.semanticscholar.org/paper/5e1a95efb9d4500e58913c8e3c2cd9515bbdfb12,"Combined with a strategic policy for the recycling of construction waste, this paper puts forward a programme for treating a goaf foundation with waste concrete powder, waste brick powder, and cement grout (BCP cement grout). The BCP cement grout is prepared by replacing part of the waste concrete powder with waste brick powder, and the changeable rule of the setting time, water separation rate, stone rate, and viscosity of the grout with different rates for replacement are studied. X-ray diffraction (XRD) and scanning electron microscopy (SEM) are carried out. The mineral composition is analyzed and the microscopic mechanism is studied. The results show that the ratio of BCP cement grout developed by the experiment is reasonable; the unit cost is less than 160 yuan/t, which is 40% lower than that of pure cement grout; and both a good economic effect and good environmental effect are obtained. It has the advantages of low water separation rate, high stone rate, and low viscosity. When the ratio of cement powder: waste concrete powder: waste brick powder is 3:5:2 or 3:6:1, the 28 d compressive strength of the stone body is more than 2 MPa, meeting the filling requirements for a goaf foundation. It is not only technically feasible but also economically reasonable to apply construction waste powder to fill the goaf foundation. Recycling and utilizing construction waste can also achieve the ecological restoration of mined-out areas, highlighting the ecological benefits.",8,Semantic Scholar,https://www.mdpi.com/1996-1944/16/18/6075/pdf?version=1693905186,5e1a95efb9d4500e58913c8e3c2cd9515bbdfb12
E,碳化固废辅助胶凝材料,"""carbonated waste concrete powder"" cement",Investigations of Portland Limestone Cement and Waste Glass Powder for Sustainable Ultra-High Performance Concrete,2025,S. B. Nia; Anette Nyland; Jennifer Wivast; Mahdi Kioumarsi; B. Shafei,Case Studies in Construction Materials,10.1016/j.cscm.2025.e04425,https://www.semanticscholar.org/paper/e9aa282dca69875078b6c416bc672dd5557da12a,unclear,20,Semantic Scholar,unclear,e9aa282dca69875078b6c416bc672dd5557da12a
E,碳化固废辅助胶凝材料,"""carbonated waste concrete powder"" cement",Effect of thermo-mechanical activation of waste concrete powder (WCP) on the characteristics of cement mixtures,2023,Prabhat Vashistha; Yanchen Oinam; Hyeong-Ki Kim; S. Pyo,Construction and Building Materials,10.1016/j.conbuildmat.2022.129713,https://www.semanticscholar.org/paper/f32dbe6c81d1eac27c66ef1ba26888d774a2d9ab,unclear,81,Semantic Scholar,https://doi.org/10.1016/j.conbuildmat.2022.129713,f32dbe6c81d1eac27c66ef1ba26888d774a2d9ab
E,碳化固废辅助胶凝材料,"""carbonated waste concrete powder"" cement",Development of Sustainable Cement-Based Materials with Ultra-High Content of Waste Concrete Powder: Properties and Improvement,2023,Ruihan Hu; Youchao Zhang; Zhiyu Zhang; Zhiming Ma,Sustainability,10.3390/su152014812,https://www.semanticscholar.org/paper/dbba5b7566eea01c6de12858e4c3e15f938be85e,"The recycled powder (RP) of construction waste, as a kind of silica–aluminum waste, can have a certain gelling effect after alkali activation modification. Sodium silicate (water glass) and NaOH are used as composite alkali activators to stimulate RP to prepare alkali-activated mortar. The different micro and macro properties of RP are studied under the ultra-high substitution rates of 70%, 80%, 90%, and 100% of cementation-based materials. The results show that the mechanical properties of the regenerated powder mixture decrease gradually with the increase in the substitution rate. When the replacement rate of RP is 70%, the 3 d and 28 d compressive strength decreases by 73.63% and 69.46%, respectively. When the replacement rate reaches 100%, the 3 d and 28 d compressive strength decreases by 96.98% and 93.74%, respectively. The cement-based material after alkali excitation has the characteristics of early strength and the mechanical properties are greatly improved, and the mechanical properties of cement-based materials can be effectively increased by increasing the modulus of water glass. At 70%RP substitution rate, the compressive strength of 28 d increases by 3.59% and 107.71% when the modulus of sodium silicate is 1.0 M and 1.6 M, compared with the unactivated groups. At 100%RP substitution rate, the 28 d strength of the unexcited specimen is 0.92 MPa, and the 28 d compressive strength reaches 6.15 MPa and 12.86 MPa when the modulus of sodium silicate is 1.0 M and 1.6 M. The results show that the alkali-activated mortar has good application potential.",18,Semantic Scholar,https://www.mdpi.com/2071-1050/15/20/14812/pdf?version=1697113573,dbba5b7566eea01c6de12858e4c3e15f938be85e
E,碳化固废辅助胶凝材料,"""carbonated waste concrete powder"" cement",Reusing Waste Concrete Recycled Powder in Mortar: Paste Substitution versus Cement Substitution,2024,L. Li; Ze-Cheng Lu; P. Ng; Zhongping Chen; X. Deng,Journal of materials in civil engineering,10.1061/jmcee7.mteng-17101,https://www.semanticscholar.org/paper/c63bc7686cee63a2abb90db0c764179b9755fbdc,unclear,9,Semantic Scholar,unclear,c63bc7686cee63a2abb90db0c764179b9755fbdc
E,碳化固废辅助胶凝材料,"""carbonated waste concrete powder"" cement",A global bibliometric and systematic review of sustainable construction materials incorporating waste concrete powder,2025,E. A. Ohemeng; M. Ramabodu,Discover Sustainability,10.1007/s43621-025-01740-6,https://www.semanticscholar.org/paper/60e1a935ca8fe4e8b3d768322b2750c31af9c776,unclear,2,Semantic Scholar,unclear,60e1a935ca8fe4e8b3d768322b2750c31af9c776
E,碳化固废辅助胶凝材料,"""carbonated waste concrete powder"" cement",Concrete powder waste as a substitution for Portland cement for environment-friendly cement production,2023,Dayana Ruth Bola Oliveira; G. Leite; E. Possan; J. Marques Filho,Construction and Building Materials,10.1016/j.conbuildmat.2023.132382,https://www.semanticscholar.org/paper/81d62042db5786ce80555b77010e802dc779b699,unclear,67,Semantic Scholar,unclear,81d62042db5786ce80555b77010e802dc779b699
E,碳化固废辅助胶凝材料,"""carbonated waste concrete powder"" cement",A comparative life cycle assessment of recycling waste concrete powder into CO2-Capture products.,2024,Ekaterina Kravchenko; M. Sauerwein; Svetlana Besklubova; Charles Wang Wai Ng,Journal of Environmental Management,10.1016/j.jenvman.2023.119947,https://www.semanticscholar.org/paper/0454ef6eb200e88cfd70ccfc211bd9a7db0bbc44,"Waste concrete powder (WCP), a byproduct of construction and demolition (C&D), currently has a low degree of recycling despite its potential for environmentally friendly applications. WCP can serve as a valuable substitute for cement, offering advantages for resource conservation and carbon sequestration. However, there are very few studies that quantitatively assess the environmental impact of incorporating WCP into the circular economy as a secondary material instead of disposing of it. The energy-intensive processing of WCP raises questions about the optimal carbonation time using available equipment. This study aims to fill this knowledge gap by employing carbon footprint and life cycle assessments (LCA) to optimize WCP recycling. Three recycling WCP scenarios are analyzed. The first scenario involved the conversion of WCP into compacts that absorb CO2 during the carbonation process. The results of the first scenario revealed that the optimal carbonation time for WCP compacts was 8 h, during which 42.7 kg CO2-e per tonne of WCP compacts was sequestered. The total global warming potential (GWP) was -4.22 kgCO2-e, indicating a carbon-negative recycling process. In the second and third scenarios, LCA was conducted to compare the use of carbonated and uncarbonated WCP as a partial replacement for cement in concrete. In these scenarios, it was found that uncarbonated WCP is a more effective solution for reducing the carbon footprint of traditional concrete mixes, achieving a significant 16% reduction of GWP when 20% of cement is replaced. Conversely, using carbonated WCP as a partial cement replacement in concrete mixtures shows limited potential for CO2 uptake. The sensitivity analysis reveals that the carbon footprint of the WCP compacts production process is strongly influenced by the electricity supplier used.",31,Semantic Scholar,unclear,0454ef6eb200e88cfd70ccfc211bd9a7db0bbc44
E,碳化固废辅助胶凝材料,"""carbonated waste concrete powder"" cement",Chloride transport and thermoactivated modification of sustainable cement-based materials with high-content waste concrete powder,2023,Ruihan Hu; Changqing Wang; Jiaxin Shen; Zhiming Ma,Journal of Materials Research and Technology,10.1016/j.jmrt.2023.02.048,https://www.semanticscholar.org/paper/ad3398ac76c8ba66d8c16050fadc0701959d5249,unclear,22,Semantic Scholar,https://doi.org/10.1016/j.jmrt.2023.02.048,ad3398ac76c8ba66d8c16050fadc0701959d5249
E,碳化固废辅助胶凝材料,"""carbonated waste concrete powder"" cement",Multi-scale characteristics of magnesium potassium phosphate cement enhanced by waste concrete powder,2023,Zhi-hai He; Haoran Xu; Trong‐Phuoc Huynh; Jin-yan Shi; Zhiyuan Ma; Yung‐Jin Hu; Fei-jin Chen,Ceramics International,10.1016/j.ceramint.2023.01.133,https://www.semanticscholar.org/paper/5800dfc3e7c1154634300af0f933764854ee7d33,unclear,15,Semantic Scholar,unclear,5800dfc3e7c1154634300af0f933764854ee7d33
E,碳化固废辅助胶凝材料,"""carbonated waste concrete powder"" cement",Achieving carbon utilization and storage (CUS) in cement-based materials with wet-grinding carbonated concrete slurry waste,2024,Jin Yang; Hailong Zhao; Xingyang He; Jingyi Zeng; Ying Su; Yubo Li; Huahui Qi; Cong Tian,Cement & Concrete Composites,10.1016/j.cemconcomp.2024.105642,https://www.semanticscholar.org/paper/5a848d35f934f1fc1cdda3c613ecbd109267cf0c,unclear,31,Semantic Scholar,unclear,5a848d35f934f1fc1cdda3c613ecbd109267cf0c
E,碳化固废辅助胶凝材料,"""carbonated waste concrete powder"" cement","Novel exploration of chemical compounds in mono-variate, Bi-variate, and multi-variate scenarios of waste glass powder as a cement replacement in concrete",2025,Maryam Basil Ishaq; A. Mohammed; Azad A. Mohammed,Sustainable Chemistry and Pharmacy,10.1016/j.scp.2024.101894,https://www.semanticscholar.org/paper/c39cf245cf64d4782519b2d5a13930ceca6b79a3,unclear,11,Semantic Scholar,unclear,c39cf245cf64d4782519b2d5a13930ceca6b79a3
E,碳化固废辅助胶凝材料,"""carbonated waste concrete powder"" cement",The Effect of Activation Methods on the Mechanical Properties of Cement Mortars with Recycled Powder from Concrete Waste as a Cement Partial Replacement: A Review,2025,K. Kaptan; Sandra Cunha; J. Aguiar,Sustainability,10.3390/su17104502,https://www.semanticscholar.org/paper/9efdcd727125e29c32e299fa0fcdc2f138cc8faf,"The use of recycled powder (RP) derived from construction and demolition waste (CDW) has several benefits, including the conservation of natural aggregate supplies, the preservation of land designated as landfills, and the promotion of a sustainable built environment. Partially substituting cement with RP generated from concrete-based waste can significantly reduce the carbon footprint of the construction industry. This comprehensive review delineates the advantages and disadvantages of mechanical, thermal, chemical, carbonation, mineral addition, and nano-activation methods for RP-based Portland cement (PC) mortars. A comprehensive examination of the parameters affecting the characteristics of RP-incorporated mortar has been presented. The mechanical properties of cement mortar formulated with RP have been examined in relation to different activation procedures. The review indicates that RP can be effectively utilized in the development of sustainable construction materials. This review article’s extensive literature survey also indicates a promising research trend and underscores the significance of thermal and combined activation methods and the utilization of concrete waste. Moreover, existing limitations in the current research and prospective future studies were identified and presented.",7,Semantic Scholar,unclear,9efdcd727125e29c32e299fa0fcdc2f138cc8faf
E,碳化固废辅助胶凝材料,"""carbonated waste concrete powder"" cement",Binary effect of silica fume and waste glass powder as a cement replacement for a sustainable concrete,2025,Ömer Damdelen; M. A. Mosaberpanah; Stephen Babajide Olabimtan; Micheal Deric Anthony; Babatunde Olufunso Oluwole,Discover Concrete and Cement,10.1007/s44416-025-00028-2,https://www.semanticscholar.org/paper/f3798990bfb00cb50299f8ad4a4dfaf86955cb65,unclear,4,Semantic Scholar,unclear,f3798990bfb00cb50299f8ad4a4dfaf86955cb65
E,碳化固废辅助胶凝材料,"""carbonated waste concrete powder"" cement","Using Recycled Concrete Powder, Waste Glass Powder, and Plastic Powder to Improve the Mechanical Properties of Compacted Concrete: Cement Elimination Approach",2022,Erfan Najaf; H. Abbasi,Advance in Civil Engineering,10.1155/2022/9481466,https://www.semanticscholar.org/paper/e5b0175d93ba7220d58e3f6a6e3712b44efadab4,"The environment receives millions of tons of garbage, including plastic and glass, and concrete building debris contributes to a number of environmental problems. In order to reduce cement and make use of waste materials like glass and plastic, this research creates compacted concrete samples using waste glass powder, waste plastic powder, micro-silica, fly ash, and recycled powdered concrete. Compressive, nonlinear behavior, and SEM tests on compacted specimens showed that by removing 80% of the cement and substituting 20% recycled concrete powder, 15% micro-silica, 15% fly ash, 15% waste plastic powder, and 15% waste glass powder (at 80°C for 20 minutes), sustainable concrete with compressive and flexural strengths nearly equal to the sample’s compressive and flexural strengths was produced. Micro-silica has several shortcomings regarding improving concrete strength and building a suitable combination with recycled concrete powder. In extremely small quantities, glass powder may be used to replace cement, and in greater quantities, it can take the place of aggregate. Finally, it was found that concrete mortar could be made completely sustainable by using recycled materials like glass, plastic, and recycled concrete, as well as micro-silica and fly ash, and that only 20% of the weight of cement could be used without lowering the compressive and flexural strength of the concrete.",52,Semantic Scholar,https://downloads.hindawi.com/journals/ace/2022/9481466.pdf,e5b0175d93ba7220d58e3f6a6e3712b44efadab4
E,碳化固废辅助胶凝材料,"""carbonated waste concrete powder"" cement",A Review of the Utilization of Recycled Powder from Concrete Waste as a Cement Partial Replacement in Cement-Based Materials: Fundamental Properties and Activation Methods,2024,K. Kaptan; Sandra Cunha; J. Aguiar,Applied Sciences,10.3390/app14219775,https://www.semanticscholar.org/paper/c849702f4ce5dab2c5df9fc9c769eaa3cf2312c2,"Recycled powder (RP) is the primary by-product generated during the reclamation process of construction and demolition waste (CDW). There is existing literature on the use of RP as supplemental cementitious materials (SCMs) in cement-based materials, but a comprehensive evaluation on the characteristics of RP generated from concrete waste has been missing until now. This paper critically reviews the use of RP from concrete waste in cement-based materials, as concrete waste makes up a significant amount of CDW and other components have designated recycling methods. In this sense, this study conducted a critical analysis on the use of RP as an SCM, using detailed literature research. The technology used for producing RP is detailed along with its chemical, mineralogy, and microstructural characteristics. Fresh-state properties in cementitious matrices with RP are introduced with the view of mechanical grinding, thermal activation, carbonation, chemical treatment, biomineralization, mineral addition, nano activation, and carbonation. The review highlights the significant potential of utilizing RP in cement-based materials. Specifically, RP can be advantageously utilized in the production of value-added construction materials.",39,Semantic Scholar,unclear,c849702f4ce5dab2c5df9fc9c769eaa3cf2312c2
E,碳化固废辅助胶凝材料,"""carbonated waste concrete powder"" cement",Packing density investigation of blended cement pastes incorporating waste perlite and recycled concrete powder,2023,Amina Dacić; Olivér Fenyvesi,Materials Today: Proceedings,10.1016/j.matpr.2023.03.561,https://www.semanticscholar.org/paper/1ec669d0fa09d785b7bd001d47a750eb98057855,unclear,8,Semantic Scholar,unclear,1ec669d0fa09d785b7bd001d47a750eb98057855
E,碳化固废辅助胶凝材料,"""carbonated waste concrete powder"" cement",Challenges and Opportunities in Using High Percentage Waste Glass Powder as Cement Replacement in Concrete,2025,Gaurav Chand; M. Achintha; Yong Wang,Materials Circular Economy,10.1007/s42824-025-00173-w,https://www.semanticscholar.org/paper/2d75a29fe82787cd0d517ec69a7f1b49d88ba919,"This paper investigates the feasibility of using waste glass powder as a partial replacement for cement in concrete, exceeding the current observed limit of ~ 20%. The study examines the chemical reactions between glass powder and cement to explore the likely factors that may restrict the replacement percentage to this threshold. Using mole-concept theory-based analysis, the findings suggest that additional calcium-silicate-hydrate (C-S–H) may be formed from the reactions between glass powder and Portlandite. This indicates the potential for cement replacement percentages greater than 20% without compromising the strength of the concrete, contrasting with the current experimentally observed limit. The paper identifies four potential key factors that may be responsible for the limited cement replacement: (1) at higher cement replacement percentage, there is unreacted glass powder in the mix; (2) the contribution to the strength of the C-S–H formed from the chemical reactions involving the glass powder is inferior to that from cement hydration; (3) size of the glass particles that hamper full expected chemical reactions; and (4) the slow rate of the chemical reactions, and hence the strength gain may not happen within 28 days. Finally, the paper discusses possible means of overcoming the above limitations towards achieving high glass powder percentages as cement replacement in concrete. The effect of high glass powder content on the fresh, mechanical and durability properties of concrete is beyond the scope of this study. Instead, the focus is on exploring potential methods to overcome the challenges associated with its use, aiming to reduce the carbon footprint.",2,Semantic Scholar,https://doi.org/10.1007/s42824-025-00173-w,2d75a29fe82787cd0d517ec69a7f1b49d88ba919
E,碳化固废辅助胶凝材料,"""carbonated waste concrete powder"" cement",Reusing waste clay brick powder for low-carbon cement concrete and alkali-activated concrete: A critical review,2024,Huixia Wu; Jianming Gao; Chengcong Liu; Zhaoheng Guo; Xu Luo,Journal of Cleaner Production,10.1016/j.jclepro.2024.141755,https://www.semanticscholar.org/paper/98c18f7e57ae74d18876b31b411c14d3c4e660bf,unclear,107,Semantic Scholar,unclear,98c18f7e57ae74d18876b31b411c14d3c4e660bf
E,碳化固废辅助胶凝材料,"""carbonated waste concrete powder"" cement",Predictive modeling of concrete properties with waste glass powder as a partial cement replacement,2025,Brwa Omer,Structural Concrete,10.1002/suco.70086,https://www.semanticscholar.org/paper/b7ee7905c438d7ffa2354b6d1661c6b0e3c37135,"The accurate analysis and design of structural concrete elements containing waste glass powder (GP) require a comprehensive understanding of their mechanical behavior and associated equations. Fortunately, extensive research has been conducted over several decades on various properties of concrete that incorporates GP, contributing to an improved understanding of this concrete type. In this study, experimental data from 22 peer‐reviewed journals on GP‐containing concrete were collected, statistically analyzed, and then used to develop equations for predicting various concrete properties, including compressive strength, splitting tensile strength, concrete compressive strain at peak compressive strength, concrete tensile strain at peak tensile strength, and the compressive stress–strain behavior up to peak compressive stress. The prediction accuracy of the developed models was evaluated using various statistical performance metrics. Interestingly, the analytical results revealed a minimal impact of GP particle size on predicting various mechanical properties of GP‐modified concrete, rendering it a negligible factor. Conversely, both the compressive strength of GP and the GP percentage of cement replacement used exhibited strong correlations with the key concrete properties investigated in this study, highlighting their significant influence as independent variables. The proposed equations provide accurate predictions of the experimental data reported in the literature. They can be used to analyze and design structural elements made of GP‐modified concrete.",3,Semantic Scholar,unclear,b7ee7905c438d7ffa2354b6d1661c6b0e3c37135
E,碳化固废辅助胶凝材料,"""carbonated waste concrete powder"" cement",Sustainable reuse of waste ceramic tiles powder and waste brick powder as a replacement for cement on green high strength concrete properties,2024,T. A. Tawfik; Alena Sičáková; Eva Kuzielová; S. Kusnir; A. Eštoková; Magdalena Balintova; N. Junakova,Innovative Infrastructure Solutions,10.1007/s41062-024-01498-2,https://www.semanticscholar.org/paper/db7cee1837c83d4489d318ea517b89bbb60ccb94,unclear,20,Semantic Scholar,unclear,db7cee1837c83d4489d318ea517b89bbb60ccb94
E,碳化固废辅助胶凝材料,"""carbonated waste concrete powder"" cement",Recycling of Waste Granodiorite Powder as a Partial Cement Replacement Material in Ordinary Concrete,2024,Islam N. Fathy; Maged E. Elfakharany; Alaa A. El‐Sayed,unclear,10.2478/adms-2024-0017,https://www.semanticscholar.org/paper/c1e9d83fb071560dd3dff79b67633b578aabd508,"Abstract In this study, the effect of using waste granodiorite powder (WGP) as a cement replacement material in percentages ranging from 1 to 9% on various physical and mechanical properties of ordinary concrete was investigated. The resistance of produced concretes with WGP to the high temperature effects on the 28 days compressive strength were studied as well. Granodiorite is one of the well-known igneous rocks that have been used in previous research as a replacement for coarse or fine aggregates due to the hardness of its grains. However, rare studies have investigated its powder as a partial cement replacement material. Results showed the ability of investigated WGP with high surface area to act as a supplementary cementitious material that contributed to enhance the results of mechanical and physical properties of concrete. At traditional room temperature, the optimal replacement percentage was 7%, where the 28 days compressive and tensile strengths were improved by 28.3% and 17.3%, respectively. The optimal replacement ratio varied between 7 and 9% in the case of high temperatures, according to exposure time and temperature degree. Statistical and sensitivity analysis was conducted on 66 available compressive strength value represents all variables before and after elevated temperature exposure. While the regression equation showed good R2 value of 85.3%, sensitivity analysis indicated that compressive strength value is most sensitive to temperature, followed by WGP ratio and exposure time, with importance values of 56, 26, and 18 %, respectively. Results showed also that the setting times and consistency was decreased with increasing the replacement ratio with WGP, while the workability was slightly improved up to 5% replacement ratio. Furthermore, microstructure analysis showed that WGP can help to densify the concrete matrix due to its small size and ability to fill the interstitial voids in the concrete matrix.",20,Semantic Scholar,https://doi.org/10.2478/adms-2024-0017,c1e9d83fb071560dd3dff79b67633b578aabd508
E,碳化固废辅助胶凝材料,"""carbonated waste concrete powder"" cement",Performance evaluation of ultra-high-performance fiber-reinforced concrete incorporating waste OLED glass powder as a cement replacement,2025,Yoon Kyung Na; Hong-Joon Choi; Ilhwan You; D. Yoo,Cement & Concrete Composites,10.1016/j.cemconcomp.2025.106459,https://www.semanticscholar.org/paper/d4743330743766aa3d5396a7a9d1c57ac23bc2c5,unclear,4,Semantic Scholar,unclear,d4743330743766aa3d5396a7a9d1c57ac23bc2c5
E,碳化固废辅助胶凝材料,"""carbonated waste concrete powder"" cement",Experimental investigation for the influence of graphene oxide on properties of the cement-waste concrete powder composite,2021,Yuwu Sui; Shu Liu; Chuping Ou; Qinlei Liu; Guan Meng,Construction and Building Materials,10.1016/j.conbuildmat.2020.122229,https://www.semanticscholar.org/paper/46669306aeb3d200ece35a50748345537b57d77f,"Abstract The effects of Graphene oxide (GO) on properties and microstructure of cement-waste concrete powder (WCP) composite were investigated experimentally in detail, a nonmetallic ultrasound detection for compactness, X-ray diffraction (XRD) detection for mineral composition and scanning electron microscope (SEM) detection for structure and morphology were put in use. The experiment results represented that the mortar could be compacted and the mechanical strength could be improved under an action of GO accompanying with the decrease of slump value. Compared to the compressive strengths, the flexural strengths of mortar and cement-WCP composite were improved furtherly by GO. However, the properties of mortar could be deteriorated when the WCP replacement of cement more than 20%. It was confirmed that the strengths of mortar with 20% WCP replacement of cement and 0.05% GO addition could exceed the values of standard. Ultrasonic wave, SEM and XRD detections proved that GO could strengthen the composite structure and form a more compact composite.",35,Semantic Scholar,unclear,46669306aeb3d200ece35a50748345537b57d77f
E,碳化固废辅助胶凝材料,"""carbonated waste concrete powder"" cement","Investigation of strength, durability, and microstructure properties of concrete with waste marble powder as a partial replacement of cement",2024,Sandeep Sathe; Sudhir Patil; Yashraj Bhosale,World Journal of Engineering,10.1108/wje-06-2024-0372,https://www.semanticscholar.org/paper/47137561e68af03150d944c6f766a5e454a04fde,"Purpose Cement plays a significant part in concrete, and with the increasing demand for concrete, cement output varies day by day, allowing production to carbon dioxide emissions. As well as marble processing creates stone slurry and solid discards. These are often dumped irresponsibly on open land, polluting the soil. This improper disposal of marble waste is a major environmental concern. This study aims to propose a sustainable solution for reusing this waste material as a concrete additive. Design/methodology/approach A total of 135 concrete cubes of size 150 × 150 × 150 mm, 54 concrete cylinders of size 150 mm dia. and 300 mm height and 54 concrete beams of size 150 × 150 × 700 mm were cast. The replacement was 0%, 2.5%, 5%, 7.5%, 10%, 12.5%, 15%, 17.5% and 20% by weight of cement with marble dust to create M30 concrete with a water-cement ratio of 0.45. The test was performed to find the compressive strength (CS), flexural strength (FS) and split tensile strength. Also, durability tests like rapid chloride penetration test (RCPT), acid attack, ultrasonic pulse velocity (UPV) and water permeability test were performed. Findings After 7 and 28 days of curing, it was found that replacing 5% of cement with marble powder led to an initial strength improvement of up to 25% for both curing periods. However, further increases in marble dust resulted in an inconsistent decrease in strength for all the mixtures. Also, durability properties like acid attack test, water permeability test and RCPT, showed good performance at the optimum percentage of waste marble powder (WMP) as cement replacement. The microscopic analysis revealed a denser pore structure at lower WMP replacement levels, likely due to the powder filling in gaps. Originality/value This study reveals that by substituting 5% (optimum) of cement with WMP, there was CS improvement up to 8.4% and 17% for both 7 and 28 days of curing. WMP is typically finer than cement particles and fills the voids in the concrete more effectively, resulting best performance at optimum percentage against RCPT, UPV, acid attack and water permeability.",11,Semantic Scholar,unclear,47137561e68af03150d944c6f766a5e454a04fde
E,碳化固废辅助胶凝材料,"""carbonated waste concrete powder"" cement",An accelerator prepared from waste concrete recycled powder and its effect on hydration of cement-based materials,2021,Xiufeng Deng; Huiyong Guo; H. Tan; Xingyang He; Zheng Zhengqi; Ying Su; Yang Jin,unclear,10.1016/j.conbuildmat.2021.123767,https://www.semanticscholar.org/paper/bf9397f5ea01538a322e3c7fb669ff065651f320,"Abstract Utilization of waste concrete recycled powder (RP) in cementitious materials faced enormous challenge, because of low activity and huge water demand. In this paper, RP was treated by wet grinding to prepare submicron-RP (SRP), and then SRP was used as an accelerator in various cementitious systems, including Portland cement system (PC), PC-granulated blast furnace slag (PC-GBFS), and PC-fly ash (PC-FA) system. The compressive strength, hydration heat, hydration products, and microstructure of these systems were studied. Results showed that SRP with an average diameter of 594 nm was obtained by wet grinding. In PC paste, at the age of 12 h, 6% SRP could augment the compressive strength by 150% and hydration heat by 100%, in comparison with the paste without SRP; in PC-GGBS or PC-FA system, the similar results were also found. The reason was because of the excellent nucleation effect to significantly facilitate the hydration of PC and promote the formation of hydrates; moreover, due to the filling effect of SRP, the microstructure of hardened pastes was refined. The research could provide a novel approach for the utilization of RP in precast engineering.",89,Semantic Scholar,unclear,bf9397f5ea01538a322e3c7fb669ff065651f320
E,碳化固废辅助胶凝材料,"""carbonated waste concrete powder"" cement",Mechanical Properties of Cement Concrete with Waste Rubber Powder,2024,Junqin Liu; Jiyue Li; Yanwei Xu; Shibin Ma,Applied Sciences,10.3390/app14156636,https://www.semanticscholar.org/paper/8e077ae34159be493f40b084bfde6049ad8e06bf,"To investigate the mechanical properties of cement concrete incorporating waste rubber powder, the response surface methodology was employed. The Box–Behnken central composite design was applied to analyze the three primary factors influencing the road performance of cement concrete containing waste rubber powder: the water–cement ratio, sand ratio, and waste rubber powder content. The study determined the impact of these factors on the flexural strength of waste rubber powder cement concrete at both 7 and 28 days. Additionally, the effects of the water–cement ratio, sand ratio, and waste rubber powder content on the performance of cement concrete were analyzed. To investigate the impact of waste rubber powder on cement concrete, various mechanical property tests were conducted, including compressive, flexural, dynamic elastic modulus, and impact performance tests. Furthermore, the study explored the influence of waste rubber powder on the noise reduction capacity of cement concrete using both the rubber ball impact method and ultrasonic method. Lastly, the durability of cement concrete with added rubber powder was assessed through shrinkage tests, frost resistance tests, and chloride ion penetration tests.",5,Semantic Scholar,https://www.mdpi.com/2076-3417/14/15/6636/pdf?version=1722339885,8e077ae34159be493f40b084bfde6049ad8e06bf
E,碳化固废辅助胶凝材料,"""carbonated waste concrete powder"" cement","Effect of waste glass powder as partial cement replacement on fresh properties, mechanical strength, bond, water penetration and thermal conductivity of normal concrete",2024,Dler Ali Ahmad; Asraa Y. Al Goody; Hersh F. Mahmood; Mohammed Robitan Jalal Ahmad; S. Ahmad; Aya Ebrahim; M. Ahmad; Z. Ramadan,Multiscale and Multidisciplinary Modeling Experiments and Design,10.1007/s41939-024-00583-4,https://www.semanticscholar.org/paper/4e13da6b9d6d19c6b6ccffe1fe144da3b32b9217,unclear,12,Semantic Scholar,unclear,4e13da6b9d6d19c6b6ccffe1fe144da3b32b9217
E,碳化固废辅助胶凝材料,"""carbonated waste concrete powder"" cement",Evaluating the shear performance of reinforced concrete beams using waste glass powder as a sustainable cement substitute,2024,Brwa Omer; Jalal A. Saeed,Structural Concrete,10.1002/suco.202301002,https://www.semanticscholar.org/paper/e64ba8c1664b4ba126b1b84e9379a2388e4cc3e0,"The scarcity of comprehensive data on the shear properties of reinforced GP‐concrete beams without shear reinforcement has hindered their widespread use, mainly due to challenges in predicting their shear performance. This study examines the influence of incorporating up to 15% waste glass powder (GP) with two separate particle size categories: GP‐A (55 to 135 μm) and GP‐B (finer than 55 μm) as a cement replacement on the 180‐day shear performance of reinforced concrete beams with varying cement content and without stirrups. To accomplish this, a total of 14 beams were used, all sharing identical dimensions measuring 200 mm × 250 mm × 2000 mm. The aforementioned parameters were investigated for their effects on the shear performance of beams, including crack patterns, modes of failure, load–deflection behavior, and strength capacities at different loading stages. Furthermore, this investigation explores the applicability of the most commonly used design codes of practice for predicting the shear strength of reinforced GP‐modified concrete beams. These codes are typically employed to design the shear strength of reinforced conventional concrete shallow beams without shear reinforcement. The study's findings indicate that the impact of GP particle size on the shear performance of beams with the same GP content is almost negligible. Additionally, the study found that incorporating GP into concrete beams does not have any negative effects on their cracking load capacity, shear strength, or flexural cracking load capacity. In fact, it can even improve the latter. A comparison of experimental results with predictions from the design codes revealed that both the CEB‐FIP (1990) equation and the ACI equations provided safe estimates of shear strength for the tested beams. However, the CEB‐FIP (1990) equation yielded predictions with a lower mean, standard deviation, and coefficient of variation compared with the ACI equations, suggesting a higher level of accuracy in its estimates. The findings affirm the suitability of GP‐concrete as a viable alternative in concrete structures specifically engineered to withstand shear forces.",6,Semantic Scholar,unclear,e64ba8c1664b4ba126b1b84e9379a2388e4cc3e0
E,碳化固废辅助胶凝材料,"""carbonated waste concrete powder"" cement",Ceramic waste powder as a cement replacement in concrete paving blocks: mechanical properties and environmental assessment,2024,Omid Dehghani; Abolfazl Eslami; M. A. Mahdavipour; Davood Mostofinejad; Mehrdad Ghorbani Mooselu; K. Pilakoutas,International Journal of Pavement Engineering,10.1080/10298436.2024.2370563,https://www.semanticscholar.org/paper/9cae3d143e0cc192c9288cadae6d9645746e5685,"ABSTRACT In the quest for eco-friendly alternatives to ordinary Portland cement, a material extensively used in the manufacture of concrete paving blocks, this study explores the potential of ceramic waste powder. Towards this, a parametric investigation is conducted into the effects of substituting cement with ceramic waste powder on the mechanical properties and durability performance of mass-produced pressed concrete blocks. The findings reveal that the incorporation of ceramic waste powder as a partial cement replacement can markedly enhance the strength and durability of the paving blocks. Specifically, mixtures, containing 20% and 30% ceramic waste powder, demonstrated an increase in compressive and tensile strength by 30% and 19%, respectively, compared to their control counterparts. In addition, the modified blocks exhibited a decrease in water absorption and weight loss after undergoing freezing and thawing cycles by 8% and 40%, respectively. A life cycle assessment corroborates the environmental viability of ceramic waste powder as a cement substitute, indicating reductions across all environmental impact categories, with notable improvements. This research paves the way for more sustainable solutions in pedestrian pavement construction, underscoring the potential of ceramic waste powder as a significant contributor to global sustainability efforts in the construction industry.",7,Semantic Scholar,unclear,9cae3d143e0cc192c9288cadae6d9645746e5685
E,碳化固废辅助胶凝材料,"""carbonated waste concrete powder"" cement",A Comparative Analysis of Compressive and Flexural Strength in Concrete with Partial Cement Replacement using Waste Glass Powder,2024,Hedayat Ullah Safi; Mohammad Mukhlis Behsoodi; M. Sharifi,Indonesian Journal of Material Research,10.26554/ijmr.20242120,https://www.semanticscholar.org/paper/2b7c62f0ee86d17b8d69e658a4087e275b230f42,"This experimental inquiry delves into the evaluation of compressive and flexural strengths in concrete through the utilization of waste glass powder as a partial substitute for cement. Compressive strength is a key metric, indicating the concrete’s ability to effectively support structural axial loads, while flexural strength signifies its capacity to withstand deformation under bending, specifically the maximum tensile stress it can endure without fracturing when subjected to a bending moment. Certain pozzolanic materials have demonstrated the ability to enhance the mechanical strength of concrete when used as a cement replacement, and waste glass powder is among them. To address this, the experimental investigation included the substitution of cement with glass powder at different proportions (0%, 10%, 15%, 17.5%, and 20%) in both cubic and prismatic samples. Compressive strength and flexural strength tests were made following the curing of the samples for 7, 14, and 28 days. The findings indicated that the 17.5% cement replacement level exhibited a 6.07% over-strength for compressive strength and a 6.85% over-strength for flexural strength on the 28th day. However, the 15% replacement showed superior strength compared to a 10% replacement, and the 10% replacement was stronger than a 0% cement replacement. Notably, the 20% cement replacement displayed negative over-strength percentages, specifically -2.42% in compressive strength and -1.42% in flexural strength on the 28th day. This deviation raises concerns about its suitability for use in concrete applications, signifying that a 20% replacement may not be recommended.",6,Semantic Scholar,https://materresearch.com/index.php/imr/article/download/20/21,2b7c62f0ee86d17b8d69e658a4087e275b230f42
E,碳化固废辅助胶凝材料,"""carbonated waste concrete powder"" cement",Evaluation of waste concrete recycled powder (WCRP) on the preparation of low-exothermic cement,2022,Xi Chen; Ying Li; Zheyu Zhu; Liyuan Ma,Journal of Building Engineering,10.1016/j.jobe.2022.104511,https://www.semanticscholar.org/paper/b7749ab04166679a29fa0c7c52a5c0ba7fc8db9c,unclear,46,Semantic Scholar,unclear,b7749ab04166679a29fa0c7c52a5c0ba7fc8db9c
E,碳化固废辅助胶凝材料,"""carbonated waste concrete powder"" cement",Investigating the flexural strength characteristics of reinforced concrete beams utilising waste glass powder as a sustainable cement alternative,2024,Brwa Omer; Jalal A. Saeed,Innovative Infrastructure Solutions,10.1007/s41062-024-01500-x,https://www.semanticscholar.org/paper/fec34767c097a228afcf3ce586cdb096ccdc2069,unclear,3,Semantic Scholar,unclear,fec34767c097a228afcf3ce586cdb096ccdc2069
E,碳化固废辅助胶凝材料,"""carbonated waste concrete powder"" cement",Improved foamed glass using carbonated recycled concrete powder as a foaming agent,2025,Weiyi Ji; Yi-fan Zhou; Ziwei Chen; Jian-Xin Lu; Chris Cheeseman; C. Poon,Journal of The American Ceramic Society,10.1111/jace.20481,https://www.semanticscholar.org/paper/5878e4aeffddba435a878d07d9741f9115e28ba3,"A novel foaming agent derived from carbonated recycled concrete powder (CRCP) has been employed to produce foamed glass as an alternative to commercial CaCO3. Three sintering temperatures (750, 800, and 850°C) and five dosages (1%, 2%, 3%, 5%, and 9%) were conducted for two foaming agents (CRCP and CaCO3). The results demonstrated that the CRCP samples perform better than those produced with CaCO3 as the foaming agent. This can be attributed to the more uniform pore structure observed through scanning electron microscopy and X‐ray computed tomography analysis, and enhanced micro‐mechanical strength determined by nanoindentation testing. The CRCP exhibited a moderate gas generation process, accompanied by the decomposition residues that facilitated enhanced crystalline formation within the matrix, ultimately resulting in improved performance. The findings unveiled the underlying mechanism behind the disparity in foaming properties between the two agents and highlighted the potential opportunities for waste material substitution in this industry.",2,Semantic Scholar,unclear,5878e4aeffddba435a878d07d9741f9115e28ba3
E,碳化固废辅助胶凝材料,"""carbonated waste concrete powder"" cement",Experimental and Numerical Assessment of Sustainable Concrete Using Recycled Concrete Powder (RCP) as a Partial Replacement for Cement,2025,Hafiz Asfandyar Ahmed; Waqas Arshad Tanoli,Materials,10.3390/ma18133108,https://www.semanticscholar.org/paper/f06dd7718fe9d580d474f508c9286a818ba64995,"The demolition of structures generates waste that poses environmental, social, and economic challenges. This study explores the effects of incorporating recycled concrete powder (RCP) into concrete, using it as a cement substitute at levels of 0%, 20%, 25%, and 30%. We evaluated fresh properties like workability and hardened properties such as dry density, water absorption, compressive, flexural, and split tensile strength, along with non-destructive parameters and microstructural features. The study found that substituting 20% of cement with RCP does not significantly impact mechanical properties, while higher substitutions (25% and 30%) have a slightly greater effect. Notably, 20% RCP substitution resulted in a 15–18% reduction in compressive strength over 7 to 28 days. However, it also led to a 20% decrease in CO2 emissions. A numerical analysis using nonlinear finite element analysis for flexural beam simulations further validated these results. Overall, the study promotes sustainable concrete solutions, achieving a balance between strength, environmental impact, and eco-efficiency in construction.",8,Semantic Scholar,unclear,f06dd7718fe9d580d474f508c9286a818ba64995
E,碳化固废辅助胶凝材料,"""carbonated waste concrete powder"" cement",Sustainable Utilization of Recycled Concrete Powder as Sand Replacement in Cement Mortar Production: Impact of Sand-Cement Ratio,2025,Mohammad R. Irshidat; Hashem Y. Kailani,Civil Engineering Journal,10.28991/cej-2025-011-08-016,https://www.semanticscholar.org/paper/cbe04b646eea97eb5f83b37c047e7a496b4a5187,"The construction industry is becoming more interested in recycled concrete sand obtained from concrete waste due to the urgent need for environmentally friendly building materials. This research investigates the mechanical along durability properties of cement mortars made of recycled concrete sand as a full replacement of natural sand. With a fixed water-to-cement ratio of 0.48, five values of sand-to-cement ratio, including 0.50, 1.00, 1.50, 2.00, and 2.75, were used to prepare different mortar mixes to investigate its effect on the behavior of the mortar. Results indicate a decline in workability with an increasing sand-to-cement ratio, with flow values ranging from 137% at a sand-to-cement ratio of 0.5 to 58% at a sand-to-cement ratio of 2.75. The highest compressive strength of 40.3 MPa was observed in the mix with a sand-to-cement ratio of 0.5 at 28 days, while the mix with a sand-to-cement ratio of 2.75 exhibited the lowest strength at 29.8 MPa, attributed to higher internal porosity. The mix of sand to cement of 1.5 demonstrated a balanced performance, achieving a compressive strength of 29.8 MPa and a flow value of 110 ± 5%, making it suitable for practical applications. Water absorption increased with higher sand-to-cement ratios, consistent with increased void content. Microstructural analysis revealed the presence of residual cementitious phases such as belite and calcium hydroxide in recycled concrete sand, contributing to secondary hydration and influencing durability characteristics. Although mortars containing natural sand outperformed recycled concrete sand-based mixtures in strength and workability, recycled concrete sand mortars met the required performance criteria for building, plastering, and non-structural applications. This study supports the viability of recycled concrete sand as a sustainable alternative to natural sand, contributing to resource conservation and waste reduction in the construction industry.",6,Semantic Scholar,unclear,cbe04b646eea97eb5f83b37c047e7a496b4a5187
E,碳化固废辅助胶凝材料,"""carbonated waste concrete powder"" cement",The Characteristics of Recycled Concrete Powder and Its Influences on the Properties of Cement-based Materials,2025,C. Xue; Zhe Wang; Hongxia Qiao; Li Su; Qiong Feng,Journal of Wuhan University of Technology-Mater. Sci. Ed.,10.1007/s11595-025-3085-9,https://www.semanticscholar.org/paper/e5da7f8f8d2058d9ee9d34c634858e61196cad58,unclear,2,Semantic Scholar,unclear,e5da7f8f8d2058d9ee9d34c634858e61196cad58
E,碳化固废辅助胶凝材料,"""carbonated recycled concrete fines""",Chloride binding of cement paste containing wet carbonated recycled concrete fines,2025,Yuguang Mao; Zhenguo Shi; Xiang Hu; A. Khaskhoussi; Caijun Shi,Cement and Concrete Research,10.1016/j.cemconres.2025.107823,https://www.semanticscholar.org/paper/07ae5e9b7f38889c029878a1f113100c07778c4b,unclear,15,Semantic Scholar,unclear,07ae5e9b7f38889c029878a1f113100c07778c4b
E,碳化固废辅助胶凝材料,"""carbonated recycled concrete fines""",Effect of carbonated recycled concrete fines on the performance of limestone–calcined clay cement,2025,Yingyu Wang; Peiyuan Chen; Z. Zong; Jin Li; Jingjing Fang; Aiguo Wang,Magazine of Concrete Research,10.1680/jmacr.25.00247,https://www.semanticscholar.org/paper/f1da6f2a1e2566833a2ac1e259ec255e49f21c51,"The viability of converting recycled concrete fines (RCF) into low-grade artificial limestone, through carbonation in aqueous systems, for use as a sustainable replacement for high-grade limestone in limestone–calcined clay cement (LC3) was explored. The experimental results suggest that the carbonated RCF (CRCF) exhibited high pozzolanic activity, generating additional calcium (aluminium) silicate hydrate (C-(A)-S-H) to serve as nucleation sites for LC3 hydration. The refined particle size of the CRCF and the presence of fine-sized calcium carbonate further facilitated initial ions dissolution, accelerating early-age hydration and improving the pore structure of the LC3. Moreover, the incorporation of CRCF significantly enhanced the compressive strength of the LC3. Specially, when CRCF were used as a complete replacement of limestone, the compressive strength improved by 19.82% at 3 days and 2.50% at 28 days, respectively, relative to the control. These findings demonstrate the potential of CRCF as a sustainable alternative to limestone, contributing to both efficient concrete waste utilisation and environmentally friendly LC3 production.",1,Semantic Scholar,unclear,f1da6f2a1e2566833a2ac1e259ec255e49f21c51
E,碳化固废辅助胶凝材料,"""carbonated recycled concrete fines""",Mechanism underlying early hydration kinetics of carbonated recycled concrete fines-ordinary portland cement (CRCF-OPC) paste,2023,Ligang Peng; Yi Jiang; Jiaxing Ban; Yuanyuan Shen; Zihan Ma; Yuxi Zhao; P. Shen; Chi-sun Poon,Cement & Concrete Composites,10.1016/j.cemconcomp.2023.105275,https://www.semanticscholar.org/paper/be3cfdac04115047477893d68f6f818c12ed4838,unclear,116,Semantic Scholar,unclear,be3cfdac04115047477893d68f6f818c12ed4838
E,碳化固废辅助胶凝材料,"""carbonated recycled concrete fines""",Highly reactive carbonated recycled concrete fines prepared via mechanochemical carbonation: Influence on the early performance of cement composites,2024,Yingliang Zhao; Kai Cui; Jionghuang He; Yong Zheng; P. Shen; Chi-sun Poon; Guangmin Peng; Ruilai Guo; Daohui Xia,Cement & Concrete Composites,10.1016/j.cemconcomp.2024.105636,https://www.semanticscholar.org/paper/09a00dae6d80a408d2414275d623e7a0eceabd4b,unclear,43,Semantic Scholar,unclear,09a00dae6d80a408d2414275d623e7a0eceabd4b
E,碳化固废辅助胶凝材料,"""carbonated recycled concrete fines""","Surface characterization of carbonated recycled concrete fines and its effect on the rheology, hydration and strength development of cement paste",2020,Xiaowei Ouyang; Liquan Wang; Shida Xu; Yuwei Ma; G. Ye,unclear,10.1016/j.cemconcomp.2020.103809,https://www.semanticscholar.org/paper/38cc9c0c870c6096b606520999056bbbbd02fb5a,"Abstract Carbonation treatment can effectively improve the performance of recycled concrete aggregate and fines due to the reactions of CO2 with CH and C–S–H gel of cement paste. To better understand the mechanisms involved in the performance improvement, the surface properties of carbonated recycled cement paste powder (CRP) and its effect on the rheology, hydration and strength development of cement paste was studied. The results showed that during the carbonation, the surface of CRP was covered by a layer of amorphous silica gel. The generated CaCO3 was wrapt by the silica gel and seldom exposed. The silica layer led to the poor flowability of CRP-cement paste due to that the silica gel on the surface of CRP has a strong affinity for H2O. During the very early hydration, the silica gel dissolved and then CaCO3 was exposed. CaCO3 is capable of chemically absorbing Ca2+, which facilitated the nucleation of C–S–H nuclei and stabilized the C–S–H phase. As a result, the C–S–H grew densely, uniformly and perpendicularly on the surface of CRP. In addition, the chemically absorbing Ca2+ enabled the chemical bond to be formed between CaCO3 and C–S–H. Due to increased C–S–H resulted from reactions of silica gel with CH at the interface and the stronger bond formed between CaCO3 and C–S–H, the interface between CRP and hydration products was much stronger than that between recycled cement paste powder (RP) and hydration products.",169,Semantic Scholar,https://repository.tudelft.nl/file/File_52bf9d11-5000-4fa6-81c4-4fc11fbcd69a,38cc9c0c870c6096b606520999056bbbbd02fb5a
E,碳化固废辅助胶凝材料,"""carbonated recycled concrete fines""","Development of sustainable alkali-activated slag bricks with high content of carbonated recycled concrete fines: Strength, microstructure and environmental benefit",2024,Xiaowei Ouyang; Yi Zhang; Jiaming Li; Yuwei Ma; Mingzhong Zhang; Jiyang Fu,Construction and Building Materials,10.1016/j.conbuildmat.2024.136457,https://www.semanticscholar.org/paper/c2712042aa9ef38fa65430c375f859f234062cec,": This research presents a novel method of recycling construction waste while capturing CO 2 8 through the formation of mineral carbon. The technology uses carbonated recycled concrete fines 9 (CRCF) as the primary raw material to produce sustainable, high-performance alkali bricks with high 10 replacement rates. Firstly, a general assessment of the physical and chemical properties of CRCF was 11 carried out, which revealed the formation of silica gel encapsulating the surface of CRCF during 12 carbonation. Subsequently, alkali bricks were prepared utilizing CRCF. The study investigated the 13 impact of various mix proportions, water-to-cement ratios, and manufacturing process parameters on 14 brick strength. Additionally, an in-depth analysis of reaction products and brick microstructures was 15 carried out. The results showed that the bricks produced from CRCF were stronger than those from 16 RCF, indicating enhanced reactivity after carbonation. Finally, an analysis demonstrated that utilizing 17 RCF from construction waste can significantly reduce carbon dioxide emissions, thereby mitigating 18 the environmental impact associated with cement production.",10,Semantic Scholar,unclear,c2712042aa9ef38fa65430c375f859f234062cec
E,碳化固废辅助胶凝材料,"""carbonated recycled concrete fines""",Developing sustainable engineered cementitious composites with carbonated recycled concrete fines: Feasibility and engineering properties,2025,Hao Sun; Meng Chen; Yihan Tian; Yuting Wang; Tong Zhang; Xiaowei Ouyang; Mingzhong Zhang,Cement & Concrete Composites,10.1016/j.cemconcomp.2025.106378,https://www.semanticscholar.org/paper/2925dfafee62d1d4b59d57e83930927bbb249d0f,unclear,4,Semantic Scholar,unclear,2925dfafee62d1d4b59d57e83930927bbb249d0f
E,碳化固废辅助胶凝材料,"""carbonated recycled concrete fines""",Synthesis of low-carbon alkali-activated materials using carbonated recycled concrete fines with sodium meta-aluminate,2025,Weiwei Chen; P. Shen; Qinglong Qin; Yong Tao; Chi-sun Poon,Cement & Concrete Composites,10.1016/j.cemconcomp.2025.106211,https://www.semanticscholar.org/paper/31ea73fc6ab6f57292382f46d5a218c5c0639776,unclear,4,Semantic Scholar,unclear,31ea73fc6ab6f57292382f46d5a218c5c0639776
E,碳化固废辅助胶凝材料,"""carbonated recycled concrete fines""","Production of sustainable lime-based brick using carbonated recycled concrete fines: Mechanical, mineralogical and microstructure properties",2024,Xiaowei Ouyang; Jiongqi Chen; Jiaming Li; Kai Wu; Yuwei Ma; Jiyang Fu,Construction and Building Materials,10.1016/j.conbuildmat.2023.134385,https://www.semanticscholar.org/paper/8372492fbd23873749411c8fa4e854a1b94e7cf2,unclear,19,Semantic Scholar,unclear,8372492fbd23873749411c8fa4e854a1b94e7cf2
E,碳化固废辅助胶凝材料,"""carbonated recycled concrete fines""",Utilizing Carbonated Recycled Concrete Fines to Develop Sustainable Ultra-High-Performance Fiber-Reinforced Concrete,2024,R. Nassar; Osama Zaid; Khaled Mohamed Elhadi,Journal of Building Engineering,10.1016/j.jobe.2024.111634,https://www.semanticscholar.org/paper/e9ff61775e22493384d41f7f5536b3c072a8e302,unclear,15,Semantic Scholar,unclear,e9ff61775e22493384d41f7f5536b3c072a8e302
E,碳化固废辅助胶凝材料,"""carbonated recycled concrete fines""",Producing Carbon-Negative Bricks by Regenerating C-S-H from Carbonated Recycled Concrete Fines,2025,Xin Qian; Peiyuan Chen; Hu Fang; Chunning Pei; Yi Fang; Jialai Wang,Journal of materials in civil engineering,10.1061/jmcee7.mteng-18762,https://www.semanticscholar.org/paper/f19e37f1bdee0968ad0d8372518f8b16e6702599,unclear,1,Semantic Scholar,unclear,f19e37f1bdee0968ad0d8372518f8b16e6702599
E,碳化固废辅助胶凝材料,"""carbonated recycled concrete fines""",Enhancing the performance of waste-derived super-sulfated with carbonated recycled concrete fines for cemented paste backfill applications,2026,Liancheng Wang; Xingtong Yue; Ping Jiang; Xiaobo Liu; Shiyu Zhang; Kai Cui; Yingliang Zhao,"International Journal of Minerals, Metallurgy, and Materials",10.1007/s12613-025-3272-x,https://www.semanticscholar.org/paper/8254c4be4b3739103c4fa25bb0c84a3686941303,unclear,1,Semantic Scholar,unclear,8254c4be4b3739103c4fa25bb0c84a3686941303
E,碳化固废辅助胶凝材料,"""carbonated recycled concrete fines""","Effect of carbonated recycled concrete fines on early-age engineering properties, hydration and microstructure of cement paste under high substitution level and low water-to-binder ratio",2024,Tong Zhang; Jiaze Cui; Meng Chen; Xiaowei Ouyang; Zhiguo Yan,Journal of Building Engineering,10.1016/j.jobe.2024.110376,https://www.semanticscholar.org/paper/f3db6f5069b7e2f6d5b93e698f1d9c9410aab1e0,unclear,12,Semantic Scholar,unclear,f3db6f5069b7e2f6d5b93e698f1d9c9410aab1e0
E,碳化固废辅助胶凝材料,"""carbonated recycled concrete fines""",Influences of Carbonated Recycled Concrete Fines on Cement Hydration,2023,Jiake Zhang; Liupeng Zhang; Boyang Xu; Jie Yuan,Buildings,10.3390/buildings13040926,https://www.semanticscholar.org/paper/a91ae561aecd7e0ef841df2771c678dfbb6f59b7,"The preparation of recycled concrete aggregate generates a lot of fines, which are obstacles for implementing the recycled concrete aggregate. In this work, carbonation treatment is applied to improve the properties of recycled concrete fine, and the influences of carbonated recycled concrete fine (CRCF) on cement hydration process are evaluated. Both fresh and hardened properties of the cement paste samples replacing 0 to 30% of the CRCF are measured. The results reveal that the addition of CRCF obviously accelerates the hydration process of cement, especially during the early stage, and the initial and final setting times of the cement paste containing 30% CRCF are both reduced by approximately 25% compared to the control. The CRCF improves the strength gain of cement, and that influence becomes obvious with longer curing; the relative compressive strength of cement paste containing 30% CRCF is increased by 18% relative to the control after being cured for 28 days. At the same time, the early hydration of cement paste is accelerated with the addition of CRCF and the total hydration heat after 48 h of cement paste is significantly decreased with the addition of CRCF. Specifically, the total hydration heat after 48 h of cement paste with 30% CRCF is less than 50% of that with 0% CRCF. Besides that, CRCF consumes CH in cement paste and improves the pore structure of hardened cement paste. The morphology of hydrated samples shows that the shape of ettringite formed within the control sample with 0% CRCF is longer than those of the other ones formed in cement paste with CRCF, and the length decreases as the CRCF contents increase. In addition, the sample containing 30% CRCF does not show the particles, which means that CRCF reduces the ettringite forming in hardened paste samples. Thus, the findings from this work provide a better understanding of the field of waste concrete reuse.",10,Semantic Scholar,https://www.mdpi.com/2075-5309/13/4/926/pdf?version=1680252303,a91ae561aecd7e0ef841df2771c678dfbb6f59b7
E,碳化固废辅助胶凝材料,"""carbonated recycled concrete fines""",Toward net negative carbon for bricks using mechano-alkaline activated carbonated recycled concrete fines,2024,Peiyuan Chen; Xin Qian; Hu Fang; Jiankai Xie; Yonghui Wang; Rui Liang; Jialai Wang,Construction and Building Materials,10.1016/j.conbuildmat.2024.138947,https://www.semanticscholar.org/paper/3df609fa14c299b0f64cbade534337a0d65c417f,unclear,5,Semantic Scholar,unclear,3df609fa14c299b0f64cbade534337a0d65c417f
E,碳化固废辅助胶凝材料,"""carbonated recycled concrete fines""",Reduction of environmental impact of ground improvement using carbonated recycled concrete fines,2026,Sho Nishiie; Takao Kono; M. Sugimoto; Y. Kageyama; Tomohiko Akimaru,IOP Conference Series: Earth and Environment,10.1088/1755-1315/1582/1/012008,https://www.semanticscholar.org/paper/95b5864de4801fbc0f4d4d9b0fe33c9bd311550f,"Ground improvement techniques consume significant quantities of cement, resulting in significant of CO2 emissions. To mitigate the environmental impact, this study introduces a novel soil stabilizer composed of cement and carbonated recycled concrete fines (RCFs). RCFs are by-products generated during concrete recycling and contain cement hydrates that reacts with CO2 to form calcium carbonate. Therefore, RCFs can function as carbon capture and utilization (CCU) materials. Test specimens using a mix of sand, clay, cement, and carbonated RCFs simulating soil–cement columns are prepared to investigate their physicochemical properties. The compressive strength of specimens composed of carbonated RCFs is 1.15 to 1.92 times higher than conventional soil–cement specimens with the same cement content. This strength improvement is attributed to reduced pore volume and the generation of cement hydrates that contribute to structural integrity. Furthermore, the dissolution of hexavalent chromium is below the Japanese environmental standard threshold. The findings suggest that carbonated RCFs are applicable as an environmentally friendly soil stabilizer.",0,Semantic Scholar,unclear,95b5864de4801fbc0f4d4d9b0fe33c9bd311550f
E,碳化固废辅助胶凝材料,"""carbonated recycled concrete fines""",Multifunctional role of carbonated recycled concrete fines in alkali-activated slag: In-situ silica supply and volumetric stability,2026,Dejin Xu; Hua-Cai Cheng; Yankun Ma; Jialai Wang; Jingjing Fang; Peiyuan Chen,Journal of Building Engineering,10.1016/j.jobe.2026.116125,https://www.semanticscholar.org/paper/3390b8f39725e989d895f0ab0083464f8ecc719a,unclear,0,Semantic Scholar,unclear,3390b8f39725e989d895f0ab0083464f8ecc719a
E,碳化固废辅助胶凝材料,"""carbonated recycled concrete fines""","Roles of carbonated recycled fines and aggregates in hydration, microstructure and mechanical properties of concrete: A critical review",2023,T. Zhang; Meng Chen; Yuting Wang; Mingzhong Zhang,Cement & Concrete Composites,10.1016/j.cemconcomp.2023.104994,https://www.semanticscholar.org/paper/0c97258de73bae08889525329b2fb12fa39e73b6,unclear,155,Semantic Scholar,https://discovery.ucl.ac.uk/10165587/2/Zhang_Roles%20of%20carbonated%20recycled%20fines%20and%20aggregates%20in%20hydration%2C%20microstructure%20and%20mechanical%20properties%20of%20concrete_AAM.pdf,0c97258de73bae08889525329b2fb12fa39e73b6
E,碳化固废辅助胶凝材料,"""carbonated recycled concrete fines""",Carbonation of Recycled Concrete Aggregates for New Concrete and Concrete Fines to Make Cement-Free Hollow Blocks,2024,Jef Bergmans; Hadi Kazemi Kamyab; Debabrata Ghosh; Peter Van Mierloo; Hilde Carens; Peter Nielsen,Sustainability,10.3390/su16083494,https://www.semanticscholar.org/paper/294e7bca5e4afe55ade56e592739abf7d1effade,"Mineral carbonation provides a way to increase the recycling of concrete waste in added-value products, and contributes to the principles of the circular economy. At present, most concrete waste is still downcycled. The high water absorption of recycled concrete aggregates, among other factors, impedes their recycling in the concrete industry. The quality of coarse recycled concrete aggregates (RCA) can, however, be enhanced by carbonation. Even when starting with high-grade RCA obtained from a selective demolition process, the carbonation process can decrease the water absorption of the RCA to as low as 3.0%. Concrete with a 50% replacement rate of carbonated RCA can be produced without a significant compressive strength reduction. The research further shows that carbonation can be performed at atmospheric pressure and low CO2 concentrations (e.g., 10%). The recycled concrete fines (RCF, 0–4 mm) in combination with 25% stainless steel slag were used to make zero-cement hollow blocks (39 × 19 × 9 cm) by carbonation curing without using any hydraulic binder. The hollow blocks have a compressive strength of 15.4 MPa at the lab scale. Both technologies were demonstrated on a pilot scale. In both processes, CO2 is immobilized in the resulting construction product. The developed production processes use less primary raw materials and cause less greenhouse-gas emissions than the production of traditional concrete products.",15,Semantic Scholar,https://www.mdpi.com/2071-1050/16/8/3494/pdf?version=1713785254,294e7bca5e4afe55ade56e592739abf7d1effade
E,碳化固废辅助胶凝材料,"""carbonated recycled concrete fines""",Synthesis of amorphous nano-silica from recycled concrete fines by two-step wet carbonation,2021,P. Shen; Yanjie Sun; Songhui Liu; Yi Jiang; Haibing Zheng; D. Xuan; Jian-Xin Lu; C. Poon,unclear,10.1016/j.cemconres.2021.106526,https://www.semanticscholar.org/paper/3f497c7651b3dbdf982de17ba4e0d6cd0a4ca14b,unclear,130,Semantic Scholar,unclear,3f497c7651b3dbdf982de17ba4e0d6cd0a4ca14b
E,碳化固废辅助胶凝材料,"""carbonated recycled concrete fines""",Beneficiation of recycled concrete fines through accelerated carbonation,2022,Asghar Gholizadeh-Vayghan; R. Snellings,Materials Structure,10.1617/s11527-022-01985-x,https://www.semanticscholar.org/paper/e73b2c9156f8209c678abe944ced1df2bb66fd4d,unclear,21,Semantic Scholar,unclear,e73b2c9156f8209c678abe944ced1df2bb66fd4d
E,碳化固废辅助胶凝材料,"""carbonated recycled concrete fines""",Production of artificial aggregates by granulation and carbonation of recycled concrete fines,2022,Kalle Kursula; P. Perumal; K. Ohenoja; M. Illikainen,Journal of Material Cycles and Waste Management,10.1007/s10163-022-01457-y,https://www.semanticscholar.org/paper/c26da4aeb5e6c2a835d19ed5df6d6efbec19bb7d,"There is a growing need to find ways to reuse fine concrete waste from the construction industry. In this study, recycled concrete fines were granulated and used as lightweight aggregates. Ladle slag, a steel industry residue, was used as a co-binder in different ratios (0, 10, 20, and 30%). The materials were blended and granulated, and then the granules were cured in three conditions: ambient condition, humidity chamber, and carbonation chamber. The results showed that the ladle slag content of 30% cured in a humidity chamber produced the strongest granules, with a crushing strength of 127 N, which was 135% greater than a commercial lightweight aggregate. The granules generally had satisfactory density and water absorption with a higher ladle slag content. Carbonation increased the granule strength with a low ladle slag content and decreased the granules’ water absorption. The improved physical and mechanical properties of carbonated granules are attributed to the formation of calcium carbonate during the carbonation process. The granules produced in this study show good potential for use as lightweight aggregates in the construction industry.",16,Semantic Scholar,https://doi.org/10.1007/s10163-022-01457-y,c26da4aeb5e6c2a835d19ed5df6d6efbec19bb7d
E,碳化固废辅助胶凝材料,"""carbonated recycled concrete fines""",Carbon Capture and Utilization by mineralization of cement pastes derived from recycled concrete,2020,J. Skocek; M. Zając; M. Ben Haha,Scientific Reports,10.1038/s41598-020-62503-z,https://www.semanticscholar.org/paper/9e00c030ad15362d90c118fd2159042f5d50c40c,"Reduction of CO2 emissions associated with cement production is challenging in view of the increasing cement demand and the fact that major part of the emissions originates from the main raw material used - limestone - which can be only to extremely low amount substituted. A Carbon Capture and Utilization (CCU) approach based on mineralization of fines derived from concrete appears to be a viable alternative to reduce these emissions. The CO2 sequestration and the reactivity of the obtained carbonated recycled fines is experimentally demonstrated for lab as well as industrial materials for different mineralization conditions. It is shown that all CO2 originally released by limestone calcination during clinker production can be sequestered by the full carbonation of the fines within a short time. Upon full carbonation, gels with pozzolanic properties form in the fines irrespective of the conditions tested. The carbonated fines have specific CO2 savings more than 30% higher than the simple clinker replacement by limestone.",184,Semantic Scholar,https://www.nature.com/articles/s41598-020-62503-z.pdf,9e00c030ad15362d90c118fd2159042f5d50c40c
E,碳化固废辅助胶凝材料,"""carbonated recycled concrete fines""",Carbon dioxide fixation technology for concrete waste using wet and semi-dry carbonation treatments,2026,Keita Hokano; Tomoyuki Nara; Satoshi Kawajiri; Hiroshi Kadota; Naoko Nakashima; Yosaku Ikeo; M. Kojima,IOP Conference Series: Earth and Environment,10.1088/1755-1315/1582/1/012006,https://www.semanticscholar.org/paper/093397f203f229b5214b44e3b2a79aeb82329855,"The construction industry faces major challenges in reducing CO2 emissions while pursuing carbon neutrality by 2050. In Japan, a consortium of 55 organizations, including Takenaka Corporation, Kajima Corporation, and Denka, was established in January 2022 to develop innovative eco-friendly concrete technologies. This study developed carbonation technologies for recycled fine aggregates (RFA) and recycled concrete fines (RCF) from demolished concrete to establish a stable production method for eco-friendly concrete. We investigated two approaches: wet carbonation in water and semi-dry carbonation with minimal water addition. For treatment of RCF, wet carbonation achieved higher CO2 fixation (11.7%) than semi-dry carbonation (9.4%), with more particles in the 3–20 μm range. Mortar tests revealed that both carbonation methods improved strength development, with semi-dry carbonated RCF showing particularly enhanced early-age strength development. In RFA treatment, both carbonation methods achieved similar CO2 fixation (2.8–3.0%). Semi-dry carbonated RFA showed improved water absorption and strength development in mortars, whereas wet-carbonated RFA demonstrated some challenges in physical properties. Both carbonation methods successfully fixed CO2 in the materials. The semi-dry process excelled in operational efficiency and material properties, whereas the wet process achieved higher CO2 fixation rates.",0,Semantic Scholar,unclear,093397f203f229b5214b44e3b2a79aeb82329855
E,碳化固废辅助胶凝材料,"""carbonated recycled concrete fines""",Improved storage and handling of fine recycled concrete aggregates by accelerated carbonation: towards a quantification method,unclear,H. Weigand; Svenja Vogt; Lisa Koeniger; F. Brück,Global NEST International Conference on Environmental Science &amp; Technology,10.30955/gnc2023.00265,https://www.semanticscholar.org/paper/6f0e03514d55f5118dccaef2cb5efc8974cfde63,"The fines fraction generated by crushing of concrete waste for production of recycled concrete aggregates amounts to 40 - 60 mass-%. Technically, fine recycled concrete aggregates (0 - 2 mm, fRCA) may be employed as a sand substitute in new concrete products. This is, however, hampered by the materials tendency for bridging/caking during storage in open stockpiles or silos. Here we investigated whether the reactivity of fRCA can be decreased and, hence, its storage and handling be improved by accelerated carbonation. Carbonation experiments were conducted in a pilot-scale rotating drum reactor (void volume V0 ~ 75 L) at around unity CO2 partial pressure (re-dosing setpoints - 50 hPa and + 50 hPa in-vessel differential pressure) over reaction times of one hour. Re-dosing cycles and thermogravimetric analysis served to quantify the CO2 uptake by fRCA. Penetration resistance and sieve passage against control samples served to quantify the effect of carbonation on the bridging tendency of fRCA. Compared to control samples, carbonated fine RCA formed more brittle crusts upon exposure to ambient conditions. Thus bridging/caking of fRCA may be prevented by accelerated carbonation prior to storage. Consequences of the use of carbonated fRCA as a sand substitute in concrete are subject of ongoing investigation while test methods to assess the effects on handling and storage properties are under consideration.",0,Semantic Scholar,https://cms.gnest.org/sites/default/files/Proceedings/cest2023_00265/cest2023_00265.pdf,6f0e03514d55f5118dccaef2cb5efc8974cfde63
E,碳化固废辅助胶凝材料,"""carbonated recycled concrete fines""",An investigation of CO2 sequestration through mineralization,2008,B. Ramme,unclear,unclear,https://www.semanticscholar.org/paper/8daf66a36646a678cb771572003e8acd160bd630,unclear,5,Semantic Scholar,unclear,8daf66a36646a678cb771572003e8acd160bd630
E,碳化固废辅助胶凝材料,"""carbonated recycled concrete fines""",Hydration and strength of cement paste containing metastable vaterite derived from recycled concrete fines and CO2,2025,H. Mehdizadeh; Tung-Chai Ling,Cement and Concrete Research,10.1016/j.cemconres.2025.107891,https://www.semanticscholar.org/paper/f5da3b9c0f689209913f2b7b852f632fdee76d1d,unclear,11,Semantic Scholar,unclear,f5da3b9c0f689209913f2b7b852f632fdee76d1d
E,碳化固废辅助胶凝材料,"""carbonated recycled concrete fines""",Research on carbonation percentage of carbonated recycled concrete fine aggregate: experimental investigation and machine learning prediction,2025,Mingyang Ma; Meng Chen; Tong Zhang; Mingzhong Zhang; Xiuwen Cui,Journal of Sustainable Cement-Based Materials,10.1080/21650373.2024.2449491,https://www.semanticscholar.org/paper/2f21748fecd02260b1ee8cee0f2a14f42454d30e,"The carbonation percentage (CP) is an essential carbonation degree evaluation index that determines the physicochemical properties of carbonated recycled concrete fine aggregate (CRFA), and its accurate prediction is necessary. Therefore, this paper first uses six machine learning algorithms to build predictive models, aiming to forecast the CP of CRFA under various carbonation control parameters and analyze their advantages and shortcomings. Six models including k-nearest neighbor regression, back propagation neural network, decision tree (DT), random forest, gradient boosting decision trees, and extreme gradient boosting (XGB) are trained, tested, and validated by employing a comprehensive dataset collected from our 100 mix design samples. As expected, the XGB model shows a fascinating prediction ability superior to other proposed models, owing to the largest coefficient of determination being 0.974 and the lowest root mean squared of 1.521 in the testing set. Moreover, the sensitive analysis of input feature parameters is conducted using Shapley additive explanations (SHAPs) according to the XGB-based prediction model, illustrating C-Con (average SHAP value = 0.72) shows the largest impact on the development of CP. This study promotes effective forecasting and modifies the suitable design of carbonation control parameters, providing a theoretical foundation for utilizing building waste following low-carbon and ecologically friendly development concepts.",5,Semantic Scholar,unclear,2f21748fecd02260b1ee8cee0f2a14f42454d30e
E,碳化固废辅助胶凝材料,"""carbonated recycled concrete fines""",Improved foamed glass using carbonated recycled concrete powder as a foaming agent,2025,Weiyi Ji; Yi-fan Zhou; Ziwei Chen; Jian-Xin Lu; Chris Cheeseman; C. Poon,Journal of The American Ceramic Society,10.1111/jace.20481,https://www.semanticscholar.org/paper/5878e4aeffddba435a878d07d9741f9115e28ba3,"A novel foaming agent derived from carbonated recycled concrete powder (CRCP) has been employed to produce foamed glass as an alternative to commercial CaCO3. Three sintering temperatures (750, 800, and 850°C) and five dosages (1%, 2%, 3%, 5%, and 9%) were conducted for two foaming agents (CRCP and CaCO3). The results demonstrated that the CRCP samples perform better than those produced with CaCO3 as the foaming agent. This can be attributed to the more uniform pore structure observed through scanning electron microscopy and X‐ray computed tomography analysis, and enhanced micro‐mechanical strength determined by nanoindentation testing. The CRCP exhibited a moderate gas generation process, accompanied by the decomposition residues that facilitated enhanced crystalline formation within the matrix, ultimately resulting in improved performance. The findings unveiled the underlying mechanism behind the disparity in foaming properties between the two agents and highlighted the potential opportunities for waste material substitution in this industry.",2,Semantic Scholar,unclear,5878e4aeffddba435a878d07d9741f9115e28ba3
E,碳化固废辅助胶凝材料,"""carbonated recycled concrete fines""",Optimizing concrete properties with carbonated recycled concrete aggregate: a sustainable approach,2025,S. Jamil; Maria Idrees; Arslan Akbar; S. Barbhuiya,Archives of Civil and Mechanical Engineering,10.1007/s43452-025-01319-y,https://www.semanticscholar.org/paper/fb5978ab40a5b3f5e6b5e05025f37f97050217da,unclear,3,Semantic Scholar,unclear,fb5978ab40a5b3f5e6b5e05025f37f97050217da
E,碳化固废辅助胶凝材料,"""carbonated recycled concrete fines""",High early pozzolanic reactivity of alumina-silica gel: A study of the hydration of composite cements with carbonated recycled concrete paste,2024,M. Zając; Jiayi Song; P. Ullrich; J. Skocek; M. Ben Haha; Jørgen Skibsted,Cement and Concrete Research,10.1016/j.cemconres.2023.107345,https://www.semanticscholar.org/paper/b4dace4897ecc3042705b9a2b5fb3fc3338eeecc,unclear,113,Semantic Scholar,unclear,b4dace4897ecc3042705b9a2b5fb3fc3338eeecc
E,碳化固废辅助胶凝材料,"""carbonated recycled concrete fines""",Investigating the Mechanical and Durability Properties of Carbonated Recycled Aggregate Concrete and Its Performance with SCMs,2025,S. Jamil; M. Idrees; Arslan Akbar; Wisal Ahmed,Buildings,10.3390/buildings15020201,https://www.semanticscholar.org/paper/07c498f3ad24a1be3eb20e0dde978e1e2deb6de7,"Utilizing recycled aggregates (RAs) in concrete production represents a promising path toward sustainability; however, it often results in reduced physical and durability properties. The weak interfacial transition zone (ITZ) and the adhered mortar in recycled aggregate concrete (RAC) contribute to lower mechanical strength and limit its application in demanding environments. This study investigates an accelerated carbonation technique to enhance the mechanical and durability properties of RA and RAC. Recycled aggregates, with a particle size of 10–20 mm, were subjected to carbonation at 1 bar for 2 h in a controlled carbonation chamber. Results demonstrate substantial improvements in the compressive and split tensile strengths of the carbonated recycled aggregate concrete (CRAC), with increases of 30% and 42% compared to conventional RAC, respectively. The CRAC mix also exhibited a 1.5% increase in dry density and reduced water absorption (6%) compared to RAC (7.58%). After 90 days of acid exposure, compressive strength reductions of 48.85% and 37.9% were observed for RAC and CRAC mixes, respectively, from their 28-day strength, while weight loss in CRAC was limited to 5.4%, compared to 10.92% in RAC. In sulfate exposure tests over 150 days, RAC and CRAC showed compressive strength reductions of 31.4% and 19.7% and weight losses of 3.6% and 2.2%, respectively, indicating enhanced resistance of CRAC to harsh environments. However, CRAC blended with supplementary cementitious materials (SCMs) showed diminished mechanical properties, likely due to a reduced alkaline environment caused by rapid calcium hydroxide absorption in RA pores during carbonation. Overall, the findings highlight the practical potential of accelerated carbonation to improve the performance of RAC, offering a viable pathway for sustainable construction applications.",22,Semantic Scholar,unclear,07c498f3ad24a1be3eb20e0dde978e1e2deb6de7
E,碳化固废辅助胶凝材料,"""carbonated recycled concrete fines""",Mechanochemical carbonation of recycled concrete fines: Towards a high-efficiency recycling and CO2 sequestration,2024,Yingliang Zhao; Yong Zheng; Zihan Ma; P. Shen; Chi-sun Poon; Guangmin Peng; Ruilai Guo; Daohui Xia,Cement and Concrete Research,10.1016/j.cemconres.2024.107654,https://www.semanticscholar.org/paper/2e36e8f96fc8f08581e539dfa6322b5d857711fb,unclear,55,Semantic Scholar,unclear,2e36e8f96fc8f08581e539dfa6322b5d857711fb
E,碳化固废辅助胶凝材料,"""carbonated recycled concrete fines""",Enhancement mechanism of wet-carbonated recycled concrete aggregates subjected to calcium-rich and magnesium-rich industrial reclaimed wastewater sources,2025,Ning Li; C. Unluer,Cement & Concrete Composites,10.1016/j.cemconcomp.2025.105983,https://www.semanticscholar.org/paper/188373ea6b9b1587ab4fc3196536a2473784f433,unclear,1,Semantic Scholar,https://doi.org/10.1016/j.cemconcomp.2025.105983,188373ea6b9b1587ab4fc3196536a2473784f433
E,碳化固废辅助胶凝材料,"""carbonated recycled concrete fines""",Development of Ultra-High Performance Concrete (UHPC) matrix based on recycled concrete fines subjected to coupling curing of microwave and wet carbonation,2024,Cao Yuan; Leng Yong; Chen Ziao; T. Yin; Yu Rui,Journal of Building Engineering,10.1016/j.jobe.2024.110038,https://www.semanticscholar.org/paper/97185d10ef6fe463a1319778540a5aec7934e8bc,unclear,33,Semantic Scholar,unclear,97185d10ef6fe463a1319778540a5aec7934e8bc
E,碳化固废辅助胶凝材料,"""carbonated recycled concrete fines""",Multiscale microstructure and reactivity evolution of recycled concrete fines under gas-solid carbonation,2024,Xiaowei Ouyang; Xiaofeng Li; Jiaming Li; Yuwei Ma; Mingzhong Zhang; Zongjin Li; Jiyang Fu,Cement & Concrete Composites,10.1016/j.cemconcomp.2024.105903,https://www.semanticscholar.org/paper/39c007b936ec0452cd434b7c2ca948cf8fd43bb6,unclear,25,Semantic Scholar,unclear,39c007b936ec0452cd434b7c2ca948cf8fd43bb6
E,碳化固废辅助胶凝材料,"""carbonated recycled concrete fines""",Enhancing Sustainable Construction Practices: Utilizing Heat-Treated Recycled Concrete Fines for Improving Slag-Based Geopolymer Materials,2024,Amirouche Berkouche; A. Belkadi; Abdelaziz Hasnaoui; S. Aggoun; T. Chiker; A. Khechai; Annelise Cousture; T. Tayebi,The Arabian journal for science and engineering,10.1007/s13369-024-09477-6,https://www.semanticscholar.org/paper/89e6c58ffcea4c15925997f6c4bb038e2dde6253,unclear,15,Semantic Scholar,https://hal.science/hal-04758457/document,89e6c58ffcea4c15925997f6c4bb038e2dde6253
E,碳化固废辅助胶凝材料,"""carbonated recycled concrete fines""",Raman identification of CaCO3 polymorphs in concrete prepared with carbonated recycled concrete aggregates,2024,M. Marchetti; G. Gouadec; M. Offroy; M. Haouchine; A. Djerbi; O. Omikrine-Metalssi; J. Torrenti; J. Mechling; G. Simon; P. Turcry; P. Barthelemy; O. Amiri,Materials Structure,10.1617/s11527-024-02296-z,https://www.semanticscholar.org/paper/c6754dc3fd98d6d7a771124fc7af976f744bd6a2,unclear,9,Semantic Scholar,unclear,c6754dc3fd98d6d7a771124fc7af976f744bd6a2
E,碳化固废辅助胶凝材料,"""carbonated recycled concrete fines""",Carbonated recycled concrete aggregates in construction: potential and bottlenecks identified by RILEM TC 309-MCP,2024,Y. Villagrán-Zaccardi; Lucy Ellwood; Priyadharshini Perumal; J. Torrenti; Zengfeng Zhao; E. Bernard; T. Hanein; Tung-Chai Ling; Wei Wang; Zhidong Zhang; R. Snellings,Materials Structure,10.1617/s11527-024-02489-6,https://www.semanticscholar.org/paper/190d9baa6235d37361b660aae51a709ebd3d0858,unclear,10,Semantic Scholar,unclear,190d9baa6235d37361b660aae51a709ebd3d0858
E,碳化固废辅助胶凝材料,"""carbonated recycled concrete fines""",Semi-dry carbonated recycled concrete paste as alternative to limestone and its reactivity in LC3,2024,Yu Jin; Zihan Xiong; Weipeng Feng; Dapeng Zheng; Serina Ng; Yaocheng Wang,Journal of Thermal Analysis and Calorimetry,10.1007/s10973-024-13266-6,https://www.semanticscholar.org/paper/4fd880664dc78d1a9d00f7d76110753b8c356c64,unclear,8,Semantic Scholar,unclear,4fd880664dc78d1a9d00f7d76110753b8c356c64
E,碳化固废辅助胶凝材料,"""carbonated recycled concrete fines""",In-situ 4D CT analysis of microcrack evolution in carbonated fiber-reinforced recycled aggregate concrete,2025,Changqing Wang; Yuelan Lu; Yunyun Dai; Huixia Wu; Zhiming Ma,Cement & Concrete Composites,10.1016/j.cemconcomp.2025.106161,https://www.semanticscholar.org/paper/67b62027ac5cb35c2ea723a61a7d28049176543e,unclear,73,Semantic Scholar,unclear,67b62027ac5cb35c2ea723a61a7d28049176543e
E,碳化固废辅助胶凝材料,"""carbonated recycled concrete fines""","Recycled Concrete Fines as a Supplementary Cementitious Material: Mechanical Performances, Hydration, and Microstructures in Cementitious Systems",2024,Jun Li; Xin Deng; Zhongyuan Lu; Xiaoying Li; Li Hou; Jun Jiang; Fengyuan Yang; Junjin Zhang; Kewen He,Case Studies in Construction Materials,10.1016/j.cscm.2024.e03575,https://www.semanticscholar.org/paper/9c67447ae51ebf22c8cc4e599a7b716aeb7c1267,unclear,18,Semantic Scholar,https://doi.org/10.1016/j.cscm.2024.e03575,9c67447ae51ebf22c8cc4e599a7b716aeb7c1267
E,碳化固废辅助胶凝材料,"""carbonated recycled concrete fines""",Recyclable calcium carbonate-based concrete: Utilizing calcium carbonate to bond recycled concrete fines through an in-situ heterogeneous dual-precipitation approach,2024,Qingsong Zhou; Wei Wang; Takafumi Noguchi,Cement and Concrete Research,10.1016/j.cemconres.2024.107679,https://www.semanticscholar.org/paper/b5ada1629931acef11056068a230274a4ebcc3ce,unclear,16,Semantic Scholar,unclear,b5ada1629931acef11056068a230274a4ebcc3ce
E,碳化固废辅助胶凝材料,"""carbonated recycled concrete fines""",Improving the reactivity of industrial recycled concrete fines: Exploring mechanical and hydrothermal activation,2024,Leila Nóbrega Sousa; J. Zepper; K. Schollbach; H.J.H. Brouwers,Construction and Building Materials,10.1016/j.conbuildmat.2024.137594,https://www.semanticscholar.org/paper/bd5c4fc4ab1bcf78d4f7dcc9c004d99c22e76432,unclear,15,Semantic Scholar,unclear,bd5c4fc4ab1bcf78d4f7dcc9c004d99c22e76432
E,碳化固废辅助胶凝材料,"""carbonated recycled concrete fines""",Advanced in-situ 4D CT reconstruction for exploring fiber distribution effects on the mechanical behaviors and interface optimization of carbonated high-toughness recycled aggregate concrete,2025,Changqing Wang; Jiayu Yuan; Youchao Zhang; Huixia Wu; Zhiming Ma,Construction and Building Materials,10.1016/j.conbuildmat.2025.140941,https://www.semanticscholar.org/paper/b4bc746e761eb8dd8a9bba19e3d328bae372ac8b,unclear,50,Semantic Scholar,unclear,b4bc746e761eb8dd8a9bba19e3d328bae372ac8b
E,碳化固废辅助胶凝材料,"""carbonated recycled concrete fines""",Durability performance of concrete incorporating carbonated recycled coarse aggregates: a review,2025,Zhidong Zhang; U. Angst; Viacheslav Troian; Bingbing Guo; Q. Zeng,npj Materials Sustainability,10.1038/s44296-025-00071-x,https://www.semanticscholar.org/paper/da55e9c323cfa28f0d865d02242eb90f3d29792f,"Carbonation of recycled coarse aggregates (RAs) has drawn significant attention in recent years. This study shows that most durability indicators of carbonated RAs concrete (cRAC) are lower than natural aggregate concrete, while compared to concrete with non-carbonated RAs, all durability indicators of cRAC are improved by 13–55% because of the densified microstructure after carbonation. Optimized carbonation methods (i.e., adjusting moisture content and using biomaterials) are suggested to improve the quality of carbonated RAs further.",12,Semantic Scholar,unclear,da55e9c323cfa28f0d865d02242eb90f3d29792f
E,碳化固废辅助胶凝材料,"""carbonated recycled concrete fines""",Research on the mechanical properties and microstructure of low-carbon ultra-high performance concrete using carbonated recycled fine aggregate,2025,Mingyang Ma; Meng Chen; Tong Zhang,Construction and Building Materials,10.1016/j.conbuildmat.2025.142762,https://www.semanticscholar.org/paper/93061a80de7ac5e636775eed5430f54d711f8df3,unclear,13,Semantic Scholar,unclear,93061a80de7ac5e636775eed5430f54d711f8df3
E,碳化固废辅助胶凝材料,"""carbonated recycled concrete fines""",The Basic Properties of Lightweight Artificial Aggregates Made with Recycled Concrete Fines,2024,Edyta Gosk; K. Kalinowska-Wichrowska; M. Kosior-Kazberuk; Magdalena Joka Yildiz; Ł. Derpeński; Przemysław Zamojski; P. Lipowicz,Sustainability,10.3390/su16209134,https://www.semanticscholar.org/paper/79f4ebb18b670026d4bd46af3dea1541d076da90,"The production of lightweight aggregate based on waste is an important step towards sustainable and ecological construction. It contributes to reducing the negative impact of the construction sector on the environment by reducing the consumption of natural raw materials and reducing waste of various origins, including rubble concrete. The physical and mechanical properties, including grain shape index, water absorption, bulk density, resistance to crushing, frost resistance, leachability of heavy metals, and porosity of lightweight artificial aggregate made from rubble concrete waste (KRC) were presented in the paper. The obtained test results prove that the proposed artificial aggregate has similar water absorption and bulk density and even better frost and crushing resistance than artificial aggregates available on the market. Due to its properties, it can be used for lightweight concrete, gardening, or as a separating layer in home sewage treatment plants.",5,Semantic Scholar,unclear,79f4ebb18b670026d4bd46af3dea1541d076da90
E,碳化固废辅助胶凝材料,"""carbonated recycled concrete fines""",Recycled Aggregate Concrete with Industrially Pre-carbonated Recycled Concrete Aggregates and Low Clinker Content,2024,A. Leemann; D. Sirtoli; Johannes Tiefenthaler; F. Winnefeld,Journal of advanced concrete technology,10.3151/jact.22.674,https://www.semanticscholar.org/paper/83772f2494e693fd87af035e5dc2a41d0458f817,unclear,0,Semantic Scholar,https://doi.org/10.3151/jact.22.674,83772f2494e693fd87af035e5dc2a41d0458f817
E,碳化固废辅助胶凝材料,"""carbonated recycled concrete fines""","Performance and hydration of ternary cements based on Portland clinker, carbonated recycled concrete paste (cRCP) and calcined clay",2023,M. Zając; J. Skocek; M. Ben Haha; Wolfgang Dienemann,Journal of Sustainable Cement-Based Materials,10.1080/21650373.2023.2278132,https://www.semanticscholar.org/paper/c1ad6f0014cb4026e4947e1414180fed84fcfb27,"Abstract This study explored composite cements consisting of Portland clinker, two pozzolans (alumina-silica gel in carbonated Recycled Concrete Paste (cRCP) and metakaolin), and calcium carbonate. The rapid reactivity of alumina-silica gel resulted in full reaction within 28 days, while metakaolin exhibited slower reactivity. cRCP played a significant role in strength development between 1 and 7 days, with metakaolin becoming prominent thereafter. The combination of materials preserved their distinct characteristics. Early hydration was mainly influenced by clinker and cRCP, leading to high early compressive strength. After alumina-silica gel dissolved, metakaolin forms a microstructure, reducing porosity and allowing for continued strength improvement over time. The pozzolans did not hinder their respective reactions, and calcium carbonate from cRCP stabilized ettringite content, similar to limestone-calcined clay systems. This study’s findings offer insights for developing multi-component cement with cRCP and calcined clays, resulting in higher strength and reduced CO2 footprint compared to calcined clay-limestone cements.",17,Semantic Scholar,unclear,c1ad6f0014cb4026e4947e1414180fed84fcfb27
E,碳化固废辅助胶凝材料,"""carbide slag carbonation"" cement",Preparation and performance investigation of carbonation curing lightweight calcium carbide slag cement-based materials,2025,Ling Qin; Junyi Yang; Fulong Gao; Xiaolong Qi; Xingtai Mao; Ditao Niu; Hui Wang; Jiuwen Bao; Bingbing Guo; Li Lv,Journal of Building Engineering,10.1016/j.jobe.2025.112100,https://www.semanticscholar.org/paper/75307a1fd5e6a1d440b52d5ce5c0b8f1873571df,unclear,12,Semantic Scholar,unclear,75307a1fd5e6a1d440b52d5ce5c0b8f1873571df
E,碳化固废辅助胶凝材料,"""carbide slag carbonation"" cement",Improvement effect of carbonation curing on the performance of lightweight calcium carbide slag cement-based materials under the coupled action of sulfate attack and dry-wet cycling,2025,Ling Qin; Junyi Yang; Kun Ni; Jie Liu; Jiuwen Bao; Tiefeng Chen; Ge Zhang,Case Studies in Construction Materials,10.1016/j.cscm.2025.e05423,https://www.semanticscholar.org/paper/237e32d46d912d47d5c3c5ce8bef0e458fb97396,unclear,3,Semantic Scholar,unclear,237e32d46d912d47d5c3c5ce8bef0e458fb97396
E,碳化固废辅助胶凝材料,"""carbide slag carbonation"" cement",Triethanolamine-enhanced carbonation efficiency of carbide slag in low-carbon cement composites,2025,X. Qian; Liheng Zhang; Yasen Li; Guoxing Sun; Rui Liang,Cement & Concrete Composites,10.1016/j.cemconcomp.2025.106356,https://www.semanticscholar.org/paper/13479e41f19bceabc600ef70e5a16d23e74a16ba,unclear,0,Semantic Scholar,unclear,13479e41f19bceabc600ef70e5a16d23e74a16ba
E,碳化固废辅助胶凝材料,"""carbide slag carbonation"" cement",Preliminary exploration of the hydration-carbonation coupling mechanism of low-carbon calcined clay-carbide slag-cement composites,2024,Yongpang Liao; Mingxin Shi; Ruicong Gao; Feiyue Ma; Runsheng Lin; Yan Lv; Ziqiang Chen,Journal of CO2 Utilization,10.1016/j.jcou.2024.102876,https://www.semanticscholar.org/paper/e0906ec04533ca5cc4ff54470839897720dc0883,unclear,16,Semantic Scholar,unclear,e0906ec04533ca5cc4ff54470839897720dc0883
E,碳化固废辅助胶凝材料,"""carbide slag carbonation"" cement",The Characterization of Carbide Slag by Carbonation Curing and Its Enhancement Performance in Blended Cement Paste,2024,Qingyuan Xu; Ziyan Gao; Dong Zhang; Qianbo Huang; Jianhui Liu; Bao Lu; Ruiyu Jiang,Journal of materials in civil engineering,10.1061/jmcee7.mteng-16108,https://www.semanticscholar.org/paper/45a8309290c10d54aeafe0ba2dd8f10d828e8276,unclear,3,Semantic Scholar,unclear,45a8309290c10d54aeafe0ba2dd8f10d828e8276
E,碳化固废辅助胶凝材料,"""carbide slag carbonation"" cement",Utilization of cement–pozzolana–carbide slag binder and carbonation curing in concrete: A step towards carbon-neutrality,2026,Jad Bawab; Hilal El-Hassan; Amr El-Dieb; Jamal Khatib,Green Technologies and Sustainability,10.1016/j.grets.2026.100344,https://www.semanticscholar.org/paper/9c83ce5d9a127d5dae60a63ebbfeaf18955fc7b6,unclear,1,Semantic Scholar,unclear,9c83ce5d9a127d5dae60a63ebbfeaf18955fc7b6
E,碳化固废辅助胶凝材料,"""carbide slag carbonation"" cement",Roles of alkalinity and carbonate ions concentration of carbonated carbide slag solution in hydration-carbonation kinetics of low-heat Portland cement,2026,Gangchuan Xie; Jingwei Gong; Yizhou Tang; Zhejun Su; Kebin Shi,Journal of Building Engineering,10.1016/j.jobe.2026.115542,https://www.semanticscholar.org/paper/1753be8ba362e59df8b97e81fe48387a79298c0a,unclear,2,Semantic Scholar,unclear,1753be8ba362e59df8b97e81fe48387a79298c0a
E,碳化固废辅助胶凝材料,"""carbide slag carbonation"" cement","Integrating carbide slag recycling, CO2 sequestration and performance improvement in magnesium oxychloride cement via carbonation curing",2026,Ling Qin; Qijie Xie; Fulong Gao; Jiuwen Bao; Ran Li; Xiaojiang Gao; Ditao Niu; Jianwei Sun; Daniel C. W. Tsang,Construction and Building Materials,10.1016/j.conbuildmat.2026.146339,https://www.semanticscholar.org/paper/f50052af497ea1cf28d0e1a3e9bd99be6a45013c,unclear,0,Semantic Scholar,unclear,f50052af497ea1cf28d0e1a3e9bd99be6a45013c
E,碳化固废辅助胶凝材料,"""carbide slag carbonation"" cement",Mechanism analysis of microwave-carbonation solidification for carbide slag-based low-carbon materials,2025,Runsheng Lin; Yongpang Liao; Chaoshu Fu; Ting-Hong Pan; Rongxin Guo; Xiao-Yong Wang,Cement & Concrete Composites,10.1016/j.cemconcomp.2025.105938,https://www.semanticscholar.org/paper/0a5f3ede4c11793ec11c681827fd8e5b54219d3b,unclear,40,Semantic Scholar,unclear,0a5f3ede4c11793ec11c681827fd8e5b54219d3b
E,碳化固废辅助胶凝材料,"""carbide slag carbonation"" cement",Comparative Analysis of Carbonation Strengthening Mechanisms in Full Solid Waste Materials: Steel Slag vs. Carbide Slag,2025,Qi Zhang; Pan Feng; Xuyan Shen; Yuxi Cai; Houru Zhen; Zhichao Liu,Cement & Concrete Composites,10.1016/j.cemconcomp.2025.105927,https://www.semanticscholar.org/paper/70b1979efc63dfca41c2723a3bc3715aab09a583,unclear,37,Semantic Scholar,unclear,70b1979efc63dfca41c2723a3bc3715aab09a583
E,碳化固废辅助胶凝材料,"""carbide slag carbonation"" cement","Heat-cured cement-based composites with wet-grinded fly ash and carbide slag slurry: Hydration, compressive strength and carbonation",2021,Jin Yang; Zhang Yunning; Xingyang He; Ying Su; H. Tan; Ma Mengyang; B. Strnadel,Construction and Building Materials,10.1016/j.conbuildmat.2021.124916,https://www.semanticscholar.org/paper/3becedd047570e84c7e409c4ad84fcb8b8d6e7be,unclear,33,Semantic Scholar,unclear,3becedd047570e84c7e409c4ad84fcb8b8d6e7be
E,碳化固废辅助胶凝材料,"""carbide slag carbonation"" cement",Carbonation resistance of fly ash-metakaolin-based geopolymer pastes regulated by slag and carbide slag,2024,Yigang Lv; Bei Pan; Weiwei Han; Jie Qiao; Bai Zhang; Jinghang Zhang; Hui Peng,Journal of Sustainable Cement-Based Materials,10.1080/21650373.2024.2399646,https://www.semanticscholar.org/paper/c842453bd54f60c3f2899f880f1725eed2a2d8fb,"Geopolymer is a new type of low-carbon and green cementitious material, and carbonation behavior is closely related to the calcium content within geopolymers. Therefore, investigating the influence of calcium content on the carbonation resistance of geopolymers is an urgent issue to address. To this end, this study utilized low-calcium fly ash and metakaolin as raw materials to prepare fly ash-metakaolin-based geopolymer pastes (FMGP). Additionally, high-calcium geopolymer slag and carbide slag were used to partially replace fly ash in FMGP. Standard curing and rapid carbonation tests were conducted, comparing them with ordinary Portland cement pastes. The study analyzed the effects of different slag and carbide slag contents on the microstructures, mechanical properties, phase composition, and carbonation resistance of FMGP before and after carbonation. The results revealed that the introduction of slag or carbide slag significantly enhanced the compressive strength of FMGP before carbonation, with a maximum increase of up to 39.29%. However, after carbonation, there was a noticeable decrease in compressive strength, with reductions exceeding 25%. In addition, FMGP incorporating slag or carbide slag maintained a carbonation rate of approximately 3.20 mm/d1/2 or less, and the pH of the pore solution after 28 days of carbonation remained between 11 and 11.5. Moreover, carbonation of FMGP containing slag or carbide slag resulted in pore refinement, though changes in gel properties had a more significant impact on mechanical properties than alterations in pore structure. FMGP incorporating slag or carbide slag developed a less stable Aragonite crystalline phase due to decalcification of the gel structure after carbonation. Additionally, the incorporation of slag or carbide slag promoted the hydration reactions of FMGP and the formation of C-(A)-S-H gel.",2,Semantic Scholar,unclear,c842453bd54f60c3f2899f880f1725eed2a2d8fb
E,碳化固废辅助胶凝材料,"""carbide slag carbonation"" cement",Preparation and carbonation hardening of low calcium CO2 sequestration materials from waste concrete powder and calcium carbide slag,2023,Songhui Liu; Pengjie Rong; Cheng Zhang; Jian-Xin Lu; X. Guan; Caijun Shi; Jianping Zhu,Cement & Concrete Composites,10.1016/j.cemconcomp.2023.105151,https://www.semanticscholar.org/paper/31740bc0765dea12ecdb25ba86a6acc6bf5a769d,unclear,98,Semantic Scholar,unclear,31740bc0765dea12ecdb25ba86a6acc6bf5a769d
E,碳化固废辅助胶凝材料,"""carbide slag carbonation"" cement","Carbonation curing of alkaline industrial waste for binders: A comparison study of steel slag, calcium carbide residue and waste hydrated cement",2020,Yanfeng Fang; Yuzhuo Zhang; Miao Zhang; Mingyu Zhao; Qinghe Wang,unclear,10.1680/jmacr.20.00133,https://www.semanticscholar.org/paper/5b8a0daaff17699da8fe3474daed9cb4fb4dff32,unclear,7,Semantic Scholar,unclear,5b8a0daaff17699da8fe3474daed9cb4fb4dff32
E,碳化固废辅助胶凝材料,"""carbide slag carbonation"" cement",Preparation of a supplementary cementitious material through synergy CO2 mineralization of fly ash and carbide slag,2024,Hongzhi Zhang; Yingxuan Shao; Chuanyi Ma; Xianglong Meng; Nengdong Jiang; Zhi Ge; Meijun Liang; Honglei Chang; B. Šavija,Journal of Sustainable Cement-Based Materials,10.1080/21650373.2024.2441463,https://www.semanticscholar.org/paper/9659c369274642495a9bc57f1a62bd853df593a0,"A compounded system of fly ash (FA) and carbide slag (CS) was proposed for CO2 mineralization using the aqueous approach to prepare supplementary cementitious material. Influence of CS dosage on the morphology, particle size distribution, and chemical phases of the carbonation products were characterized. It is found that the mineralization products (calcite) cover on the surface of FA leading to a remarkable synergistic effect in which the CO2 uptake is improved by about 50%. Furthermore, FA with calcite attached effectively mitigates the set retardation in OPC/FA blends by about 30% and improved the 3- and 28-day compressive strengths by 37.2% and 24.3% respectively due to combined physical and chemical effects. The results indicate that a high-volume cement replacement can be achieved using the carbonated FA produced by the proposed synergy CO2 mineralization.",6,Semantic Scholar,unclear,9659c369274642495a9bc57f1a62bd853df593a0
E,碳化固废辅助胶凝材料,"""carbide slag carbonation"" cement",CO2 capture performance of cement-modified carbide slag,2017,Xiaotong Ma; Yingjie Li; C. Chi; Wan Zhang; Zeyan Wang,Korean Journal of Chemical Engineering,10.1007/s11814-016-0315-z,https://www.semanticscholar.org/paper/4f219a9b20cd10aa8fe51bf14a169f84fb0a5371,unclear,10,Semantic Scholar,unclear,4f219a9b20cd10aa8fe51bf14a169f84fb0a5371
E,碳化固废辅助胶凝材料,"""carbide slag carbonation"" cement",Carbonation of steel slag and gypsum for building materials and associated reaction mechanisms,2019,Xue Wang; W. Ni; Jiajie Li; Siqi Zhang; M. Hitch; R. Pascual,Cement and Concrete Research,10.1016/j.cemconres.2019.105893,https://www.semanticscholar.org/paper/4150c266dff55cabab491c65948d07a0794308c9,"Abstract The carbonation of steel slag to produce building material is a useful way to increase the utilization of steel slag and absorb carbon dioxide. In this study, gypsum, steel slag, and water were mixed, compaction-shaped, and carbonation-cured as a means of improving the strength of the steel slag. It was observed that gypsum promoted an increase in both the compressive strength and the CO2 uptake of steel slag. CO2 uptake was positively correlated with strength. Microanalysis indicated that the main hydration product were C-S-H phases and ettringite, while the main carbonation products were calcite and monocarbonate (C3A. CaCO3.11H2O). Gypsum is speculated to promote the rapid hydration of steel slag to form ettringite (C3A.3CaSO4.32H2O), which then reacts with CO2 to produce monocarbonate; thus, gypsum plays a catalytic role in this system. The results of this study therefore provide theoretical guidance for the preparation of steel slag–gypsum carbide building materials.",259,Semantic Scholar,unclear,4150c266dff55cabab491c65948d07a0794308c9
E,碳化固废辅助胶凝材料,"""carbide slag carbonation"" cement",CO2 Capture Performance of Mesoporous Synthetic Sorbent Fabricated Using Carbide Slag under Realistic Calcium Looping Conditions,2017,Xiaotong Ma; Yingjie Li; C. Chi; Wan Zhang; Jiewen Shi; L. Duan,unclear,10.1021/acs.energyfuels.7b00676,https://www.semanticscholar.org/paper/6db9908cc9a966ada0fa6b17f2792a9069bca73a,unclear,49,Semantic Scholar,unclear,6db9908cc9a966ada0fa6b17f2792a9069bca73a
E,碳化固废辅助胶凝材料,"""carbide slag carbonation"" cement",A Comprehensive Review of Mineral Carbonation of Civil Engineering Materials: A Bibliometric Analysis,2025,Yu Song; Xiuteng Diao; Rui Xu; Xinpeng Wang; Yanxing Han; Tao Shi; Bodong Fang; Yanming Liu; David J. Corr,Environmental Science and Technology,10.1021/acs.est.5c03561,https://www.semanticscholar.org/paper/995d5306f8af54459f120ac54a44ca86c4ac4057,"Mineral carbonation of civil engineering materials (MC-CEM) has received increased attention in reducing CO2 emissions. This work comprehensively describes the research trends and hotspots in MC-CEM based on bibliometric analysis. Articles were collected in the Web of Science core database from 2001 to 2024 and analyzed in detail. The results show that MC-CEM is a hot research topic, with hot-topic words changing quickly. China and Switzerland reveal the most publications and the highest average citations, respectively. Under carbonation curing, the strength and durability are usually improved due to carbonate formation. Concerning CO2 storage capacity, carbide slag, reactive magnesium oxide cement, and β-C2S are active, while fly ash, mine tailings, and carbon mix are inactive. Slow kinetics and low carbonation influence the large-scale industrial application of MC-CEM. Finally, challenges and prospects in MC-CEM are illustrated. In future studies, it is necessary to enhance the CO2 sequestration capacity by investigating the carbonation mechanisms and optimizing the process parameters. A comprehensive life-cycle assessment of MC-CEM is also needed. This work provides the basis for the development of large-scale mineral carbonation by using civil engineering materials.",27,Semantic Scholar,unclear,995d5306f8af54459f120ac54a44ca86c4ac4057
E,碳化固废辅助胶凝材料,"""carbide slag carbonation"" cement",A mini review of mineral carbonation of solid materials,2025,unclear,Practices in Science and Technology,10.56770/pst2025111,https://www.semanticscholar.org/paper/081d79b90956d3a1b18af3c4b9d8d23a4fb89838,"Mineral carbonation of solid materials (MC-SM) has garnered significant attention for its potential to reduce carbon dioxide emissions. This study presents a thorough overview of research trends and hotspots in MC-SM through bibliometric analysis. Articles were sourced from the Google Scholar core database, covering the period from 2000 to 2020, and were analysed in detail. The findings indicate that MC-SM is an emerging research area, with rapidly changing key topics. China and Switzerland lead in publication numbers and average citations, respectively. Carbonation curing typically enhances the strength and durability of materials due to carbonate formation. In terms of carbon dioxide storage capacity, materials such as carbide slag, reactive magnesium oxide cement, and β-C2S are effective, while fly ash, mine tailings, and carbon mixes show limited activity. The slow kinetics and low carbonation rates currently hinder the large-scale industrial application of MC-SM.",0,Semantic Scholar,unclear,081d79b90956d3a1b18af3c4b9d8d23a4fb89838
E,碳化固废辅助胶凝材料,"""carbide slag carbonation"" cement",Preparation and Properties Study of Magnesium Potassium Phosphate-based Carbon-Solidifying Cementitious Materials,2025,Haijie Li; Ziru Guo; Shiying Chen,International Journal of Materials Science and Technology Studies,10.62051/ijmsts.v4n2.01,https://www.semanticscholar.org/paper/5d6d0ed8bb923d4907750da8586bd522c9decbb1,"This study systematically investigates the effects of the Mg/P ratio, water-to-binder ratio, pre-curing time, and mineral admixtures on the performance of magnesium potassium phosphate cement (MKPC) as a carbon sequestration material. The results demonstrate that an Mg/P ratio of 3:1 provides the highest compressive strength under both ambient and carbonation curing conditions, with unreacted MgO serving as an additional magnesium source during carbonation. A water-to-binder ratio of 0.25 promotes sufficient hydration and a stable pore structure, leading to enhanced mechanical properties. The incorporation of carbide slag (CCR) notably improved the carbonation rate compared to the control group, while metakaolin contributed to the formation of binding phases that refined the microstructure. Pre-curing duration significantly influenced the reaction kinetics and diffusion of CO2, with both insufficient and excessive durations negatively affecting carbonation efficiency. The findings provide important insights into the design of high-performance MKPC-based materials for carbon capture and storage.",0,Semantic Scholar,unclear,5d6d0ed8bb923d4907750da8586bd522c9decbb1
E,碳化固废辅助胶凝材料,"""carbide slag carbonation"" cement",Effects of Carbon–Magnesium Reactions on the Physical and Mechanical Properties of Lightweight Carbonated Stabilized Soil,2025,Li Shao; Wangcheng Yu; Qinglong You; Suran Wang; Xi Du; Bin He; Shichao Tao; Honghui Ding; Chao Bao,Buildings,10.3390/buildings15193571,https://www.semanticscholar.org/paper/3c3a480978e4514560e42f09b67652c10df8ee91,"Global urbanization has led to massive generation of high-water-content waste slurry, creating serious environmental challenges. Conventional treatment methods are costly and unsustainable, while cement-based foamed lightweight soils typically exhibit low strength and limited CO2 sequestration. To address this issue, this study proposes a novel stabilization pathway by integrating a MgO–mineral powder–carbide slag composite binder with CO2 foaming–carbonation. The approach enables simultaneous slurry lightweighting, strength enhancement, and CO2 fixation. A series of laboratory tests were conducted to evaluate flowability, density, compressive strength, and deformation characteristics of the carbonated lightweight stabilized slurry. Microstructural analyses, including SEM and XRD, were used to reveal the formation of carbonate phases and pore structures. The results showed that MgO content strongly promoted carbonation, leading to denser microstructures and higher strength, while mineral powder and carbide slag optimized workability and pore stability. Orthogonal testing indicated that a mix with 25% mineral powder, 12.5% MgO, and 7.5% carbide slag achieved the best performance, with unconfined compressive strength up to 0.48 MPa after carbonation. Compared with conventional cement- or GGBS-based foamed lightweight soils, the proposed system exhibits superior strength development, improved pore stability, and enhanced CO2 sequestration potential. These findings demonstrate the feasibility of recycling high-water-content waste slurry into value-added construction materials while contributing to carbon reduction targets. This study not only provides a sustainable solution for waste slurry management but also offers new insights into the integration of CO2 mineralization into geotechnical engineering practice.",0,Semantic Scholar,unclear,3c3a480978e4514560e42f09b67652c10df8ee91
E,碳化固废辅助胶凝材料,"""carbide slag carbonation"" cement",Study on carbonation behavior and carbon footprint of steel slag-calcium carbide slag-desulfurization gypsum composite system,2025,Kang-Jia Wang; Hao Zheng; Shanhu Li; Yu Sun; Haojing Ba; Juntao Ma,Scientific Reports,10.1038/s41598-025-99803-1,https://www.semanticscholar.org/paper/b0f40745f91bc2637cc2d0d1d98039f837652e0a,"The carbonation of steel slag (SS) can enhance its performance while capturing CO2. The synergistic effect of combining multi-solid waste materials improves SS’s carbon sequestration efficiency, thereby contributing to reduce carbon emissions. This study investigates the synergistic carbonation mechanism of SS when combined with calcium carbide slag (CCS) and desulfurization gypsum (DG) under various water-to-binder ratios (w/bs). The mineral evolution, carbon sequestration performance, and carbon footprint of the multi-solid waste composite system are comprehensively analyzed. The results indicate that, at different w/bs, most SS-CCS-DG composite pastes exhibit a significant strength increase after carbonation compared to carbonated SS paste. Specifically, the strength of the 89%SS-5%CCS-6%DG paste is 44% and 60% higher than that of carbonated SS pastes at 0.15 and 0.3 w/bs, respectively. Carbon sequestration and carbon footprint analysis show that after carbonation, the composite system effectively sequesters 12.2% CO2, with an actual carbon sequestration rate surpassing 70% of its theoretical value. Compared to the SS system, the composite system achieves a higher negative carbon emission of -279.93 kg CO2/t.",14,Semantic Scholar,https://doi.org/10.1038/s41598-025-99803-1,b0f40745f91bc2637cc2d0d1d98039f837652e0a
E,碳化固废辅助胶凝材料,"""carbide slag carbonation"" cement","A review of utilizing carbide slag to sequestrate carbon dioxide by mineral carbonation: Mechanisms, processes, and value-added products",2025,Shuangjie Wang; Xiao Lin; Yu Zhang; Chongqing Wang,Fuel,10.1016/j.fuel.2024.134041,https://www.semanticscholar.org/paper/05fad14176076031fa54e82a9564fc514173455f,unclear,25,Semantic Scholar,unclear,05fad14176076031fa54e82a9564fc514173455f
E,碳化固废辅助胶凝材料,"""carbide slag carbonation"" cement",Evaluating the effect of steel slag dosage and carbonation on super sulfate cement.,2025,Xiaowei Ge; X. Gu; Jianping Liu; Ge Song; Shaoqian Liu; Xu Wang; Shenyu Wang; Ziyang Hu; Hao Wang; M. Nehdi,Environmental Research,10.1016/j.envres.2025.121580,https://www.semanticscholar.org/paper/77521c1545c77d7587aa2e0fef98d7b7ae497242,"The development of low-carbon cementitious materials is one of the important ways to alleviate the problem of large accumulation of industrial by-products and reduce high energy consumption and high carbon emissions in the cement industry. This study investigated the possibility of using steel slag (SS) as an alkaline activator to prepare super sulfate cement (SSC). The hydration reaction test (hydration heat and pH value) and microscopic characterization (XRD, FTIR, TG and SEM) were used to systematically study the influence mechanism of SS dosage and its carbonation treatment on the macroscopic mechanical properties of the samples. The results show that SS has excellent carbonation reaction activity, and the degree of carbonation increase within 24 h reaches 10.71%. Under the action of 6wt% SS or 15wt% carbonated steel slag (CS), the hydration degree of ground granulated blast-furnace slag (GGBS) was improved, the content of hydration products such as ettringite (AFt) was significantly increased, the crystal structure was improved (grain size, polymerization degree and Ca/Si ratio), and the pore structure of the matrix was more compact. Compared with ordinary Portland cement (OPC) and SSC, the CO2 emissions and production costs of NUS and NCS samples are significantly reduced. These insights provide a potential possibility for the scale utilization of SS, which is conducive to promoting the green transformation and development of the construction industry.",14,Semantic Scholar,unclear,77521c1545c77d7587aa2e0fef98d7b7ae497242
E,碳化固废辅助胶凝材料,"""carbide slag carbonation"" cement",Porous Biochar-Assisted Aqueous Carbonation of Steel Slag as an Adsorptive Crystallization Modifier for Value-Added Cement Applications,2025,Linshan Li; Yi Jiang; Tiefeng Chen; Xiaojian Gao,Cement & Concrete Composites,10.1016/j.cemconcomp.2025.106002,https://www.semanticscholar.org/paper/2fcf8fc8d61fa856587f0cab3bb9d5b56962418b,unclear,21,Semantic Scholar,unclear,2fcf8fc8d61fa856587f0cab3bb9d5b56962418b
E,碳化固废辅助胶凝材料,"""carbide slag carbonation"" cement",Direct mineral carbonation of carbide slag waste in fixed bed reactor: comparison of dry and wet route,2025,Manisha Sukhraj Kothari; Ashraf Aly Hassan; Amr El-Dieb; Hilal El-Hassan,Sustainable Environment Research,10.1186/s42834-025-00251-3,https://www.semanticscholar.org/paper/467b70fdfc886c5d43e151e09efd07dc79acf8d1,unclear,10,Semantic Scholar,unclear,467b70fdfc886c5d43e151e09efd07dc79acf8d1
E,碳化固废辅助胶凝材料,"""carbide slag carbonation"" cement",Effect of carbide slag dosage on hydration behavior and mechanical properties of supersulfated cement,2025,Shuaihu Cui; Kunjie Fan; Yao Yao,Construction and Building Materials,10.1016/j.conbuildmat.2025.142823,https://www.semanticscholar.org/paper/4a6567be2a9debe15dd7b95f334ab5b2aef513a5,unclear,14,Semantic Scholar,unclear,4a6567be2a9debe15dd7b95f334ab5b2aef513a5
E,碳化固废辅助胶凝材料,"""carbide slag carbonation"" cement",Strength and microscopic properties of S95 ground granulated blast furnace slag - Calcium carbide slag -Phosphogypsum carbonation and standard-cured waste soil,2025,Wen-Xiu Ma; Liyuan Tong; Dafang Sun; Tiantian Zhang; Shuwen Zheng,Construction and Building Materials,10.1016/j.conbuildmat.2025.140167,https://www.semanticscholar.org/paper/4de3f71c97003f86979f48f51094476af489ae3c,unclear,11,Semantic Scholar,unclear,4de3f71c97003f86979f48f51094476af489ae3c
E,碳化固废辅助胶凝材料,"""carbide slag carbonation"" cement",Analysis of CO2 storage efficiency and performance of low carbon cement binders containing carbide slag and phosphorus slag,2025,Guang-Min Liu; Ruicong Gao; Fang Liu; Wen Yue; Yi Yang; Y. Liao; Jia-Xiang Liew,Journal of CO2 Utilization,10.1016/j.jcou.2025.103037,https://www.semanticscholar.org/paper/858144a83d0c3479119ff124e837d2d5a5ca249a,unclear,11,Semantic Scholar,https://doi.org/10.1016/j.jcou.2025.103037,858144a83d0c3479119ff124e837d2d5a5ca249a
E,碳化固废辅助胶凝材料,"""carbide slag carbonation"" cement",Low-carbon stabilization of expansive soils using cement kiln dust and calcium carbide slag: mechanisms and performance,2025,Qiangzhen Yan; Bo Peng; Wenwei Li; Baotian Wang; Jinyu Zuo; Guangdong Lv; Tongzhang Wang,Frontiers in Earth Science,10.3389/feart.2025.1554812,https://www.semanticscholar.org/paper/d1e00f5a153121c483fa658163b0c59d9f679738,"In response to the environmental challenges posed by conventional expansive soil stabilization methods, this study investigates the low-carbon potential of industrial by-products—cement kiln dust (CKD) and calcium carbide slag (CCS)—as sustainable stabilizers. A comprehensive series of laboratory tests, including compaction tests, free swelling rate measurements, unconfined compressive strength (UCS) evaluations, and scanning electron microscopy (SEM) analyses, were conducted on expansive soil samples treated with varying dosages in both single and binary formulations. The results indicate that the binary system significantly outperforms individual stabilizers; for example, a formulation containing 10% CKD and 9% CCS achieved a maximum dry density of 1.64 g/cm3, reduced the free swelling rate to 22.7% at 28 days, and reached a UCS of 371.3 kPa. SEM analysis further revealed that the enhanced performance is due to the synergistic formation of hydration products—namely calcium silicate hydrate (C-S-H) and calcium aluminate hydrate (C-A-H)—which effectively fill interparticle voids and reinforce soil structure. These findings demonstrate that the dual mechanism, combining rapid early-stage hydration from CCS with sustained long-term strength development from CKD, offers a cost-effective and environmentally sustainable alternative to traditional stabilizers for expansive soils.",5,Semantic Scholar,https://doi.org/10.3389/feart.2025.1554812,d1e00f5a153121c483fa658163b0c59d9f679738
E,碳化固废辅助胶凝材料,"""carbide slag carbonation"" cement",Effect of Wet Carbonation of Calcium Carbide Slag on CO2 Sequestration and the Prevention of Coal Spontaneous Combustion,2025,Lei Zhu; Chengyong Liu; Xian Xi; Shijian Lu; Jieqiong Mei; Wenzhe Gu; Zhicheng Liu,ACS Omega,10.1021/acsomega.5c01153,https://www.semanticscholar.org/paper/3097df98bf9b70544a3eb4797b7b9b24608a049f,"Under the concept of integrated technology for coal mine disaster reduction and carbon dioxide (CO2) emission reduction, this study investigates the effect and mechanism of CO2 storage through the mineralization of calcium carbide slag (CS) while exploring the inhibition effect of the resulting products on the spontaneous combustion of coal. The effects of different water–solid ratios, pressures, and rotational speed conditions on the mineralization of CS were analyzed. The results showed that the CO2 storage of carbide slag was positively correlated with pressure, and the carbonation efficiency was negatively correlated with pressure. With the increase of rotational speed, the amount of CO2 trapped by solid waste increases first and then tends to be flat (the increase of the CO2 trapped amount is small when the rotational speed is higher than 900 rpm). The amount of CO2 trapped in the solid waste was positively correlated with the water–solid ratio. Scanning electron microscopy/energy-dispersive spectroscopy (SEM–EDS) was used to analyze the microstructure changes of solid waste and mineralized samples. It was found that the particle morphology before and after mineralization produced many irregular calcium carbonate particles, and ESD results exhibited that the carbon content increased significantly. Moreover, it was found by gas chromatography that the CO production of the coal sample treated with carbide slag slurry decreased to varying degrees, which indicated the inhibition effect of mineralized products on natural coal processes, that the product after adding reinforced waste mineralized CO2 had a certain inhibitory effect on the coal oxidation reaction, further providing a theoretical basis for exploring the collaborative utilization of solid waste and carbon resources in coal mines.",2,Semantic Scholar,unclear,3097df98bf9b70544a3eb4797b7b9b24608a049f
E,碳化固废辅助胶凝材料,"""carbide slag carbonation"" cement",Effects of Calcined Coal Gangue and Carbide Slag on the Properties of Cement Paste and Mortar,2025,Yudong Luo; Yonghong Miao; Peng Wang; Panpan Gai; Jingwei Yang; Guiyu Zhang,Materials,10.3390/ma18102242,https://www.semanticscholar.org/paper/03ab6b3cdb09df8bcb5c7c42dbdd9b51e5785a22,"When using supplementary cementitious materials to replace cement partially, the carbon emissions of cement products can be reduced, but it often leads to reduced strength. This study explores the application potential of carbide slag (CS) and calcined coal gangue (CCG), byproducts of acetylene production, to partially replace cement. The effects of these two materials on the macroscopic properties and microstructure of cement-based materials were analyzed through systematic experiments. The compressive strength, ultrasonic pulse velocity, and electrical resistivity test results showed that replacing 20% of cement with CCG did not cause significant changes in the test results of the specimens. An X-ray diffraction (XRD) analysis showed that these two materials can produce additional hydration products. Scanning electron microscopy images (SEM) further revealed that CCG produces hydration products to fill microscopic pores. Thermogravimetric analysis (TG) results after 28 days showed that with the addition of supplementary cementitious materials, calcium hydroxide (CH) in CS reacts with CCG, resulting in the consumption of CS. Finally, the environmental impact of CS and CCG was assessed. It was found that CS is more favorable for reducing carbon emissions compared to CCG. However, when considering the effect of cement replacement on compressive strength, combining these two materials is more advantageous for sustainable development. Overall, the use of CS and CCG demonstrated good performance in promoting sustainable development.",3,Semantic Scholar,unclear,03ab6b3cdb09df8bcb5c7c42dbdd9b51e5785a22
E,碳化固废辅助胶凝材料,"""carbide slag carbonation"" cement",Accelerated Carbonation of Steel Slag and Their Valorisation in Cement Products: A Review,2024,Giada Biava; L. Depero; E. Bontempi,Spanish Journal of Soil Science,10.3389/sjss.2024.12908,https://www.semanticscholar.org/paper/c485264f964ff7a18c44dba5612db092a9d095d2,"Mineral carbonation emerges as a promising technology to tackle a contemporary challenge: climate change. This method entails the interaction of carbon dioxide with metal-oxide-bearing materials to produce solid carbonates resembling common substances (chalk, antacids, or baking soda). Given that steelmaking industries contribute to 8% of the global total emissions annually, the repurposing of their by-products holds the potential to mitigate CO2 production. Steel slag is a by-product of the metallurgical industry which is suitable for capturing CO2 due to its chemical composition, containing high CaO (24%–65%) and MgO (3%–20%) amounts, which increases the reactivity with the CO2. Moreover, the carbonation process can improve the hydraulic and mechanical properties of steel slag, making this by-product interesting to be reused in building materials. Different studies have developed in the last years addressing the possibilities of reducing the environmental impact of steel products, by CO2 sequestration. This study is dedicated to reviewing the basics of mineral carbonation applied to steel slag, along with recent advancements in research. Special emphasis is placed on identifying parameters that facilitate the reactions and exploring potential applications for the resulting products. The advantages and disadvantages of steel slag carbonation for the industrialization of the process are also discussed.",35,Semantic Scholar,https://www.frontierspartnerships.org/articles/10.3389/sjss.2024.12908/pdf,c485264f964ff7a18c44dba5612db092a9d095d2
E,碳化固废辅助胶凝材料,"""carbide slag carbonation"" cement",Study on the effect of organic acid modification on carbonation and cycle performance of carbide slag,2025,Hao Song; Yijiang Lu; Yuanyuan Chen; Q. Hu; Hanping Chen; Haiping Yang,Journal of Fuel Chemistry and Technology,10.3724/2097-213x.2024.jfct.0031,https://www.semanticscholar.org/paper/ba32f264b4b9b1b786a59e8dadb86dbe7b1f1356,": In this paper, four organic acids were used to modified carbide slag via impregnate, and a thermogravimetric analyzer was employed to conduct CO 2 cyclic adsorption/desorption experiments on the carbide slag before and after modification. The physicochemical structure of the modified carbide slag is also characterized to investigate the modification mechanism. The results showed that the Ca in modified carbide slag primarily exists as organic acid calcium and their hydrates, which sequentially transformed into CaCO 3 and CaO upon calcination. The calcination process is accompanied by crystal growth of CaO, with the crystallite size showing jumped increases twice observed at 700 and 800 °C . The organic acid modification comprehensively reduced the CaO crystallite size, increased the specific surface area of carbide slag, and also weakened the alkaline site strength. The decomposition rate of acetic acid modified carbide slag was as high as 18.2 % /min, which resulting in the smallest average pore size, the richest mesoporous structure, a loose surface morphology and the relatively low crystallite size. Organic acid modification improved the initial CO 2 adsorption capacity of carbide slag, acetic acid modification has the best effect among which, with the carbonation conversion rate of 73.64 % in the first cycle and still retained 34.68 % after 15 cycles, while formic acid modification showed the worst effect. Specific surface area and alkaline",0,Semantic Scholar,unclear,ba32f264b4b9b1b786a59e8dadb86dbe7b1f1356
E,碳化固废辅助胶凝材料,"""carbide slag carbonation"" cement","Partial or total replacement of blast furnace slag with palm oil fuel ash in high-volume slag cement: hydration characteristics, compressive strength, and carbonation resistance",2025,Yukun Chen; H. Lee; Yang Sun,Waste Disposal & Sustainable Energy,10.1007/s42768-024-00212-3,https://www.semanticscholar.org/paper/ac0ecdba308e3b8f40c2c50bbd7a1e9e7fe11b77,unclear,3,Semantic Scholar,unclear,ac0ecdba308e3b8f40c2c50bbd7a1e9e7fe11b77
E,碳化固废辅助胶凝材料,"""carbide slag carbonation"" cement",Effects of alkali activator on the carbonation of one-part alkali-activated nickel slag cement,2025,Xuefang Wang; Yuanhao Que; Sheng-Ping Wang; Sixiang Kang; Wenquan Zheng; Liwei Xu; Wenda Wu,Journal of Sustainable Cement-Based Materials,10.1080/21650373.2024.2448820,https://www.semanticscholar.org/paper/efbbbd9429fbfb8a68e912ceb80904201b9f198e,"To study the effects of ion type and dosage of alkali activators on the carbonation of one-part alkali-activated nickel slag (OAANS) mortar, NaOH, Na2SiO3, NaOH+Na2SiO3, KOH, and KOH+Na2CO3 were used as activators. The carbonation depth, compressive strength, and microstructure (via MIP, XRD, and FTIR) were analyzed. Results show that OAANS mortar with K+ as the cation has significantly lower carbonation resistance than those with Na+. Compressive strength with K+ decreases initially after carbonation, then increases, while strength with Na+ grows rapidly early and slows later. With the same cation, mortars with OH− exhibit higher strength than those with SiO32− after 28 days of carbonation. Increasing alkali dosage promotes hydration, reduces porosity, and enhances carbonation resistance, with effects depending on the alkali activator type. Highlights The effects of alkali activators and alkali equivalent on the anti-carbonation properties of one-part alkali-activated nickel slag cement were investigated. The type of cation in alkali activators significantly affects the carbonation resistance of OAANS mortar, with Na+ providing better resistance than K+ Increasing the dosage of alkali activators enhances the carbonation resistance of OAANS mortar by promoting more hydration and forming a denser internal structure.",3,Semantic Scholar,unclear,efbbbd9429fbfb8a68e912ceb80904201b9f198e
E,碳化固废辅助胶凝材料,"""carbide slag carbonation"" cement","Mix Design-Driven Control of Carbonation and Hydration in CO2-Mixed Cement Pastes: Effects of Water, Slag, and Surfactant",2025,Jingliang Xia; Chunjin Li; Haoyuan Ma; Qiang Ren,Buildings,10.3390/buildings15122116,https://www.semanticscholar.org/paper/b04a5b71e905a08e3ae43970d88cf577ad2b7372,"This study systematically investigates the influence of mix proportion on and the early-age properties and CO2 uptake of CO2-mixed cement paste, focusing on variations in the water-to-binder (w/b) ratio, slag content, and air-entraining agent (AEA) dosage. Mineralogical characteristics were analyzed using X-ray diffraction (XRD) and thermogravimetric analysis (TGA), while pore structures were assessed via nitrogen adsorption. CO2 uptake was quantified immediately after mixing. Results indicate that a low w/b ratio limits CO2 dissolution and transport, favors hydration over carbonation, and leads to a coarser pore structure. At moderate w/b ratios, excess free water facilitates concurrent carbonation and hydration; however, thinner water films ultimately hinder CaCO3 precipitation and C-S-H nucleation. Slag contents up to 30% slightly suppress early carbonation and hydration, while higher dosages significantly delay both reactions and increase capillary porosity. An increasing AEA dosage stabilizes CO2 bubbles, suppressing immediate CO2 dissolution and reducing the early formation of carbonation and hydration products; excessive AEAs promotes bubble coalescence and results in an interconnected pore network. An optimized mix design, moderate water content, slag below 30%, and limited AEA dosage enhance the synergy between carbonation and hydration, improving early pore refinement and reaction kinetics.",2,Semantic Scholar,unclear,b04a5b71e905a08e3ae43970d88cf577ad2b7372
E,碳化固废辅助胶凝材料,"""carbide slag carbonation"" cement","Strength, Microstructural, and Environmental Performance of Phosphogypsum–GGBS–Carbide Slag Ternary Blended Cement",2025,Yunzhi Tan; Joseph Roland Atenga Essama; Chong Wang; Jun Wu; Huajun Ming,Materials,10.3390/ma18214953,https://www.semanticscholar.org/paper/837108b58f9fee803b070ae179a698aa1b8c2ef1,"Phosphogypsum (PG) and Carbide Slag (CS) are two industrial byproducts that can be used as cementitious materials, and their synergistic effect provides excellent activation of ground granulated blast furnace slag (GGBS), which is traditionally activated by lime (LM). However, the behavior of PG-GGBS-CS ternary blended cement remains largely unexplored. In this study, the mechanical performance, hydration mechanisms, and environmental profile of PG–GGBS–CS binders in comparison with PG–GGBS–LM were evaluated by unconfined compressive strength (UCS), XRD, SEM, and TGA analyses. The optimum formulation containing 30% PG achieved 24.88 ± 1.24 MPa at 28 d, statistically comparable to 25.6 ± 1.28 MPa for PG–GGBS–LM. The synergistic activation of PG and CS/LM on GGBS has been identified as a crucial factor in the strengthening of UCS in ternary blended cement. Hydration products consisted mainly of calcium silicate hydrate (C–S–H) gels and Ettringite (AFt). Importantly, the CO2 footprint of PG–GGBS–CS was reduced by 3.2% compared to that of PG–GGBS–LM. These findings establish CS as an effective substitute for lime in eco-binders, combining technical efficiency with carbon mitigation and offering a viable pathway for large-scale valorization of hazardous industrial residues.",0,Semantic Scholar,unclear,837108b58f9fee803b070ae179a698aa1b8c2ef1
E,碳化固废辅助胶凝材料,"""carbide slag carbonation"" cement",Improving the mechanical properties of cement paste with carbonated blast furnace slag by tailoring CaCO3 polymorphs and increasing carbonation degree,2025,Hammad Ahmed Shah; Weina Meng,Cement & Concrete Composites,10.1016/j.cemconcomp.2025.106343,https://www.semanticscholar.org/paper/dff590f454466c79f783296505e2408764974313,unclear,9,Semantic Scholar,unclear,dff590f454466c79f783296505e2408764974313
E,碳化固废辅助胶凝材料,"""carbide slag carbonation"" cement","Carbonation induced changes in the mechanical performance, water and chloride permeability of Portland cement-slag-limestone ternary cement concretes",2025,Moro Sabtiwu; Yuvaraj Dhandapani; M. Drewniok; Samuel Adu-Amankwah; Susan A. Bernal,Cement & Concrete Composites,10.1016/j.cemconcomp.2025.106222,https://www.semanticscholar.org/paper/f7242af01bd0b7eac66d403598d14762e68162a8,unclear,9,Semantic Scholar,unclear,f7242af01bd0b7eac66d403598d14762e68162a8
E,碳化固废辅助胶凝材料,"""carbide slag carbonation"" cement",Utilization of carbonation-treated steel slag as fine aggregates to enhance the mechanical properties and microstructural evolution of cement mortar,2025,Tong Zhang; Jing Wu; Meng Chen; Yu Hong,Journal of Sustainable Cement-Based Materials,10.1080/21650373.2025.2582162,https://www.semanticscholar.org/paper/25d7e71e5f425510e8f696bce11a1b9276f6d7f1,"Applying carbonated steel slag (CSS) as fine aggregates can not only effectively utilize the waste steel slag, but also has excellent CO2 capture potential. In this paper, the optimal conditions for pressurized carbonation of steel slag are obtained based on orthogonal experiments and the effects of CSS on the mechanical properties, thermal stability and microstructure of cement mortar at different substitution ratios are investigated through compressive, direct tensile, fracture toughness tests and multiscale microstructural characterization methods. The orthogonal experimental results indicate that the optimal condition for pressurized carbonation can be determined as 99.9% CO2 concentration, 0.5 MPa CO2 pressure and 18 h carbonation duration. Moreover, the addition of CSS can enhance the mechanical properties of cement mortar and promote hydration products, with the direct tensile modulus of CSS mortar being up to 28.91% higher than that of plain mortar. Overall, acceptable engineering properties can be obtained by replacing quartz sand with CSS in mortar, even under the highest replacement ratio of 100%.",0,Semantic Scholar,unclear,25d7e71e5f425510e8f696bce11a1b9276f6d7f1
E,碳化固废辅助胶凝材料,"""carbide slag carbonation"" cement",Low-alkalinity activation of calcium carbide slag for blast furnace slag-based materials: Synergistic effects of carbonation curing on performance and microstructure,2025,Guiyu Zhang; Dao-Lin Sun; Yi Han; Jianhua Wang; J. Xia; Jiang Zhu; Yonghong Miao,Journal of Building Engineering,10.1016/j.jobe.2025.114190,https://www.semanticscholar.org/paper/473cd95fd917d3ba96e0ccd46d3da62252b7d6d6,unclear,8,Semantic Scholar,unclear,473cd95fd917d3ba96e0ccd46d3da62252b7d6d6
E,碳化固废辅助胶凝材料,"""carbide slag carbonation"" cement",Aqueous carbonation of ground granulated blast furnace slag and calcium carbide slag blends: CO2 sequestration and application as mineral admixtures in cementitious materials,2025,Hongzhi Zhang; Jiahui Men; Junxiang Shao; Jingjing Lyu; Shiyang Zhang; Haibo Fang; Junxing Liu; Zhi Ge,Construction and Building Materials,10.1016/j.conbuildmat.2025.142280,https://www.semanticscholar.org/paper/df49ca91041236f725d3cec9be2ed4b7103f2225,unclear,8,Semantic Scholar,unclear,df49ca91041236f725d3cec9be2ed4b7103f2225
E,碳化固废辅助胶凝材料,"""carbide slag carbonation"" cement",Improvement of mechanical properties and carbon sequestration effect of carbide slag-carbonization curing on cement-based materials,2025,Dao-Lin Sun; Yonghong Miao; Jiang Zhu; Peng Wang; Yulong Zheng; Kaiwei Lu; Guiyu Zhang,Journal of Building Engineering,10.1016/j.jobe.2025.113439,https://www.semanticscholar.org/paper/af2f8c01f6d306e4dfd7e4452a78a90d851176ba,unclear,8,Semantic Scholar,unclear,af2f8c01f6d306e4dfd7e4452a78a90d851176ba
E,碳化固废辅助胶凝材料,"""carbide slag carbonation"" cement",Structural alterations in alkali-sulfate-activated slag cement pastes induced by natural and accelerated carbonation,2025,Zengliang Yue; Yuvaraj Dhandapani; Susan A. Bernal,Cement and Concrete Research,10.1016/j.cemconres.2024.107713,https://www.semanticscholar.org/paper/b37a570040b8e5b83b01cbfa83eb0a667d5ff2b7,unclear,7,Semantic Scholar,unclear,b37a570040b8e5b83b01cbfa83eb0a667d5ff2b7
E,碳化固废辅助胶凝材料,"""carbide slag carbonation"" cement",Synergistic effect of CO2-mineralized steel slag and carbonation curing on cement paste,2024,Linshan Li; Tiefeng Chen; Xiaojian Gao,Cement & Concrete Composites,10.1016/j.cemconcomp.2023.105357,https://www.semanticscholar.org/paper/4f488437d464d94ace7b1f450505376ebff700bb,unclear,71,Semantic Scholar,unclear,4f488437d464d94ace7b1f450505376ebff700bb
E,碳化固废辅助胶凝材料,"""carbide slag carbonation"" cement",The effects of impurities in carbide slag on the morphological evolution of CaCO3 during carbonation.,2024,Zihe Pan; Chunxia Cao; Bo Wang; Fengjie Zhang; Lin Chen; Jianjun Zhao; Zhien Zhang; Huaigang Cheng,Journal of Environmental Management,10.1016/j.jenvman.2024.121361,https://www.semanticscholar.org/paper/a87eeb888c5383915ecd843ed0119472e84f1af4,"Carbide slag (CS) is a kind of solid waste generated by the hydrolysis of calcium carbide for acetylene production. Its major component is Ca(OH)2, which shows great potential in CO2 mineralization to produce CaCO3. However, the types of impurities in CS and their mechanisms for inducing the morphological evolution of CaCO3 are still unclear. In this work, the influence of impurities in CS on the morphology evolution of CaCO3 was investigated. The following impurities were identified in the CS: Al2O3, MgO, Fe2O3, SiO2 and CaCO3. Ca(OH)2 was used to study the influence of impurities (Al2O3 and Fe2O3) on the evolution of CaCO3 morphology during CS carbonation. Calcite (CaCO3) was the carbonation product produced during CS carbonation under varying conditions. The morphology of calcite was changed from cubic to rod-shaped, with increasing solid-liquid ratios. Moreover, rod-shaped calcite was converted into irregular particles with increasing CO2 flow rate and stirring speed. Rod-shaped calcite (CaCO3) was formed by CS carbonation at a solid-liquid ratio of 10:100 under a stirring speed of 600 rpm and a CO2 flow rate of 200 ml/min; and spherical calcite was generated during Ca(OH)2 carbonation under the same conditions. Al2O3 impurities had negligible effects on spherical CaCO3 during Ca(OH)2 carbonation. In contrast, rod-shaped CaCO3 was generated by adding 0.13 wt% Fe2O3 particles, similar to the content of Fe2O3 in CS. Rod-shaped calcite was converted into particulate calcite with increasing Fe2O3 content. The surface wettability and surface negative charge of Fe2O3 appeared to be responsible for the formation of rod-shaped CaCO3. This study enhances our understanding and utilization of CS and CO2 reduction and the fabrication of high-value rod-shaped CaCO3.",15,Semantic Scholar,unclear,a87eeb888c5383915ecd843ed0119472e84f1af4
E,碳化固废辅助胶凝材料,"""carbide slag carbonation"" cement",Production of Vaterite via Wet Carbonation of Carbide residue: Enhancing cement properties and CO2 Sequestration,2024,Ye Zhou; Fengshun Wu; Lei Jinag; Bao Lu; Guihua Hou; Jianping Zhu,Cement & Concrete Composites,10.1016/j.cemconcomp.2024.105549,https://www.semanticscholar.org/paper/2f7e4b8dec547b90abd22017e81c873650b37ee3,unclear,53,Semantic Scholar,unclear,2f7e4b8dec547b90abd22017e81c873650b37ee3
E,碳化固废辅助胶凝材料,"""carbide slag carbonation"" cement",High-purity vaterite CaCO3 recovery through wet carbonation of magnesium slag and leaching residue utilization in cement,2024,Bao Lu; Ye Zhou; Lei Jiang; Zhensen Liu; Guihua Hou,Cement & Concrete Composites,10.1016/j.cemconcomp.2023.105353,https://www.semanticscholar.org/paper/930ba4dc2bff935d78fe0fd111ef9c6d53c6f68b,unclear,48,Semantic Scholar,unclear,930ba4dc2bff935d78fe0fd111ef9c6d53c6f68b
E,碳化固废辅助胶凝材料,"""mineral carbonation"" ""cement replacement""",Utilization of circulating fluidized bed coal ash in autoclaved aerated concrete manufacture by mineral carbonation,2024,Seong-Jun Yang; Y. Wie; K. Lee; Ji-Young Eom; Myung-Jin Lee; J. Lim; K. Lee,Journal of Sustainable Cement-Based Materials,10.1080/21650373.2024.2414350,https://www.semanticscholar.org/paper/fede47359b1f6977167e1fc5d865bf11e38a8cc2,"Using circulating fluidized bed combustion (CFBC) ash discharged from thermal power plants, we identified factors affecting mineral carbonation to sequester CO2 and produced autoclaved aerated concrete (AAC). To use CFBC ash as a raw material for AAC, free-CaO, which causes volume expansion, was replaced through hydration and carbonation. During the raw material replacement process, carbonation behavior was confirmed through pH and temperature. A Ca(OH)2 to liquid ratio similar to a fly ash to liquid ratio of 0.25 is considered to provide sufficient diffusion distance, and the reaction rate may increase due to the rise in water temperature caused by Ca2+ leaching. Additionally, the results of XRD, XRF, TG-DTA, and SEM analyses indicate that hydration and carbonation reactions were stably achieved in the materials, suggesting that CO2 sequestration allows the materials to be used as alternative raw materials. After identifying the characteristics of the CFBC ash and the substituted material, AAC was manufactured through pressurized carbonation. The weight change rate, carbonation depth, ventilation rate, pore structure, and compressive strength of the manufactured AAC were measured. As a result, the alternative raw material exhibited higher permeability and a larger pore size range in the specimens compared to the original material, indicating easier CO2 penetration into the specimens. Consequently, this experiment suggests the potential of using the material in AAC production by providing a theoretical basis for solving volume expansion issues associated with concrete admixtures and CO2 sequestration in waste materials. Graphical abstract",1,Semantic Scholar,unclear,fede47359b1f6977167e1fc5d865bf11e38a8cc2
E,碳化固废辅助胶凝材料,"""mineral carbonation"" ""cement replacement""",Characterization of standard strength concrete containing quartz powder as a supplementary cementitious material (SCM): a comparative study with traditional cement-based concrete using carbonation and electrochemical impedance spectroscopy (EIS),2025,B. S. Sunil; B. N. Kumar,Journal of Building Pathology and Rehabilitation,10.1007/s41024-025-00612-w,https://www.semanticscholar.org/paper/59a541676e0574b268d4e231285e9bb775839154,unclear,1,Semantic Scholar,unclear,59a541676e0574b268d4e231285e9bb775839154
E,碳化固废辅助胶凝材料,"""mineral carbonation"" ""cement replacement""",The utilisation of feed and byproducts of mineral carbonation processes as pozzolanic cement replacements,2018,E. Benhelal; M. Rashid; C. Holt; M. Rayson; G. Brent; J. Hook; M. Stockenhuber; E. Kennedy,Journal of Cleaner Production,10.1016/j.jclepro.2018.03.076,https://www.semanticscholar.org/paper/6c042e300c36e1374d0a7237b6f5ff06f4b2ceb8,"Abstract Utilising the byproducts of mineral carbonation processes contributes to rendering the technology environmentally benign and enhances the economically viability of the process. In this work we synthesised, characterised and investigated the technical feasibility and environmental benefits of utilising feed and byproducts of mineral carbonation technology as Portland cement substitutes. These materials, with and without pre-treatment, were used to substitute 5, 10 and 20 wt% of Portland cement in mortars. Pozzolanic activity tests indicated that acid treated silica enriched residue (ATSER) displayed pozzolanic activity. At 5% cement replacement all materials showed compressive strengths comparable to the control. When 10 wt% of cement was replaced, only heat activated lizardite showed strength results similar to the control. The compressive strength of mortars containing other samples with 10 wt% or greater cement replacement showed that the extra water demand outweighed any pozzolanic contribution of mineral carbonation materials and resulted in a lowering of the compressive strength of these mortars compared to controls, in particular when in excess of 10 wt% of cement is replaced. An environmental analysis showed that in addition to significant CO2 emissions reduction, the economic and environmental costs of waste disposal were avoided when mineral carbonation byproducts substituted Portland cement.",54,Semantic Scholar,unclear,6c042e300c36e1374d0a7237b6f5ff06f4b2ceb8
E,碳化固废辅助胶凝材料,"""mineral carbonation"" ""cement replacement""",Carbonation of Recycled Concrete Aggregates for New Concrete and Concrete Fines to Make Cement-Free Hollow Blocks,2024,Jef Bergmans; Hadi Kazemi Kamyab; Debabrata Ghosh; Peter Van Mierloo; Hilde Carens; Peter Nielsen,Sustainability,10.3390/su16083494,https://www.semanticscholar.org/paper/294e7bca5e4afe55ade56e592739abf7d1effade,"Mineral carbonation provides a way to increase the recycling of concrete waste in added-value products, and contributes to the principles of the circular economy. At present, most concrete waste is still downcycled. The high water absorption of recycled concrete aggregates, among other factors, impedes their recycling in the concrete industry. The quality of coarse recycled concrete aggregates (RCA) can, however, be enhanced by carbonation. Even when starting with high-grade RCA obtained from a selective demolition process, the carbonation process can decrease the water absorption of the RCA to as low as 3.0%. Concrete with a 50% replacement rate of carbonated RCA can be produced without a significant compressive strength reduction. The research further shows that carbonation can be performed at atmospheric pressure and low CO2 concentrations (e.g., 10%). The recycled concrete fines (RCF, 0–4 mm) in combination with 25% stainless steel slag were used to make zero-cement hollow blocks (39 × 19 × 9 cm) by carbonation curing without using any hydraulic binder. The hollow blocks have a compressive strength of 15.4 MPa at the lab scale. Both technologies were demonstrated on a pilot scale. In both processes, CO2 is immobilized in the resulting construction product. The developed production processes use less primary raw materials and cause less greenhouse-gas emissions than the production of traditional concrete products.",15,Semantic Scholar,https://www.mdpi.com/2071-1050/16/8/3494/pdf?version=1713785254,294e7bca5e4afe55ade56e592739abf7d1effade
E,碳化固废辅助胶凝材料,"""mineral carbonation"" ""cement replacement""","Resistance to acid, alkali, chloride, and carbonation in ternary blended high-volume mineral admixed concrete",2024,B. Das; Leon Black; S. Barbhuiya; K. Snehal; E. P. Sumukh,Journal of Sustainable Cement-Based Materials,10.1080/21650373.2024.2405979,https://www.semanticscholar.org/paper/2efee81cccb8a0a9d3b9a176f0c28acfca808a4b,"The World Bank study predicts that 4 °C warming will bring high temperatures, sea-level rise, and saltwater intrusion to coastal areas, damaging coastal concrete structures. Increased CO2 from industrialization exacerbates this, necessitating durable, low-carbon concrete. Combined use of fly ash (FA) and ground granulated blast furnace slag (GGBFS) as high-volume OPC replacements boosts performance while reducing concrete’s carbon footprint. In this perspective current study examines the durability of concrete against aggressive agents (H2SO4, MgSO4, NaCl, and CO2) causing premature deterioration of concrete structures. Initially, three cost-effective sustainable concrete mix designs were developed, incorporating 50% replacement of OPC with locally available supplementary cementitious materials, specifically FA and GGBFS. These mixes were then evaluated for their mechanical and durability performances. The impact of aggressive ions (SO42−, Cl−, and CO32−) was studied by examining the changes in mechanical performance and phase assemblages. Thermogravimetric analysis (TGA) and Fourier transform infrared spectroscopy (FTIR) techniques were used to estimate the phase compositions. Ternary blended concrete having 50% OPC+ 30% GGBFS + 20% FA exhibited optimal synergistic performance, enhancing pozzolanic and hydraulic reactions for better resistance to harmful ions. The sorptivity test confirmed that as the GGBFS content increased, the sorption rate decreased, indicating the higher reactive nature of GGBFS to that of FA. Deleterious compounds formed due to the action of SO42-, Cl-, and CO32- were identified to be ettringite (Ca6Al2(SO4)3(OH)12.32H2O, AFt) and gypsum (CaSO4.2H2O, Gy), Friedel’s salt (Ca4Al2(OH)12Cl2.4H2O, Fs) and polymorphs of calcium carbonate (CaCO3), respectively through TG mass loss curve. These results were corroborated by FTIR analysis, which showed predominant characteristic bands at 662 cm−1 for SO42−, 459 cm−1 for Mg–O stretching, 790 cm−1 for Al–OH bending, and 1431-1443 cm−1 for C–O, confirming the presence of the deleterious compounds.",6,Semantic Scholar,unclear,2efee81cccb8a0a9d3b9a176f0c28acfca808a4b
E,碳化固废辅助胶凝材料,"""mineral carbonation"" ""cement replacement""",Utilizing wollastonite in concrete as a replacement of cement: impact of carbonation and pore structure evaluation using EIS,2024,Rushikesh Mirkute; N. Boppana,Innovative Infrastructure Solutions,10.1007/s41062-024-01729-6,https://www.semanticscholar.org/paper/473639a2ef7cbd21a0e67136e47cb4cde6271502,unclear,3,Semantic Scholar,unclear,473639a2ef7cbd21a0e67136e47cb4cde6271502
E,碳化固废辅助胶凝材料,"""mineral carbonation"" ""cement replacement""",Biomass Bottom Ash as Supplementary Cementitious Material: The Effect of Mechanochemical Pre-Treatment and Mineral Carbonation,2022,Lorena Skevi; V. A. Baki; Yanjin Feng; Maria Valderrabano; Xinyuan Ke,Materials,10.3390/ma15238357,https://www.semanticscholar.org/paper/f97030f924dc4ecffde7b1ae60c920ea2b80b008,"The need to mitigate the CO2 emissions deriving from the cement industry becomes imperative as the climate crisis advances. An effective strategy to achieve this is increasing the replacement level of cement clinkers by waste-derived supplementary cementitious materials (SCMs). In this study, the use of mechanochemically activated biomass ash for high-volume (up to 40%) substitution of cement is investigated. The effect of mineral carbonation treatment on the performance of the mechanochemically treated biomass ash as SCM was also examined. The results showed that the mechanochemically treated biomass ash was the most effective SCM, with the respective samples at 40% cement replacement reaching 63% of the strength at 28 days as compared to samples with 100% Portland cement, while only 17% of the strength was achieved in samples with 40% untreated biomass ash. As suggested by the isothermal calorimetry, XRD, FTIR, and TG analysis, the mechanochemical treatment enhanced the reactivity and the filler effect of the biomass ash, leading to improved mechanical performances of these mortars compared to those containing untreated biomass ash. Mineral carbonation reduced the reactivity of the mechanochemically treated biomass ash but still led to better strength performances in comparison to the untreated biomass ash.",24,Semantic Scholar,https://www.mdpi.com/1996-1944/15/23/8357/pdf?version=1669276404,f97030f924dc4ecffde7b1ae60c920ea2b80b008
E,碳化固废辅助胶凝材料,"""mineral carbonation"" ""cement replacement""",Investigation of carbonation-induced microstructural changes in low-cement concrete using sustainable binders: GGBS and calcium carbonate,2026,B. N. Kumar; Prakhash Neelamegam; Akkala Prasanna Divya Sai; Missgna Addisalem Berhe,Scientific Reports,10.1038/s41598-026-45725-5,https://www.semanticscholar.org/paper/1bec01d334da1611cfa6a4c343c6bb70a6ad8289,"Concrete manufacturing makes a major contribution to the world economy, especially the construction industry, but it has a high level of CO2 emissions, which harm the environment. To address this environmental issue, this paper investigates the possibility of utilizing a natural mineral that consists of iron, silica, and magnesium, and that is referred to as calcium carbonate, to partially substitute cement. This has been neglected material in past studies, even though it can be used to boost the process of hydration, chemical stability, and even be low in solubility in water. The study is exploring the characteristics of calcium carbonate (CaCO3)-modified concrete, such as its physical, rheological, and microstructural properties. CaCO3 and ground granulated blast furnace slag were taken as a replacement of 5%, 10%, 15% and 20% of the cement by weight, with a constant water to cement ratio being 0.45, and 50% replacement of cement by ground granulated blast furnace slag (GGBS). The plots of Nyquist and Bode that the microstructural analysis of the changes in the concrete matrix. Non-destructive testing was used to test the performance of the concrete in the long term, quality, homogeneity, and the hardness of the surface. The findings revealed that CaCO3-modified concrete was better than traditional concrete, especially in its resistance to carbonation. It gave the best result with 15% cement replacement, where compressive strength was 71.1 MPa, split tensile strength was 4.72 MPa, and flexural strength was 5.89 MPa after 90 days. The results indicate that CaCO3 can be an effective alternative to cement that can be used in the production of concrete.",0,Semantic Scholar,unclear,1bec01d334da1611cfa6a4c343c6bb70a6ad8289
E,碳化固废辅助胶凝材料,"""mineral carbonation"" ""cement replacement""",Risk of concrete carbonation with mineral industrial by-products,2018,L. Czarnecki; P. Woyciechowski; G. Adamczewski,unclear,10.1007/s12205-017-1623-5,https://www.semanticscholar.org/paper/b1e4f50574d36049ef34e4202b15ee62b72c463b,unclear,41,Semantic Scholar,unclear,b1e4f50574d36049ef34e4202b15ee62b72c463b
E,碳化固废辅助胶凝材料,"""mineral carbonation"" ""cement replacement""",Assessment of Carbonation on Strength Properties of Concrete Made of Mineral Admixtures,2019,unclear,International Journal of Innovative Technology and Exploring Engineering,10.35940/ijitee.l2858.1081219,https://www.semanticscholar.org/paper/759416c67dd78531f4c10883edaeff2e2abf6830,"Concrete is one of the most suitable materials in the world which are used for construction. It becomes more versatile because of his suitability in almost all situations. Reinforced structures are subject to corrosion by various means. Carbonation is one of these means that causes corrosion of reinforced concrete structures. The service life of the structures has been reduced due to the deterioration of the structures because of the corrosion of the reinforced concrete due to carbonation. This paper focuses on the effect of carbonation on the mechanical properties of concrete composed of mineral admixtures, such as ground granulated blast furnace slag and silica fume, by partial replacement of the cement. In this experiment, silica fume replaced cement in 5%, 10%, 15% and ground granulated blast furnace slag replaced the cement in 10%, 20%, 30%. Samples such as cubes, cylinders and prisms were casted and cured. Certain number of these specimens were also placed in carbonation chamber and tested for compressive strength, tensile strength and flexural strength. Normal concrete samples are also tested and the results are compared.",1,Semantic Scholar,https://doi.org/10.35940/ijitee.l2858.1081219,759416c67dd78531f4c10883edaeff2e2abf6830
E,碳化固废辅助胶凝材料,"""mineral carbonation"" ""cement replacement""",Mechanical strength and durability of mineral admixture concrete subjected to accelerated carbonation,2018,Shaik Hussain; Dipendu Bhunia; S. Singh; M. Aggrawal,unclear,10.1080/24705314.2018.1426170,https://www.semanticscholar.org/paper/4ee77cab14dfa1d4376726c9bf4f14d4e40e5401,unclear,13,Semantic Scholar,unclear,4ee77cab14dfa1d4376726c9bf4f14d4e40e5401
E,碳化固废辅助胶凝材料,"""mineral carbonation"" ""cement replacement""",A Review of the Utilization of Recycled Powder from Concrete Waste as a Cement Partial Replacement in Cement-Based Materials: Fundamental Properties and Activation Methods,2024,K. Kaptan; Sandra Cunha; J. Aguiar,Applied Sciences,10.3390/app14219775,https://www.semanticscholar.org/paper/c849702f4ce5dab2c5df9fc9c769eaa3cf2312c2,"Recycled powder (RP) is the primary by-product generated during the reclamation process of construction and demolition waste (CDW). There is existing literature on the use of RP as supplemental cementitious materials (SCMs) in cement-based materials, but a comprehensive evaluation on the characteristics of RP generated from concrete waste has been missing until now. This paper critically reviews the use of RP from concrete waste in cement-based materials, as concrete waste makes up a significant amount of CDW and other components have designated recycling methods. In this sense, this study conducted a critical analysis on the use of RP as an SCM, using detailed literature research. The technology used for producing RP is detailed along with its chemical, mineralogy, and microstructural characteristics. Fresh-state properties in cementitious matrices with RP are introduced with the view of mechanical grinding, thermal activation, carbonation, chemical treatment, biomineralization, mineral addition, nano activation, and carbonation. The review highlights the significant potential of utilizing RP in cement-based materials. Specifically, RP can be advantageously utilized in the production of value-added construction materials.",39,Semantic Scholar,unclear,c849702f4ce5dab2c5df9fc9c769eaa3cf2312c2
E,碳化固废辅助胶凝材料,"""mineral carbonation"" ""cement replacement""",The Effect of Activation Methods on the Mechanical Properties of Cement Mortars with Recycled Powder from Concrete Waste as a Cement Partial Replacement: A Review,2025,K. Kaptan; Sandra Cunha; J. Aguiar,Sustainability,10.3390/su17104502,https://www.semanticscholar.org/paper/9efdcd727125e29c32e299fa0fcdc2f138cc8faf,"The use of recycled powder (RP) derived from construction and demolition waste (CDW) has several benefits, including the conservation of natural aggregate supplies, the preservation of land designated as landfills, and the promotion of a sustainable built environment. Partially substituting cement with RP generated from concrete-based waste can significantly reduce the carbon footprint of the construction industry. This comprehensive review delineates the advantages and disadvantages of mechanical, thermal, chemical, carbonation, mineral addition, and nano-activation methods for RP-based Portland cement (PC) mortars. A comprehensive examination of the parameters affecting the characteristics of RP-incorporated mortar has been presented. The mechanical properties of cement mortar formulated with RP have been examined in relation to different activation procedures. The review indicates that RP can be effectively utilized in the development of sustainable construction materials. This review article’s extensive literature survey also indicates a promising research trend and underscores the significance of thermal and combined activation methods and the utilization of concrete waste. Moreover, existing limitations in the current research and prospective future studies were identified and presented.",7,Semantic Scholar,unclear,9efdcd727125e29c32e299fa0fcdc2f138cc8faf
E,碳化固废辅助胶凝材料,"""mineral carbonation"" ""cement replacement""",Risk of concrete carbonation with mineral industrial by-products,2017,L. Czarnecki; P. Woyciechowski; G. Adamczewski,KSCE Journal of Civil Engineering,10.1007/s12205-017-1623-5,https://www.semanticscholar.org/paper/c78024d61e0cf5b5a7ddeb400627ed85c0985824,unclear,0,Semantic Scholar,unclear,c78024d61e0cf5b5a7ddeb400627ed85c0985824
E,碳化固废辅助胶凝材料,"""mineral carbonation"" ""cement replacement""","Effect of fly ash on compressive strength, carbonation and corrosion resistance of reinforced concrete: a systematic review",2023,P. Gaikwad; Sandeep Sathe,World Journal of Engineering,10.1108/wje-07-2023-0240,https://www.semanticscholar.org/paper/e1ae540927466ac1365b94f4016716cd92ea3e83,"Purpose The purpose of this paper is to study and analyze the effects of fly ash (FA) as a mineral admixture on compressive strength (CS), carbonation resistance and corrosion resistance of reinforced concrete (RC). In addition, the utilization of inexpensive and abundantly available FA as a cement replacement in concrete has several benefits including reduced OPC usage and elimination of the FA disposal problem. Design/methodology/approach Reinforcement corrosion and carbonation significantly affect the strength and durability of the RC structures. Also, the utilization of FA as green corrosion inhibitors, which are nontoxic and environmentally friendly alternatives. This review discusses the effects of FA on the mechanical characteristics of concrete. Also, this review analyzes the impact of FA as a partial replacement of cement in concrete and its effect on the depth of carbonation in concrete elements and the corrosion rate of embedded steel as well as the chemical composition and microstructure (X-ray diffraction analysis and scanning electron microscopy) of FA concrete were also reviewed. Findings This review provides a clear analysis of the available study, providing a thorough overview of the current state of knowledge on this topic. Regarding concrete CS, the findings indicate that the incorporation of FA often leads to a loss in early-age strength. However, as the curing period increased, the strength of fly ash concrete (FAC) increased with or even surpassed that of conventional concrete. Analysis of the accelerated carbonation test revealed that incorporating FA into the concrete mix led to a shallower carbonation depth and slower diffusion of carbon dioxide (CO2) into the concrete. Furthermore, the half-cell potential test shows that the inclusion of FA increases the durability of RC by slowing the rate of steel-reinforcement corrosion. Originality/value This systematic review analyzes a wide range of existing studies on the topic, providing a comprehensive overview of the research conducted so far. This review intends to critically assess the enhancements in mechanical and durability attributes (such as CS, carbonation and corrosion resistance) of FAC and FA-RC. This systematic review has practical implications for the construction and engineering industries. This can support engineers and designers in making informed decisions regarding the use of FA in concrete mixtures, considering both its benefits and potential drawbacks.",34,Semantic Scholar,unclear,e1ae540927466ac1365b94f4016716cd92ea3e83
E,碳化固废辅助胶凝材料,"""mineral carbonation"" ""cement replacement""",A Comparative Study of Factors Influencing Hydration Stoppage of Hardened Cement Paste,2023,A. Mezhov; D. Kulisch; A. Goncharov; S. Zhutovsky,Sustainability,10.3390/su15021080,https://www.semanticscholar.org/paper/d40c0080f385871d0a8bfeaad7276a61c2eca41f,"There is no consensus on which hydration stoppage method is optimal to preserve the microstructure and mineral composition of samples, especially considering the specific aspects of different testing methods, such as TGA, MIP, or XRD. This paper presents a quantitative comparison between the most popular hydration stoppage strategies and parameters such as the sample piece size, the soaking time in a solvent, and the type, as examined on cement paste hydrated for 7 days. It was found that the carbonation appears either for samples smaller than 2.36 mm and bigger than 4.75 mm or samples soaked in a solvent for longer than 1 h. Fast solvent replacement leads to ettringite diminution and total pore volume increase. Among others, solvent replacement with subsequent gentle heating under a vacuum was found to be the most efficient, whereas it was experimentally demonstrated that isopropyl alcohol stops hydration faster than ethanol and acetone.",21,Semantic Scholar,https://www.mdpi.com/2071-1050/15/2/1080/pdf?version=1673312856,d40c0080f385871d0a8bfeaad7276a61c2eca41f
E,碳化固废辅助胶凝材料,"""mineral carbonation"" ""cement replacement""","Artificial Neural Network Approach to Predict Carbonation Depth in Metakaolin, Brick Powder and Calcined Sediments-Modified Mortars",2023,Souheyla Benamar; Z. Kameche; S. Mamoune; H. Siad; Youcef Houmadi,Modelling in Civil Environmental Engineering,10.2478/mmce-2023-0009,https://www.semanticscholar.org/paper/d42b7e921fa7230d03ec566d1ae1ff4a8ecd4b00,"Abstract This research uses Artificial Neural Network (ANN) as a soft computing technique to predict the carbonation depth and service life of cementitious materials with low clinker content. For this purpose, different mortars were prepared with 0, 10, 15, 20, 25 and 30% replacement levels of cement by metakaolin (MK), brick powder (BP) and calcined sediments (CS). The experimental results of the carbonation depth were obtained under natural and accelerated carbonation conditions for exposure periods of 12 months and 28 days respectively. ANN was utilized taking into account the main influential factors on mortars carbonation, including mix proportions and environmental conditions. For the ANN model, seven datasets were considered as inputs, covering mineral admixture content, cement content, curing time, CO2 concentration, relative humidity, temperature and CO2 exposure time, in addition to one output parameter which is the carbonation depth. The results show that the resistance to carbonation of the mortars decreases with the increase of cement substitution by MK, BP or CS. The network model gives good performance values in the validation and testing set with a lower mean square error (MSE) and a higher determination coefficient (R). The predicted carbonation depths are in good agreement with the experimental measurements of carbonation depths, confirming the efficiency of the developed ANN model to be applied to correctly estimate the carbonation depth of cementitious materials with low clinker content.",0,Semantic Scholar,https://doi.org/10.2478/mmce-2023-0009,d42b7e921fa7230d03ec566d1ae1ff4a8ecd4b00
E,碳化固废辅助胶凝材料,"""mineral carbonation"" ""cement replacement""",Carbonation of composite cements with high mineral admixture content used for radioactive waste encapsulation,2014,H. Kinoshita; C. Circhirillo; I. Sanmartín; C. Utton; P. H. Borges; C. J. Lynsdale; N. B. Milestone,unclear,10.1016/j.mineng.2013.12.004,https://www.semanticscholar.org/paper/54da2637695720281f518cc7689c2409e958be23,unclear,24,Semantic Scholar,unclear,54da2637695720281f518cc7689c2409e958be23
E,碳化固废辅助胶凝材料,"""mineral carbonation"" ""cement replacement""",The properties of the self-compacting concrete with fly ash and ground granulated blast furnace slag mineral admixtures,2015,H Zhao; Wei Sun; Xiaoming Wu; Bo Gao,unclear,10.1016/j.jclepro.2015.02.050,https://www.semanticscholar.org/paper/b442fed740a6aad583773a470d7b24c1594758e3,unclear,423,Semantic Scholar,unclear,b442fed740a6aad583773a470d7b24c1594758e3
E,碳化固废辅助胶凝材料,"""mineral carbonation"" ""cement replacement""",Influence of steel slag-silica fume composite mineral admixture on the properties of concrete,2017,J. Liu; Dongmin Wang,unclear,10.1016/j.powtec.2017.07.052,https://www.semanticscholar.org/paper/91219caebd3ed227037bd6d61a8397f27b64a7c2,unclear,125,Semantic Scholar,unclear,91219caebd3ed227037bd6d61a8397f27b64a7c2
E,碳化固废辅助胶凝材料,"""mineral carbonation"" ""cement replacement""","Influence of mineral admixtures on compressive strength, gas permeability and carbonation of high performance concrete",2009,Hui-sheng Shi; Biwan Xu; Xiao-chen Zhou,unclear,10.1016/j.conbuildmat.2008.08.021,https://www.semanticscholar.org/paper/97b350e41f6422f356d5178d36db163509c33fa7,unclear,244,Semantic Scholar,unclear,97b350e41f6422f356d5178d36db163509c33fa7
E,碳化固废辅助胶凝材料,"""mineral carbonation"" ""cement replacement""",Influence of the heterogeneity of waste from wet processing of ornamental stones on the performance of Portland cement composites,2020,B. S. Almada; Luciane de Souza Melo; Júlia Baptistella Machado Dutra; L. Bubani; Guilherme Jorge Brigolini Silva; W. J. Santos; M. Aguilar,unclear,10.1016/j.conbuildmat.2020.120036,https://www.semanticscholar.org/paper/2450d4c29c5316ef919639d5053945dcc4903251,"Abstract One of the difficulties of using some residues, such as those from stones beneficiation (cutting and polishing), is their heterogeneity. This study analyzes the influence of the heterogeneity of waste from wet processing of ornamental stones (marble, granite, slate, among others) on the performance of Portland cement composites when used at a 20% replacement of cement. The mechanical behavior (compressive strength, flexural strength, and elastic modulus) and durability parameters (porosity, water absorption, carbonation, and electrical resistivity) are analyzed. Results indicate that the waste can present considerable heterogeneity while maintaining composites properties, indicating little influence on their physicochemical properties. It can be inferred that the filler effect of the waste compensated to a certain extent the negative effects (the increase in w/c ratio and the reduction of important hydrates) due to reduced cement content, showing its viability as mineral addition, despite its heterogeneity.",31,Semantic Scholar,http://manuscript.elsevier.com/S0950061820320419/pdf/S0950061820320419.pdf,2450d4c29c5316ef919639d5053945dcc4903251
E,碳化固废辅助胶凝材料,"""mineral carbonation"" ""cement replacement""",Study on Carbonation Resistance of Self-compacting Concrete Containing Massive Mineral Admixture,2012,Huang Li-pin,unclear,unclear,https://www.semanticscholar.org/paper/9e478765710dcb11fe2ff4953151750523f02762,unclear,0,Semantic Scholar,unclear,9e478765710dcb11fe2ff4953151750523f02762
E,碳化固废辅助胶凝材料,"""mineral carbonation"" ""cement replacement""",Influence of waste marble powder as a replacement of cement on the properties of mortar,2019,Kenan Yamanel; U. Durak; Serhan Ilkentapar; İ̇smail İ̇sa Atabey; O. Karahan; C. Atiş,Revista de la Construcción,10.7764/rdlc.18.2.290,https://www.semanticscholar.org/paper/1af1612bd63081452c854067fb6574d5f8f3a60b,"DOI: 10.7764/RDLC.18.2.290 The demand for cement usage increases in the world, currently. It is known that using industrial waste materials in concrete as cement or aggregate replacement as part of waste management as well as conserving natural resources is getting wider. Due to these facts, in this work, an investigation was carried out on the utilization of waste marble powders as cement replacement mineral materials. In this context, marble powder replaced cement at 5%, 10%, 15% and 20% in mass basis, and mortars were produced. In mortar mixtures, water-binder ratio was chosen as 0.5, and sand-binder ratio was taken as 3. Workability of fresh mortar was measured. Unit weight, water absorption, and porosity, compressive and flexural strengths, abrasion, carbonation and drying shrinkage measurements testing were carried out on hardened mortar specimens. Influence of elevated temperature on hardened mortar mixture was also investigated. As a result of laboratory study, it is concluded that replacing marble powder with cement result with a favourable contribution to workability of fresh mortar, as well as resistance to elevated temperature. It also reduced drying shrinkage of mortar in comparison to reference mortar made without marble powder. However, it influenced water absorption, abrasion, and carbonation resistance of mortar, unfavourably. For short term curing duration, replacement of marble powder with cement reduced compressive strength insignificantly for 5% and 10% marble powder replacement, but, reduced it significantly for 15% and 20%. However, at long term curing at 90 days, the difference between strength of reference mortar and marble containing mortar was diminished, particularly for mortar containing 5% and 10% marble powder.",42,Semantic Scholar,http://revistadelaconstruccion.uc.cl/index.php/RDLC/article/download/2908/2812,1af1612bd63081452c854067fb6574d5f8f3a60b
E,碳化固废辅助胶凝材料,"""mineral carbonation"" ""cement replacement""",Laboratory investigation of carbonated BOF slag used as partial replacement of natural aggregate in cement mortars,2016,M. Bodor; Rafael M. Santos; G. Cristea; Muhammad Salman; Ö. Cizer; R. I. Iacobescu; C. Yi; K. Balen; M. Vlad; T. Gerven,unclear,10.1016/j.cemconcomp.2015.10.002,https://www.semanticscholar.org/paper/68d8281769ab65cc81c3d996de9d4aa90b1cf649,"Abstract Direct mineral carbonation produces a material rich in carbonates and with reduced quantities of free oxides. The aim of this work was to show that such materials can be used in the construction domain. Basic Oxygen Furnace (BOF) slag from the steelmaking process has been traditionally seen as unfit for bounded applications due to its propensity to swelling, resulting from hydration of its high free lime content. Here, BOF slag was crushed to suitable particle sizes, carbonated in an aqueous solution of carbonic acid, and utilized to replace 50% of natural sand aggregate in cement mortars. The mechanical and chemical properties of these mortars were compared to mortars containing non-carbonated slags, and a standard cement mortar as a reference. Tests were conducted to determine mortar paste consistency and soundness, and cured mortar compressive strength and leaching tendencies. The results showed a satisfactory performance for all considered aspects (comparable with the reference) of the mortar sample containing 37.5 wt% (1.5 in 4 parts solids) carbonated BOF slag of",124,Semantic Scholar,http://atrium.lib.uoguelph.ca/xmlui/bitstream/10214/12948/3/Bodor2016_CCC_AcceptedManuscript.pdf,68d8281769ab65cc81c3d996de9d4aa90b1cf649
E,碳化固废辅助胶凝材料,"""mineral carbonation"" ""cement replacement""",CARBONATION TEST OF CONCRETE CONTAINING MINERAL ADMIXTURES,2009,Li Chunhui,unclear,unclear,https://www.semanticscholar.org/paper/ae48c18863e4719a85a8f9608188b68fe94720b7,unclear,10,Semantic Scholar,unclear,ae48c18863e4719a85a8f9608188b68fe94720b7
E,碳化固废辅助胶凝材料,"""mineral carbonation"" ""cement replacement""",CARBONATION OF MORTAR AND CONCRETE WITH MINERAL ADMIXTURES,1987,S. Nagataki; M. A. Mansur; H. Ohga,unclear,10.1016/b978-1-4832-8386-9.50092-9,https://www.semanticscholar.org/paper/89827060a73785e1da6f4dbe10da030de9c51e06,unclear,3,Semantic Scholar,unclear,89827060a73785e1da6f4dbe10da030de9c51e06
E,碳化固废辅助胶凝材料,"""mineral carbonation"" ""cement replacement""",Influence of slag incorporation on electrochemical behavior of carbonated cement,2017,Q. Qiu; Zhentao Gu; Jiaqi Xiang; Canjie Huang; Shuxian Hong; F. Xing; B. Dong,unclear,10.1016/j.conbuildmat.2017.05.008,https://www.semanticscholar.org/paper/35ec7b7da31eadab3e8593de148a6ad20cf0d646,unclear,27,Semantic Scholar,unclear,35ec7b7da31eadab3e8593de148a6ad20cf0d646
E,碳化固废辅助胶凝材料,"""mineral carbonation"" ""cement replacement""","Evaluation of the combined deterioration by freeze–thaw and carbonation of mortar incorporating BFS, limestone powder and calcium sulfate",2017,Wenyan Zhang; S. Na; Junho Kim; Hyeonggil Choi; Y. Hama,unclear,10.1617/s11527-017-1039-1,https://www.semanticscholar.org/paper/7800227986434fdf2cc0e4a007f46972427f3cc2,unclear,12,Semantic Scholar,unclear,7800227986434fdf2cc0e4a007f46972427f3cc2
E,碳化固废辅助胶凝材料,"""mineral carbonation"" ""cement replacement""",Effect of Carbonation in Mortars with Different Types of Metakaolin and Curing Procedures,2020,H. Carasek; M. Jungblut; P. Passos; O. Cascudo,XV International Conference on Durability of Building Materials and Components. eBook of Proceedings,10.23967/dbmc.2020.050,https://www.semanticscholar.org/paper/65ba8ec582b2b19cbdf8b33a4085095a72153d90,". This study aimed to evaluate the influence of different types of metakaolin and curing conditions on mortars depth of carbonation. To do so, prismatic mortar specimens were produced by using three different 1:2 mix proportions (binder: sand): a reference mix proportion (without mineral addition) and two mixes with partial replacement of the cement by metakaolin, in the content of 10% by mass of cement. Two types of metakaolin with different characteristics were used in order to verify their capacity of changing the mortar microstructure and the pore solution, modifying this way the carbonation behavior of these materials. Three curing conditions for the test specimens were defined: no wet curing and wet curing (by immersion in water) for 3, 9 and 28 days. After the accelerated carbonation procedure in a CO 2 chamber (in an atmosphere of 10% of CO 2 ), with a relative humidity of 70% and a temperature of 20°C, for a period of 7 days, the carbonation depth was measured by using pH-indicators based on phenolphthalein and thymolphthalein. The results indicated influence of the type of curing in the carbonated depth and the significant interaction between curing and the type of metakaolin. When wet curing was not performed, the carbonation was more intense in the reference mortar. The effect of curing in the mortars with metakaolin was much less significant compared to that in the reference mortar. A global discussion about carbonation behavior of metakaolin modified mortars will be performed, based on the characteristics of the metakaolins",0,Semantic Scholar,https://www.scipedia.com/wd/images/e/e7/Draft_Content_311968788p710.pdf,65ba8ec582b2b19cbdf8b33a4085095a72153d90
E,碳化固废辅助胶凝材料,"""mineral carbonation"" ""cement replacement""",Environmental Impact of Carbonated Calcium Silicate Cement-Based Concrete,2017,N. Decristofaro; V. Meyer; S. Sahu; J. Bryant,unclear,unclear,https://www.semanticscholar.org/paper/f51e76ebc1e5473704ed89056e0a644dc66b1e25,unclear,8,Semantic Scholar,unclear,f51e76ebc1e5473704ed89056e0a644dc66b1e25
E,碳化固废辅助胶凝材料,"""mineral carbonation"" ""cement replacement""","Sustainable Self-Compacting Recycled Aggregate Concrete Incorporating Industrial Byproducts and Agricultural Waste: Rheological, Strength, and Durability Properties",2025,Mohd Abu Bakr; Muhammad Farhan; Shara Khursheed; Nazrul Haq; S. Hasnain,ACS Omega,10.1021/acsomega.4c10374,https://www.semanticscholar.org/paper/b808381f3c849602678217d38629636718b51bb1,"Self-compacting concrete is a cutting-edge innovative material known for its excellent flowability and cohesion, enabling the optimal filling of structural components and reinforcement voids. However, its high cement and natural coarse aggregate usage contributes to elevated CO2 emissions and resource depletion. This study addresses these environmental concerns by exploring sustainable alternatives, using recycled coarse aggregates at ratios of 50 and 100%, along with supplementary materials such as brick powder, micro silica, rice husk ash, and hydrated lime (H). The impact of these materials on the rheological properties of self-compacting recycled aggregate concrete (SCRAC) like slump flow, J-ring, and V-funnel. The strength and durability of SCRAC with up to 40% mineral admixture replacement with and without H. The analysis demonstrated a 20% increase in compressive strength, a 30% reduction in chloride ion penetration, and controlled carbonation depths below 20 mm, ensuring superior performance and durability comparable to the reference SCRAC. Additionally, these mixes demonstrated lower carbonation depths and significantly higher rapid chloride penetration test than the reference SCRAC, reducing the risk of steel reinforcement corrosion. The study confirms the viability of using industrial biowaste ashes in SCRAC production, with H acting as an effective realkalizer for the cement matrix.",3,Semantic Scholar,unclear,b808381f3c849602678217d38629636718b51bb1
E,碳化固废辅助胶凝材料,"""mineral carbonation"" ""cement replacement""","Strength, Permeability and Carbonation properties of Concrete containing Kota Stone Slurry",2016,A. Jain; R. Majumder,International journal of advance research and innovation,10.14445/23488352/ijce-v3i6p101,https://www.semanticscholar.org/paper/4f61b2dfdcb7750ecbf35dc0431e15f408f5958e,"Concrete and stone, both are the most commonly used building materials. Rapid development in infrastructure sector has boosted the demand of both, resulting in many environmental concerns. Energy consumption and CO2 emission associated with the production of concrete and cement is a big concern. On the other side, there is a huge solid waste associated with the stone industry which has manifold environmental and financial concerns. For sustainable development, there is a need to utilize the stone waste as a partial replacement of cement (mineral admixture) in concrete so that so that the two problems simultaneously get solved. Kota stone slurry (KSS), which is abundantly available in area of Kota, Rajasthan was used as a partial replacement of the cement in this study. The objective of the present study is to determine strength and durability parameters of the concrete containing Kota stone slurry. The experimental program consists of preparing concrete mixes with two water binder ratios: 0.40 and 0.50 with varying Kota stone slurry percentage as 0, 5, 10, 15, 20 and 25% partially replaced with cement. Compressive and flexural strength test, pull-off test were performed to evaluate strength and DIN 1048 water permeability test, carbonation test and abrasion test were performed to check the durability of concrete mixes. The results indicate that with the increase in Kota stone slurry content, the compressive and flexural strength decreased. There is a marginal decrease in permeability also but the mixes containing Kota stone slurry displayed better resistance to abrasion indicating their suitability as good floor and pavement material. The properties of concrete with Kota stone slurry indicates that it can serve as an alternating material in low cost rural pavements.",11,Semantic Scholar,unclear,4f61b2dfdcb7750ecbf35dc0431e15f408f5958e
E,碳化固废辅助胶凝材料,"""mineral carbonation"" ""cement replacement""","Study on the strength development, hydration process and carbonation process of NaOH-activated Pisha Sandstone",2014,Jingliang Dong; Li-jiu Wang; Tingting Zhang,unclear,10.1016/j.conbuildmat.2014.05.075,https://www.semanticscholar.org/paper/f1cdbc1284c38658eb5d7cd73d87ad29d26cdcef,unclear,61,Semantic Scholar,unclear,f1cdbc1284c38658eb5d7cd73d87ad29d26cdcef
E,碳化固废辅助胶凝材料,"""mineral carbonation"" ""cement replacement""",Development of sample preparation and its interaction with strongly carbonating environment,2025,Michal Křištof; Andrea Jančíková; S. Ravaszová; Karel Dvořák; Marcin Sundin,Juniorstav 2025: Selected Papers. Proceedings 26th International Scientific Conference Of Civil Engineering,10.13164/juniorstav.2025.25061,https://www.semanticscholar.org/paper/77895e6469aac44fc16368f46f15e65f2d09feea,"The main issue described in this paper, is the partial replacement of the classical hydration process by a controlled carbonation process, which leads to significant strength increases in the early stages of hydration. The main advantage of this method is that curing occurs even for normally non-hydraulic minerals. These are confirmed by a cement and steel slag carbonation results achieved in this experiment. Initial strengths of both materials were increased, and the mineral calcite was formed as the main carbonation product.",0,Semantic Scholar,unclear,77895e6469aac44fc16368f46f15e65f2d09feea
E,碳化固废辅助胶凝材料,"""mineral carbonation"" ""cement replacement""","Evaluation of the combined deterioration by freeze–thaw and carbonation of mortar incorporating BFS, limestone powder and calcium sulfate",2017,Wenyan Zhang; S. Na; Junho Kim; Hyeonggil Choi; Y. Hama,Materials Structure,10.1617/s11527-017-1039-1,https://www.semanticscholar.org/paper/23c24f790213b5ca210d413ac0346c35884731b8,unclear,1,Semantic Scholar,unclear,23c24f790213b5ca210d413ac0346c35884731b8
E,碳化固废辅助胶凝材料,"""mineral carbonation"" ""cement replacement""","Development of sustainable alkali-activated slag bricks with high content of carbonated recycled concrete fines: Strength, microstructure and environmental benefit",2024,Xiaowei Ouyang; Yi Zhang; Jiaming Li; Yuwei Ma; Mingzhong Zhang; Jiyang Fu,Construction and Building Materials,10.1016/j.conbuildmat.2024.136457,https://www.semanticscholar.org/paper/c2712042aa9ef38fa65430c375f859f234062cec,": This research presents a novel method of recycling construction waste while capturing CO 2 8 through the formation of mineral carbon. The technology uses carbonated recycled concrete fines 9 (CRCF) as the primary raw material to produce sustainable, high-performance alkali bricks with high 10 replacement rates. Firstly, a general assessment of the physical and chemical properties of CRCF was 11 carried out, which revealed the formation of silica gel encapsulating the surface of CRCF during 12 carbonation. Subsequently, alkali bricks were prepared utilizing CRCF. The study investigated the 13 impact of various mix proportions, water-to-cement ratios, and manufacturing process parameters on 14 brick strength. Additionally, an in-depth analysis of reaction products and brick microstructures was 15 carried out. The results showed that the bricks produced from CRCF were stronger than those from 16 RCF, indicating enhanced reactivity after carbonation. Finally, an analysis demonstrated that utilizing 17 RCF from construction waste can significantly reduce carbon dioxide emissions, thereby mitigating 18 the environmental impact associated with cement production.",10,Semantic Scholar,unclear,c2712042aa9ef38fa65430c375f859f234062cec
E,碳化固废辅助胶凝材料,"""mineral carbonation"" ""cement replacement""","Strength, Water Absorption and Carbonation Depth of Micro Fine Quarry Dust Concrete Grade 60",2016,A. Hanani; K. Kartini; M. Hamidah,unclear,10.1007/978-981-10-0155-0_48,https://www.semanticscholar.org/paper/b5fdee6a0e56cdad2f1875e90f0c30d6b7fa94eb,unclear,0,Semantic Scholar,unclear,b5fdee6a0e56cdad2f1875e90f0c30d6b7fa94eb
E,碳化固废辅助胶凝材料,"""mineral carbonation"" ""cement replacement""",Engineering properties of cement mortar with pond ash in South Korea as construction materials: from waste to concrete,2013,Sanghwa Jung; Seung-Jun Kwon,unclear,10.2478/s13531-012-0068-3,https://www.semanticscholar.org/paper/47fed62606f1a23e7032f09e49c929f36d843f84,"Among the wastes from coal combustion product, only fly ash is widely used for mineral mixture in concrete for its various advantages. However the other wastes including bottom ash, so called PA (pond ash) are limitedly reused for reclamation. In this paper, the engineering properties of domestic pond ash which has been used for reclamation are experimentally studied. For this, two reclamation sites (DH and TA) in South Korea are selected, and two domestic PAs are obtained. Cement mortar with two different w/c (water to cement) ratios and 3 different replacement ratios (0%, 30%, and 60%) of sand are prepared for the tests. For workability and physical properties of PA cement mortar, several tests like flow, setting time, and compressive strength are evaluated. Several durability tests including porosity measuring, freezing and thawing, chloride migration, and accelerated carbonation are also performed. Through the tests, PA (especially from DH area) in surface saturated condition is evaluated to have internal curing action which leads to reasonable strength development and durability performances. The results show a potential applicability of PA to concrete aggregate, which can reduce consuming natural resources and lead to active reutilization of coal product waste.",43,Semantic Scholar,https://www.degruyter.com/document/doi/10.2478/s13531-012-0068-3/pdf,47fed62606f1a23e7032f09e49c929f36d843f84
E,碳化固废辅助胶凝材料,"""mineral carbonation"" ""cement replacement""",A Study on the Properties of High Performance Concrete with Compound Mineral Admixtures,2017,Jian Chen,unclear,unclear,https://www.semanticscholar.org/paper/d35268f2c998247da48580304cf14abb920c36ba,unclear,1,Semantic Scholar,unclear,d35268f2c998247da48580304cf14abb920c36ba
E,碳化固废辅助胶凝材料,"""mineral carbonation"" ""cement replacement""",Durability of concrete incorporated with siliceous iron tailings,2020,Yun-hong Cheng; Fei Huang; Shan-Shan Qi; Wenchuan Li; Rui Liu; Guang-lu Li,unclear,10.1016/j.conbuildmat.2020.118147,https://www.semanticscholar.org/paper/59152036ff28e50b6ddbb81ebd1fcc1ed0887d8f,"Abstract This paper discusses the durability of concrete incorporated with a mineral admixture of siliceous iron tailings that were activated mechanochemically. The mechanochemically activated siliceous iron tailings replaced 10–40% of the cement in the concrete, and tests of the concrete’s resistance to permeability, frost, and carbonation were conducted. The test results showed that as 10%, 20%, 30%, and 40% of the cement is replaced, the impermeability of the concrete is superior to that of the control group, and at the cement replacement amounts of 10%, 20%, and 30%, the concrete’s impermeability tends to increase with the replacement amount. Furthermore, at the cement replacement amount of 40%, the concrete’s impermeability is on a slight decline. As 30% of the cement is replaced, the frost resistance of concrete is better than that of the control concrete, and at the cement replacement amounts of 10%, 20%, and 40%, the frost resistance of the concrete is similar to that of the control group. As 10%, 20%, 30%, and 40% of the cement is replaced, the carbonation resistance of the concrete is inferior to that of the control group, and the carbonation resistance presents a downward trend with the increase in replacement percentage; however, the concrete can still meet the requirements of practical construction works. It follows that when cement is replaced by mechanochemically activated siliceous iron tailings in part, concrete still possesses good durability.",77,Semantic Scholar,unclear,59152036ff28e50b6ddbb81ebd1fcc1ed0887d8f
E,碳化固废辅助胶凝材料,"""mineral carbonation"" ""cement replacement""",Effect of mineral admixtures on durability properties of concrete,2014,G. K; Urunaathan; T. G.S.; Hirugnanam,unclear,unclear,https://www.semanticscholar.org/paper/1031e27e2b6245ca083a6c0bbb03ffafe8635a5b,unclear,8,Semantic Scholar,unclear,1031e27e2b6245ca083a6c0bbb03ffafe8635a5b
E,碳化固废辅助胶凝材料,"""mineral carbonation"" ""cement replacement""",Utilization of Carbonated BOF Slag as Partial Replacement of Aggregate in Cement Mortars,2015,M. Bodor; Rafael M. Santos; G. Cristea; Muhammad Salman; Ö. Cizer; R. I. Iacobescu; Y. W. Chiang; K. Balen; M. Vlad; T. Gerven,unclear,unclear,https://www.semanticscholar.org/paper/9764d2c9f49f2d99f089b8a85e036b521f5ef5bb,"After direct mineral carbonation, a material rich in carbonates and with reduced quantities of free oxides is obtained. The aim of this work was to show that such materials can be used in the construction domain. Basic Oxygen Furnace (BOF) slag from the steelmaking process has been traditionally seen as unfit for bounded applications due to its propensity to swelling, resulting from hydration of its high free lime content. Here, BOF slag was crushed to suitable particle sizes, carbonated in an aqueous solution of carbonic acid, and utilized to replace 50% of natural sand aggregate in cement mortars. The mechanical and chemical properties of these mortars were compared to mortars containing non-carbonated slags, and a standard cement mortar as a reference. Tests were conducted to determine mortar flow and soundness, and cured mortar compressive strength and leaching tendencies. The results showed a satisfactory performance for all considered aspects (comparable with the reference) of the mortar sample containing 37.5 wt% (1.5 in 4 parts solids) carbonated BOF slag of <0.5 mm particle size.",2,Semantic Scholar,unclear,9764d2c9f49f2d99f089b8a85e036b521f5ef5bb
E,碳化固废辅助胶凝材料,"""mineral carbonation"" ""cement replacement""",The Influence of Slag and Fly Ash on the Carbonation of Concrete,2004,M. Collepardi; S. Collepardi; J. Olagot; E. Simonelli,"""SP-221: Eighth CANMET/ACI International Conference on Fly Ash, Silica Fume, Slag, and Natural Pozzolans in Concrete""",10.14359/13272,https://www.semanticscholar.org/paper/9637e8fc77c9c2b56acae8eca7e932dfc89432ce,"Synopsis: The paper shows the influence of mineral additions (in form of fly ash, slag and ground limestone) replacing portland cement on the CO2 penetration rate of concretes manufactured at a given water-cementitious material ratio (w/cm). The results indicate that at a given w/cm there is an increase in the carbonation rate in concretes with mineral additions, except when the amount of portland cement replacement is relatively low (15%). On the other hand, when the comparison of the carbonation rate is made on concretes at the same strength level, there is no significant difference between concretes with portland cement and those with replacement by mineral addition up to 50%.",48,Semantic Scholar,unclear,9637e8fc77c9c2b56acae8eca7e932dfc89432ce
E,碳化固废辅助胶凝材料,"""mineral carbonation"" ""cement replacement""",Research on Carbonation Resistance of Recycled Aggregate Concrete,2008,Xiao Jian-zhuang,unclear,unclear,https://www.semanticscholar.org/paper/d43f01d1521e0b4e1b152cb5de75aba3f04e54aa,unclear,32,Semantic Scholar,unclear,d43f01d1521e0b4e1b152cb5de75aba3f04e54aa
E,碳化固废辅助胶凝材料,"""mineral carbonation"" ""cement replacement""",Use of eco-admixture made from municipal solid waste incineration residues in concrete,2020,Shipeng Zhang; Zaid Ghouleh; Y. Shao,unclear,10.1016/j.cemconcomp.2020.103725,https://www.semanticscholar.org/paper/cbe8871696b97445d06d4de08f1db392ff8b5967,"Abstract With the phasing-out of coal power plants in many developed countries, a steep shortage in construction-grade fly ash – a widely used mineral admixture in concrete – seems inevitable. In this study, an eco-admixture prepared from a raw blend of municipal solid waste incineration (MSWI) residues was investigated as a possible cement replacement in concrete. The eco-admixture was synthesized at incineration temperature of 1100 °C from a carefully selected stoichiometric combination of three residues sourced from a local incinerator and minor additions of slaked lime. Paste and concrete specimens were prepared with 15% cement replacements and compared to commercial mineral admixture and ordinary Portland cement (OPC) control. In addition to normal hydration, carbonation was explored as an alternative curing scenario for accelerated early strength activation. The influences of cement substitution on mechanical properties, leaching performance, microstructure, and resistance to freeze-thaw damage were examined. The major reactive mineral components of eco-admixture were found to be belite and chloro-ellestadite. In hydration, paste and concrete specimens containing eco-admixture were comparable in performance to straight OPC control; however, they displayed much improved strength and resilience when activated by carbonation. Leaching tests affirmed the environmental stability and suitability of eco-admixture as a supplementary cementitious material (SCM) in concrete. For further validation, a pilot production was carried out at a commercial concrete plant to produce a cubic meter of standard 20 cm concrete masonry units (CMUs). The CMUs with eco-admixture displayed comparable strength to the OPC references and satisfied all physical performance required by load-bearing standards.",27,Semantic Scholar,unclear,cbe8871696b97445d06d4de08f1db392ff8b5967
E,碳化固废辅助胶凝材料,"""mineral carbonation"" ""cement replacement""",Research on Variation of pH Value of the Simulated Concrete Pore Solution during Carbonation Process,2011,QI Guang-zheng,unclear,unclear,https://www.semanticscholar.org/paper/9bbc2fad237501cf5dacb7684bfd667e1cb4c589,unclear,3,Semantic Scholar,unclear,9bbc2fad237501cf5dacb7684bfd667e1cb4c589
E,碳化固废辅助胶凝材料,"""mineral carbonation"" ""cement replacement""",The state of the art regarding the long‐term properties of recycled aggregate concrete,2014,Jianzhuang Xiao; Long Li; V. Tam; Hong Li,unclear,10.1002/suco.201300024,https://www.semanticscholar.org/paper/bcab4e9e257b553df5cda0c42c4b32032f789bc1,unclear,85,Semantic Scholar,unclear,bcab4e9e257b553df5cda0c42c4b32032f789bc1
E,碳化固废辅助胶凝材料,"""mineral carbonation"" ""cement replacement""",Utilization of boron waste borogypsum in mortar,2019,U. Sevim; M. Ozturk; Sadettin Onturk; Muzeyyen Balcikanli Bankir,Journal of Building Engineering,10.1016/j.jobe.2019.01.015,https://www.semanticscholar.org/paper/03325d1066028d926b3e093e48597443a2301d24,"Abstract In this study, mortars containing borogypsum (MCB) were investigated to understand the effect of borogypsum on mortars and if borogypsum could be used as a mineral admixture in the mortars. Borogypsum were replaced with cement at 0%, 3%, 5%, 10% and 15% by mass. Flow table, flexural and compressive strength, abrasion, carbonation, sorptivity and shrinkage tests were conducted to the mortar samples including borogypsum. According to the test results, 3% and 5% replacement of borogypsum with cement resulted in increases in compressive and tensile strengths of the mortars and 10% borogypsum containing reached a high compressive strength but at later ages, these replacements resulted in a decrease in abrasion and deepness of being carbonated of the mortars. It was seen that the increased borogypsum decreased the consistency of the mortars. It was also observed that addition of borogypsum decreased shrinkage of the mortars which were studied up to the 28th day. Thus, borogypsum is recommended to be used as an admixture 5–10% of cement by mass in the mortar. The variance analysis of the hardened properties of mortar is also determined by using Response Surface Methodology (RSM) regression models. According to ANOVA results, it was determined that the flexural and compressive strength was directly affected by the borogypsum replacement ratio. It was determined from the ANOVA analysis, in which the double effect of both borogypsum and cement amount is higher than individual effects.",18,Semantic Scholar,unclear,03325d1066028d926b3e093e48597443a2301d24
E,碳化固废辅助胶凝材料,"""mineral carbonation"" ""cement replacement""",Long-Term Property of Recycled Aggregate Concrete,2018,Jianzhuang Xiao,unclear,10.1007/978-3-662-53987-3_8,https://www.semanticscholar.org/paper/65d0393e2b2046cda45c4dc5ae48e3731fe334b3,unclear,1,Semantic Scholar,unclear,65d0393e2b2046cda45c4dc5ae48e3731fe334b3
F,旋转填充床与传质强化,"""high gravity technology"" carbonation",Optimization of BOFS High-Gravity Carbonation Technology: Consideration of Theoretical Guidance for Up-scaling Applications,2024,Qifeng Song; Ming-Zhi Guo; Mingyang Zhang; Tung-Chai Ling,Journal of Cleaner Production,10.1016/j.jclepro.2024.143214,https://www.semanticscholar.org/paper/9cb0fa997f403e6c89a21e756eb337b722aa4406,unclear,6,Semantic Scholar,unclear,9cb0fa997f403e6c89a21e756eb337b722aa4406
F,旋转填充床与传质强化,"""high gravity technology"" carbonation","Development of Integrated High-gravity-electrodeionization (HiG-EDI) Technology for CO2 Capture, Waste Stabilization and Wastewater Reclamation",2019,Tse-Lun Chen; Po-Chih Tseng; P. Chiang,unclear,unclear,https://www.semanticscholar.org/paper/add8fe0bed72f5505d89746f8ea03a9c2ff92a36,unclear,1,Semantic Scholar,unclear,add8fe0bed72f5505d89746f8ea03a9c2ff92a36
F,旋转填充床与传质强化,"""high gravity technology"" carbonation",Stabilization-solidification-utilization of MSWI fly ash coupling CO2 mineralization using a high-gravity rotating packed bed.,2021,Tse-Lun Chen; Yi-Hung Chen; Ming-Yen Dai; P. Chiang,Waste Management,10.1016/j.wasman.2020.12.031,https://www.semanticscholar.org/paper/838012b3eb68a2cbe1af40bcf6ce415380c8c1b9,"Municipal solid waste incineration fly ash (MSWI-FA) has been regulated as a hazardous waste that needs to treat with stabilization, solidification and landfill due to its amount of heavy metals, chlorides, sulfates and dioxin. While the proper treated MSWI-FA can be utilized as pozzolanic material to reduce the usage of Portland cement. The present article aims to develop an integrated wet-extraction and carbonation process for MSWI-FA stabilization, solidification and utilization via the high-gravity technology. A benchtop experiment demonstrated the dechlorination and CO2 sequestration of MSWI-FA and the carbonated product was applied as a supplementary cementitious material (SCM) in the cement mortar. Physical, chemical and thermal characteristics of raw, wet-extracted, and carbonated MSWI-FA were addressed in terms of the mean diameter, micropore area, micropore volume, chemical compositions, mineralogy and morphology. The effects of the liquid-to-solid ratio and high gravity factor were evaluated. Overall, a chloride extraction ratio of 36.35% and a CO2 capture capacity of 258.5 g-CO2 kg-FA-1 were achieved in the batch experiment. The results of water-energy consumption of chloride removal and CO2 fixation provided a novel insight into the future process criterion. In addition, the carbonated FA was found as binder to partially substitute Portland cement due to its large content of calcium carbonate. The workability and mechanical strength of cement mortar with partial substitution of stabilized FA were evaluated to determine the potential FA utilization pathway. Finally, the continuous process tests determined the key operation indexes for future process scale-up.",58,Semantic Scholar,unclear,838012b3eb68a2cbe1af40bcf6ce415380c8c1b9
F,旋转填充床与传质强化,"""high gravity technology"" carbonation",High-Gravity Carbonation Process for Enhancing CO2 Fixation and Utilization Exemplified by the Steelmaking Industry.,2015,S. Pan; Yi-Hung Chen; Chun-Da Chen; Ai-Lin Shen; Michael Lin; P. Chiang,Environmental Science and Technology,10.1021/acs.est.5b02210,https://www.semanticscholar.org/paper/459a16e24d62ca9d6c0b657f386885620f629820,unclear,94,Semantic Scholar,unclear,459a16e24d62ca9d6c0b657f386885620f629820
F,旋转填充床与传质强化,"""high gravity technology"" carbonation",Environmental Benefit Assessment for the Carbonation Process of Petroleum Coke Fly Ash in a Rotating Packed Bed.,2017,Si-Lu Pei; S. Pan; Ye-Mei Li; P. Chiang,Environmental Science and Technology,10.1021/acs.est.7b00708,https://www.semanticscholar.org/paper/ad1015107408a84caa36b6410655477499d3596d,unclear,50,Semantic Scholar,unclear,ad1015107408a84caa36b6410655477499d3596d
F,旋转填充床与传质强化,"""high gravity technology"" carbonation",CO2 Energy Reactor – Integrated Mineral Carbonation: Perspectives on Lab-Scale Investigation and Products Valorization,2016,Rafael M. Santos; Pol Knops; Keesjan Rijnsburger; C. Yi,Frontiers in Energy Research,10.3389/fenrg.2016.00005,https://www.semanticscholar.org/paper/c202df6edf7730cdf2386990fde35aa1c8fed6c8,"To overcome the challenges of mineral CO2 sequestration, Innovation Concepts B.V. is developing a unique proprietary Gravity Pressure Vessel (GPV) reactor technology, and has focussed on generating reaction products of high economic value. The GPV provides intense process conditions through hydrostatic pressurization and heat exchange integration that harvests exothermic reaction energy, thereby reducing energy demand of conventional reactor designs, in addition to offering other benefits. In this paper, a perspective on the status of this technology and outlook for the future is provided. To date, laboratory-scale tests of the envisioned process have been performed in a tubular “rocking autoclave” reactor. The mineral of choice has been olivine (~Mg1.6Fe2+0.4(SiO4) + ppm Ni/Cr), although asbestos, steel slags and oil shale residues are also under investigation. The effect of several process parameters on reaction extent and product properties have been tested: CO2 pressure, temperature, residence time, additives (buffers, lixiviants, chelators, oxidizers), solids loading, and mixing rate. The products (carbonates, amorphous silica and chromite) have been physically separated (based on size, density and magnetic properties), characterized (for chemistry, mineralogy and morphology) and tested in intended applications (as pozzolanic carbon-negative building material). Economically, it is found that product value is the main driver for mineral carbonation, rather than, or in addition to, the sequestered CO2. The approach of using a GPV and focusing on valuable reaction products could thus make CO2 mineralization a feasible and sustainable industrial process.",34,Semantic Scholar,https://www.frontiersin.org/articles/10.3389/fenrg.2016.00005/pdf,c202df6edf7730cdf2386990fde35aa1c8fed6c8
F,旋转填充床与传质强化,"""high gravity technology"" carbonation",Performance and Durability of Chalcedonite Reactive Powder Concrete,2025,J. Sokołowska; P. Woyciechowski; Szymon Żerek,Materials,10.3390/ma18184258,https://www.semanticscholar.org/paper/77f3782c235c8c33aa6f8801be25e47944283fa8,"The objective of this study was to evaluate the technical properties and assess the durability of a novel high-performance concrete with aggregates composed entirely of reactive powders derived from chalcedonite—a mineral previously not utilized in HPC technology. Since there is insufficient information on chalcedonite-based concretes in the scientific literature, the presented research aims to address these knowledge gaps. The characterization of the chalcedonite powder involved the determination of specific gravity, particle size distribution, specific surface area, and particle morphology through microscopic analysis. The hardened chalcedonite-based and reference quartz-based high-performance concretes were subjected to a comprehensive suite of tests to determine their physical properties (bulk density, water absorption, and capillary absorption) and mechanical properties (flexural and compressive strength). Durability was further assessed based on compressive strength criteria, including frost resistance and carbonation resistance. To simulate long-term performance and better evaluate the durability of the high-performance concretes, specimens were tested following standard water curing and after additional maturation processes, including thermal treatment, which in the extreme case resulted in a seven-day compressive strength of 176.9 MPa, a value higher by 56.7 MPa (corresponding to an increase of 47.1%) compared to the strength of the identical concrete not subjected to thermal treatment. To explore the potential for architectural applications, particularly in outdoor environments, capillary absorption testing was of particular importance, as it provided insight into the material’s resistance to eventual pigment leaching from the mineral matrix.",0,Semantic Scholar,unclear,77f3782c235c8c33aa6f8801be25e47944283fa8
F,旋转填充床与传质强化,"""high gravity technology"" carbonation",A method of increasing the efficiency of lithium carbonate by carbonation gas flow rate controlling method,2014,邓小川; 霍闪; 卿彬菊; 朱朝梁; 温现明; 史一飞; 邵斐; 黄泽洲,unclear,unclear,https://www.semanticscholar.org/paper/742a8000aecca54a193f150471f3421ba28c571e,unclear,0,Semantic Scholar,unclear,742a8000aecca54a193f150471f3421ba28c571e
F,旋转填充床与传质强化,"""high gravity technology"" carbonation",Preparation of high-purity light magnesia from sulfate salt subtype salt lake brine,2011,Yu Liang-liang,unclear,unclear,https://www.semanticscholar.org/paper/21f94fd82a5887d4b9cb43ee9034c4d2c6e87d06,unclear,2,Semantic Scholar,unclear,21f94fd82a5887d4b9cb43ee9034c4d2c6e87d06
F,旋转填充床与传质强化,"""high gravity technology"" carbonation",Discussion on Preparation Method of Nanometer Calcium Carbonate by Carbonization Technology,2007,Wang Quan,unclear,unclear,https://www.semanticscholar.org/paper/00cbab55806526598528cb626bb0f900328e7c10,unclear,0,Semantic Scholar,unclear,00cbab55806526598528cb626bb0f900328e7c10
F,旋转填充床与传质强化,"""high gravity technology"" carbonation",Preparation of ultra-fine spindle CaCO_3 by crystallization in a RPBR,2002,Song Ji-rui,unclear,unclear,https://www.semanticscholar.org/paper/40dc0f349f8d282f3ab2872816545852823fae23,unclear,0,Semantic Scholar,unclear,40dc0f349f8d282f3ab2872816545852823fae23
F,旋转填充床与传质强化,"""high gravity technology"" carbonation",Preparation and application of nanometer light calcium carbonate,2002,Zhao Chun,unclear,unclear,https://www.semanticscholar.org/paper/4a57dd281858da9d58c469017b01e8f72e8a95cb,unclear,0,Semantic Scholar,unclear,4a57dd281858da9d58c469017b01e8f72e8a95cb
F,旋转填充床与传质强化,"""high gravity technology"" carbonation",Mechanism and efficiency analysis of carbon dioxide capture by modified 13X molecular sieve enhanced by high-gravity technology,2025,Qiang Guo; Jiahao Niu; Guisheng Qi,unclear,10.1177/02636174251376424,https://www.semanticscholar.org/paper/c3ba321bdc9cb4a93ef0a241e85e8e63d06ee9a1,unclear,0,Semantic Scholar,unclear,c3ba321bdc9cb4a93ef0a241e85e8e63d06ee9a1
F,旋转填充床与传质强化,"""high gravity technology"" carbonation",Size-controlled synthesis of ZIF-8 nanoparticles by high gravity technology for enhanced tetracycline adsorption,2025,Xin-Ran Shi; Yan Wei; M. Chang; Hua Zou; Jie‐Xin Wang,Journal of Industrial & Engineering Chemistry,10.1016/j.jiec.2025.08.024,https://www.semanticscholar.org/paper/47e704865de5db82c47a1773a4a1461dbf6a6c2d,unclear,5,Semantic Scholar,unclear,47e704865de5db82c47a1773a4a1461dbf6a6c2d
F,旋转填充床与传质强化,"""high gravity technology"" carbonation",Synthesis of monodispersed inorganic nanoparticles by high gravity technology for multifunctional applications,2025,An-Sheng Wang; Jie-xin Wang; Yuan Le; Dan Wang; Yuan Pu; Xiao-Fei Zeng; Jian-Feng Chen,Current Opinion in Chemical Engineering,10.1016/j.coche.2024.101060,https://www.semanticscholar.org/paper/29f8612f9cad7985d582b709ae1859b4e84df36a,unclear,5,Semantic Scholar,unclear,29f8612f9cad7985d582b709ae1859b4e84df36a
F,旋转填充床与传质强化,"""high gravity technology"" carbonation",The Controlled Preparation of a Carrier-Free Nanoparticulate Formulation Composed of Curcumin and Piperine Using High-Gravity Technology,2024,Ning Han; Yue Liu; Xin Liu; Pengyue Li; Yang Lu; Shouying Du; Kai Wu,Pharmaceutics,10.3390/pharmaceutics16060808,https://www.semanticscholar.org/paper/f58e08a66fc488e0b1385888869dcb568267a805,"Carrier-free nanoparticulate formulations are an advantageous platform for the oral administration of insoluble drugs with the expectation of improving their bioavailability. However, the key limitation of exploiting carrier-free nanoparticulate formulations is the controlled preparation of drug nanoparticles on the basis of rational prescription design. In the following study, we used curcumin (Cur) and piperine (Pip) as model water-insoluble drugs and developed a new method for the controlled preparation of carrier-free drug nanoparticles via multidrug co-assembly in a high-gravity environment. Encouraged by the controlled regulation of the nucleation and crystal growth rate of high-gravity technology accomplished by a rotating packed bed, co-amorphous Cur-Pip co-assembled multidrug nanoparticles with a uniform particle size of 130 nm were successfully prepared, exhibiting significantly enhanced dissolution performance and in vitro cytotoxicity. Moreover, the hydrogen bonding interactions between Cur and Pip in nanoparticles provide them with excellent re-dispersibility and storage stability. Moreover, the oral bioavailability of Cur was dramatically enhanced as a result of the smaller particle size of the co-assembled nanoparticles and the effective metabolic inhibitory effect of Pip. The present study provides a controlled approach to preparing a carrier-free nanoparticulate formulation through a multidrug co-assembly process in the high-gravity field to improve the oral bioavailability of insoluble drugs.",5,Semantic Scholar,https://www.mdpi.com/1999-4923/16/6/808/pdf?version=1718357616,f58e08a66fc488e0b1385888869dcb568267a805
F,旋转填充床与传质强化,"""high gravity technology"" carbonation","Treatment of high-salt phenol wastewater by high-gravity technology intensified Co-Mn/γ-Al2O3 catalytic ozonation: Treatment efficiency, inhibition and catalytic mechanism",2024,F. X. Miao; Ting Cheng; Liuxiang Wang; KeXiang Li; Mingfang Bao; Chao Ma; Kangrui Nie; Youzhi Liu; Weizhou Jiao,Chemical Engineering and Science,10.1016/j.ces.2024.120019,https://www.semanticscholar.org/paper/c9ad9bca8bac38aae2d7d8b8b6045f4982fc2405,unclear,17,Semantic Scholar,unclear,c9ad9bca8bac38aae2d7d8b8b6045f4982fc2405
F,旋转填充床与传质强化,"""high gravity technology"" carbonation",Enhanced Photocatalytic Hydrogen Evolution over Twin-Crystal ZnCdS with Sulfur Vacancies Prepared by High-Gravity Technology,2024,Caili Ji; Guisheng Qi; Qiang Guo; Ning Li; Rongrong Zhang; Da Guo; Youzhi Liu,Industrial &amp; Engineering Chemistry Research,10.1021/acs.iecr.4c00317,https://www.semanticscholar.org/paper/8fba5e8f69a07e8a80a3cd8a0c1503c03427d1d7,unclear,8,Semantic Scholar,unclear,8fba5e8f69a07e8a80a3cd8a0c1503c03427d1d7
F,旋转填充床与传质强化,"""high gravity technology"" carbonation","Green, efficient and controllable synthesis of high-quality MOF-74 with high gravity technology",2024,Xin-Ran Shi; Meng Qiao; Yan Wei; Ling-Xia Yun; Jie‐Xin Wang; Jian-Feng Chen,Green Chemistry,10.1039/d4gc01350f,https://www.semanticscholar.org/paper/86b3d8c45cda5f7de466e1645e3fdc51c1697577,"MOF-74 or M2(dhtp) (M = metal ions, dhtp = 2,5-dihydroxyterephthalic acid) as a typical metal-organic framework (MOF), has garnered considerable interest due to their abundant unsaturated metal sites. However, environmental...",8,Semantic Scholar,unclear,86b3d8c45cda5f7de466e1645e3fdc51c1697577
F,旋转填充床与传质强化,"""high gravity technology"" carbonation",Devolatilization of high viscous fluid with high gravity technology,2024,Jibing Qi; Youzhi Liu; Yandong Liu,Chinese Journal of Chemical Engineering,10.1016/j.cjche.2024.03.033,https://www.semanticscholar.org/paper/cb48621bba795302e4027344491413637c735268,unclear,4,Semantic Scholar,unclear,cb48621bba795302e4027344491413637c735268
F,旋转填充床与传质强化,"""high gravity technology"" carbonation",Degradation of phenol with Mn-CoOX/γ-Al2O3 catalytic ozonation enhanced by high gravity technology,2023,F. X. Miao; Shuai Zhang; X. Sun; Yamin Li; Ruize Shang; Wenli Wu; Weizhou Jiao; Youzhi Liu,Chemical Engineering and Science,10.1016/j.ces.2023.119036,https://www.semanticscholar.org/paper/1e7473d77528f9d13f5518aeccb0d84c7e500e7d,unclear,31,Semantic Scholar,unclear,1e7473d77528f9d13f5518aeccb0d84c7e500e7d
F,旋转填充床与传质强化,"""high gravity technology"" carbonation",Enhancing the corrosion resistance of waterborne epoxy coating by fumarate intercalated LDHs prepared by high gravity technology,2023,Jun Zhang; Jingmao Zhao; Jingbao Wang; Mohammad Tabish; Jingfan Zhang,Progress in Organic Coatings,10.1016/j.porgcoat.2022.107271,https://www.semanticscholar.org/paper/323b54e8cf98eb816efc89d6e7710f4ad1a97f6b,unclear,14,Semantic Scholar,unclear,323b54e8cf98eb816efc89d6e7710f4ad1a97f6b
F,旋转填充床与传质强化,"""high gravity technology"" carbonation",Machine-learning-aided application of high-gravity technology to enhance ammonia recovery of fresh waste leachate.,2023,Shaomin Guo; Xiuwei Ao; Xin Ma; Shikun Cheng; Cong Men; H. Harada; D. Saroj; Heinz-Peter Mang; Zifu Li; Lei Zheng,Water Research,10.1016/j.watres.2023.119891,https://www.semanticscholar.org/paper/6c84fb69fa8ffe1e72f5f1f0392110c700b2a8d7,"Stripping is widely applied for the removal of ammonia from fresh waste leachate. However, the development of air stripping technology is restricted by the requirements for large-scale equipment and long operation periods. This paper describes a high-gravity technology that improves ammonia stripping from actual fresh waste leachate and a machine learning approach that predicts the stripping performance under different operational parameters. The high-gravity field is implemented in a co-current-flow rotating packed bed in multi-stage cycle series mode. The eXtreme Gradient Boosting algorithm is applied to the experimental data to predict the liquid volumetric mass transfer coefficient (KLa) and removal efficiency (η) for various rotation speeds, numbers of stripping stages, gas flow rates, and liquid flow rates. Ammonia stripping under a high-gravity field achieves η = 82.73% and KLa = 5.551 × 10-4 s-1 at a pH value of 10 and ambient temperature. The results suggest that the eXtreme Gradient Boosting model provides good accuracy and predictive performance, with R2 values of 0.9923 and 0.9783 for KLa and η, respectively. The machine learning models developed in this study are combined with experimental results to provide more comprehensive information on rotating packed bed operations and more accurate predictions of KLa and η. The information mining behind the model is an important reference for the rational design of high-gravity-field-coupled ammonia stripping projects.",10,Semantic Scholar,unclear,6c84fb69fa8ffe1e72f5f1f0392110c700b2a8d7
F,旋转填充床与传质强化,"""high gravity technology"" carbonation",New advance in application research of high-gravity process intensification technology,2025,Jiakuan Lu; Yu-Gan Zhu; Yan-bin Li; Guang‐Wen Chu; Jian-Feng Chen,Current Opinion in Chemical Engineering,10.1016/j.coche.2024.101057,https://www.semanticscholar.org/paper/77f1c812ca84445c123c07283840748a5d1e3679,unclear,9,Semantic Scholar,unclear,77f1c812ca84445c123c07283840748a5d1e3679
F,旋转填充床与传质强化,"""high gravity technology"" carbonation",Preparation of L-cysteine modified MnFe2O4 nanoparticles based on high-gravity technology and application for the removal of lead,2022,Yusong Gao; Guisheng Qi; Wenchao Yan; Da-Jun Guo; Weizhou Jiao; Youzhi Liu,Journal of Environmental Chemical Engineering,10.1016/j.jece.2022.107193,https://www.semanticscholar.org/paper/eb091104ace8895501efe6042b6d8150eb8b3442,unclear,13,Semantic Scholar,unclear,eb091104ace8895501efe6042b6d8150eb8b3442
F,旋转填充床与传质强化,"""high gravity technology"" carbonation",Degradation of phenol with heterogeneous catalytic ozonation enhanced by high gravity technology,2020,Wei Xingyue; Shao Shengjuan; Ding Xin; Jiao Weizhou; Liu Youzhi,unclear,10.1016/j.jclepro.2019.119179,https://www.semanticscholar.org/paper/73087f05a36f13784bd7d9ab1fb7c1dfd20276b6,"Abstract In order to intensify the mass transfer of ozone and improve organic mineralization efficiency of heterogeneous catalytic ozonation, a rotating packed bed (RPB) reactor with heterogeneous catalytic ozonation was performed to mineralize phenol wastewater with the Fe–Mn–Cu/γ-Al2O3 catalyst (Cat) as packing. The effects of the high gravity factor (β), liquid flow rate (QL), initial pH, inlet ozone concentration (CO3), and phenol concentration (Cphe) on the phenol mineralization were investigated. The experimental results determined the optimal process regime involving a high gravity factor of 40, a phenol concentration of 100 mg/L, an inlet ozone concentration of 60 mg/L, a gas flow rate of 60 L/h, an initial pH of 6 and liquid flow rate of 85 L/h. After the wastewater was treated for 30 min, the total organic carbon removal rate ( η T O C ) reached 96.42%. Compared with the performance of the Cat/O3-BR (bubbling reactor) and RPB-O3 system, the high gravity technology could increase the η T O C related with the phenol wastewater by 21% and 57.27%, respectively. Possible reaction mechanism of Cat/O3-RPB system was proposed to be hydroxyl radical oriented by adding tert-butanol reagent and electron paramagnetic resonance technology, and a plausible degradation pathway of phenol was proposed and discussed. In conclusion, it can be observed that the coupling of RPB and heterogeneous catalytic ozonation technology to mineralize phenol wastewater is an effective method.",87,Semantic Scholar,unclear,73087f05a36f13784bd7d9ab1fb7c1dfd20276b6
F,旋转填充床与传质强化,"""high gravity technology"" carbonation",High Gravity-Enhanced Direct Air Capture: A Leap Forward in CO2 Adsorption Technology,2024,Shufei Wang; Youzhi Liu; Chengqian Zhang; Shuwei Guo; Yuliang Li,Atmosphere,10.3390/atmos15020238,https://www.semanticscholar.org/paper/cb2c0fa2aea870d68ac9efb4184b05d6a1b7e7a6,"Given the global pressure of climate change and ecological equilibrium, there is an urgent need to develop effective carbon dioxide (CO2) capture technology. Due to its comprehensiveness and flexibility, Direct Air Capture (DAC) technology has emerged as a vital supplement to traditional emission reduction methods. This study aims to innovate Direct Air Capture (DAC) technology by utilizing the ultrasonic impregnation method to load Tetraethylenepentamine (TEPA) onto alumina (Al2O3) as the adsorbent. Furthermore, high gravity adsorption technology is integrated to significantly enhance the efficiency of DAC. Characterization tests, including BET, FTIR, TG, XRD, and SEM-EDS, confirm the structural stability and high capture capacity of the adsorbent. Additionally, this study demonstrates the rapid and efficient capture of CO2 from the air using TEPA-Al2O3 adsorbent under high gravity conditions for the first time. Under optimal conditions with TEPA loading at 15.06%, a high gravity factor of 2.67, and a gas flow rate of 30 L/min, TEPA-Al2O3 achieves a CO2 adsorption capacity of 48.5 mg/g in RAB, which is an improvement of 15.56 mg/g compared to traditional fixed-bed technology. Moreover, it reaches adsorption saturation faster under high gravity conditions, exhibiting a significantly higher adsorption rate compared to traditional fixed-bed systems. Furthermore, the adsorption process better conforms to the Avrami model. Steam stripping regeneration is utilized to regenerate the adsorbent, demonstrating excellent regeneration performance and stable adsorption capacity, thereby proving its feasibility and economic benefits as a DAC technology.",9,Semantic Scholar,https://www.mdpi.com/2073-4433/15/2/238/pdf?version=1708257385,cb2c0fa2aea870d68ac9efb4184b05d6a1b7e7a6
F,旋转填充床与传质强化,"""high gravity technology"" carbonation",Highly efficient removal of heavy metal ions by carboxymethyl cellulose-immobilized Fe3O4 nanoparticles prepared via high-gravity technology.,2019,H. Fan; Xiaozhou Ma; Shaofeng Zhou; Jin Huang; Yaqing Liu; You-Cun Liu,Carbohydrate Polymers,10.1016/j.carbpol.2019.02.067,https://www.semanticscholar.org/paper/15c42ca9e3818a2e088483821ec00eef000921be,"The aim of this study is to explore facile and large-scale method for the preparation of magnetic adsorbent materials with high-efficient heavy metal removal performance. Here, based on the process intensification of high-gravity technology, the carboxymethyl cellulose-immobilized Fe3O4 nanoparticles (CMC-Fe3O4) were continuously synthesized via impinging stream-rotating packed bed. With a theoretical production rate of 2.35 kg h-1, the as-prepared CMC-Fe3O4 exhibited better adsorption capacity and faster rate for Pb(II) than those of pure Fe3O4, and the maximum adsorption capacity of Pb(II) reached up to 152.0 mg g-1. It was found that the adsorption data of Pb(II) onto CMC-Fe3O4 fit well to pseudo-second order kinetic model and Langmuir isotherm model. Moreover, the as-prepared adsorbent exhibited good reusability after five adsorption-desorption cycles. Overall, the high-gravity technology can be employed for the preparation of high-performance nano-adsorbent and has a great potential in the application of heavy metal removal.",157,Semantic Scholar,unclear,15c42ca9e3818a2e088483821ec00eef000921be
F,旋转填充床与传质强化,"""high gravity technology"" carbonation",A systematic approach to evaluating environmental-economic benefits of high-gravity technology for flue gas purification and municipal solid waste incineration fly ash utilization,2021,Tse-Lun Chen; Li-Heng Chen; Yen-Hau Chen; Nelson Felipe Rincón Soto; Yi-Hung Chen; Hwong‐wen Ma; P. Chiang,Journal of Environmental Chemical Engineering,10.1016/j.jece.2021.106438,https://www.semanticscholar.org/paper/03943e06295022ad5fdd739162edc4b57dbbf022,"Abstract This study proposed a systematic approach to evaluating the environmental-economic benefits of multiple air pollution control, CO2 mineralization, and municipal solid waste incineration (MSWI) fly ash stabilization-utilization with high-gravity (HiGee) technology. MSWI fly ash due to its high alkalinity and calcium-rich compositions could be used to absorb acid gas pollutants and mineralize CO2 simultaneously. HiGee system can be deployed to eliminate the mass-transfer limit to accelerate the reaction kinetics. Technical-economic analysis (TEA) and life cycle analysis (LCA) were integrated with the technique to order preference by similarity to ideal solution (TOPSIS) approach and comprehensively evaluate the prioritized alternatives. Compared to existing wet-scrubber and fly ash landfill, the combination of fly ash slurry and further utilization of cementitious material can generate additional profits of direct/indirect carbon credit, calcium carbonate byproduct, reduction of air pollution fees and fly ash utilization revenue. In terms of environmental benefits, the installed HiGee system can reduce water and energy consumption to avoid water depletion and greenhouse gas emissions. TOPSIS results prioritized the various alternatives of HiGee operation modes and provided a technological evaluation for substituting the existing scrubber in an MSWI plant.",16,Semantic Scholar,unclear,03943e06295022ad5fdd739162edc4b57dbbf022
F,旋转填充床与传质强化,"""high gravity technology"" carbonation",Kinetics and mechanism of nitrobenzene degradation by hydroxyl radicals-based ozonation process enhanced by high gravity technology,2021,Weizhou Jiao; Sheng-Ci Shao; Peizhen Yang; Kechang Gao; Youzhi Liu,Frontiers of Chemical Science and Engineering,10.1007/s11705-020-1998-6,https://www.semanticscholar.org/paper/b72729a2fa01182dbebfeda058c6123ec1d19ede,unclear,12,Semantic Scholar,unclear,b72729a2fa01182dbebfeda058c6123ec1d19ede
F,旋转填充床与传质强化,"""high gravity technology"" carbonation",High-gravity technology intensified Knoevenagel condensation-Michael addition polymerization ofpoly (ethylene glycol)-poly (n-butyl cyanoacrylate) for blood-brain barrier delivery,2021,Xingzheng Liu; C. Fu; Man-Yi Wang; Jie-xin Wang; Hai-kui Zou; Yuan Le; Jianfeng Chen,unclear,10.1016/j.cjche.2021.05.005,https://www.semanticscholar.org/paper/3ec9505b27ef9c22f14ad86d9543db2467af30e0,"Abstract Poly (ethylene glycol)-poly (n-butyl cyanoacrylate) (PEG-PBCA) is a remarkable drug delivery carrier for permeating blood-brain barrier. In this work, a novel high-gravity procedure was reported to intensify Knoevenagel condensation-Michael addition polymerization of PEG-PBCA. A series of PEG-PBCA containing different block ratios were synthesized with narrow molecular weight distribution of polydispersity indexes less than 1.1. Furthermore, the reaction time reduced 60% compared to conventional stirred tank reactor process. Chemical structures of as-prepared polymers were characterized. In vitro drug delivery performance was evaluated. The cytotoxicity of PEG-PBCA to brain microvessel endothelial cells (BMVEC) decreases with the extension of the PEG chain and the shortening of the PBCA chain. The polymer cellular uptake to BMVECs was better after improving hydrophilicity by PEG block. Results of blood-brain barrier permeability demonstrated that medium length of PBCA chain and short PEG chain are favorable for hydrophobic Nile red permeation, while long PEG chain and short PBCA chain are beneficial to delivery water-soluble doxorubicin hydrochloride (Dox). The average apparent permeability coefficient increased 1.7 and 0.25 times than that of raw Nile red and Dox, respectively. High-gravity intensified condensation polymerization should have great potential in brain drug delivery system.",5,Semantic Scholar,unclear,3ec9505b27ef9c22f14ad86d9543db2467af30e0
F,旋转填充床与传质强化,"""high gravity technology"" carbonation",Experimental study of CO2 capture enhanced by coal fly ash-synthesized NH2-MCM-41 coupled with high gravity technology,2020,Cheng Shangyuan; Youzhi Liu; Guisheng Qi,unclear,10.1016/j.cej.2020.125946,https://www.semanticscholar.org/paper/b2d86c79f39faebebe0c3a0550d2675d7c09e045,"Abstract A new technology based on high gravity coupled nanofluids intensification mass transfer technology for efficiently capture CO2 was adopted in this work. It can overcome the mass transfer limitation of CO2 and enhance the capture effect. The nanoparticles MCM-41 was synthesized from coal fly ash and functionalized with (3-aminopropyl) triethoxysilane. The nanoparticles NH2-MCM-41 was dispersed in diethylenetriamine (DETA) by ultrasonic dispersion method. XRD, SEM, FTIR, N2 adsorption-desorption and TG were used to characterize the physicochemical properties of NH2-MCM-41 materials. Experimental results suggested that the existence of NH2-MCM-41 nanoparticles in DETA solution could effectively improve CO2 capture. The optimum conditions were the high gravity factor of 48.09, liquid-gas ratio of 0.07 and NH2-MCM-41 dosage of 0.1 wt%. Compared with the results of using DETA solution without adding NH2-MCM-41, CO2 capture efficiency was improved by 4.7% due to the enhancement of grazing effect and hydrodynamic effect in the high gravity environment. The combination of the two process intensification technologies reduces the mass transfer resistance, strengthens the mass transfer process of CO2 and enhances the CO2 capture effect. This work might offer a promising and green approach for production of MCM-41 to capture CO2 by combing high gravity technology. Turning coal fly ash into treasure, harm into profit, realizing waste control waste and green environmental protection.",54,Semantic Scholar,unclear,b2d86c79f39faebebe0c3a0550d2675d7c09e045
F,旋转填充床与传质强化,"""high gravity technology"" carbonation",Apparent kinetics of the ozone oxidation of nitrobenzene in aqueous solution enhanced by high gravity technology,2019,Weizhou Jiao; Peizhen Yang; Wenqian Gao; Jingjuan Qiao; Youzhi Liu,unclear,10.1016/j.cep.2019.107690,https://www.semanticscholar.org/paper/04c69c4dabf8b871505ed4c4baac8ec818937f15,"Abstract This study investigated the apparent reaction kinetics and degradation pathways of nitrobenzene by ozone enhanced by high gravity technology in the presence of tert-butyl alcohol, a radical scavenger. A promoted effect of ozone and high gravity technology was observed in the degradation of nitrobenzene due to the enhanced mass transfer of ozone into water by unique characteristics of high gravity technology. The second order rate constant was obtained varied from 0.732 L/(mol·s) to 5.261 L/(mol·s) at different operation parameters (temperature, initial pH value, high-gravity factor, initial nitrobenzene concentration and ozone dosage). A kinetic empirical model was established to reflect the effects of different operating parameters on the apparent rate constants of ozone and nitrobenzene, which showed that rate constants varied strongly with initial nitrobenzene concentration and high-gravity factor. The reaction was proved in the slow kinetics of gas-liquid reaction. Furthermore, the results of Gas Chromatography-Mass Spectrometer showed that nitrobenzene could only be degraded into intermediate products with unopened benzene ring (p-benzoquinone, phenol, catechol and hydroquinone) by ozone alone.",24,Semantic Scholar,unclear,04c69c4dabf8b871505ed4c4baac8ec818937f15
F,旋转填充床与传质强化,"""high gravity technology"" carbonation",Large-scale preparation of graphene by Red-Al reduction under high gravity technology for supercapacitor application,2020,Miaomiao Bai; Wei Wu; Yuning Meng; Lingna Liu,unclear,10.1016/j.cep.2020.107839,https://www.semanticscholar.org/paper/deab76cb9d57cb2ed1cbd561900d3d6834abbc14,"Abstract The aim of this paper is to explore a facile, rapid and scalable method for the exfoliation and reduction of graphene oxide (GO). In this work, the GO was reduced within 30 min using Red Al as a reductant in a high-gravity rotating packed bed (RPB) reactor. As a result of the process intensification by high gravity technology, the reduced graphene oxide obtained by RPB (RPB-RGO) has a better exfoliation degree and higher C/O (8.00) than that obtained in stirred tank reactor (STR). The RPB-RGO can be dispersed in organic solvent especially in ACN, THF, EtOH and IPA, and remained stable for a week. Furthermore, using the RPB-RGO as electrode material in a supercapacitor cell, specific capacitance value as high as 78 F/g has been demonstrated as compared to 69 F/g of STR-RGO. This work puts forward a novel method for fast and scalable production of graphene for supercapacitor application.",5,Semantic Scholar,unclear,deab76cb9d57cb2ed1cbd561900d3d6834abbc14
F,旋转填充床与传质强化,"""high gravity technology"" carbonation",Oxidation of benzyl alcohols to ketones and aldehydes by O3 process enhanced using high-gravity technology,2020,Wenqian Gao; Lei Du; Weizhou Jiao; Youzhi Liu,Chinese Journal of Chemical Engineering,10.1016/j.cjche.2020.02.015,https://www.semanticscholar.org/paper/0f23d8911d0658395d8c7faaadb0a70e243b50f1,"Abstract In this study, a practical process for ozonization of benzyl alcohols to ketones and aldehydes in a rotating packed bed (RPB-O3) reactor has been developed. Using 1-phenylethanol as a model reactant, the performance of RPB-O3 process in different solvents has been compared with the commonly used stirred tank reactor (STR-O3). Ethyl acetate was the optimum solvent for the conversion of 1-phenylenthanol to acetophenone in RPB-O3 process, with 78% yield after 30 min. In a parallel STR-O3 experiment, the yield of acetophenone was 50%. Other experimental variables, i.e. O3 concentration, reaction time, high-gravity factor and liquid flow rate were also optimized. The highest yield of acetophenone was obtained using O3 concentration of 80 mg·L−1, reaction time of 30 min, high gravity factor of 40 and liquid flow rate of 120 L·h−1. Under the optimized reaction conditions, a series of structurally diverse primary and secondary alcohols was oxidized with (19%–92%) yield. The ozonization mechanism was studied by Electron Paramagnetic Resonance (EPR) spectroscopy, monitoring the radical species formed upon self-decomposition of O3. The characteristic quadruple peak with the 1:2:2:1 intensity ratio that corresponds to hydroxyl radicals (·OH) was observed in the electron paramagnetic resonance (EPR) spectrum, indicating an indirect oxidation mechanism of alcohols via ·OH radical.",7,Semantic Scholar,unclear,0f23d8911d0658395d8c7faaadb0a70e243b50f1
F,旋转填充床与传质强化,"""high gravity technology"" carbonation",Preparation of CoFe2O4 nanoparticles based on high-gravity technology and application for the removal of lead,2019,Guisheng Qi; Huiyun Ren; H. Fan; Youzhi Liu,Chemical engineering research & design,10.1016/j.cherd.2019.05.047,https://www.semanticscholar.org/paper/394dfbbe2cffc02bd2d72263533e4513ec4c2caf,"Abstract The aim of this paper is to explore a simple method for the preparation of magnetic bimetallic oxides with high production efficiency and high adsorption capacity of Pb(II). In this work, the CoFe2O4 nanoparticles were continuously synthesized through a high-gravity reactive precipitation method using an impinging stream-rotating packed bed reactor with a theoretical production rate of 0.704 kg h−1. The samples were characterized by XRD, TEM, N2 adsorption-desorption technique and VSM. The obtained results show that the as-prepared CoFe2O4 nanoparticles have higher surface area (89.15 m2 g−1) and saturation magnetization (75.43 A m2 kg−1) than that of single metal oxides (Fe2O3 and Co3O4). The adsorption data of Pb(II) onto CoFe2O4 nanoparticles fit well to pseudo-second order kinetic model and Langmuir isotherm model. The maximum adsorption capacity of Pb(II) onto CoFe2O4 was 326.79 mg g−1, while for Fe2O3 and Co3O4 nanoparticles were 140.84 and 284.90 mg g−1, respectively. Moreover, the proposed adsorbent exhibited good reusability for up five adsorption-desorption cycles. Hence, the high-gravity technology could prepare high adsorption adsorbent with high production efficiency, which brings good prospects in wastewater treatment.",25,Semantic Scholar,unclear,394dfbbe2cffc02bd2d72263533e4513ec4c2caf
F,旋转填充床与传质强化,"""high gravity technology"" carbonation",Large-Scale Synthesis of Uniform Silver Nanowires by High-Gravity Technology for Flexible Transparent Conductive Electrodes,2019,J. Bao; Jie-xin Wang; Xiaofei Zeng; Liang-liang Zhang; Jianfeng Chen,Industrial & Engineering Chemistry Research,10.1021/acs.iecr.9b04539,https://www.semanticscholar.org/paper/d3736d12cd95478390d806c72e3a0110d5b79791,"Silver nanowire (AgNW) is a promising substitute for indium tin oxide in flexible optoelectronic devices because of its excellent flexibility and electrical properties. However, the mass production of high-aspect-ratio AgNWs with uniform morphology and high yield still remains a great challenge. Herein, a novel approach of high-gravity reactive precipitation in a rotating packed bed reactor combined with the polyol reduction process was proposed for the synthesis of AgNWs. The products have a uniform size and large aspect ratio with the average length of 55 μm and the average diameter of 20 nm, respectively. Notably, the yield of AgNWs reaches 95%, and there is no scale-up effect when the throughput is enhanced by 10 times. The flexible transparent conductive electrode fabricated with AgNWs exhibits outstanding mechanical flexibility and optoelectronic performance with a low sheet resistance of 9.6 Ω·sq–1 at a high visible transmittance of 90%.",19,Semantic Scholar,unclear,d3736d12cd95478390d806c72e3a0110d5b79791
F,旋转填充床与传质强化,"""high gravity technology"" carbonation",Enhancing recovery of ammonia from rare earth wastewater by air stripping combination of microwave heating and high gravity technology,2017,Shao-hua Yin; Kaihua Chen; C. Srinivasakannan; Shenghui Guo; Shiwei Li; Jinhui Peng; Libo Zhang,unclear,10.1016/j.cej.2017.12.147,https://www.semanticscholar.org/paper/35eea7b3d95d966387f16228962ae48a727a0387,unclear,77,Semantic Scholar,unclear,35eea7b3d95d966387f16228962ae48a727a0387
F,旋转填充床与传质强化,"""high gravity technology"" carbonation",Enhanced ethanol production at commercial scale from molasses using high gravity technology by mutant S. cerevisiae,2017,M. Arshad; Tariq Hussain; M. Iqbal; M. Abbas,Brazilian Journal of Microbiology,10.1016/j.bjm.2017.02.003,https://www.semanticscholar.org/paper/dc8fe602b93c00b6627112b86bc5cabb38c9df0c,"Very high gravity (VHG) technology was employed on industrial scale to produce ethanol from molasses (fermented) as well as by-products formation estimation. The effect of different Brix° (32, 36 and 40) air-flow rates (0.00, 0.20, 0.40, and 0.60 vvm) was studied on ethanol production. The maximum ethanol production was recorded to be 12.2% (v/v) at 40 Brix° with 0.2 vvm air-flow rate. At optimum level aeration and 40 Brix° VHG, the residual sugar level was recorded in the range of 12.5–18.5 g/L, whereas the viable cell count remained constant up to 50 h of fermentation and dry matter production increased with fermentation time. Both water and steam consumption reduced significantly under optimum conditions of Brix° and aeration rate with compromising the ethanol production. Results revealed VHG with continuous air flow is viable technique to reduce the ethanol production cost form molasses at commercial scale.",82,Semantic Scholar,https://doi.org/10.1016/j.bjm.2017.02.003,dc8fe602b93c00b6627112b86bc5cabb38c9df0c
F,旋转填充床与传质强化,"""high gravity technology"" carbonation",OPTIMIZATION OF NO COOK TECHNOLOGY AT VERY HIGH GRAVITY FOR RICE-BASED ETHANOL PRODUCTION,2023,Nguyễn Chính Nghĩa; Thi Phuong Duyen Vu; S. Chu-Ky; Hong Son Vu,Vietnam Journal of Science and Technology,10.15625/2525-2518/17249,https://www.semanticscholar.org/paper/5768000587c945c07d6042320de4710e1781d488,"The application of raw-starch hydrolysis enzymes to ethanol production by no-cook technology at very high gravity (VHG) (311.5 g/L) from rice would reduce the energy consumption compared to traditional process. In this study, the Taguchi design and the desirability function were used to identify the optimized production process for economic and technological targets. Three factors: dosage of alpha- and gluco-amylase enzyme (Stargen 002 – A), dosage of protease enzyme (Fermgen – B) and dosage of yeast (C) were investigated. With the expected Desirability = 0.74, the no-cook process from rice would be optimized with following dosage: Stargen 002, Fermgen and yeast at 700 μL/L (1140 GAU/kg raw material), 151 μL/L (431 SAPU/kg raw material) and 0.25 g/L (6.25 x 106 cells/mL), respectively. After 120h of fermentation, ethanol concentration reached 17.45 ± 0.07 %v/v, corresponding to ethanol yield of 86.08 ± 0.2 %, and the cost of raw material was at 3225.5 VND/L of rice slurry.",2,Semantic Scholar,https://vjs.ac.vn/index.php/jst/article/download/17249/2543255092,5768000587c945c07d6042320de4710e1781d488
F,旋转填充床与传质强化,"""high gravity technology"" carbonation",Development of high-gravity technology for removing particulate and gaseous pollutant emissions: Principles and applications,2017,S. Pan; Pengchen Wang; Qianying Chen; Wen Jiang; Y. Chu; P. Chiang,unclear,10.1016/j.jclepro.2017.02.108,https://www.semanticscholar.org/paper/c15c1eb95fe677940f2578ac56cba20745ba4931,unclear,59,Semantic Scholar,unclear,c15c1eb95fe677940f2578ac56cba20745ba4931
F,旋转填充床与传质强化,"""high gravity technology"" carbonation",Degradation and mineralization of aniline by O 3 /Fenton process enhanced using high-gravity technology,2018,Yuejiao Qin; Shuai Luo; S. Geng; Weizhou Jiao; Youzhi Liu,Chinese Journal of Chemical Engineering,10.1016/j.cjche.2018.01.018,https://www.semanticscholar.org/paper/de4c3057773ac380aef0fd0c1f94b865c0ba79b8,"Abstract The degradation and mineralization of aniline (AN) using ozone combined with Fenton reagent (O3/Fenton) in a rotating packed bed (RPB) was proposed in this study, and the process (RPB-O3/Fenton) was compared with conventional O3/Fenton in a stirred tank reactor (STR-O3/Fenton) or single ozonation in an RPB (RPB-O3). Effects of high gravity factor, H2O2 dosage, H2O2 dosing method and initial pH on the AN mineralization efficiency were investigated in the RPB-O3/Fenton process. In addition, the behavior of Fe(II) was monitored at different H2O2 dosing methods and pH values. Finally, the optimal operation conditions were determined with high gravity factor of 100, initial pH of 5, Fe(II) concentration of 0.8 mmol·L− 1 and H2O2 dosage of 2.5 ml. Under these conditions, for aniline wastewater at the volume of 1 L and concentration of 200 mg·L− 1, a fast and thorough decay of AN was conducted in 10 min, and the TOC removal efficiency reached 89% in 60 min. The main intermediates of p-benzoquinone, nitrobenzene, maleic acid and oxalic acid were identified by liquid chromatography/mass spectroscopy (LC/MS), and the degradation pathways of AN in RPB-O3/Fenton system were proposed based on experimental evidence. It could be envisioned that high-gravity technology combined with O3/Fenton processes would be promising in the rapid and efficient mineralization of wastewater.",33,Semantic Scholar,unclear,de4c3057773ac380aef0fd0c1f94b865c0ba79b8
F,旋转填充床与传质强化,"""high gravity technology"" carbonation",Toward a sustainable biorefinery using high‐gravity technology,2017,Charilaos Xiros; M. Janssen; Roberth Byström; Børre T. Børresen; David Cannella; H. Jørgensen; Rakesh Koppram; C. Larsson; L. Olsson; A. Tillman; Sune Wännström,unclear,10.1002/bbb.1722,https://www.semanticscholar.org/paper/a7ddd9048d33930f8510aedea335ea316a1f08fc,"The realization of process solutions for a sustainable bioeconomy depends on the efficient processing of biomass. High‐gravity technology is one important alternative to realizing such solutions. The aims of this work were to expand the knowledge‐base on lignocellulosic bioconversion processes at high solids content, to advance the current technologies for production of second‐generation liquid biofuels, to evaluate the environmental impact of the proposed process by using life cycle assessment (LCA), and to develop and present a technically, economically, and environmentally sound process at high gravity, i.e., a process operating at the highest possible concentrations of raw material. The results and opinions presented here are the result of a Nordic collaborative study within the framework of the HG Biofuels project. Processes with bioethanol or biobutanol as target products were studied using wheat straw and spruce as interesting Nordic raw materials. During the project, the main scientific, economic, and technical challenges of such a process were identified. Integrated solutions to these challenges were proposed and tested experimentally, using wheat straw and spruce wood at a dry matter content of 30% (w/w) as model substrates. The LCA performed revealed the environmental impact of each of the process steps, highlighting the importance of the enzyme dose used for the hydrolysis of the plant biomass, as well as the importance of the fermentation yield. © 2016 The Authors. Biofuels, Bioproducts and Biorefining published by Society of Chemical Industry and John Wiley & Sons, Ltd.",39,Semantic Scholar,https://doi.org/10.1002/bbb.1722,a7ddd9048d33930f8510aedea335ea316a1f08fc
F,旋转填充床与传质强化,"""high gravity technology"" carbonation",Performance evaluation of integrated air pollution control with alkaline waste valorization via high-gravity technology,2018,Si-Lu Pei; S. Pan; Ye-Mei Li; Xiang Gao; P. Chiang,Journal of the Taiwan Institute of Chemical Engineers / Elsevier,10.1016/j.jtice.2018.03.032,https://www.semanticscholar.org/paper/28a4bf935a6461c99a0822baddc1dc66ead935f3,"Abstract In this study, a high-gravity process using alkaline wastes, i.e., petroleum coke fly ash, was proposed for integrated air pollution control, including nitrogen oxides, carbon dioxide and particulate matters. After the control process, the reacted fly ash can be further utilized as supplementary cementitious materials in cement mortar to realize a circular economy. The performance of air pollution control using petroleum coke fly ash in a high-gravity process was evaluated by on-site operations. The results indicated that the removal ratios of nitrogen oxides, carbon dioxide and particulate matters in the flue gas were approximately 99% (in the presence of ozone), 95% and 80%, respectively. In addition, the kinetics of carbon dioxide removal in the high-gravity process was analyzed by a surface coverage model. A high reaction rate constant of 0.27 mol/min/m2 was reached under a liquid-to-solid of 20 mL/g and a rotating speed of 1000 rpm at 20 °C. Furthermore, the performance of reacted fly ash used in blended cement mortar was evaluated. Compared with the pure Portland cement mortar, the compressive strength of cement mortar with reacted fly ash can be increased by 26%. Lastly, a preliminary economic analysis was conducted to estimate the costs and benefits from the process.",16,Semantic Scholar,unclear,28a4bf935a6461c99a0822baddc1dc66ead935f3
F,旋转填充床与传质强化,"""high gravity technology"" carbonation",Preparation of Two-Dimensional Molybdenum Disulfide Nanosheets by High-Gravity Technology,2017,Xianglu Yin; Yuewei Li; Wei Wu; Guang‐wen Chu; Yong Luo; Hong-Yan Meng,unclear,10.1021/acs.iecr.7b00030,https://www.semanticscholar.org/paper/0b4e940191637265f168d8062b1a12778f883e99,unclear,22,Semantic Scholar,unclear,0b4e940191637265f168d8062b1a12778f883e99
F,旋转填充床与传质强化,"""high gravity technology"" carbonation",Application of high-gravity technology NaOH-modified activated carbon in rotating packed bed (RPB) to adsorb toluene,2019,Qiang Guo; Youzhi Liu; Guisheng Qi,Journal of nanoparticle research,10.1007/s11051-019-4610-6,https://www.semanticscholar.org/paper/2f02feaee21a75718d975c9333ffe556ec2876f3,unclear,15,Semantic Scholar,unclear,2f02feaee21a75718d975c9333ffe556ec2876f3
F,旋转填充床与传质强化,"""high gravity technology"" carbonation",Enhancement performance of ozone mass transfer by high gravity technology,2017,Weizhou Jiao; Yuejia Qing; Yonghong Wang; Liang Guo; Youzhi Liu,unclear,10.5004/dwt.2017.20210,https://www.semanticscholar.org/paper/975b8d0aef99580e07041ade6c143890247feba5,unclear,17,Semantic Scholar,unclear,975b8d0aef99580e07041ade6c143890247feba5
F,旋转填充床与传质强化,"""high gravity technology"" carbonation",Facile Preparation of Controllable-Aspect-Ratio Hydroxyapatite Nanorods with High-Gravity Technology for Bone Tissue Engineering,2017,Boxue Lv; Li-sheng Zhao; Yuan Pu; Yuan Le; Xiaofei Zeng; Jianfeng Chen; Ning Wen; Jie-xin Wang,unclear,10.1021/acs.iecr.6b04902,https://www.semanticscholar.org/paper/b491cec2deea24844d2ce82b2438f20e5d6fd513,unclear,22,Semantic Scholar,unclear,b491cec2deea24844d2ce82b2438f20e5d6fd513
F,旋转填充床与传质强化,"""high gravity technology"" carbonation",Preparation of nitrogen-doped graphene by high-gravity technology and its application in oxygen reduction,2017,Jie Tian; Fei Gao; Xiang-Xiang Yu; Wei Wu; Hong-Yan Meng,unclear,10.1016/j.partic.2017.03.002,https://www.semanticscholar.org/paper/c46247e38407ca50b1fbd2931c1a8765e4333441,unclear,13,Semantic Scholar,unclear,c46247e38407ca50b1fbd2931c1a8765e4333441
F,旋转填充床与传质强化,"""high gravity technology"" carbonation",Facile synthesis of Mg(OH)2/graphene oxide composite by high-gravity technology for removal of dyes,2018,Xiaofei Zeng; Xing-Wei Han; Bo Chen; Miao Wang; Liang-liang Zhang; Jie-xin Wang; Jianfeng Chen,Journal of Materials Science,10.1007/s10853-017-1740-z,https://www.semanticscholar.org/paper/a18823766ae5b7b9bd83382242fcb3be1131549e,unclear,5,Semantic Scholar,unclear,a18823766ae5b7b9bd83382242fcb3be1131549e
F,旋转填充床与传质强化,"""rotating packed bed"" reactive crystallization",The controllable and efficient synthesis of two-dimensional metal-organic framework nanosheets for heterogeneous catalysis.,2023,Ling-Xia Yun; Cong Zhang; Xin-Ran Shi; Yan-Jun Dong; Hang-Tian Zhang; Zhigang Shen; Jie‐Xin Wang,Nanoscale,10.1039/d3nr05348b,https://www.semanticscholar.org/paper/7da1c428093a0f46b955e222e8b336cddbb388fa,"Two-dimensional (2D) MOFs exhibit unique periodicity in surface structures and thus have attracted much interest in the fields of catalysis, energy, and sensors. However, the expanded production scale of 2D MOFs had remained a great challenge in most previous studies. Herein, a controllable and efficient crystallization method for synthesizing 2D MOF nanosheets using high-gravity reactive precipitation is proposed, significantly improving heterogeneous catalysis efficiency. The two-dimensional ZIF-L nanosheets prepared in a rotating packed bed (RPB) reactor show a smaller lateral and lamellar thickness and a higher BET surface area compared to ZIF-L nanosheets prepared in a conventional stirred tank reactor (STR), with a greatly shortened reaction time. Applying the ZIF-L-RPB nanosheets as a catalyst, the catalytic Knoevenagel condensation as a probe reaction displays a high conversion rate of benzaldehyde (99.3%) within 2 h at room temperature, greatly exceeding that displayed by ZIF-L-STR and other reported catalysts. Furthermore, ZIL-L-RPB nanosheets of only 0.2 wt% enhanced the catalytic activity for the glycolysis of poly(ethylene terephthalate) (PET) with a PET conversion and a monomer yield of 90% in a short period of 15 min at 195 °C and almost completely depolymerized PET with a monomer yield of 94% in 30 min, which was far above that achieved by ZIL-L-STR. These results indicate the promising prospects of a high-gravity reactive precipitation strategy with precise size control in an economical way to prepare high-activity 2D MOF nanosheets for a wide range of heterogeneous catalysis.",5,Semantic Scholar,unclear,7da1c428093a0f46b955e222e8b336cddbb388fa
F,旋转填充床与传质强化,"""rotating packed bed"" reactive crystallization",Study on the synthesis of bisphenol S by reactive dehydration in rotating packed bed,2025,M. He; Peng Li; Yin-Hao Wang; Lei Du; Songtao Huang; Hai‐Kui Zou; Guang-Wen Chu; Bao-Chang Sun,Chemical Engineering and Science,10.1016/j.ces.2025.121182,https://www.semanticscholar.org/paper/4b3656ee50cecee810da993ee40e5333f7be7c48,unclear,1,Semantic Scholar,unclear,4b3656ee50cecee810da993ee40e5333f7be7c48
F,旋转填充床与传质强化,"""rotating packed bed"" reactive crystallization",CFD Modeling of Reactive Absorption of CO2 by Aqueous MEA Solution in a Rotating Packed Bed,2024,Wei Zhang; Weiwen Zhang; Xinyang Li; Cheng Fu; Bin Huang; Yuxing Li; Peng Xie,Energy &amp; Fuels,10.1021/acs.energyfuels.4c01409,https://www.semanticscholar.org/paper/2aa85e5588cbc1f342be3801dba4e35913886c53,unclear,7,Semantic Scholar,unclear,2aa85e5588cbc1f342be3801dba4e35913886c53
F,旋转填充床与传质强化,"""rotating packed bed"" reactive crystallization",Reactive absorption of carbon dioxide in aqueous n-methyldiethanoloamine solutions catalysed with carbonic anhydrase in a rotating packed bed (RPB),2023,Justyna Wojtasik-Malinowska; M. Piatkowski; Michał Blatkiewicz; M. Jaskulski; P. Wawrzyniak; A. Górak,Chemical Engineering and Processing,10.1016/j.cep.2023.109266,https://www.semanticscholar.org/paper/270100d6210a4d9dfdf9d0a3c30f1f3c8de91966,unclear,23,Semantic Scholar,https://doi.org/10.1016/j.cep.2023.109266,270100d6210a4d9dfdf9d0a3c30f1f3c8de91966
F,旋转填充床与传质强化,"""rotating packed bed"" reactive crystallization",Modeling and simulation of an enzymatic reactive absorption process in the internal zone of a rotating packed bed apparatus,2023,Michał Blatkiewicz; Justyna Wojtasik-Malinowska; Dawid Zawadzki; M. Piatkowski; Ondřej Hájek; M. Malý; O. Cejpek; M. Jaskulski,Chemical Engineering and Processing,10.1016/j.cep.2023.109409,https://www.semanticscholar.org/paper/0e36c5da527bd89ee23ed1872fc96f782ab65460,unclear,14,Semantic Scholar,https://doi.org/10.1016/j.cep.2023.109409,0e36c5da527bd89ee23ed1872fc96f782ab65460
F,旋转填充床与传质强化,"""rotating packed bed"" reactive crystallization",Preparation of Ultrafine Nitroguanidine by One-Step Crystallization in an Impinging Stream-Rotating Packed Bed,2023,Huan Li; Huiyun Ren; Yuxuan An; Youzhi Liu; Z. Yuan,Industrial &amp; Engineering Chemistry Research,10.1021/acs.iecr.2c04409,https://www.semanticscholar.org/paper/1df172c055b7cd9de8d607af496783be1769dfe7,unclear,6,Semantic Scholar,unclear,1df172c055b7cd9de8d607af496783be1769dfe7
F,旋转填充床与传质强化,"""rotating packed bed"" reactive crystallization",Process intensification of reactive extraction for hydrogen peroxide production in a rotating packed bed reactor,2022,Bao Wang; Tang Zhiyong; Di Wang; Yong Luo; Zhi–Hao Liu; Hai-kui Zou; Guang‐wen Chu,unclear,10.1016/j.cej.2021.132066,https://www.semanticscholar.org/paper/b9315cdac58f318f379d5afe6fc60350b68805a4,unclear,23,Semantic Scholar,unclear,b9315cdac58f318f379d5afe6fc60350b68805a4
F,旋转填充床与传质强化,"""rotating packed bed"" reactive crystallization",Adsorption of Reactive Red 2 from aqueous solutions using Fe3O4 nanoparticles prepared by co-precipitation in a rotating packed bed,2016,Chia-Chang Lin; Yu-Shung Lin; Jui-Min Ho,unclear,10.1016/j.jallcom.2016.01.015,https://www.semanticscholar.org/paper/756b26a866be7b7d7062c907d75933fd1e3891f8,unclear,52,Semantic Scholar,unclear,756b26a866be7b7d7062c907d75933fd1e3891f8
F,旋转填充床与传质强化,"""rotating packed bed"" reactive crystallization",Performance study on mixed solvent for post‐combustion carbon capture using rotating packed bed technology,2024,A. S. Joel; Umar Aliyu; O. Olubajo; Yusuf. M. Isa,Greenhouse Gases: Science and Technology,10.1002/ghg.2280,https://www.semanticscholar.org/paper/3e8d5ef5f56208fa86c6c1372ab21e04557d9177,"Modeling of CO2 removal in a rotating packed bed using a mixed amine solution of piperazine and methyldiethanolamine with various molar concentration ratios was done with Aspen Plus® and dynamically linked with Intel® Visual Fortran. In addition to the mass and energy balances, all the necessary correlations for the rotating packed bed were written in Intel® Visual Fortran. The developed model was validated, and the result showed good agreement with a percentage error of less than 10%. The model was scaled‐up to absorb CO2 from the flue gas composition of a typical 6.4 MWe biomass power plant with the goal of producing net negative CO2 emissions. The effect of process parameters such as temperature, rotation speed, liquid‐gas ratio, methyl diethanolamine concentration, and piperazine concentration on capture efficiency and regeneration energy was investigated. It was discovered that increasing the rotational speed results in an improvement in the separation efficiency. Increasing the temperature of the lean solvent causes a decrease in separation efficiency, which is due to a decrease in solubility as the temperature increases. Increasing the liquid‐to‐gas ratio leads to an increase in CO2 absorption efficiency because more hydroxide ions are present to react with the CO2. Piperazine is a reactive compound and increasing its concentration in the mixed solvent leads to an increase in CO2 absorption efficiency. Finally, the results of the study demonstrated that a solvent mixture consisting of piperazine and methyldiethanolamine has the potential to be utilized in post‐combustion CO2 capture using rotating packed bed technology. © 2024 Society of Chemical Industry and John Wiley & Sons, Ltd.",3,Semantic Scholar,https://onlinelibrary.wiley.com/doi/pdfdirect/10.1002/ghg.2280,3e8d5ef5f56208fa86c6c1372ab21e04557d9177
F,旋转填充床与传质强化,"""rotating packed bed"" reactive crystallization","Synthesis of hierarchical ZSM-5 zeolite in a rotating packed bed: Mechanism, property and application",2021,Qi Tingting; Jing Shi; Xishuo Wang; Kun Dong; Yong Luo; J. Teng; Guang‐wen Chu; Hai-kui Zou; Baochang Sun,unclear,10.1016/j.micromeso.2020.110679,https://www.semanticscholar.org/paper/bea1cfcd1527615de9ea034a5019ca3e3e5949d5,"Abstract Hierarchical (micro/mesopore) ZSM-5 zeolites were hydrothermally synthesized in a rotating packed bed (RPB) which substantially enhances micromixing for the high viscosity reaction system. Herein, the effects of four operating processes with different micromixing intensity on nucleation/crystal growth process as well as physicochemical properties of ZSM-5 zeolites were investigated. Results indicate that enhancing micromixing by RPB in the zeolite synthesis could facilitate the formation of Al sites and shorten the nucleation and crystallization period. ZSM-5 samples prepared by RPB exhibit hierarchical structure, smaller average particle size, more uniform particle size distributions, larger specific surface areas, higher catalytic stability as well as more acid sites than those obtained by (stirring tank reactor) STR. While adopting the ZSM-5 samples prepared by RPB for catalyzing C4-olefin cracking reaction, the conversion of C4-olefin and yield of propylene are higher than those obtained by STR.",25,Semantic Scholar,unclear,bea1cfcd1527615de9ea034a5019ca3e3e5949d5
F,旋转填充床与传质强化,"""rotating packed bed"" reactive crystallization",Recent developments of high-gravity (reactive) distillation in rotating packed beds,2025,Isabel Pazmiño-Mayorga; Qing Li; Anton A. Kiss,Current Opinion in Chemical Engineering,10.1016/j.coche.2024.101071,https://www.semanticscholar.org/paper/c394223c914ce91ea6058f5d545722e8b7ba573f,unclear,12,Semantic Scholar,https://doi.org/10.1016/j.coche.2024.101071,c394223c914ce91ea6058f5d545722e8b7ba573f
F,旋转填充床与传质强化,"""rotating packed bed"" reactive crystallization",Polymerization of Isobutylene in a Rotating Packed Bed Reactor: Experimental and Modeling Studies,2021,W. Hou; Wen Wang; Yang Xiang; Yingjiao Li; Guang‐wen Chu; Hai-kui Zou; Baochang Sun,Applied Sciences,10.3390/app112110194,https://www.semanticscholar.org/paper/e6bf16d911d7937722a8605cff0fffa9df768ffa,"Polymerization of isobutylene (IB) for synthesizing highly reactive polyisobutylene (HRPIB) is characterized by a complicated fast intrinsic reaction rate; therefore, the features of its products exhibit a strong dependence on mixing efficiency. To provide uniform and efficient mixing, a rotating packed bed was employed as a reactor for polymerization of IB. The effects of operating parameters including polymerization temperature (T), rotating speed (N) and relative dosage of monomers and initiating systems ([M]0/[I]0) on number-average molecular weight (Mn) of HRPIB were studied. HRPIB with Mn of 2550 g·mol−1 and exo-olefin terminal content of 85 mol% were efficiently obtained at suitable conditions as T of 283 K, N of 1600 rpm and [M]0/[I]0 of 49. Moreover, the Mn can be regulated by changing T, N and [M]0/[I]0. Based on the presumptive-steady-state analysis method and the coalescence–redispersion model, a model for prediction of the Mn was developed and validated, and the calculated Mn values agreed well with experimental results, with a deviation of ±10%. The results demonstrate that RPB is a promising reactor for synthesizing HRPIB, and the given model for Mn can be applied for the design of RPB and process optimization.",2,Semantic Scholar,https://www.mdpi.com/2076-3417/11/21/10194/pdf?version=1636104247,e6bf16d911d7937722a8605cff0fffa9df768ffa
F,旋转填充床与传质强化,"""rotating packed bed"" reactive crystallization",Enhanced reactivity of copper nanoparticles mass-produced by reductive precipitation in a rotating packed bed with blade packings,2020,Chia-Chang Lin; Yanying Wei,unclear,10.1016/j.jmrt.2020.08.080,https://www.semanticscholar.org/paper/bfe713b2053244faf84c69ac5c8b24898879fc35,"Abstract This investigation concerns the mass-production of copper nanoparticles by reductive precipitation with a CuSO4 concentration of 0.1 mol/L and an NaBH4 concentration of 0.2 mol/L in a rotating packed bed (RPB) with blade packings. Copper nanoparticles that were mass-produced at 25°C, a rotational speed of 900 rpm, and flow rates of aqueous CuSO4 and NaBH4 of 0.9 L/min exhibited an average crystallite size of 15 nm and a mean particle size of 87 nm. A rate of mass-production of copper nanoparticles of 9 kg/day was obtained using the RPB with blade packings with reductive precipitation. The degradation of Reactive Red 2 (RR2) with dissolved oxygen was used to evaluate the reactivity of the mass-produced copper nanoparticles. At 30°C and pH 4, the efficiency of the degradation of RR2 (10 mg/L) using the mass-produced copper nanoparticles at a dosage of 0.3 g/L for 5 min was about 79%, which was much higher than the 26% that was achieved using copper nanoparticles that were obtained from Sigma-Aldrich. The experimental results herein reveal that the mass-produced copper nanoparticles have excellent potential in degrading dyes in water.",10,Semantic Scholar,https://doi.org/10.1016/j.jmrt.2020.08.080,bfe713b2053244faf84c69ac5c8b24898879fc35
F,旋转填充床与传质强化,"""rotating packed bed"" reactive crystallization",Micromixing efficiency optimization of the premixer of a rotating packed bed by CFD,2019,Y. Ouyang; Yang Xiang; Xue-Ying Gao; Hai-kui Zou; Guang‐wen Chu; R. Agarwal; Jianfeng Chen,Chemical Engineering and Processing,10.1016/j.cep.2019.107543,https://www.semanticscholar.org/paper/6e499f30f5c63e8834e8013519a8caf27983c00c,"Abstract Rotating packed bed (RPB) as an HiGee process intensification reactor can provide high micromixing efficiency, which is essential for fast reactions in fine chemicals, pharmaceutical and crystallization fields. In this paper, a Computational Fluid Dynamics (CFD) model is developed to investigate the micromixing efficiency in the premixer and packing zone of an RPB based on Villermaux-Dushman reaction system and a modified Finite-rate/Eddy dissipation micromixing model. The numerical results agree well with the experimental data in the literature on the liquid flow pattern and segregation index XS. An important model constant Am is obtained after the validation of CFD model, which shows correlation with the liquid viscosity. It is shown that better micromixing efficiency could be achieved using higher liquid flow rate, lower viscosity or higher rotational speed. Shorter premixer and smaller inlet diameter ratio can improve the micromixing efficiency at μ = 1.0cp, and longer premixer and larger inlet diameter ratio is a better combination at μ = 219.2cp. Cross flow mixing angle could reduce the segregation index XS in both cases. Finally, guiding principles are proposed for designing the premixer for systems with different viscosities, which can be employed for premixer optimization in order to improve the micromixing efficiency of RPBs.",17,Semantic Scholar,unclear,6e499f30f5c63e8834e8013519a8caf27983c00c
F,旋转填充床与传质强化,"""rotating packed bed"" reactive crystallization",Micromixing efficiency in a rotating packed bed with non-Newtonian fluid,2018,Ouyang Yi; Yang Xiang; Xue-Ying Gao; Wen-Ling Li; Hai-kui Zou; Guang‐wen Chu; Jianfeng Chen,Chemical Engineering Journal,10.1016/j.cej.2018.07.141,https://www.semanticscholar.org/paper/fb7fb3f4ac3bae393a4630b8081af1205373d140,"Abstract Micromixing performance of reactors has great influence on fast reactions such as polymerization, pharmaceutical and crystallization applications. In this work, based on Villermaux–Dushman iodide–iodate reaction system, an experimental investigation of micromixing with non-Newtonian fluid (CMC solution) in a rotation packed bed (RPB) was carried out. And a two-dimensional RPB Computational Fluid Dynamics (CFD) model coupled with shear-thinning rheological property was developed. Both experimental and numerical results indicated that increasing rotational speed could dramatically improve the micromixing performance due to the shear-thinning behavior in the RPB. Especially, the CMC concentration was an important factor that should be carefully considered, which showed quite different impacts on micromixing efficiency with liquid flow rate. In addition, based on incorporation model and experimental results, the micromixing time of the RPB with non-Newtonian fluid was determined as 4.1 × 10−4 s–1.9 × 10−3 s. This fundamental research had guiding significance for practical operations of RPBs when processing non-Newtonian fluids.",42,Semantic Scholar,unclear,fb7fb3f4ac3bae393a4630b8081af1205373d140
F,旋转填充床与传质强化,"""rotating packed bed"" reactive crystallization",Simultaneous formation of nanoscale zero-valent iron and degradation of nitrobenzene in wastewater in an impinging stream-rotating packed bed reactor,2017,Weizhou Jiao; Yuejiao Qin; Shuai Luo; Zhen He; Feng Zhirong; Youzhi Liu,unclear,10.1016/j.cej.2017.03.141,https://www.semanticscholar.org/paper/a0c9c7c09a1ed511c34108203ad4358689ee3f93,unclear,71,Semantic Scholar,unclear,a0c9c7c09a1ed511c34108203ad4358689ee3f93
F,旋转填充床与传质强化,"""rotating packed bed"" reactive crystallization",Controlling Nucleation and Fabricating Nanoparticulate Formulation of Sorafenib Using a High-Gravity Rotating Packed Bed,2018,Kai Wu; Hao-Ran Wu; Tianchen Dai; Xingzheng Liu; Jianfeng Chen; Yuan Le,unclear,10.1021/acs.iecr.7b04103,https://www.semanticscholar.org/paper/3351ffd5ec415180aaf33d752636f39e176817e6,unclear,29,Semantic Scholar,unclear,3351ffd5ec415180aaf33d752636f39e176817e6
F,旋转填充床与传质强化,"""rotating packed bed"" reactive crystallization",Ozonation of CI Reactive Black 5 Using Rotating Packed Bed and Stirred Tank Reactor,2005,Yi-Hung Chen; Ching-Yuan Chang; W. Su; C. Chiu; Yuehwa Yu; P. Chiang; Chiung-Fen Chang; J. Shie; C. Chiou; Sally I. M. Chiang,unclear,10.1002/jctb.1159,https://www.semanticscholar.org/paper/df88208a9ec0e0ee8a46175e572316df129d282d,unclear,58,Semantic Scholar,http://ntur.lib.ntu.edu.tw/bitstream/246246/96146/1/60.pdf,df88208a9ec0e0ee8a46175e572316df129d282d
F,旋转填充床与传质强化,"""rotating packed bed"" reactive crystallization",Scalable Preparation of Gd2O3:Yb3+/Er3+ Upconversion Nanophosphors in a High-Gravity Rotating Packed Bed Reactor for Transparent Upconversion Luminescent Films,2017,J. Leng; Jing-yi Chen; Dan Wang; Jie-xin Wang; Yuan Pu; Jian-Feng Chen,unclear,10.1021/acs.iecr.7b02262,https://www.semanticscholar.org/paper/70a46ac2f38342fc1adae7114b29738fedf71be9,unclear,41,Semantic Scholar,unclear,70a46ac2f38342fc1adae7114b29738fedf71be9
F,旋转填充床与传质强化,"""rotating packed bed"" reactive crystallization",Enzyme-enhanced CO2 absorption process in rotating packed bed,2018,J. Wojtasik; K. Gładyszewski; M. Skiborowski; A. Górak; M. Piatkowski,Chemické zvesti,10.1007/s11696-018-0647-8,https://www.semanticscholar.org/paper/8b63759d011501e6bdac8770bef855bf6aa42142,"Carbon dioxide is considered the most important contributor to the global warming effect. To reduce greenhouse gas emissions, CO2 should be separated from the exhaust gas stream in a selective way. The most often applied technology to capture CO2 from exhaust gases is the reactive absorption in aqueous amine solutions, which is currently widely used in different industrial applications. The efficiency of this technology could be improved by applying high-gravity technologies that intensify mass transfer and can enable substantial equipment size reduction compared to the traditionally used packed columns. Rotating packed bed (RPB) technology meets these requirements very well. Applying innovative materials such as the highly efficient enzyme carbonic anhydrase can further improve the efficiency of the CO2 absorption process. This combination of intensified technology together with new solvents is expected to improve the total efficiency of CO2 absorption. In this study, we present our experimental results of CO2 absorption using 30 wt% N-methyldiethanolamine (MDEA) solution in water in an RPB unit with and without carbonic anhydrase for different gas and liquid flow rates. The results indicate significantly improved performance of CO2 absorption, up to 18 times compared to the solvent without enzyme.",20,Semantic Scholar,https://link.springer.com/content/pdf/10.1007/s11696-018-0647-8.pdf,8b63759d011501e6bdac8770bef855bf6aa42142
F,旋转填充床与传质强化,"""rotating packed bed"" reactive crystallization",Toward enhancement of rotating packed bed (RPB) reactor for CaCO3 nanoparticle synthesis,2018,M. Emami-Meibodi; M. Soleimani; Soheil Bani-Najarian,International Nano Letters,10.1007/s40089-018-0244-4,https://www.semanticscholar.org/paper/36749425f87e8cbeb039b48ebf463b97be4fb65d,"Intensification of CaCO3 nanoparticle production process through RPB is investigated in this work. More controllability attainment for a process is one of the objectives in the process intensification. Therefore, the study of the affecting factors on quality and quantity of the produced nanoparticles is very important. The suitable device was designed and manufactured for CO2 and Ca(OH)2 reaction and crystallization in the nanoparticle form. The effect of packing type, rotating speed, gas and liquid flowrates was studied on the reaction time, the precipitation amount and the particle size in the liquid phase, according to the analysis of experiments designed based on the standard method. The results showed that the obtained particles in the system equipped with the Saddle type packing have smaller size compared to the system equipped with Pall type one. A theoretical model has been proposed to estimate the intermediate species, supersaturation, induction time and theoretical precipitation amount. The model implies that pH 11.4 is the best condition to have higher product rate. In addition, a new residence time distribution model for the recycled systems is proposed and experimentally evaluated for the setup.",4,Semantic Scholar,https://link.springer.com/content/pdf/10.1007/s40089-018-0244-4.pdf,36749425f87e8cbeb039b48ebf463b97be4fb65d
F,旋转填充床与传质强化,"""rotating packed bed"" reactive crystallization",Preparation of Particles of Ultra-fine Salbutamol Sulfate by Anti-Solvent Re-crystallization in a Rotating Packed Bed,2004,Ma Jing,unclear,unclear,https://www.semanticscholar.org/paper/29a3dbd4dfeb8efa1cbf123846c16fa7ac6d4ea1,unclear,1,Semantic Scholar,unclear,29a3dbd4dfeb8efa1cbf123846c16fa7ac6d4ea1
F,旋转填充床与传质强化,"""rotating packed bed"" reactive crystallization",Enzyme‐enhanced CO 2 absorption process in rotating packed bed,2018,Gładyszewski; Skiborowski; Górak; Piątkowski,unclear,unclear,https://www.semanticscholar.org/paper/0fee4be7bc6c6efcf0d52b0c06f37e1d182e6675,unclear,2,Semantic Scholar,unclear,0fee4be7bc6c6efcf0d52b0c06f37e1d182e6675
F,旋转填充床与传质强化,"""rotating packed bed"" reactive crystallization",A high-productivity process for mass-producing Fe3O4 nanoparticles by co-precipitation in a rotating packed bed,2021,Chia-Chang Lin; Yu-Po Lai; Kuan-Yi Wu,Powder Technology,10.1016/j.powtec.2021.09.036,https://www.semanticscholar.org/paper/d9c6bb6d61b5c7de4b50a27be9dcef02538b4766,"Abstract Fe3O4 nanoparticles were mass-produced using a rotating packed bed (RPB) and the role of stoichiometric ratio and the effects of the FeCl2 and FeCl3 concentrations, aging temperature, and Fe2+ and Fe3+ sources on the characteristics of the obtained Fe3O4 nanoparticles were examined. A high-productivity process for mass-producing Fe3O4 nanoparticles with a rate of approximately 23 kg/day was developed with an FeSO4 concentration of 0.15 mol/L, an FeCl3 concentration of 0.3 mol/L, an NaOH concentration of 1.2 mol/L, a production temperature of 25 °C, an aging temperature of 25 °C, a rotational speed of 1800 rpm, a flow rate of aqueous FeSO4/FeCl3 of 0.5 L/min, and a flow rate of aqueous NaOH of 0.5 L/min. The thus mass-produced Fe3O4 nanoparticles had a mean diameter of 8.4 nm and exhibited superparamagnetism with a saturation magnetization of 61 emu/g. Since the RPB provides excellent micromixing and overcomes the difficulty of mass-production that is associated with traditional co-precipitation in a batch process, Fe3O4 nanoparticles that are mass-produced in an RPB are smaller than Fe3O4 nanoparticles that are batch-produced in a batch reactor, and so have a greater adsorption capacity to remove Reactive Red 2 from water. The results in this work demonstrate that an RPB can mass-produce Fe3O4 nanoparticles at a production temperature of 25 °C and an aging temperature of 25 °C with a low molar ratio of OH− to Fe2+ (8:1). Accordingly, a high-productivity process for mass-producing Fe3O4 nanoparticles can be implemented using an RPB with co-precipitation.",19,Semantic Scholar,unclear,d9c6bb6d61b5c7de4b50a27be9dcef02538b4766
F,旋转填充床与传质强化,"""rotating packed bed"" reactive crystallization",Preparation highly reactive polyisobutylenes in rotating packed bed,2011,Wu Yi-xian,unclear,unclear,https://www.semanticscholar.org/paper/2b4d13a928441de5ebd0226f6653ed6e56abc37b,unclear,0,Semantic Scholar,unclear,2b4d13a928441de5ebd0226f6653ed6e56abc37b
F,旋转填充床与传质强化,"""rotating packed bed"" reactive crystallization",Continuous preparation of Fe3O4 nanoparticles using impinging stream-rotating packed bed reactor and magnetic property thereof,2016,H. Fan; Shaofeng Zhou; Guisheng Qi; Youzhi Liu,unclear,10.1016/j.jallcom.2015.12.025,https://www.semanticscholar.org/paper/3baf2ebe98e842d69e587356e0748438de58a531,unclear,54,Semantic Scholar,unclear,3baf2ebe98e842d69e587356e0748438de58a531
F,旋转填充床与传质强化,"""rotating packed bed"" reactive crystallization",Preparation of pseudoboemite nano-fibers by high gravitational reactive carbonation in rotating packed bed,2001,W. Xing,unclear,unclear,https://www.semanticscholar.org/paper/83e70e64bcc3dc139536cc8e61730014992a0289,unclear,0,Semantic Scholar,unclear,83e70e64bcc3dc139536cc8e61730014992a0289
F,旋转填充床与传质强化,"""rotating packed bed"" reactive crystallization",Enhanced reactivity of nanoscale zero-valent iron prepared by a rotating packed bed with blade packings,2016,Chia-Chang Lin; Shu-Ching Chen,unclear,10.1016/j.apt.2016.01.004,https://www.semanticscholar.org/paper/33b864a121b40aaa65588ae721e3da8dfdb49c8d,unclear,24,Semantic Scholar,unclear,33b864a121b40aaa65588ae721e3da8dfdb49c8d
F,旋转填充床与传质强化,"""rotating packed bed"" reactive crystallization",Preparation and Characterization of Nano-Aluminum Oxide Trihydrate by Reactive Carbonation in Rotating Packed Bed,2002,Chen Jianfeng,unclear,unclear,https://www.semanticscholar.org/paper/922ef37de8227c35b120a1727be38dd7247d227c,unclear,0,Semantic Scholar,unclear,922ef37de8227c35b120a1727be38dd7247d227c
F,旋转填充床与传质强化,"""rotating packed bed"" reactive crystallization",CO 2 capture by amine-based aqueous solution containing atorvastatin functionalized mesocellular silica foam in a counter-current rotating packed bed: Central composite design modeling,2018,B. Jafari; M. Rahimi; M. Ghaedi; K. Dashtian; S. Mosleh,unclear,10.1016/j.cherd.2017.11.005,https://www.semanticscholar.org/paper/a543cd414303aa05e5730d41c6df85ac1b86f14e,unclear,56,Semantic Scholar,unclear,a543cd414303aa05e5730d41c6df85ac1b86f14e
F,旋转填充床与传质强化,"""rotating packed bed"" reactive crystallization",Novel Cost-Effective Carbon Capture Process Using Phase Change Solvents and Rotating Packed Bed (Rpb) Columns –Study Through Process Modelling and Simulation,2019,Xiaobo Luo; Meihong Wang,Social Science Research Network,10.2139/ssrn.3365563,https://www.semanticscholar.org/paper/aec8abd4717baf64077a8df5c042afdedc530883,"World Energy Outlook 2017 (IEA, 2017) suggests that carbon capture and sequestration (CCS) should be rapidly deployed to achieve the target of limiting average global temperature increase to 2°C in 2050. Solvent-based carbon capture is considered as the most promising technology to reduce CO2 emissions from energy intensive industry processes (Wang et al., 2011). However, significant cost increment due to massive capital investment and high energy penalty for equipping carbon capture process (Mac Dowell and Shah, 2013) slows down its commercial deployment. To address the above shortcomings, this study aims to investigate a novel solvent-based carbon capture process by combining a) phase change solvents (Ciftja et al., 2013) and, b) rotating packed beds (RPB) columns (Ramshaw and Mallinson, 1981) through process modelling and simulation approach. The underpinning physical principle of applying phase change solvents for carbon capture is related with the difference of the CO2 solubility in two liquids. Miscible solvents absorb CO2 in the absorber and then form two liquids with changing process conditions. The CO2 enriches in one liquid and the lean CO2 liquid is separated mechanically prior to regeneration, resulting in less solvents entering the regenerator and then reduced regeneration heat demand. The DMX TM solvents has been demonstrated regeneration energy requirements of 2.4GJ/ton CO2 captured (Raynal et al., 2014). By engaging a high centrifugal force field, RPBs enable significantly higher volumetric mass-transfer coefficients and higher flooding limits (Wang et al., 2015), which leads to dramatic reductions in the equipment size. Joel et al. (2014) reported that the size of an RPB can be about 12 times smaller than a conventional absorber whilst the volume of the packing can reduce up to 50 times. Other advantages of RPB includes very short residence time then less corrosion and compatibility with high viscous solvents. These features make RPB a great equipment for solventbased carbon capture, especially combining with the development of some novel solvents that have good reactivity and regeneration characters but not be used because of corrosivity or high viscosity. Technically, for modelling of mass transfer, one key assumption of using two-film theory, which assumes a laminar film flow inside the packing, no longer holds true considering turbulent fluid flow inside RPBs (Burns and Ramshaw, 1996) caused by hundreds times of gravity. This study novelly applied surface renewal theory (Danckwerts, 1951) to describe the complex mass transfer phenomenon inside RPBs. One of the novelties of this study is how to address two challenges of applying the surface renewal theory for modelling study. The first is to reliably estimate thermophysical properties by applying the statistical associating fluid theory for potentials of variable range (SAFT-VR) equation of state (EOS) (Galindo et al., 1998). The SAFT-VR model uses implicit expression about reaction products and does not require an explicit description of the properties of the reaction products. With this approach, the complex reaction kinetics are not required anymore. The saturated concentration predicted by SAFT-VR already includes both chemical reactions and physical solubility. The second is how to reliably calculate the surface renewal frequency. This study considers analyzing 2-dimension liquid flow in a RPB by incorporating surface-renewal model with the penetration theory for surface stretch proposed by",0,Semantic Scholar,unclear,aec8abd4717baf64077a8df5c042afdedc530883
F,旋转填充床与传质强化,"""rotating packed bed"" reactive crystallization",Continuous preparation of nanoscale zero-valent iron using impinging stream-rotating packed bed reactor and their application in reduction of nitrobenzene,2017,Weizhou Jiao; Yuejiao Qin; Shuai Luo; Zhirong Feng; Youzhi Liu,Journal of nanoparticle research,10.1007/s11051-017-3758-1,https://www.semanticscholar.org/paper/8b4bc4b0f180dd6efef0ffdf041176839985f68c,unclear,14,Semantic Scholar,unclear,8b4bc4b0f180dd6efef0ffdf041176839985f68c
F,旋转填充床与传质强化,"""rotating packed bed"" reactive crystallization",Reactive mixing in rotating packed beds: On the packing’s role and mixing modeling,2019,Dennis Wenzel; Klaas Nolte; A. Górak; A. Górak,Chemical Engineering and Processing,10.1016/j.cep.2019.107596,https://www.semanticscholar.org/paper/3f6cb7161869b93c1223be84c8947af405b5cfbd,"Abstract Rotating packed beds (RPBs) are some of the most promising modular and intensified apparatuses for continuous mixing of large liquid streams. In this study, the influence of packing depth, liquid distribution, and volumetric ratio on mixing processes are for the first time investigated in detail. It is shown that the packing seems to be more important at low volumetric ratios and an overlapping liquid distribution, but less important – or even interfering with fast mixing – at higher volumetric ratios and an opposite liquid distribution. Based on these findings, a promising novel type of HiGee equipment is suggested, that is particularly suitable for fast mixing at high volumetric ratios. Additionally, the linear and the exponential approaches of the incorporation model, as well as of the Interaction-by-Exchange-with-the-Mean (IEM) model, are investigated for their suitability to accurately describe the mixing process. On the basis of revised kinetics for the Dushman reaction, micromixing time parameters in the order of 10−1 ms to 101 ms are obtained for the investigated operating conditions.",9,Semantic Scholar,unclear,3f6cb7161869b93c1223be84c8947af405b5cfbd
F,旋转填充床与传质强化,"""rotating packed bed"" reactive crystallization",Pressure drop and flooding in rotating packed beds,2020,J. Hendry; Jonathan G. M. Lee; P. Attidekou,unclear,10.1016/j.cep.2020.107908,https://www.semanticscholar.org/paper/9414fe3e5b3763586adaeef748fe31985d18d261,"Abstract Rotating packed beds (RPB) are an intensified alternative to conventional absorption columns. RPBs could substantially reduce costs associated with reactive-absorption processes, such as post-combustion CO2 capture. This study presents internal radial pressure profiles obtained experimentally from inside a rotating packed bed. This approach allows the individual contributions to the overall pressure drop to be investigated in greater detail than previous studies. Experiments examined the effect of rotation speed, gas flow and liquid flow on pressure drop in RPBs. The result illustrated the pressure drop can be described well using a simple 1D pressure drop contribution model. The casing pressure drop is due in part to a free vortex that forms in the RPB eye, along with entrance and exit losses. This result improves understanding of gas pressure drop, and how these factors affect the performance and design of full-scale RPBs.",34,Semantic Scholar,unclear,9414fe3e5b3763586adaeef748fe31985d18d261
F,旋转填充床与传质强化,"""rotating packed bed"" reactive crystallization",Computational Study of a Rotating Packed Bed Distillation Column,2012,Ronald Jaimes Prada; E. Martínez; M. Maciel,unclear,10.1016/b978-0-444-59520-1.50081-6,https://www.semanticscholar.org/paper/f5db9268e4edcdb7bf1aa445a86894d586ca2a0c,unclear,14,Semantic Scholar,unclear,f5db9268e4edcdb7bf1aa445a86894d586ca2a0c
F,旋转填充床与传质强化,"""rotating packed bed"" reactive crystallization",Preparation and characterization of NaY zeolite in a rotating packed bed,2012,Yongquan Xu; L. Cai; L. Shao; Jianfeng Chen,Petroleum Science,10.1007/s12182-012-0190-0,https://www.semanticscholar.org/paper/8ca938a699fb6b3e6488c88d74bc00976f03e7d4,unclear,11,Semantic Scholar,https://link.springer.com/content/pdf/10.1007/s12182-012-0190-0.pdf,8ca938a699fb6b3e6488c88d74bc00976f03e7d4
F,旋转填充床与传质强化,"""rotating packed bed"" reactive crystallization",Computational fluid dynamic simulation of fluid flow in a rotating packed bed,2010,Wenjing Yang; Yundong Wang; Jianfeng Chen; W. Fei,unclear,10.1016/j.cej.2009.04.013,https://www.semanticscholar.org/paper/c092c14b6c39c0aa89013b41ed2909241a6fd7bf,unclear,67,Semantic Scholar,unclear,c092c14b6c39c0aa89013b41ed2909241a6fd7bf
F,旋转填充床与传质强化,"""rotating packed bed"" reactive crystallization",Combined photolysis and catalytic ozonation of dimethyl phthalate in a high-gravity rotating packed bed.,2009,Chia-Chi Chang; C. Chiu; Ching-Yuan Chang; Chiung-Fen Chang; Yi-Hung Chen; Dar-Ren Ji; Yuehwa Yu; P. Chiang,Journal of Hazardous Materials,10.1016/j.jhazmat.2008.03.085,https://www.semanticscholar.org/paper/0f01a09c39ac2c69badb719c86842016c7c0708c,unclear,91,Semantic Scholar,unclear,0f01a09c39ac2c69badb719c86842016c7c0708c
F,旋转填充床与传质强化,"""rotating packed bed"" reactive crystallization",Pt-catalyzed ozonation of aqueous phenol solution using high-gravity rotating packed bed.,2009,Chia-Chi Chang; C. Chiu; Ching-Yuan Chang; Chiung-Fen Chang; Yi-Hung Chen; Dar-Ren Ji; Jyi-Yeong Tseng; Yuehwa Yu,Journal of Hazardous Materials,10.1016/j.jhazmat.2009.02.171,https://www.semanticscholar.org/paper/ca5ce9fbbbd2ea7efe4d48cf2b18ac51ef824dc7,unclear,49,Semantic Scholar,unclear,ca5ce9fbbbd2ea7efe4d48cf2b18ac51ef824dc7
F,旋转填充床与传质强化,"""rotating packed bed"" reactive crystallization",Modeling of the Precipitation Process in a Rotating Packed Bed and Its Experimental Validation,2010,Yang Xiang; L. Wen; Guang‐wen Chu; L. Shao; Guangting Xiao; Jianfeng Chen,unclear,10.1016/s1004-9541(08)60350-x,https://www.semanticscholar.org/paper/350f70a3de90e6d97870d032e69cc7587ee95e29,unclear,15,Semantic Scholar,unclear,350f70a3de90e6d97870d032e69cc7587ee95e29
F,旋转填充床与传质强化,"""rotating packed bed"" reactive crystallization",Ozonation of Dyes and Textile Wastewater in a Rotating Packed Bed,2006,N. Shang; Yi-Hung Chen; Yi-Ping Yang; Cheng-Hsin Chang; Yuehwa Yu,Journal of Environmental Science and Health. Part A: Toxic/Hazardous Substances and Environmental Engineering,10.1080/10934520600873043,https://www.semanticscholar.org/paper/6864a5700927269817782f72af3498cf2030da72,unclear,24,Semantic Scholar,http://ntur.lib.ntu.edu.tw/bitstream/246246/106686/1/18.pdf,6864a5700927269817782f72af3498cf2030da72
F,旋转填充床与传质强化,"""rotating packed bed"" reactive crystallization",Removal of an Undesired Component from aValuable Product Using a Rotating Packed Bed,2006,Chia-Chang Lin,unclear,unclear,https://www.semanticscholar.org/paper/99485761df907ae32aef7d430257271dd9b8a903,unclear,8,Semantic Scholar,unclear,99485761df907ae32aef7d430257271dd9b8a903
F,旋转填充床与传质强化,"""rotating packed bed"" reactive crystallization",NUMERICAL SIMULATION OF MICROMIXING IN ROTATING PACKED BED,2004,Liang Jiguo; Z. Jianwen,unclear,unclear,https://www.semanticscholar.org/paper/070ade5ecd763c5ffb70c6310e8c388df8ce4caf,unclear,6,Semantic Scholar,unclear,070ade5ecd763c5ffb70c6310e8c388df8ce4caf
F,旋转填充床与传质强化,"""rotating packed bed"" reactive crystallization",Computational fluid dynamic (CFD) simulation of micromixing in a rotating packed bed,2008,Fei Wei-yang,unclear,unclear,https://www.semanticscholar.org/paper/2b504fd5f79ab878e2451a7b343641cadcce98c2,unclear,1,Semantic Scholar,unclear,2b504fd5f79ab878e2451a7b343641cadcce98c2
F,旋转填充床与传质强化,"""rotating packed bed"" reactive crystallization",A systematic experimental study of the micromixing efficiency of a rotating packed bed,2007,Y. Hai,unclear,unclear,https://www.semanticscholar.org/paper/77fe8cf03d3edfb289520ac0ae19a643f5769ac4,unclear,1,Semantic Scholar,unclear,77fe8cf03d3edfb289520ac0ae19a643f5769ac4
F,旋转填充床与传质强化,"""rotating packed bed"" reactive crystallization",Characterization of micromixing efficiency in rotating packed beds by chemical methods,2006,Haijian Yang; Guang‐wen Chu; Yang Xiang; Jianfeng Chen,unclear,10.1016/j.cej.2006.04.010,https://www.semanticscholar.org/paper/ae5d1ac8cba900a45b22f06040d6ad25f931a0c5,unclear,72,Semantic Scholar,unclear,ae5d1ac8cba900a45b22f06040d6ad25f931a0c5
F,旋转填充床与传质强化,"""rotating packed bed"" reactive crystallization",Modeling of Rotary Packed Beds for Reactive and Non-Reactive Systems,2020,Chinyere Evangeline Ezeobinwune,unclear,10.33915/etd.7508,https://www.semanticscholar.org/paper/f1f3ecaa219ad19824910a815146c43715d3bfaf,unclear,0,Semantic Scholar,https://doi.org/10.33915/etd.7508,f1f3ecaa219ad19824910a815146c43715d3bfaf
F,旋转填充床与传质强化,"""rotating packed bed"" reactive crystallization",Preparation of Nano-Aluminum Hydroxide in Rotating Bed with Helix Channels by High-Gravity Reactive Precipitation,2006,Liang Youfeng,unclear,unclear,https://www.semanticscholar.org/paper/6e5bf548fcdfe1b18c4412fc1c7bbbea9f13013d,unclear,1,Semantic Scholar,unclear,6e5bf548fcdfe1b18c4412fc1c7bbbea9f13013d
F,旋转填充床与传质强化,"""rotating packed bed"" reactive crystallization",Removal of heavy metal ions by magnetic chitosan nanoparticles prepared continuously via high-gravity reactive precipitation method.,2017,H. Fan; Shaofeng Zhou; Weizhou Jiao; Guisheng Qi; Youzhi Liu,Carbohydrate Polymers,10.1016/j.carbpol.2017.07.050,https://www.semanticscholar.org/paper/54ec77cea4b5fe25ff268448cffe963bfc9fe43d,unclear,166,Semantic Scholar,unclear,54ec77cea4b5fe25ff268448cffe963bfc9fe43d
F,旋转填充床与传质强化,"""rotating packed bed"" reactive crystallization",Facile and scalable preparation of α-Fe2O3 nanoparticle by high-gravity reactive precipitation method for catalysis of solid propellants combustion,2019,Shao-bo Cao; Xiaomin Han; Liang-liang Zhang; Jie-xin Wang; Yong Luo; Hai-kui Zou; Jianfeng Chen,Powder Technology,10.1016/j.powtec.2019.05.062,https://www.semanticscholar.org/paper/d3ee6e2b37f6d256c5b5b2d5bfd49b235bf1264c,"Abstract A facile and scalable route, using the high-gravity reactive precipitation method which was carried out in a rotating packed bed (RPB) reactor, was proposed to synthesis α-Fe2O3 catalyst which is used to catalyze the decomposition of solid propellants. The effect of high-gravity level (G) of RPB reactor on the particle size and its distribution of α-Fe2O3 was explored. It was found that increasing the G of RPB is beneficial for the formation of α-Fe2O3 with smaller particle size and narrower size distribution. The α-Fe2O3 nanoparticles around 85 nm with narrow size distribution could be synthetized when G is higher than 120. The catalytic performance of the as-synthesized α-Fe2O3 on the thermal decomposition of ammonium perchlorate (AP) was performed by differential scanning calorimetric (DSC) method. DSC results show that adding 2 wt% as-prepared 84 nm α-Fe2O3 can decrease the temperature of low-temperature decomposition (LTD) and high-temperature decomposition (HTD) of AP by 14.4 °C and 53.4 °C respectively, and increase the heat released of AP's thermal decomposition process from 864 J/g to 1235 J/g. Besides, result of DSC test and kinetic analysis indicated that the catalytic performance of α-Fe2O3 on the thermal decomposition of AP increased with lessening the average particle size of α-Fe2O3.",56,Semantic Scholar,unclear,d3ee6e2b37f6d256c5b5b2d5bfd49b235bf1264c
F,旋转填充床与传质强化,"""process intensification"" ""mineral carbonation""",Process intensification routes for mineral carbonation,2011,Rafael M. Santos; T. Gerven,unclear,10.1002/ghg.36,https://www.semanticscholar.org/paper/9c583df2ba20c6863d3b1c22b84f90baac689826,unclear,44,Semantic Scholar,https://lirias.kuleuven.be/bitstream/123456789/288461/1/paper_santos.pdf,9c583df2ba20c6863d3b1c22b84f90baac689826
F,旋转填充床与传质强化,"""process intensification"" ""mineral carbonation""",Process intensification routes for mineral carbonation,2010,Rafael M. Santos; Davy François; E. Vandevelde; G. Mertens; J. Elsen; T. Gerven,unclear,unclear,https://www.semanticscholar.org/paper/a9d87297d9486110e297ac99ade7bfc754f06d5b,unclear,4,Semantic Scholar,unclear,a9d87297d9486110e297ac99ade7bfc754f06d5b
F,旋转填充床与传质强化,"""process intensification"" ""mineral carbonation""",Utilization of mineral carbonation products: current state and potential,2019,Caleb M. Woodall; N. McQueen; H. Pilorgé; J. Wilcox,unclear,10.1002/ghg.1940,https://www.semanticscholar.org/paper/5ec50487698530efeda4f3b245a45c14b250accb,"Mineral carbonation (MC) is a form of carbon capture and storage that reacts CO2 with alkaline feedstock to securely store CO2 as solid carbonate minerals. To improve process economics and accelerate commercial deployment, research has increased around product utilization, where markets exist primarily in the construction industry. This review assesses the potential for advancing MC product utilization to decrease CO2 emissions toward neutral, or even negative, values. First, the literature surrounding the current state and challenges for indirect MC processes is reviewed, indicating that process intensification and scale-up are important areas for further research. Alkalinity sources available for MC are examined, differentiating between those sourced from industrial processes and mining operations. Investigation of possible end uses of carbonate products reveals that further CO2 avoidance can be achieved by replacing conventional carbon-intensive products. Companies that are currently commercializing MC processes are categorized based on the feed used and materials produced. An analysis of company process types indicates that up to 3 GtCO2 year–1 could be avoided globally. It is suggested that upcoming commercial efforts should focus on the carbonation of industrial wastes located near CO2 sources to produce precast concrete blocks. Carbonation of conventional concrete shows the highest potential for CO2 avoidance, but may face some market resistance. Carbonation of Mg silicates lacks sufficient market demand and requires the development of new high-value products to overcome the expense of mining and feed preparation. It is suggested that research focus on enhanced understanding of magnesia cement chemistry and the development of flame-retardant mineral fillers. C © 2019 The Authors. Greenhouse Gases: Science and Technology published by Society of Chemical Industry and John Wiley & Sons, Ltd.",132,Semantic Scholar,https://onlinelibrary.wiley.com/doi/pdfdirect/10.1002/ghg.1940,5ec50487698530efeda4f3b245a45c14b250accb
F,旋转填充床与传质强化,"""process intensification"" ""mineral carbonation""",Intensification routes for mineral carbonation,2010,Rafael M. Santos; Davy François; E. Vandevelde; G. Mertens; J. Elsen; T. Gerven,unclear,unclear,https://www.semanticscholar.org/paper/b14e46b70c80a584243597d5164951f65bcc5989,unclear,1,Semantic Scholar,unclear,b14e46b70c80a584243597d5164951f65bcc5989
F,旋转填充床与传质强化,"""process intensification"" ""mineral carbonation""",Integrated mineral carbonation reactor technology for sustainable carbon dioxide sequestration: ‘CO2 Energy Reactor’,2013,Rafael M. Santos; W. Verbeeck; Pol Knops; Keesjan Rijnsburger; Y. Pontikes; T. Gerven,unclear,10.1016/j.egypro.2013.06.513,https://www.semanticscholar.org/paper/f044005b6f98d768fd85b799974c10744b55ae6b,"Abstract To overcome the limitations of mineral carbonation that thus far have prevented it from becoming an acceptable route to sustainable CO 2 sequestration, a novel reactor technology that makes use of a Gravity Pressure Vessel is developed. The ‘CO 2 Energy Reactor’ applies the principles of process integration and process intensification to achieve the technological leap needed to make mineral carbonation industrially feasible. Its autothermicity, hydrostatic pressurization, vertical plug flow design and underground installation make it an appealing alternative to other CCS techniques. This work reports the technical details of the conceptual design, and studies the effect of process parameters on reaction characteristics (kinetics and conversion) and energy balances by means of mathematical modeling. The parameter sets (particle size, solids loading, pumping rate, and reactor dimensions) that ensure autothermic behavior, maximize carbonation efficiency and enable recoverable heat generation are identified.",36,Semantic Scholar,https://doi.org/10.1016/j.egypro.2013.06.513,f044005b6f98d768fd85b799974c10744b55ae6b
F,旋转填充床与传质强化,"""process intensification"" ""mineral carbonation""",Integrated mineral carbonation reactor technology for 2 Energy,2013,Rafael M. Santos; W. Verbeeck; Pol Knops; Keesjan Rijnsburger; Y. Pontikes; T. Gerven,unclear,unclear,https://www.semanticscholar.org/paper/1cfa9bb8ccbdacfe17cc476d2dc6d7bf0baa8480,"To overcome the limitations of mineral carbonation that thus far have prevented it from becoming an acceptable route to sustainable CO2 sequestration, a novel reactor technology that makes use of a Gravity Pressure Vessel is 2 cess integration and process intensification to achieve the technological leap needed to make mineral carbonation industrially feasible. Its autothermicity, hydrostatic pressurization, vertical plug flow design and underground installation make it an appealing alternative to other CCS techniques. This work reports the technical details of the conceptual design, and studies the effect of process parameters on reaction characteristics (kinetics and conversion) and energy balances by means of mathematical modeling. The parameter sets (particle size, solids loading, pumping rate, and reactor dimensions) that ensure autothermic behavior, maximize carbonation efficiency and enable recoverable heat generation are identified.",0,Semantic Scholar,unclear,1cfa9bb8ccbdacfe17cc476d2dc6d7bf0baa8480
F,旋转填充床与传质强化,"""process intensification"" ""mineral carbonation""",Advances in process development of aqueous CO2 mineralisation towards scalability,2020,Ning Zhang; Y. Chai; Rafael M. Santos; Lidija Šiller,unclear,10.1016/j.jece.2020.104453,https://www.semanticscholar.org/paper/f21e5a012a66255a18a5700305e9b8c079102527,"Abstract Aqueous mineralisation is a process that reacts CO2 with aqueous ions to produce solid carbonates that fix CO2 permanently. Over the past decade, the commercial deployment of mineral carbonation processes has been slow, as many processes have been shown to suffer from limited reaction rate and poor energy efficiency. Yet, the potential of further improvement of this route, and its theoretical capacity to address CO2 emissions at the global scale, still drive efforts from many researchers in academia and industry. Aqueous CO2 mineralisation remains an attractive option, requiring milder process parameters than gas-solid mineral carbonation, and offers more opportunities for intensification through chemical additives, catalysts, process integration, use of alternative energy sources, reactor design, among other innovations. Aqueous mineral carbonation processes are categorized into three branches: (1) two-step carbonation process with dissolution stage; (2) direct aqueous carbonation with solid phase as reactant; (3) direct aqueous carbonation of brines. For each category, the progress made in the investigation and optimization of process parameters, source of feedstock, process intensification strategies, and products evaluation for utilisation, were assessed. Coupled with the process development, process simulation and reaction modelling, environmental impact assessment, energetic analysis, and economic evaluation, have also been critically reviewed. The focus was on identifying those processes with less energy and cost intensity and most CO2 avoided, to inform the most promising options for scale-up. This review discusses the feasibility of a portfolio of technologies, and updates the current process development status in bridging the gap between bench-scale investigation and industrial-scale implementation.",73,Semantic Scholar,https://eprints.ncl.ac.uk/file_store/production/269271/297A8818-A4D6-46EB-8366-0A89CFF87019.pdf,f21e5a012a66255a18a5700305e9b8c079102527
F,旋转填充床与传质强化,"""process intensification"" ""mineral carbonation""",Emerging CO2-Mineralization Technologies for Co-Utilization of Industrial Solid Waste and Carbon Resources in China,2021,Jun Meng; Wenjie Liao; Guoquan Zhang,unclear,10.3390/min11030274,https://www.semanticscholar.org/paper/c6eb60c4bd1efde336c433bf3e3c6fdb28300df8,"CO2 mineralization (aka mineral carbonation) is a promising method for the chemical sequestration of CO2 via reaction with oxides of alkaline or alkaline-earth metals to form carbonates. It has documented advantages over similar technological solutions to climate change. The huge amount of industrial solid waste, as a serious environmental issue confronted by China, can provide additional alkalinity sources for CO2 mineralization. In this study, we present an overview of the latest advances in the emerging technologies of CO2-mineralization via industrial solid waste in China, from the perspective of both theoretical and practical considerations. We summarize the types of industrial solid waste that are used (mainly coal fly ash, steel slag, phosphogypsum, and blast furnace slag) and the technological options available in the literature, with an emphasis on the discussion of the involved process-intensification methods and valuable chemicals produced. Furthermore, we illustrate the current status of pertinent policies, and research and development activities in China. Finally, we identify the current knowledge gaps, particularly in understanding the overall sustainability performance of these CO2-mineralization technologies, and indicate that the technical, economic, and environmental challenges of promoting and commercializing these technologies for the co-utilization of industrial solid waste and carbon resources call for, amongst other things, more joint efforts by chemists, chemical engineers, and environmental scientists, and more feedback from the energy and industrial sectors.",44,Semantic Scholar,https://www.mdpi.com/2075-163X/11/3/274/pdf?version=1615205273,c6eb60c4bd1efde336c433bf3e3c6fdb28300df8
F,旋转填充床与传质强化,"""process intensification"" ""mineral carbonation""",CO 2 capture and mineralization using carbide slag doped fly ash,2020,Rong Liu; Xiaolong Wang; Shiwang Gao,Greenhouse Gases: Science and Technology,10.1002/ghg.1934,https://www.semanticscholar.org/paper/45d8257dafc1d05dead3a9f3d1e45e0ee5362406,"A novel direct gas–solid mineral carbonation process using carbide slag doped fly ash to capture and mineralize CO2 from flue gas was developed to overcome the barriers of long reaction time and large reactor size from aqueous processes. A laboratory‐scale fixed bed reactor with a thermogravimetric analyser and a pilot‐scale circulating entrained‐flow bed (CEB) rector system were constructed to investigate the intensification method and reaction parameters. The carbonation efficiency (ζCa [%]) was improved four times by carbide slag doped fly ash in a semi‐dry atmosphere; thus, the active calcium hydroxide from carbide slag and fly ash can react with CO2 in a thin liquid film through an ionic reaction route. The key reaction parameters, such as temperature, steam addition and water injection, were studied to promote Ca(OH)2 formation and to facilitate CO2 diffusion. As a result of the pilot‐scale experiment, carbonation efficiency achieved a maximum value of 55% with 15% steam addition in the feed and 6 kg h–1 water injection into CEB at 550 °C. © 2019 Society of Chemical Industry and John Wiley & Sons, Ltd.",21,Semantic Scholar,unclear,45d8257dafc1d05dead3a9f3d1e45e0ee5362406
F,旋转填充床与传质强化,"""process intensification"" ""mineral carbonation""",Materials for CO 2 capture prepared using supercritical CO 2,2011,A. M. L. Periago; P. López-Aranguren; R. Pacciani; L. Vega; C. Domingo,unclear,unclear,https://www.semanticscholar.org/paper/7f807e0ad25d739deb11c812e11c9309659abe26,unclear,0,Semantic Scholar,unclear,7f807e0ad25d739deb11c812e11c9309659abe26
F,旋转填充床与传质强化,"""process intensification"" ""mineral carbonation""",Carbonation and modeling study for process liquor in batch mode using flue gas in the mining and mineral processing industry,2024,Vipin Kumar; Sunil Kumar Thamida; ·. B. Naveen; Kumar Reddy,Chemické zvesti,10.1007/s11696-024-03379-5,https://www.semanticscholar.org/paper/5e60b74b98fc008975c07f158b8e8ec82c0a4cf3,"The mining and mineral processing industry generates significant huge amounts of flue gas containing CO2 which is a major cause of the greenhouse effect leading to global warming. This work presents the experimental feasibility study of the carbonation where process liquor is contacted with boiler flue gas as a source of carbon dioxide (CO2). It is in the context of the low-grade mineral ore benefaction process. The carbonation process results in the production of stable carbonate or bicarbonate compounds that can be used as valuable by-products or raw materials in other industrial processes. Trials were conducted for the effective carbonation of process liquor generated in the mineral processing industry, which contains caustic lye. This work presents insight into experiments conducted for the carbonation of process liquor and further reaction modeling. The results were found to encourage pursuing large-scale columns for carbonation or capture of CO2 into alkali liquor in process industries.",4,Semantic Scholar,https://www.researchsquare.com/article/rs-3597091/latest.pdf,5e60b74b98fc008975c07f158b8e8ec82c0a4cf3
F,旋转填充床与传质强化,"""process intensification"" ""mineral carbonation""",Carbon dioxide sequestration of iron ore mining waste under low-reaction condition of a direct mineral carbonation process,2022,F. M. Kusin; S. N. M. S. Hasan; V. L. M. Molahid; F. M. Yusuff; Shamsuddin Jusop,Environmental science and pollution research international,10.1007/s11356-022-23677-3,https://www.semanticscholar.org/paper/546a16b446ebdc6614df731c5814aee8eb764603,unclear,26,Semantic Scholar,unclear,546a16b446ebdc6614df731c5814aee8eb764603
F,旋转填充床与传质强化,"""process intensification"" ""mineral carbonation""",Dual benefits of indirect mineral carbonation of titanium gypsum: waste gypsum recycling and carbon sequestration.,2025,Shuangjie Wang; Xiao Lin; Chongqing Wang,Environmental Research,10.1016/j.envres.2025.122393,https://www.semanticscholar.org/paper/d30c97a530252eeea5328359b51e2903d6ad3a4a,"Titanium gypsum, a typical industrial solid waste primarily composed of calcium sulfate, poses significant environmental challenges. This work proposes an innovative indirect mineral carbonation process to recycle titanium gypsum, combining ammonium chloride leaching and carbonation for carbon sequestration. Effective leaching Ca2+ from titanium gypsum is obtained, and parameters such as NH4Cl concentration and liquid-to-solid ratio play significant roles in the selective leaching Ca. Under optimal conditions of NH4Cl concentration 2.5 mol/L, L/S 200:3 mL/g, and temperature 25°C, the leaching ratio reaches 87.55% at 10 min. The carbonation stage is predominantly influenced by the solution pH, with temperature and CO2 flow rate inducing slight improvements. Under optimum conditions of pH 9.00, temperature 45°C, and CO2 flow rate 200 mL/min, carbonation efficiency reaches 96.52% at 30 min. Vaterite-type calcium carbonate with high purity of 99.38% is successfully produced, demonstrating the viability of the process. Additionally, the feasibility of NH4Cl recycling is confirmed through five consecutive cycles, followed by crystallization recovery. This study offers a sustainable solution for titanium gypsum recycling, contributing to CO2 mitigation and the production of valuable by-products.",9,Semantic Scholar,unclear,d30c97a530252eeea5328359b51e2903d6ad3a4a
F,旋转填充床与传质强化,"""process intensification"" ""mineral carbonation""","Direct mineral carbonation of fly ash under high pressure using acid mine drainage: Effects of solid‐to‐liquid ratio, stirring speed and CO2 pressure",2025,S. Zide; Hsing‐Jung Ho; A. Iizuka; J. Petersen; V. Vadapalli; Leslie F. Petrik; T. Ojumu,Environmental Progress &amp; Sustainable Energy,10.1002/ep.14545,https://www.semanticscholar.org/paper/c91055cbba1e6e54f64aab972b7968efd2a49ca6,"CO2 emissions contributing to global warming and waste related to energy generation using coal pose an issue in developing countries. Mineral carbonation (MC) of fly ash (FA) using acid mine drainage (AMD) can reduce CO2 and the negative environmental impact of FA including AMD from coal mining activity. The present study examined the direct carbonation (DC) of FA using pure water and AMD in a 600 mL autoclave pressure reactor. A preliminary study was conducted to observe the leaching behavior of FA in water and AMD. DC was conducted to determine the effect of solid‐to‐liquid ratio (0.2 and 0.5 g mL−1), stirring speed (100 and 400 rpm) and CO2 pressure (1–4 MPa) on the carbonation performance. The maximum calcium carbonate content in the carbonated FA was 4.33 wt% with a 60% conversion of calcium to CaCO3 for DC with pure water. The electricity required by the process was 18.9 kWh t−1‐CO2, corresponding to 0.019 t‐CO2 emitted t−1‐CO2 fixed in FA. DC using AMD was effective and the maximum CaCO3 content in FA was 6.68 wt%. This was due to the additional calcium content and enhanced calcium extraction provided by AMD. The actual CO2 uptake capacity was 29.4 g‐CO2 kg−1 fly ash. Studies on AMD as a reaction solvent for MC are few but can improve the carbonation performance of FA. Hence, the method can be viable for mining industries to mitigate negative environmental impacts and generate additional revenue through carbon credits.",6,Semantic Scholar,https://doi.org/10.1002/ep.14545,c91055cbba1e6e54f64aab972b7968efd2a49ca6
F,旋转填充床与传质强化,"""process intensification"" ""mineral carbonation""",RILEM TC 309-MCP: recommendation on terminology for mineral carbonation construction products,2025,R. Snellings; T. Matschei,Materials Structure,10.1617/s11527-024-02467-y,https://www.semanticscholar.org/paper/7968497c1e1803203cdbd2b4bcfa13652814c2f9,"This recommendation is an outcome of the work carried out by RILEM Technical Committee 309-MCP “Mineral Carbonation for the Production of Construction Materials”. To facilitate exchange in the rapidly developing field of mineral carbonation for construction materials, technical terminology covering specific terms of common interest is proposed. This terminology was developed in an iterative feedback process within the technical committee. The presented terminology is recommended for use in the field of mineral carbonation technology applied to the production of construction materials and products.",5,Semantic Scholar,https://doi.org/10.1617/s11527-024-02467-y,7968497c1e1803203cdbd2b4bcfa13652814c2f9
F,旋转填充床与传质强化,"""process intensification"" ""mineral carbonation""",Mechanochemical Activation of Argon Oxygen Decarburization Slags for Improved Mineral Carbonation,2025,Luka Ceyssens; Nina Miladinović; Giuseppe Granata; T. van Gerven,Chemical Engineering &amp; Technology,10.1002/ceat.12004,https://www.semanticscholar.org/paper/766e33eaca3692e4bbece12bea0489d7713e539d,"Inspired by the growing need for carbon mitigation strategies, this work investigates mechanochemical activation of argon oxygen decarburization (AOD) slag for CO2 sequestration. It explores three process modes: concurrent, sequential, and staged planetary ball milling and carbonation. Results showed carbonation uptake reached 70 % of the theoretical maximum with ball milling (0.39 g CO2/g AOD slag) versus 0.17 g CO2/g AOD slag without ball milling. The concurrent process resulted in the fastest rate and uptake. Particle agglomeration was confirmed via particle size analysis and electron microscopy, and non‐reactive mineral phases were identified through quantitative X‐ray diffraction, explaining incomplete carbonation conversion.",4,Semantic Scholar,unclear,766e33eaca3692e4bbece12bea0489d7713e539d
F,旋转填充床与传质强化,"""process intensification"" ""mineral carbonation""",Modeling and Feasibility Assessment of Mineral Carbonation Based on Biological pH Swing for Atmospheric CO2 Removal,2025,Yukun Zhang; S. Long; M. Duret; Liam A. Bullock; Phyllis Lam; Aidong Yang,ACS Sustainable Chemistry and Engineering,10.1021/acssuschemeng.4c10708,https://www.semanticscholar.org/paper/ceba796da4af9755e0dd44a7113d6726334717fd,"Mitigating climate change requires both the reduction of greenhouse gas emissions and the removal of CO2 from the atmosphere. This study investigates a novel biological pH swing strategy for mineral carbonation at ambient conditions as a potential option for atmospheric CO2 removal. Through mathematical modeling, we evaluated a mineral carbonation system that utilized Desulfovibrio vulgaris and Acidithiobacillus thiooxidans to achieve alternating sulfur reduction and oxidation, respectively, with the cyclic process to effect pH swing for promoting the dissolution of a silicate mineral and the subsequent precipitation of a carbonate mineral to store CO2. Sulfur cycles employing two reduced compounds, namely, hydrogen sulfide and thiosulfate, were compared. Our simulation results predicted that it is feasible to use the sulfur cycles to achieve the intended pH swing in a range of 1–10 and hence the acceleration of CO2 removal from the air. Despite the implementation of the pH swing, gas–liquid mass transfer and mineral dissolution remained rate-limiting compared to biological conversion. Dissolving 35 kg of forsterite in a 1 m3 reactor takes between 250 and 300 h, leading to the removal of approximately 22 kg of CO2 through MgCO3 precipitation, which requires about 180 h. Between the two forms of reduced sulfur, thiosulfate would offer considerable operational advantages over hydrogen sulfide. This theoretical exploration also identified key areas to be investigated to further establish the potential of the sulfur-cycle-based carbonation approach to CO2 removal.",3,Semantic Scholar,unclear,ceba796da4af9755e0dd44a7113d6726334717fd
F,旋转填充床与传质强化,"""process intensification"" ""mineral carbonation""",Influencing Factors of the Mineral Carbonation Process of Iron Ore Mining Waste in Sequestering Atmospheric Carbon Dioxide,2021,Noor Allesya Alis Ramli; F. M. Kusin; V. L. M. Molahid,Sustainability,10.3390/su13041866,https://www.semanticscholar.org/paper/3f4e3abbd69b590e35b31102714030bde122d788,"Mining waste may contain potential minerals that can act as essential feedstock for long-term carbon sequestration through a mineral carbonation process. This study attempts to identify the mineralogical and chemical composition of iron ore mining waste alongside the effects of particle size, temperature, and pH on carbonation efficiency. The samples were found to be alkaline in nature (pH of 6.9–7.5) and contained small-sized particles of clay and silt, thus indicating their suitability for mineral carbonation reactions. Samples were composed of important silicate minerals needed for the formation of carbonates such as wollastonite, anorthite, diopside, perovskite, johannsenite, and magnesium aluminum silicate, and the Fe-bearing mineral magnetite. The presence of Fe2O3 (39.6–62.9%) and CaO (7.2–15.2%) indicated the potential of the waste to sequester carbon dioxide because these oxides are important divalent cations for mineral carbonation. The use of small-sized mine-waste particles enables the enhancement of carbonation efficiency, i.e., particles of <38 μm showed a greater extent of Fe and Ca carbonation efficiency (between 1.6–6.7%) compared to particles of <63 μm (0.9–5.7%) and 75 μm (0.7–6.0%). Increasing the reaction temperature from 80 °C to 150–200 °C resulted in a higher Fe and Ca carbonation efficiency of some samples between 0.9–5.8% and 0.8–4.0%, respectively. The effect of increasing the pH from 8–12 was notably observed in Fe carbonation efficiency of between 0.7–5.9% (pH 12) compared to 0.6–3.3% (pH 8). Ca carbonation efficiency was moderately observed (0.7–5.5%) as with the increasing pH between 8–10. Therefore, it has been evidenced that mineralogical and chemical composition were of great importance for the mineral carbonation process, and that the effects of particle size, pH, and temperature of iron mining waste were influential in determining carbonation efficiency. Findings would be beneficial for sustaining the mining industry while taking into account the issue of waste production in tackling the global carbon emission concerns.",19,Semantic Scholar,https://www.mdpi.com/2071-1050/13/4/1866/pdf?version=1612859772,3f4e3abbd69b590e35b31102714030bde122d788
F,旋转填充床与传质强化,"""process intensification"" ""mineral carbonation""",Ex-situ mineral carbonation – A parameter study on carbon mineralisation in an autoclave as part of a large-scale utilisation process,2022,D. Kremer; Christian Dertmann; S. Etzold; R. Telle; B. Friedrich; H. Wotruba,Journal of CO2 Utilization,10.1016/j.jcou.2022.101928,https://www.semanticscholar.org/paper/dad9a31736c9c74c551e260ac3e44a66111517e2,unclear,21,Semantic Scholar,https://doi.org/10.1016/j.jcou.2022.101928,dad9a31736c9c74c551e260ac3e44a66111517e2
F,旋转填充床与传质强化,"""process intensification"" ""mineral carbonation""",Carbon dioxide reduction through mineral carbonation by steel slag.,2024,Yongpeng Zhang; Yimei Ying; Lei Xing; Guoxiong Zhan; Yanli Deng; Zhen Chen; Junhua Li,Journal of Environmental Science,10.1016/j.jes.2024.06.016,https://www.semanticscholar.org/paper/309154d0aa84f384e05bab8dc25e132025571a15,"Carbon dioxide (CO2) mineralization technology has attracted significant attention, due to the synergistic terminal treatment of CO2 and industrial waste. The combined CO2 mineralization process with steel enterprises is a promising route to simultaneously address CO2 emissions and SS treatment. Recently, a serial of the relevant work focus on a single type of steel slag (SS), and the understanding of CO2 absorption by mineralization of various SS is very lacking. Meanwhile, it is urgent requirement for systematic summary and discussion on how to make full use of the mineralized products produced after the mineralization of CO2 in SS. This review aims to investigate the progress of CO2 mineralization using SS, including the potential applications of mineralization products, as well as the environmental impact and risk assessment of mineralization product applications. Currently, the application of SS mineralization products is primarily focused on their use as construction materials with low economic value. With usage of the mineralization products for ecological restoration (e.g. sandy soil remediation) was treated as an advanced route, but still remaining challenge in functional materials preparation, and its technical economy and possible hazards need to be further explored by long-term experimental tests.",38,Semantic Scholar,unclear,309154d0aa84f384e05bab8dc25e132025571a15
F,旋转填充床与传质强化,"""process intensification"" ""mineral carbonation""",Mineral carbonation process of carbon dioxide using animal bone,2021,B. Mpofu; H. E. Mukaya; D. Nkazi,Science in progress,10.1177/00368504211019644,https://www.semanticscholar.org/paper/dd6a29f5ef1f52f39208e87bd4a86a463a73a069,"Carbon dioxide has been identified as one of the greenhouse gases responsible for global warming. Several carbon capture and storage technologies have been developed to mitigate the large quantities of carbon dioxide released into the atmosphere, but these are quite expensive and not easy to implement. Thus, this research analyses the technical and economic feasibility of using calcium leached from cow bone to capture and store carbon dioxide through the mineral carbonation process. The capturing process of carbon dioxide was successful using the proposed technique of leaching calcium from cow shinbone (the tibia) in the presence of HCl by reacting the calcium solution with gaseous carbon dioxide. AAS and XRF analysis were used to determine the concentration of calcium in leached solutions and the composition of calcium in cow bone respectively. The best leaching conditions were found to be 4 mole/L HCl and leaching time of 6 h. Under these conditions, a leaching efficiency of 91% and a calcium conversion of 83% in the carbonation reaction were obtained. Other factors such as carbonation time, agitation rate, and carbonation reaction temperature had little effect on the yield. A preliminary cost analysis showed that the cost to capture 1 ton of CO2 with the proposed technique is about US$ 268.32, which is in the acceptable range of the capturing process. However, the cost of material used and electricity should be reviewed to reduce the preliminary production cost.",2,Semantic Scholar,https://journals.sagepub.com/doi/pdf/10.1177/00368504211019644,dd6a29f5ef1f52f39208e87bd4a86a463a73a069
F,旋转填充床与传质强化,"""process intensification"" ""mineral carbonation""","Two-step mineral carbonation using seawater-based industrial wastewater: an eco-friendly carbon capture, utilization, and storage process",2020,Injun Kim; Yunsung Yoo; Juhee Son; Jinwon Park; Il-sang Huh; Dongwoo Kang,unclear,10.1007/s10163-019-00950-1,https://www.semanticscholar.org/paper/2e0fbc1b2193f61867e10e3f3320590f840beb1c,unclear,28,Semantic Scholar,unclear,2e0fbc1b2193f61867e10e3f3320590f840beb1c
F,旋转填充床与传质强化,"""process intensification"" ""mineral carbonation""",Development of a nickel extraction-mineral carbonation process: Analysis of leaching mechanisms using regenerated acid,2020,L. Zappala; Reydick D. Balucan; J. Vaughan; K. Steel,unclear,10.1016/j.hydromet.2020.105482,https://www.semanticscholar.org/paper/8046d69f41de4fe5b8d6dd82758a2039366b1c9a,"Abstract A closed-loop, Ni extraction and mineral carbonation process is being developed for producing Ni from laterite ores, where the only inputs are heat that can come from regenerable resources, and the ore. This closed-loop relies on efficient regeneration of acid and base, which are required for leaching and neutralisation respectively. This contribution investigates the leaching efficacy of regenerated acid, and proposes a novel combined leaching and acid regeneration (CLR) process where the ore is present during the acid regeneration. It is hypothesised that this will favour the recovery of acid and base, and improve leaching kinetics. Results showed that the CLR process effectively shifted the equilibria to favour the production of acid. The feed solution of triethylammonium sulphate was formed by mixing 120 mmol H+ in the form of sulphuric acid (H2SO4) and 140 mmol triethylamine (Et3N). After 30 h 38 mmol of protons were regenerated in the CLR process compared to 30 mmol of protons being produced in the same timeframe during acid regeneration alone. The CLR was approximately twice as selective towards Mg and Ni over Al and Fe than leaching with the regenerated acid. However, the CLR process was not effective at increasing the recovery of base, with 60 mmol of Et3N recovered in both cases. The results show that the CLR process has the potential to reduce the acid requirements for leaching nickel laterites, which could improve the sustainability of metallurgical operations.",17,Semantic Scholar,unclear,8046d69f41de4fe5b8d6dd82758a2039366b1c9a
F,旋转填充床与传质强化,"""process intensification"" ""mineral carbonation""",Acceleration of Iron-Rich Olivine CO2 Mineral Carbonation and Utilization for Simultaneous Critical Nickel and Cobalt Recovery,2024,Fei Wang; D. Dreisinger,Minerals,10.3390/min14080766,https://www.semanticscholar.org/paper/219066de21062f1b9a4ff7e440ca2d5d8e10b559,"CO2 mineral carbonation is an important method to sequester carbon dioxide (CO2) in the form of stable mineral carbonates for permanent storage. The slow kinetics of carbonation, especially for iron-rich olivine, is the major challenge for potential application. This work proposes methods to accelerate the mineral carbonation process of different materials in the general mineral grouping of divalent metals–olivine for simultaneous nickel and cobalt recovery. It is found that nickel-olivine is facile for mineral carbonation compared to ferrous and magnesium olivine. Ferrous olivine is the most difficult form of olivine to carbonate as illustrated in both thermodynamics and experimental test results. The increase in iron content in olivine inhibits the CO2 mineral carbonation process by forming an iron-silica-rich passivation interlayer. The use of a reducing gas or reagent can enhance the mineral carbonation of olivine probably through hindering oxidation of Fe(II). The addition of sodium nitrilotriacetate (NTA) as a metal complexing agent is much more efficient for the acceleration than usage of a reducing atmosphere. The combination of sodium bicarbonate/CO2 gas supply and NTA can enhance the diffusion of all divalent metal ions from the reacting olivine surface, thereby limiting the formation of the passivation interlayer. Meanwhile, highly selective nickel and cobalt leaching can be simultaneously achieved along with the CO2 mineral carbonation, 94% nickel, and 92% cobalt leaching as well as 47% mineral carbonation versus only 10% iron and 1% magnesium leached in 2 h. This work provides a novel direction to achieve critical metals recovery with accelerated mineral carbonation process.",13,Semantic Scholar,https://www.mdpi.com/2075-163X/14/8/766/pdf?version=1722323171,219066de21062f1b9a4ff7e440ca2d5d8e10b559
F,旋转填充床与传质强化,"""process intensification"" ""mineral carbonation""",A Comprehensive Review of Mineral Carbonation of Civil Engineering Materials: A Bibliometric Analysis,2025,Yu Song; Xiuteng Diao; Rui Xu; Xinpeng Wang; Yanxing Han; Tao Shi; Bodong Fang; Yanming Liu; David J. Corr,Environmental Science and Technology,10.1021/acs.est.5c03561,https://www.semanticscholar.org/paper/995d5306f8af54459f120ac54a44ca86c4ac4057,"Mineral carbonation of civil engineering materials (MC-CEM) has received increased attention in reducing CO2 emissions. This work comprehensively describes the research trends and hotspots in MC-CEM based on bibliometric analysis. Articles were collected in the Web of Science core database from 2001 to 2024 and analyzed in detail. The results show that MC-CEM is a hot research topic, with hot-topic words changing quickly. China and Switzerland reveal the most publications and the highest average citations, respectively. Under carbonation curing, the strength and durability are usually improved due to carbonate formation. Concerning CO2 storage capacity, carbide slag, reactive magnesium oxide cement, and β-C2S are active, while fly ash, mine tailings, and carbon mix are inactive. Slow kinetics and low carbonation influence the large-scale industrial application of MC-CEM. Finally, challenges and prospects in MC-CEM are illustrated. In future studies, it is necessary to enhance the CO2 sequestration capacity by investigating the carbonation mechanisms and optimizing the process parameters. A comprehensive life-cycle assessment of MC-CEM is also needed. This work provides the basis for the development of large-scale mineral carbonation by using civil engineering materials.",27,Semantic Scholar,unclear,995d5306f8af54459f120ac54a44ca86c4ac4057
F,旋转填充床与传质强化,"""process intensification"" ""mineral carbonation""",Experimental study of carbon dioxide capture and mineral carbonation using sodium hydroxide solution,2024,Ruey-Yu Chan; Yunkai Zeng; Chi Hou; Hsian-Chang Kuo; Huang Huang,Journal of Ecological Engineering,10.12911/22998993/195214,https://www.semanticscholar.org/paper/0beefd6c1eeb0103e33d930a1031f9d6dd4b04ab,"The mineral carbonation process was proposed for effective CO 2 capture and utilization from flue gas streams, such as those emitted by coal-fired power plants. In the present work, an alternative technology using sodium hydroxide (NaOH) solution as an absorbent for capturing CO 2 and converting it into value-added materials while mitigating emissions was provided. This research examined the use of a packed bed reactor and a bubble column reactor for CO 2 absorption and carbonation of NaOH solution to produce sodium bicarbonate (NaHCO 3 ), offering a more environmentally friendly production process compared to traditional methods. The influence of significant operating parameters, namely pH value, gas flow rate, and absorbent flow rate, on CO 2 capture in a bubble col - umn reactor was experimentally explored using NaOH solution. The formation of sodium bicarbonate during the carbonation experiment was confirmed by X-ray diffraction (XRD) and thermal gravimetric analysis (TGA). The experimental results show a CO 2 removal efficiency exceeding 95% and a NaHCO 3 purity above 94% when utiliz - ing a bubble column reactor.",3,Semantic Scholar,unclear,0beefd6c1eeb0103e33d930a1031f9d6dd4b04ab
F,旋转填充床与传质强化,"""process intensification"" ""mineral carbonation""",Magnesium Leachability of Mg-Silicate Peridotites: The Effect on Magnesite Yield of a Mineral Carbonation Process,2020,M. Rashid; E. Benhelal; F. Farhang; M. Stockenhuber; E. Kennedy,Minerals,10.3390/min10121091,https://www.semanticscholar.org/paper/1033caa2bc838554d4ba77607e66b2b66ee761fc,"The aim of this study was to increase feedstock availability for mineral carbonation. Acid dissolution and carbonic acid dissolution approaches were used to achieve higher Mg extractions from peridotites. Acid dissolution studies of raw dunite, heat-activated dunite, heat-transformed dunite, and twin sister dunite have not been reported in the literature. Heat-activated dunite is more reactive as compared to heat-transformed dunite, raw dunite, and twin sister dunite. The fraction of magnesium extracted from heat-activated dunite was 57% as compared to 18% from heat-transformed dunite, 14% from raw dunite, and 11% from twin sister dunite. Similarly, silicon and iron extractions were higher for heat-activated dunite compared to that of heat-transformed dunite, raw dunite, and twin sister dunite. Materials rich in forsterite (twin sister dunite and heat-transformed dunite) showed preferential Mg release and exhibited incongruent dissolution similar to that of forsterite. Heat-activated dunite (amorphous magnesium silicate rich) on the other hand behaved differently and showed congruent dissolution. Olivine did not dissolve under carbonic acid dissolution (with concurrent grinding) and acidic conditions. Under carbonic acid dissolution with concurrent grinding conditions, olivine was partially converted into nanometer sized particles (d10 = 0.08 μm) but still provided 16% Mg extraction during 4 h of dissolution.",11,Semantic Scholar,https://www.mdpi.com/2075-163X/10/12/1091/pdf?version=1607497324,1033caa2bc838554d4ba77607e66b2b66ee761fc
F,旋转填充床与传质强化,"""process intensification"" ""mineral carbonation""",Process simulation and energy integration in the mineral carbonation of blast furnace slag,2019,Jianqiu Gao; Chun Li; Weizao Liu; Jinpeng Hu; Wang Lin; Qiang Liu; Bin Liang; Hairong Yue; Guoquan Zhang; D. Luo; Siyang Tang,Chinese Journal of Chemical Engineering,10.1016/j.cjche.2018.04.012,https://www.semanticscholar.org/paper/31491f4f8d1353d7224b4e1800b741e2b300dd4a,"Abstract Large quantities of blast furnace (BF) slag and CO2 are discharged annually from iron and steel industries, along with a large amount of waste heat. The mineral carbonation of BF slag can not only reduce emissions of solid waste but also realize the in-situ fixation of CO2 with low energy consumption if integrated with the waste heat utilization. In this study, based on our previous works, Aspen Plus was employed to simulate and optimize the carbonation process and integrate the process energy. The effects of gehlenite extraction, MgSO4 carbonation, and aluminum ammonium sulfate crystallization were studied systematically. The simulation results demonstrate that 2.57 kg of BF slag can sequester 1 kg of CO2, requiring 5.34 MJ of energy (3.3 MJ heat and 2.04 MJ electricity), and this energy includes the capture of CO2 from industrial flue gases. Approximately 60 kg net CO2 emission reduction could be achieved for the disposal of one ton of BF slag. In addition, the by-product, aluminum ammonium sulfate, is a high value-added product. Preliminary economic analysis indicates that the profit for the whole process is 1127 CNY per ton of BF slag processed.",28,Semantic Scholar,unclear,31491f4f8d1353d7224b4e1800b741e2b300dd4a
F,旋转填充床与传质强化,"""process intensification"" ""mineral carbonation""",The Mineral Carbonation Process of High Calcium Fly Ash under Elevated Carbon Dioxide Pressure and Temperature,2020,J. Sobala; N. Czuma; Jakub Bator; P. Baran; P. Zabierowski; K. Zarębska,unclear,10.36348/sijcms.2020.v03i06.003,https://www.semanticscholar.org/paper/d305ee489f8c8487cd0429e833421f88af3d1c8d,"Over the last years, the management of municipal solid waste (MSW) has been renovated and modernized. Timely treatment or storage of municipal waste does not, however, solve the problem of the threat MSW may pose for human life and environment. Therefore, projects of modern thermal plants for the processing of municipal solid waste, such as eco-incineration plants, have been launched on the market. It is not only possible to carry out the process of utilization of MSW, but also to obtain renewable energy. The result of MSW incineration is fly ash and bottom ash. In the fly ash composition, there are present chemical compounds such as silicon dioxide, magnesium oxide, aluminum oxide and calcium oxide. The carbonation process is a process in which calcium or magnesium oxide may react with carbon dioxide, forming carbonates. The mineral carbonation is possible with the use of high-calcium fly ash as one of the substrates of this chemical reaction. As a result, it produces carbonates which are not harmful to the environment as well as to humans. The idea of the experiment was to carry out the process of mineral carbonation of fly ash from the thermal treatment plant of municipal solid waste. The whole process was carried out at elevated pressure, and temperatures. After the experiment, several instrumental analyses were performed on the tested samples, such as XRD analysis, SEM scanning electron microscopy and IR infrared spectroscopy. The free calcium content was determined.",2,Semantic Scholar,https://doi.org/10.36348/sijcms.2020.v03i06.003,d305ee489f8c8487cd0429e833421f88af3d1c8d
F,旋转填充床与传质强化,"""process intensification"" ""mineral carbonation""",Analysis of a reactive distillation process to recover tertiary amines and acid for use in a combined nickel extraction‐mineral carbonation process,2019,L. Zappala; Reydick D. Balucan; J. Vaughan; K. Steel,Environmental Progress & Sustainable Energy,10.1002/ep.13141,https://www.semanticscholar.org/paper/dccf735371987fd265ccf0ab134541b8b5751e6b,"A range of carbon capture, utilization, and storage (CCUS) technologies are under development to suit the needs of different geographies and industries. Nickel laterites are a form of naturally weathered ultramafic rock, which makes them a suitable feedstock for CCUS via mineral carbonation. The pH swing processes developed for mineral carbonation use acid and base in a similar manner to nickel laterite refining, thus there is an opportunity to integrate the two processes.",4,Semantic Scholar,unclear,dccf735371987fd265ccf0ab134541b8b5751e6b
F,旋转填充床与传质强化,"""process intensification"" ""mineral carbonation""",A combination process of mineral carbonation with SO2 disposal for simulated flue gas by magnesia-added seawater,2019,Yingying Zhao; Mengfan Wu; Z. Ji; Yuanyuan Wang; Jiale Li; Jianlu Liu; Junsheng Yuan,Frontiers of Chemical Science and Engineering,10.1007/s11705-019-1871-7,https://www.semanticscholar.org/paper/9f6b7dda526bcea34c174cf07a0152beac18a8f3,unclear,3,Semantic Scholar,unclear,9f6b7dda526bcea34c174cf07a0152beac18a8f3
F,旋转填充床与传质强化,"""process intensification"" ""mineral carbonation""",Process simulation of mineral carbonation of phosphogypsum with ammonia under increased CO2 pressure,2017,Wei-jun Bao; Hong-tao Zhao; Huiquan Li; Songgeng Li; Weigang Lin,unclear,10.1016/j.jcou.2016.11.012,https://www.semanticscholar.org/paper/2370a916b6d60e7dcdd2156c084ab5dc591b9dc3,unclear,37,Semantic Scholar,unclear,2370a916b6d60e7dcdd2156c084ab5dc591b9dc3
F,旋转填充床与传质强化,"""process intensification"" ""mineral carbonation""",“ACEME”: Synthesis and characterization of reactive silica residues from two stage mineral carbonation Process,2018,E. Benhelal; M. Rashid; M. Rayson; T. Oliver; G. Brent; M. Stockenhuber; E. Kennedy,Environmental Progress & Sustainable Energy,10.1002/ep.13066,https://www.semanticscholar.org/paper/cc3011f2f16eb2feee54f6bbdb0bcacb1f4436cc,"In this experimental work we synthesized, characterized, and investigated the reactivity of silica‐enriched residue materials produced from low pressure, low temperature dissolution applicable to a two stage mineral carbonation process. XRF and XRD analysis indicated that 66 wt % of silica‐enriched residue (SER) produced from dissolution of heat activated lizardite comprised amorphous silica. We also treated SER with nitric acid to produce amorphous acid treated silica‐enriched residue (ATSER) with over 88 wt % silica. Dissolving these synthesized materials in highly alkaline solution with pH similar to cement paste pore solution for 28 days showed that all synthesized materials displayed some level of Si solubility. ATSER showed the most rapid rate of Si extraction, higher than silica fume (a commercial pozzolanic cement substitute), followed by silica‐enriched residue (SER) which had a faster rate of Si extraction compared with Portland cement as a standard. © 2018 American Institute of Chemical Engineers Environ Prog, 38:e13066, 2019",25,Semantic Scholar,unclear,cc3011f2f16eb2feee54f6bbdb0bcacb1f4436cc
F,旋转填充床与传质强化,"""process intensification"" ""mineral carbonation""","Potential of Soil, Sludge and Sediment for Mineral Carbonation Process in Selinsing Gold Mine, Malaysia",2018,S. N. M. S. Hasan; F. M. Kusin; S. Jusop; Ferdius Mohamat Yusuff,Minerals,10.3390/min8060257,https://www.semanticscholar.org/paper/0e4f7305c26ba5ac1fe545daed43ea96db2b68fd,"Soil, sludge and sediment that are rich in alkaline earth silicates play significant roles as passive agents for removing carbon dioxide through mineral carbonation process. This study was conducted to characterize the mineralogical component and chemical composition of gold mining wastes and to identify the availability of natural silicate minerals as a feedstock for the mineral carbonation process. Particle-size distribution analysis was performed, and pH of the soil, sludge, and sediment were determined, whereas the mineralogical component and chemical composition of the samples were also analyzed. Results demonstrated that the presence of sepiolite and chlorite-serpentine in the stockpile and mine tailings can sequester carbon dioxide into magnesium carbonates, while the presence of stilpnomelane in the stockpile can be sequestered into iron carbonate. The presence of large amounts of small-size particles (silt fraction) in sludge (78.23%) at the mine tailings was identified to have higher surface area to absorb carbon dioxide. pH conditions of sludge (pH 7.9) and sediment (pH 8.3) from the mine tailings were favorable to enhance carbonate precipitation. Therefore, gold mine wastes have shown the potential for passive sequestration of carbon dioxide, thus, providing more insights into the enhancement of mineral carbonation process and the potential of natural silicate minerals.",21,Semantic Scholar,https://www.mdpi.com/2075-163X/8/6/257/pdf?version=1529214936,0e4f7305c26ba5ac1fe545daed43ea96db2b68fd
F,旋转填充床与传质强化,"""process intensification"" ""mineral carbonation""",Influence of physicochemical properties of Brazilian serpentinites on the leaching process for indirect CO2 mineral carbonation,2017,Gretta L. A. F. Arce; T. Neto; Ivonete Ávila; Carlos Luna; J. C. Santos; J. Carvalho,unclear,10.1016/j.hydromet.2017.01.003,https://www.semanticscholar.org/paper/e86c46a34e23c93554c482df52b75bf5bfd7eefb,unclear,25,Semantic Scholar,https://repositorio.unesp.br/bitstreams/88e29081-749d-4bcf-9a06-93dc2316cf99/download,e86c46a34e23c93554c482df52b75bf5bfd7eefb
F,旋转填充床与传质强化,"""process intensification"" ""mineral carbonation""","Critical review of methods, mechanisms, and feedstocks in mineral carbonation for enhanced carbon neutrality: From waste to climate solution.",2025,A.A.Q. Ahmed; Zahiruddin Fitri Abu Hassan,Science of the Total Environment,10.1016/j.scitotenv.2025.179544,https://www.semanticscholar.org/paper/a348b88bd8b8584c6172921990215fff5876ea85,"Climate change necessitates effective CO2 storage solutions due to rising atmospheric CO2 levels. Additionally, industrial wastes pose risks such as heavy metals leaching into soil, and traditional mining has significant environmental impacts. Mineral carbonation offers a solution by converting CO2 into stable carbonates using various feedstocks. This paper provides a critical review of the ex-situ and in-situ mineral carbonation techniques, using feedstocks like industrial by-products (e.g., slags, municipal solid wastes, ashes) and naturally occurring minerals (olivine, wollastonite, serpentine). We critically reviewed economic feasibility of CO2 mineralization, underground CO2 behavior and carbon trapping mechanisms for in-situ carbon injection to ensure leakage-free trapping. We also addressed methods to mitigate the leaching risks of heavy metals like (chromium, lead, cadmium) which pose serious environmental and health risks (kidney dysfunction, respiratory issues). Moreover, factors affecting mineral carbonation, like (exposure conditions, feedstock properties, reaction conditions) and improvement techniques for mineral carbonation have been inclusively reviewed. Our findings revealed that ex-situ direct aqueous mineral carbonation offers up to 90-95 % carbonate formation in 1-2 h under controlled reaction conditions and optimized environments. While in-situ carbonation requires over 100,000 years for the formation of 90 kg of mineral carbonates per cubic meter volume. Furthermore, ex-situ carbonation using industrial waste offers dual benefits: sustainable waste management and surpasses natural minerals for carbon sequestration due to their high reactivity. Overall, this review provides improved understanding of mineral carbonation processes, mechanisms and leveraging industrial by-products to address global CO2 emissions and severe health risks while promoting sustainable waste management practices.",12,Semantic Scholar,unclear,a348b88bd8b8584c6172921990215fff5876ea85
F,旋转填充床与传质强化,"""process intensification"" ""mineral carbonation""",Developments in mineral carbonation for Carbon sequestration,2023,M. Rashid; Zahida Yaqoob; M. A. Mujtaba; H. Fayaz; Ahamed Saleel,Heliyon,10.1016/j.heliyon.2023.e21796,https://www.semanticscholar.org/paper/40fd4f8e032c989cc635d5e16d7783193c8e9d86,"Mineral technology has attracted significant attention in recent decades. Mineral carbonation technology is being used for permanent sequestration of CO2 (greenhouse gas). Temperature programmed desorption studies showed interaction of CO2 with Mg indicating possibility of using natural feedstocks for mineral carbonation. Soaking is effective to increase yields of heat-activated materials. This review covers the latest developments in mineral carbonation technology. In this review, development in carbonation of natural minerals, effect of soaking on raw and heat-activated dunite, increasing reactivity of minerals, thermal activation, carbonations of waste materials, increasing efficiency of carbonation process and pilot plants on mineral carbonation are discussed. Developments in carbonation processes (single-stage carbonation, two-stage carbonation, acid dissolution, ph swing process) and pre-process and concurrent grinding are elaborated. This review also highlights future research required in mineral carbonation technology.",41,Semantic Scholar,https://www.cell.com/article/S2405844023090047/pdf,40fd4f8e032c989cc635d5e16d7783193c8e9d86
F,旋转填充床与传质强化,"""process intensification"" ""mineral carbonation""",Amine-Assisted Simultaneous CO2 Absorption and Mineral Carbonation: Effect of Different Categories of Amines.,2023,Yafei Mao; Xing Yang; T. Gerven,Environmental Science and Technology,10.1021/acs.est.3c01352,https://www.semanticscholar.org/paper/d45e5df343068e25c0436681d8040ea2691c701d,"The hybrid technology of CO2 capture-mineral carbonation (CCMC) using alkaline streams has emerged in recent years. However, thus far, there has been no comprehensive study revealing the mechanisms of the simultaneous CCMC process regarding the choice of amine types and sensitivity of parameters. Combining with the analysis of multistep reaction mechanisms for different amines, we investigated a representative from each category in CCMC using calcium chloride to simulate the alkaline resource after leaching, i.e., primary (ethanolamine, MEA), secondary (diisopropanolamine, DIPA), tertiary (diethylethanolamine, DEAE), and triamine (diethylenetriamine, DETA), respectively. In the adsorption step, increasing the amine concentration beyond 2 mol/L reduced the absorption efficiency of DEAE due to the hydration mechanism, motivating a rational choice of concentration. In CCMC sections, when the amine concentration increased, only DEAE exhibited an increased carbonation efficiency of up to 100%, while DETA showed the lowest conversion. The carbonation of DEAE demonstrated the least sensitivity to temperature. The crystal transformation experiments suggested that over time, the produced vaterite could completely transform to calcite or aragonite, except those from DETA. Thus, with rationally chosen conditions, DEAE was demonstrated ideal for CCMC. These findings obtained in this work provided a theoretical foundation for designing future CCMC processes.",38,Semantic Scholar,unclear,d45e5df343068e25c0436681d8040ea2691c701d
F,旋转填充床与传质强化,"""process intensification"" ""mineral carbonation""","Effect of Carbonation Degree on Mineral Composition, Microstructure, and Cementitious Properties of BOF Slag",2024,Dongfeng He; Liu Yang; Jing Guo,Journal of Sustainable Metallurgy,10.1007/s40831-024-00881-8,https://www.semanticscholar.org/paper/1ef590b6bad8804fbff2dc21bfd68c621abeed1c,unclear,9,Semantic Scholar,unclear,1ef590b6bad8804fbff2dc21bfd68c621abeed1c
F,旋转填充床与传质强化,"""process intensification"" ""mineral carbonation""",A Review on Integrated Mineral Carbonation Process in Ultramafic Mine Deposit,2017,Jiajie Li; M. Hitch,unclear,10.15273/gree.2017.02.027,https://www.semanticscholar.org/paper/483df1d9a8a46e9e1b1c3fb626de68c64c40055e,"Dramatical increase in the CO 2 concentration in the atmosphere has led to the climate change, which poses a significant threat to human life on Earth. CO 2 sequestration via mineral carbonation is the one of the most effective method for mitigating global warming, and is the only way that could store CO 2 permanently. In recent years, integrating mineral carbonation via ultramafic mine deposit has received significant attention due to its high potentiality towards commercial application. This review compiles the work conducted by various researchers over the last few years on integrated mineral carbonation processes in mining industry, which use the mine waste materials as CO 2 feedstock for mineral carbonation. This paper initially introduces the basic theory of mineral carbonation, with a brief description of various techniques that enhance the rate of mineral carbonation. The enhanced mineral carbonation strategies include pre-treatment of feedstock by thermal, chemical and mechanical activation, and carbonation in a direct or indirect carbonation routes under gas/solid phase or aqueous phase. This paper then introduces the scope of application of integrated mineral carbonation. This includes the types of mine suitable for integrated mineral carbonation, the properties of mine waste materials preferable for CO 2 sequestration, and the worldwide locations potentially viable for integrated mineral carbonation. Moreover, this paper critically reviews and discusses the integrated mineral carbonation process in mining industry. The integrated mineral carbonation processes include modified passive carbonation techniques at tailing dams, and ex-situ carbonation routes using fresh tailings. The focus of the discussions is the role of reaction condition on the carbonation efficiency of mine waste with various mineralogy, and the drawback of each integrated mineral carbonation process. All the discussions lead to the suggestions on the technology improvement in the integrated mineral carbonation process. Finally, this paper reviews the economical assessments on the existing integrated mineral carbonation process. Literature to date indicates that the value-add by-products (i.e. recovered metals, valuable carbonated products) play an important role in commercialization of an integrated mineral carbonation process.",10,Semantic Scholar,https://ojs.library.dal.ca/greebookseries/article/download/7103/6159,483df1d9a8a46e9e1b1c3fb626de68c64c40055e
F,旋转填充床与传质强化,"""process intensification"" ""mineral carbonation""",Experimental Study on Mineral Dissolution and Carbonation Efficiency Applied to pH-Swing Mineral Carbonation for Improved CO2 Sequestration,2023,N. R. Galina; Gretta L. A. F. Arce; M. Maroto-Valer; Ivonete Ávila,Energies,10.3390/en16052449,https://www.semanticscholar.org/paper/a47a3d270eb4d0a4099332e6ea0cced317384377,"Mineral carbonation incurs high operating costs, as large amounts of chemicals and energy must be used in the process. Its implementation on an industrial scale requires reducing expenditures on chemicals and energy consumption. Thus, this work aimed to investigate the significant factors involved in pH-swing mineral carbonation and their effects on CO2 capture efficiency. A central composite rotatable design (CCRD) was employed for optimizing the operational parameters of the acid dissolution of serpentinite. The results showed that temperature exerts a significant effect on magnesium dissolution. By adjusting the reaction temperature to 100 °C and setting the hydrochloric acid concentration to 2.5 molar, 96% magnesium extraction was achieved within 120 min of the reaction and 91% within 30 min of the reaction. The optimal efficiency of carbon dioxide capture was 40–50%, at higher values than those found in literature, and 90% at 150 bar and high pressures. It was found that it is technically possible to reduce the reaction time to 30 min and maintain magnesium extraction levels above 90% through the present carbonation experiments.",26,Semantic Scholar,https://www.mdpi.com/1996-1073/16/5/2449/pdf?version=1677900049,a47a3d270eb4d0a4099332e6ea0cced317384377
F,旋转填充床与传质强化,"""process intensification"" ""mineral carbonation""",Potential of major by-products from non-ferrous metal industries for CO_2 emission reduction by mineral carbonation: a review,2023,F. Abdul; A. Iizuka; Hsing‐Jung Ho; Ken Adachi; E. Shibata,Environmental science and pollution research international,10.1007/s11356-023-27898-y,https://www.semanticscholar.org/paper/2d7cc75d564fb5978febfc70bfc287731bf3c447,unclear,17,Semantic Scholar,unclear,2d7cc75d564fb5978febfc70bfc287731bf3c447
F,旋转填充床与传质强化,"""process intensification"" ""mineral carbonation""",Technical & economic evaluation of a mineral carbonation process using southern Québec mining wastes for CO2 sequestration of raw flue gas with by-product recovery,2016,L. Pasquier; G. Mercier; J. Blais; Emmanuelle Cecchi; S. Kentish,unclear,10.1016/j.ijggc.2016.04.030,https://www.semanticscholar.org/paper/b7c414c6541685de843fb44171a91b0f3adc625d,unclear,68,Semantic Scholar,unclear,b7c414c6541685de843fb44171a91b0f3adc625d
F,旋转填充床与传质强化,"""process intensification"" ""mineral carbonation""",Experimental Investigation and Mechanism Analysis of Direct Aqueous Mineral Carbonation Using Steel Slag,2023,Fuxia Zhu; Longpeng Cui; Yanfang Liu; Liang Zou; Jili Hou; Chenghao Li; Ge Wu; Run Xu; Bo Jiang; Zhiqiang Wang,Sustainability,10.20944/preprints202310.2023.v1,https://www.semanticscholar.org/paper/3ac3f40a0839df65fb8b9ff0604f9b6c1d0151fc,"The carbonation of industrial calcium-rich byproducts such as steel slag demonstrates significant potential for CO2 sequestration. This technique aids in reducing carbon emissions while also promoting waste recycling. Despite its advantages, gaps remain in the understanding of how steel slag characteristics and operational parameters influence the carbonation process, as well as the underlying mechanism of direct aqueous carbonation. We evaluated the carbonation performance of three types of steel slag at temperatures below 100 °C. The slag with the highest CO2 sequestration capacity was chosen for a systematic evaluation of the effects of operating conditions on carbonation efficiency. Thermodynamic analysis indicated that the reactivity of CaO and Ca(OH)2 with CO2 exceeded that of CaO·SiO2 and 2CaO·SiO2. Under conditions of 85 °C, a particle size less than 75 μm, an initial CO2 pressure of 0.5 MPa, a liquid-to-solid ratio of 5 mL/g, and a stirring speed of 200 rpm, the steel slag achieved a sequestration capacity (K) of 283.5 g(CO2)/kg and a carbonation efficiency (ζCa) of 51.61%. Characterization of the slag before and after carbonation using X-ray diffraction, SEM-EDS, thermogravimetric analysis, and Fourier transform infrared spectrometry confirmed the formation of new carbonates. Mechanistic analysis revealed that the rate-limiting step initially involved the mass transfer of CO2, transitioning to Ca2+ mass transfer as time progressed. Our research provides a viable technique for CO2 capture and a beneficial approach for reutilizing waste steel slag. Furthermore, solid residues after capturing CO2 have the potential for conversion into carbon-negative building materials, offering a sustainable strategy for steel companies and other enterprises with high carbon emissions.",15,Semantic Scholar,https://www.preprints.org/manuscript/202310.2023/v1/download,3ac3f40a0839df65fb8b9ff0604f9b6c1d0151fc
F,旋转填充床与传质强化,"""process intensification"" ""mineral carbonation""",Mineral carbonation of Victorian brown coal fly ash using regenerative ammonium chloride - Process simulation and techno-economic analysis,2016,T. Hosseini; N. Haque; C. Selomulya; Lian Zhang,unclear,10.1016/j.apenergy.2016.04.093,https://www.semanticscholar.org/paper/02ea3e128de3a21c969b114e5d61f5141ef30b2f,unclear,42,Semantic Scholar,unclear,02ea3e128de3a21c969b114e5d61f5141ef30b2f
F,旋转填充床与传质强化,"""process intensification"" ""mineral carbonation""",Economic analysis on the application of mechanical activation in an integrated mineral carbonation process,2016,Jiajie Li; M. Hitch,unclear,10.1016/j.ibiod.2016.08.026,https://www.semanticscholar.org/paper/d2f0f7368aeb9684625147d6d7777319cf79c457,"Abstract This paper investigates the feasibility of mechanical activation as a pre-treatment method as part of an integrated mineral carbonation process for a nickel mining operation in British Columbia. The physical, structural and chemical characteristics of forsterite and lizardite in mine waste rock after mechanical activation were monitored to determine their CO 2 sequestration efficiency for a direct aqueous carbonation process. Economic analysis on the process was developed through considering the energy requirements, cost modeling and carbon balance. Mechanical activation on mining residue reduced the particle size, enlarged the surface area, distorted the crystal structure of forsterite, and enhanced the CO 2 sequestration efficiency. However, it didn't create new phase or induce phase transfer between forsterite and lizardite, and distort the crystal lattice of lizardite. The optimum condition for 60% CO 2 sequestration efficiency was found at mechanical activation for 210 kWh t −1 ore and carbonation for 260 kWh t −1 ore, which had an operating cost of 104.1–107.1 $ t −1 CO 2 avoided. Using mechanical activation, the integrated mineral carbonation plant in the mine can potentially sequester 14.62 Mt y −1 CO 2 using mine waste rock and tailings during the 28-year life of mine.",41,Semantic Scholar,https://unsworks.unsw.edu.au/bitstreams/d071bea9-58a0-4c52-9be1-a3cbe35676ac/download,d2f0f7368aeb9684625147d6d7777319cf79c457
F,旋转填充床与传质强化,"""process intensification"" ""mineral carbonation""",Mineralogical and chemical characterization of mining waste and utilization for carbon sequestration through mineral carbonation,2023,V. L. M. Molahid; F. M. Kusin; Sharifah Nur Munirah Syed Hasan,Environmental Geochemistry and Health,10.1007/s10653-023-01513-y,https://www.semanticscholar.org/paper/ab9e6f016520c50610373c0e8483580c8f7e1262,unclear,12,Semantic Scholar,unclear,ab9e6f016520c50610373c0e8483580c8f7e1262
F,旋转填充床与传质强化,"""process intensification"" ""mineral carbonation""",A comprehensive review of direct aqueous mineral carbonation of industrial wastes using principal component analysis,2025,Francesca Bonfante; Giuseppe Ferrara; J. Tulliani; Paola Palmero,Journal of Sustainable Cement-Based Materials,10.1080/21650373.2025.2567002,https://www.semanticscholar.org/paper/6b20708d0981d33c24ece62b2efba7475674ef9e,"Aqueous mineral carbonation has been identified as a potential solution for permanent sequestration of CO2, thus offering a sustainable approach to mitigate global warming. The present study examines recent advancements in aqueous carbonation processes, emphasizing the utilization of industrial by-products, in particular steel slags and wastes from construction sector, as reactive feedstocks. The fundamental mechanisms of carbonation in aqueous systems are analyzed, highlighting the role of solution chemistry, reaction kinetics, and mineral solubility in optimizing CO2 uptake. The high alkalinity of selected industrial by-products has been demonstrated to facilitate efficient carbonation under controlled conditions. The most common CO2 quantification techniques and carbonation efficiency equations are briefly summarized and discussed. The effects of the most significant operational parameters on enhancing the reaction efficiency are also discussed. Finally, multivariate Principal Component analysis has been adopted for the evaluation of these parameters while considering the nature of the materials and the reactor types.",2,Semantic Scholar,unclear,6b20708d0981d33c24ece62b2efba7475674ef9e
F,旋转填充床与传质强化,"""process intensification"" ""mineral carbonation""",Catalytic Activity of Solution Additive Anions for Magnesite and Calcite Precipitation in Microwave‐Assisted Mineral Carbonation Experiments,2025,Marcello Campione; Daniela D’Alessio; Mattia Corti; Giancarlo Capitani; A. Lucotti; Matteo Tommasini; R. Yivlialin; Lamberto Duò; G. Bussetti; Nadia Malaspina,Advanced Energy and Sustainability Research,10.1002/aesr.202500046,https://www.semanticscholar.org/paper/1546f17c7c86d97a65c71e407e8590f4d83358e4,"Identifying catalytic routes for magnesite and calcite precipitation from Mg‐ and Ca‐bearing minerals is key to developing carbon‐neutral or negative industrial processes. This study experimentally evaluates the catalytic activity of over 20 environmentally friendly additive anions—including carboxylates, inorganics, and ammonium salts—for promoting magnesite and calcite formation during the carbonation of brucite [Mg(OH)2] and portlandite [Ca(OH)2] in aqueous slurries. Carbonation is driven by microwave (MW)‐assisted heating at 100–200 °C under hydrothermal conditions, with CO2 partial pressures below 8 bar. Results reveal a significant enhancement in magnesite precipitation when additives are combined with MW energy, enabling crystallization at much lower temperatures. For calcite, MWs alone nearly double the precipitation yield, with further improvements in the presence of additives. Among promising catalyzers, chelating agents like citrate and tartrate increase induction times and reduce overall yield at higher concentrations. In contrast, additives forming simple ion pairs—such as acetate and sulfate—show improved performance with increased concentration. These findings highlight the importance of additive selection and MW energy in optimizing mineral carbonation for sustainable applications.",3,Semantic Scholar,unclear,1546f17c7c86d97a65c71e407e8590f4d83358e4
F,旋转填充床与传质强化,"""process intensification"" ""mineral carbonation""",CO2 mineral carbonation using industrial solid wastes: A review of recent developments,2021,Weizao Liu; Liumei Teng; S. Rohani; Zhifeng Qin; Bin Zhao; C. Xu; Shan Ren; Qingcai Liu; Bin Liang,Chemical Engineering Journal,10.1016/j.cej.2021.129093,https://www.semanticscholar.org/paper/e6b3288d500a3665c8581bb6ca2f5ddbf9194c3c,"Abstract CO2 mineral carbonation is a promising strategy to abate global warming. However, its industrial applications were still limited. This paper reviews the current developments of mineral carbonation technologies by using industrial solid wastes as feedstocks, aiming at searching the reasons of its limitation. Firstly, the pathways and principles for CO2 mineral carbonation are briefly introduced. Then, the carbonation potential and processes of the most representative and available industrial solid wastes are summarized and compared. Iron and steel slags exhibit great potential due to their high alkali content and reactivity. Based on the preliminary economic analysis, the reasons for the limitation of current scale-up applications of CO2 mineral carbonation are the concerns of energy and cost consumption. The process parameter optimization and equipment design for scale-up applications need to be extensively investigated. Meanwhile, the recovery of high-value products during the carbonation process improves the economy and make the process more promising for industrial applications. The feasibility for recovering various value-added byproducts such as precipitated calcium carbonate (PCC) and zeolites was reported and discussed in this paper. Lastly, two research directions, i.e. the evaluation of CO2 net emission reduction by life cycle assessment technique and developments of new energy-saving approaches, are suggested.",401,Semantic Scholar,unclear,e6b3288d500a3665c8581bb6ca2f5ddbf9194c3c
F,旋转填充床与传质强化,"""high gravity"" ""mass transfer"" ""CO2""",Integrated high-gravity process for HCl removal and CO2 capture using carbide slag slurry in a rotor-stator reactor: Experimental and modeling studies.,2023,Hao Xiao; Yunhua Song; Jianming Chen; Hao Ma; Li Wang; Yang Xiang; Lei Shao,Chemosphere,10.1016/j.chemosphere.2023.139848,https://www.semanticscholar.org/paper/fde499826f3321e38fd1532c6d579bffb7cf60e7,"The treatment of flue gas containing HCl and CO2 has garnered significant attention. This study proposes an integrated high-gravity process based on a rotor-stator reactor (RSR) for HCl removal and CO2 capture through mineralization using carbide slag slurry (CSS), an industrial waste. Experimental and modeling studies were conducted to investigate the absorption performance and mass-transfer mechanism. Considering the properties of CSS, Ca(OH)2 slurry was used to simulate CSS for HCl and CO2 absorption in the RSR. The influences of solid content, rotational speed, gas flow rate, and liquid flow rate were investigated, resulting in HCl and CO2 absorption efficiencies of 87.3%-98.9% and 33.8%-65.7%, respectively. Two mechanistic mass-transfer models were established based on surface renewal theory and penetration theory, respectively, to depict the process. The predicted values aligned well with the experimental results, with deviations generally less than 25%. The study further explored the absorption of HCl and CO2 using an actual CSS operated in recycle in the RSR and investigated the characteristics of the solids in fresh and carbonated CSS using XRD, TGA, and SEM. The results indicated that the actual CSS had excellent absorption performance, generally consistent with Ca(OH)2 slurry, and that Ca(OH)2 in CSS was almost completely converted to CaCO3 (calcite).",8,Semantic Scholar,unclear,fde499826f3321e38fd1532c6d579bffb7cf60e7
F,旋转填充床与传质强化,"""high gravity"" ""mass transfer"" ""CO2""",Systematic approach to determination of optimum gas-phase mass transfer rate for high-gravity carbonation process of steelmaking slags in a rotating packed bed,2015,S. Pan; Elisa G Eleazar; E. Chang; Yi-Pin Lin; Hyunook Kim; P. Chiang,unclear,10.1016/j.apenergy.2015.03.047,https://www.semanticscholar.org/paper/ba1d4856c9b4d2f9a2d61851fba199e2aa42309a,unclear,29,Semantic Scholar,unclear,ba1d4856c9b4d2f9a2d61851fba199e2aa42309a
F,旋转填充床与传质强化,"""high gravity"" ""mass transfer"" ""CO2""",The Research of High Gravity Rotating Packed Bed Removing Carbon Dioxide Volumetric Mass Transfer Coefficient,2015,L. Hua,unclear,unclear,https://www.semanticscholar.org/paper/7e68b9b1c7b990173cc4a0f17891cbdfc3d1dfef,unclear,0,Semantic Scholar,unclear,7e68b9b1c7b990173cc4a0f17891cbdfc3d1dfef
F,旋转填充床与传质强化,"""high gravity"" ""mass transfer"" ""CO2""",Experimental study of CO2 capture enhanced by coal fly ash-synthesized NH2-MCM-41 coupled with high gravity technology,2020,Cheng Shangyuan; Youzhi Liu; Guisheng Qi,unclear,10.1016/j.cej.2020.125946,https://www.semanticscholar.org/paper/b2d86c79f39faebebe0c3a0550d2675d7c09e045,"Abstract A new technology based on high gravity coupled nanofluids intensification mass transfer technology for efficiently capture CO2 was adopted in this work. It can overcome the mass transfer limitation of CO2 and enhance the capture effect. The nanoparticles MCM-41 was synthesized from coal fly ash and functionalized with (3-aminopropyl) triethoxysilane. The nanoparticles NH2-MCM-41 was dispersed in diethylenetriamine (DETA) by ultrasonic dispersion method. XRD, SEM, FTIR, N2 adsorption-desorption and TG were used to characterize the physicochemical properties of NH2-MCM-41 materials. Experimental results suggested that the existence of NH2-MCM-41 nanoparticles in DETA solution could effectively improve CO2 capture. The optimum conditions were the high gravity factor of 48.09, liquid-gas ratio of 0.07 and NH2-MCM-41 dosage of 0.1 wt%. Compared with the results of using DETA solution without adding NH2-MCM-41, CO2 capture efficiency was improved by 4.7% due to the enhancement of grazing effect and hydrodynamic effect in the high gravity environment. The combination of the two process intensification technologies reduces the mass transfer resistance, strengthens the mass transfer process of CO2 and enhances the CO2 capture effect. This work might offer a promising and green approach for production of MCM-41 to capture CO2 by combing high gravity technology. Turning coal fly ash into treasure, harm into profit, realizing waste control waste and green environmental protection.",54,Semantic Scholar,unclear,b2d86c79f39faebebe0c3a0550d2675d7c09e045
F,旋转填充床与传质强化,"""high gravity"" ""mass transfer"" ""CO2""",Enhanced performance on simultaneous removal of NOx-SO2-CO2 using a high-gravity rotating packed bed and alkaline wastes towards green process intensification,2020,Tse-Lun Chen; Yi-Hung Chen; P. Chiang,unclear,10.1016/j.cej.2020.124678,https://www.semanticscholar.org/paper/e0dba817bf3f9d4bfc1de00207f6c69d1caf6b17,"Abstract In order to intensify the gas-liquid absorption processes in the field of energy and environment, high-gravity rotating packed bed (HiGee RPB) has been successfully applied in the multiple air pollutants abatement and CO2 capture by mineralization. Since the mass transfer and chemical reaction through gas-liquid absorption were found to be the key factors affecting acid gas removal, a mass transfer model based on the two-film theory for simultaneous removal of NOx-SO2-CO2 in an RPB was developed in this study. The mass transfer parameters including overall gas-phase mass transfer coefficient (KGa), height of a transfer unit (HTU), liquid mass transfer rate (kL) and enhancement factor (E) were theoretically determined from the experimental data. The effect of key dimensionless operating factors such as high gravity factor (β), gas-to-liquid ratio (GLR), and liquid-to-solid ratio (LSR) on mass transfer parameters were evaluated. Based on the results obtained in this study, the enhancement of high gravity filed on mass transfer and removal efficiencies of NOx and CO2 were significantly higher than that of SO2. It was inferred that the carbonation reaction could compensate the removal efficiency of acid gaseous pollutants at the lower mass transfer rate. The relationship between mass transfer rate and energy consumption for the multiple air pollutant control via a HiGee process was established. The favorable operating factors for NOx-SO2-CO2 simultaneous removal in an RPB were suggested as β of 233.8, GLR of 69.5 and LSR of 40.",53,Semantic Scholar,unclear,e0dba817bf3f9d4bfc1de00207f6c69d1caf6b17
F,旋转填充床与传质强化,"""high gravity"" ""mass transfer"" ""CO2""",Mass-Transfer Performance for CO2 Absorption by 2-(2-Aminoethylamino)ethanol Solution in a Rotating Packed Bed,2017,Shuying Wu; Liang-liang Zhang; Baochang Sun; Hai-kui Zou; Xiaofei Zeng; Yong Luo; Qiang Li; Jianfeng Chen,unclear,10.1021/acs.energyfuels.7b03002,https://www.semanticscholar.org/paper/26eb565c30f379b3ab3b11ae46f20ad2cc82721d,unclear,35,Semantic Scholar,unclear,26eb565c30f379b3ab3b11ae46f20ad2cc82721d
F,旋转填充床与传质强化,"""high gravity"" ""mass transfer"" ""CO2""","Process, performance and modeling of CO2 capture by chemical absorption using high gravity: A review",2016,Bingtao Zhao; Wenwen Tao; Mei Zhong; Yaxin Su; Guomin Cui,unclear,10.1016/j.rser.2016.06.059,https://www.semanticscholar.org/paper/43f1aed152baaaee28eb3065197fe1342dc3b094,unclear,84,Semantic Scholar,unclear,43f1aed152baaaee28eb3065197fe1342dc3b094
F,旋转填充床与传质强化,"""high gravity"" ""mass transfer"" ""CO2""",Mass Transfer Theory Based Analysis of Influencing Factors on Component Gradient of Near-surface Atmosphere on Venus,2023,Wen Gao; Xiao-Ning Yang; Jing Wang; Yanqiang Bi; B. Lin; Yonghong Shang; X. Cui,Astrophysical Journal,10.3847/1538-4357/ace622,https://www.semanticscholar.org/paper/07c8bb6b3e85e49ca6d160331237ab6260a648d1,"The atmosphere of Venus differs completely from that of Earth despite the planets’ similarity in size and mass. At Venus's surface, the atmosphere is hot and dense, with a temperature of approximately 735 K and a pressure of approximately 92 bar. The temperature profile from the Soviet VeGa-2 probe shows high instability of the near-ground potential temperature, which, according to relevant research, can be explained by the vertical gradient of N2 mole fraction. Based on the Maxwell–Stefan mass transfer theory, we propose a theoretical model of binary gas component for a quantitative discussion of influencing factors for the N2 vertical concentration gradient, which consist of temperature, gravity, specific heat ratio, mass relative factor, thermal diffusion factor, and CO2 flux. Our model shows that the 0%–3.5% N2 concentration gradient cannot be generated without CO2 flux in the near-ground atmosphere of Venus. And the result with CO2 source indicates that the 0.000001%–3.5% N2 concentration gradient at 0–7 km atmosphere can be generated by the 2.7 × 10−6 mol m−2 s−6 CO2 flux on Venusian surface, which is in agreement of gradient reckoned by VeGa-2's data. This magnitude of CO2 flux is close to the one produced by volcanic eruptions on Earth, indicating possible existence of volcanic activities on the surface of Venus. This work has provided the community a new vision to understand the influencing factors of Venusian atmospheres composition distribution.",0,Semantic Scholar,https://iopscience.iop.org/article/10.3847/1538-4357/ace622/pdf,07c8bb6b3e85e49ca6d160331237ab6260a648d1
F,旋转填充床与传质强化,"""high gravity"" ""mass transfer"" ""CO2""",A systematic approach to evaluating environmental-economic benefits of high-gravity technology for flue gas purification and municipal solid waste incineration fly ash utilization,2021,Tse-Lun Chen; Li-Heng Chen; Yen-Hau Chen; Nelson Felipe Rincón Soto; Yi-Hung Chen; Hwong‐wen Ma; P. Chiang,Journal of Environmental Chemical Engineering,10.1016/j.jece.2021.106438,https://www.semanticscholar.org/paper/03943e06295022ad5fdd739162edc4b57dbbf022,"Abstract This study proposed a systematic approach to evaluating the environmental-economic benefits of multiple air pollution control, CO2 mineralization, and municipal solid waste incineration (MSWI) fly ash stabilization-utilization with high-gravity (HiGee) technology. MSWI fly ash due to its high alkalinity and calcium-rich compositions could be used to absorb acid gas pollutants and mineralize CO2 simultaneously. HiGee system can be deployed to eliminate the mass-transfer limit to accelerate the reaction kinetics. Technical-economic analysis (TEA) and life cycle analysis (LCA) were integrated with the technique to order preference by similarity to ideal solution (TOPSIS) approach and comprehensively evaluate the prioritized alternatives. Compared to existing wet-scrubber and fly ash landfill, the combination of fly ash slurry and further utilization of cementitious material can generate additional profits of direct/indirect carbon credit, calcium carbonate byproduct, reduction of air pollution fees and fly ash utilization revenue. In terms of environmental benefits, the installed HiGee system can reduce water and energy consumption to avoid water depletion and greenhouse gas emissions. TOPSIS results prioritized the various alternatives of HiGee operation modes and provided a technological evaluation for substituting the existing scrubber in an MSWI plant.",16,Semantic Scholar,unclear,03943e06295022ad5fdd739162edc4b57dbbf022
F,旋转填充床与传质强化,"""high gravity"" ""mass transfer"" ""CO2""",Numerical Study on the Gravity Effect on Heat Transfer of Supercritical CO2 in a Vertical Tube,2020,Xiaojing Zhu; Ruizeng Zhang; Xiao Yu; Maoguo Cao; Yongxiang Ren,Energies,10.3390/en13133502,https://www.semanticscholar.org/paper/793c790a98c44a4df6bb2ff6be85716b48314015,"The effects of gravity on the heat transfer performance of supercritical CO2 flowing within a vertical tube with a diameter of 4.75 mm are numerically studied in this paper. The main objectives are to comprehensively investigate the action of gravity and buoyancy on the supercritical heat transfer. An effective numerical method, which employs a modified Shear Stress Transfer k-ω model (SST k-ω), is applied at various gravity conditions. It is found that, for both upward and downward flows, the heat transfer of supercritical CO2 is improved with increased gravity magnitude. The effect of gravity on heat transfer are more pronounced under a low mass flux condition than that under a high mass flux condition and it is closely related to the variations of thermal properties. For the upward flow, the increased gravity magnitude accelerates the near wall fluid and creates a classic “M-shaped” radial velocity distribution. For the downward flow, the increased gravity magnitude decelerates the near wall fluid and creates a parabola-like radial velocity distribution. On one hand, the turbulent kinetic energies of both the upward and downward flows are enhanced as the gravity magnitude increases, which benefits heat transfer dominated by turbulent eddy diffusion. On the other hand, high-density fluid with high thermal conductivity occupies the near wall region as the gravity magnitude increases, which benefits heat transfer dominated by molecular diffusion. The results might provide some instructive advice to improve the design and operation safety of heat exchanger at various gravity conditions.",9,Semantic Scholar,https://www.mdpi.com/1996-1073/13/13/3502/pdf?version=1594185403,793c790a98c44a4df6bb2ff6be85716b48314015
F,旋转填充床与传质强化,"""high gravity"" ""mass transfer"" ""CO2""",Development of high-gravity technology for removing particulate and gaseous pollutant emissions: Principles and applications,2017,S. Pan; Pengchen Wang; Qianying Chen; Wen Jiang; Y. Chu; P. Chiang,unclear,10.1016/j.jclepro.2017.02.108,https://www.semanticscholar.org/paper/c15c1eb95fe677940f2578ac56cba20745ba4931,unclear,59,Semantic Scholar,unclear,c15c1eb95fe677940f2578ac56cba20745ba4931
F,旋转填充床与传质强化,"""high gravity"" ""mass transfer"" ""CO2""",Accelerated mass transfer of CO2 in reservoir brine due to density-driven natural convection at high pressures and elevated temperatures,2006,Chaodong Yang and; Yongan Gu,unclear,10.1021/ie050497r,https://www.semanticscholar.org/paper/fd0a59324b849cc6441a4eda3f94f632e604b17f,unclear,171,Semantic Scholar,unclear,fd0a59324b849cc6441a4eda3f94f632e604b17f
F,旋转填充床与传质强化,"""high gravity"" ""mass transfer"" ""CO2""",Calculation of mass transfer in the remote cutting of metals by radiation of a high-power repetitively pulsed CO2 laser,2002,G. G. Gladush; N. Rodionov,unclear,10.1070/qe2002v032n01abeh002118,https://www.semanticscholar.org/paper/d354ad63e90f9622f5f27c39a87724343be0af26,unclear,7,Semantic Scholar,unclear,d354ad63e90f9622f5f27c39a87724343be0af26
F,旋转填充床与传质强化,"""high gravity"" ""mass transfer"" ""CO2""",Calculation of mass transfer in the remote cutting of metals by radiation of a high-power repetitively pulsed CO2 laser,2002,G G Gladush; N B Rodionov,unclear,10.1070/qe2002v032n01abeh002118,https://www.semanticscholar.org/paper/5b5993988813235b3f447656920500d6d5f0392d,unclear,0,Semantic Scholar,unclear,5b5993988813235b3f447656920500d6d5f0392d
F,旋转填充床与传质强化,"""high gravity"" ""mass transfer"" ""CO2""",Modeling and experimental studies of mass transfer in the cavity zone of a rotating packed bed,2017,L. Sang; Yong Luo; Guang‐wen Chu; Ya‐Zhao Liu; Xingzheng Liu; Jianfeng Chen,unclear,10.1016/j.ces.2016.12.041,https://www.semanticscholar.org/paper/a76eb2049345e44ba7986f5429bd84668d865a82,unclear,58,Semantic Scholar,unclear,a76eb2049345e44ba7986f5429bd84668d865a82
F,旋转填充床与传质强化,"""high gravity"" ""mass transfer"" ""CO2""",Experimental Study on the Sweep Patterns of CO2 Flooding in Reservoirs with Interlayer Heterogeneity,2025,Jiangfei Wei; Yutong Yan; Yujia Chen; Ming Gao; Weifeng Lv; Hongwei Yu; Yuan Gao; Xin-long Chen; Kesheng Tan; Yue Guan,ACS Omega,10.1021/acsomega.4c11327,https://www.semanticscholar.org/paper/8c32c0c1a61759ff084ce539309700042209a720,"CO2 flooding is widely applied in low-permeability reservoirs due to its good injectivity, miscibility with crude oil, and ability to diminish the interfacial tension and viscosity between oil and gas. However, strongly heterogeneous reservoirs can lead to phenomena such as fingering and gravity override during the displacement process, which significantly reduce the sweep area. To address this, this study systematically investigates the mechanisms influencing CO2 miscible flooding sweep efficiency under interlayer heterogeneity using a 2D, three-layer, equally thick, heterogeneous visualized physical model. The study compares oil displacement efficiency under three injection-production strategies: sequential activation of high-, medium-, and low-permeability layers, simultaneous activation, and accelerated flooding (1.0 mL/min). High-speed imaging technology is used for real-time monitoring of the CO2 front migration, revealing the dynamic coupling mechanism of gravity segregation and mass transfer. Experimental results show that at low injection rates (0.1 mL/min), gravity override leads to early gas cap formation at the top of the high-permeability layer, restricting the gas-phase sweep area. In contrast, high injection rates (1.0 mL/min) enhance horizontal displacement forces, suppressing override and increasing the sweep area in the high-permeability layer. Additionally, the migration of CO2 from the low-permeability layer to the medium-permeability layer intensifies under gravity segregation, and its recovery is strongly influenced by injection rates. The simultaneous activation strategy significantly improves recovery in the medium-permeability layer through synergistic vertical mass transfer and horizontal pressure difference, achieving a total recovery of 85.47%, making it the optimal injection-production strategy. This study provides a theoretical basis for optimizing CO2 flooding in interlayer heterogeneous reservoirs, emphasizing the critical role of injection-production rates and interlayer coupling effects on sweep efficiency.",4,Semantic Scholar,https://doi.org/10.1021/acsomega.4c11327,8c32c0c1a61759ff084ce539309700042209a720
F,旋转填充床与传质强化,"""high gravity"" ""mass transfer"" ""CO2""",Process intensification of high-gravity reactor for enviromental engineering: from fundamental to industrialization,2014,Hai-kui Zou; Guang‐wen Chu; Hong Zhao; Yang Xiang; Jianfeng Chen,unclear,10.1360/n032014-00161,https://www.semanticscholar.org/paper/e97d7ea1836bb82d396586deff590b4f21b6f150,unclear,2,Semantic Scholar,unclear,e97d7ea1836bb82d396586deff590b4f21b6f150
F,旋转填充床与传质强化,"""high gravity"" ""mass transfer"" ""CO2""",Enhancement of CO2 Absorption into K2CO3 Solution by Cyclohexane in a High-Shear Reactor,2019,Qiqi Feng; Baochang Sun; Wen Wang; L. Shao,Energy & Fuels,10.1021/acs.energyfuels.9b01199,https://www.semanticscholar.org/paper/ceade01791bfc41803f50789b48864e37194cf62,"This study investigated CO2 absorption into K2CO3 solution enhanced by cyclohexane in a novel high-gravity device named a high-shear reactor (HSR). CO2 absorption percentage and enhancement factor in both the cyclohexane/K2CO3 emulsion and the K2CO3 solution were measured to assess the influence of cyclohexane. The effect of various operating parameters including the volume fraction of cyclohexane, rotation speed of HSR, gas and liquid volumetric flow rates, and liquid temperature was investigated. It was observed that HSR can intensify the absorption of CO2 markedly. The effective interfacial area of the gas–liquid–liquid system in the HSR was calculated to reveal the enhancement mechanism of the organic phase. The results indicate that addition of cyclohexane increased the interfacial area of the gas–liquid–liquid system in the HSR, which was favorable for the gas–liquid mass transfer process and thus significantly enhanced CO2 absorption efficiency.",16,Semantic Scholar,unclear,ceade01791bfc41803f50789b48864e37194cf62
F,旋转填充床与传质强化,"""high gravity"" ""mass transfer"" ""CO2""",Study on selective desulfurization from coke oven gas with high gravity technology,2011,Shi Wen-gui,unclear,unclear,https://www.semanticscholar.org/paper/8287df01529bed811f8997c1ce9e9c5d4be2ed10,unclear,0,Semantic Scholar,unclear,8287df01529bed811f8997c1ce9e9c5d4be2ed10
F,旋转填充床与传质强化,"""high gravity"" ""mass transfer"" ""CO2""",High-gravity Reactive Precipitation Process and Morphology Control for Precipitated Calcium Carbonate,2002,Chen Jianfeng,unclear,unclear,https://www.semanticscholar.org/paper/d7bd5bb8e31665534dca25a1dd455c95c3d3cf19,unclear,3,Semantic Scholar,unclear,d7bd5bb8e31665534dca25a1dd455c95c3d3cf19
F,旋转填充床与传质强化,"""high gravity"" ""mass transfer"" ""CO2""",Mass transfer intensification mechanism of Al2O3 sphere packing in a rotating packed bed,unclear,Chi Ma; Zhangping Wen; Baochang Sun; Yong Luo; Guang‐wen Chu,unclear,10.1016/j.cej.2021.130953,https://www.semanticscholar.org/paper/77808547d87230cb6a59a6879c1e5338be676d91,unclear,9,Semantic Scholar,unclear,77808547d87230cb6a59a6879c1e5338be676d91
F,旋转填充床与传质强化,"""high gravity"" ""mass transfer"" ""CO2""",Experimental and theoretical investigation of localized CO2 laser interaction with fused silica during the process of surface damage mitigation,2020,C. Tan; Linjie Zhao; Mingjun Chen; Jian Cheng; Chunya Wu; Qi Liu; Hao Yang; Zhaoyang Yin; Wei Liao,unclear,10.1016/j.rinp.2020.102936,https://www.semanticscholar.org/paper/0dc1e94d7f09e7241a424f173d4e3159caa0d269,"Abstract Localized CO2 laser repairing of surface damage on fused silica optics has been successfully applied in high-power laser system in the field of controllable nuclear fusion. In order to accurately predict the surface topography evolution and to reveal the intrinsic physical mechanism during the process of laser mitigation, experiments of localized CO2 laser mitigation were firstly carried out to analyze the features of mitigated craters under different laser powers. Then a multi-physics coupled mathematical model was developed based on the fluid control equation, heat and mass transfer equation and material phase transition kinetics to investigate the thermodynamic and kinetic behaviors of laser interaction with silica. The model considered the effects of Marangoni convection, gravity, capillary force and vaporization recoil pressure, as well as the nonlinear variation of physical parameters of silica material with respect to temperature. The results showed that with the increase of laser power, the material ablation and the appearance of raised rim occurred simultaneously. The depth of the mitigated crater increased sharply when the threshold for material ablation was attained, while the lateral dimension increased linearly. The vaporization recoil pressure was found to be the dominant factor for the formation of Gaussian crater with the raised rim feature. The capillary force caused the material at the edge of the molten pool to have a tendency to reflow after laser shutting down, but it was too small to change the surface topography. This work could significantly contribute to the understanding of laser mitigation process, which laid the foundation for the accurate prediction and evaluation of surface quality of CO2 laser repaired fused silica surface.",50,Semantic Scholar,https://doi.org/10.1016/j.rinp.2020.102936,0dc1e94d7f09e7241a424f173d4e3159caa0d269
F,旋转填充床与传质强化,"""high gravity"" ""mass transfer"" ""CO2""",Insight into the experimental and modeling study of process intensification for post-combustion CO2 capture by rotating packed bed,2019,F. Zarei; M. Rahimi; R. Razavi; A. Baghban,Journal of Cleaner Production,10.1016/j.jclepro.2018.11.239,https://www.semanticscholar.org/paper/504d77a39512404999b77c4358cbb391700b517a,"Abstract The purpose of rotating packed bed is to intensify process conditions by using centrifugal forces. The effective interfacial area is a critical design factor and has a direct relationship with operational condition and mass transfer rate. Process intensification by the rotating packed bed is an emerging technology to improve the mass transfer rate in a high gravity system. Since there are limited modeling studies in order to control rotating packed bed parameters, in the present study, the multilayer perceptron artificial neural network (MLP) framework was successfully used to investigate the gas-liquid effective interfacial area in a rotating packed bed. In this regard, a number of 265 experimental data for the gas-liquid effective interfacial area was utilized by considering three groups including operational factors, physical dimension, and gas-liquid properties as the network’ inputs. The mean relative error and R-square as analogy factors for verification of the model accuracy obtained to be 8.2% and 0.97, respectively. Accordingly, the present model can be a huge value in the CO2-liquid system and it is introduced as a novel strategy to determine the gas-liquid effective interfacial area in a rotating packed bed.",28,Semantic Scholar,unclear,504d77a39512404999b77c4358cbb391700b517a
F,旋转填充床与传质强化,"""high gravity"" ""mass transfer"" ""CO2""",Effect of Different Packing Structure on Mass Transfer in a Cross-flow Rotating Packed Bed,2007,Diao Jin-xiang,unclear,unclear,https://www.semanticscholar.org/paper/ff48ba31f53f41271727cd648937c5aa4aff0e02,unclear,1,Semantic Scholar,unclear,ff48ba31f53f41271727cd648937c5aa4aff0e02
F,旋转填充床与传质强化,"""high gravity"" ""mass transfer"" ""CO2""",Enzyme-enhanced CO2 absorption process in rotating packed bed,2018,J. Wojtasik; K. Gładyszewski; M. Skiborowski; A. Górak; M. Piatkowski,Chemické zvesti,10.1007/s11696-018-0647-8,https://www.semanticscholar.org/paper/8b63759d011501e6bdac8770bef855bf6aa42142,"Carbon dioxide is considered the most important contributor to the global warming effect. To reduce greenhouse gas emissions, CO2 should be separated from the exhaust gas stream in a selective way. The most often applied technology to capture CO2 from exhaust gases is the reactive absorption in aqueous amine solutions, which is currently widely used in different industrial applications. The efficiency of this technology could be improved by applying high-gravity technologies that intensify mass transfer and can enable substantial equipment size reduction compared to the traditionally used packed columns. Rotating packed bed (RPB) technology meets these requirements very well. Applying innovative materials such as the highly efficient enzyme carbonic anhydrase can further improve the efficiency of the CO2 absorption process. This combination of intensified technology together with new solvents is expected to improve the total efficiency of CO2 absorption. In this study, we present our experimental results of CO2 absorption using 30 wt% N-methyldiethanolamine (MDEA) solution in water in an RPB unit with and without carbonic anhydrase for different gas and liquid flow rates. The results indicate significantly improved performance of CO2 absorption, up to 18 times compared to the solvent without enzyme.",20,Semantic Scholar,https://link.springer.com/content/pdf/10.1007/s11696-018-0647-8.pdf,8b63759d011501e6bdac8770bef855bf6aa42142
F,旋转填充床与传质强化,"""high gravity"" ""mass transfer"" ""CO2""",Secondary development modeling of HiGee absorption components based on HYSYS,2025,Jianlu Zhu; Hang Cao; Qi Nie; Liang Hao; Jiatao Fan; Yu-xing Li; N. Li; Zhi-Qun Duo,International Journal of Fluid Engineering,10.1063/5.0279328,https://www.semanticscholar.org/paper/2db016d8767477e2d3dc5cda56fd9f910631b1a9,"Compared with the traditional carbon dioxide (CO2) removal process, the use of a rotating packed bed to absorb carbon dioxide has the advantages of a small footprint and light equipment weight. In this paper, the relevant components are constructed in HYSYS by applying the relevant mass transfer model to a HiGee machine, and the HiGee absorption process is incorporated into HYSYS by using the CO2 removal high-gravity component for secondary development. The modeling of the absorption process is verified by experimental data from the literature, and the errors in the removal rate are found to be less than ±12%. The effects of CO2/amine liquid ratio and the HiGee level of the rotor on the CO2 removal rate and mass transfer coefficient are studied. Taking a 20 wt. % monoethanolamine solution as an example, as the CO2/amine liquid ratio increases from 150 to 250 L/h, the CO2 content after removal decreases from 2031 to 1887 ppm, the CO2 removal rate increases from 53.84% to 57.10%, and the overall volumetric mass transfer coefficient increases from 9.87 to 10.81. With an increase in packing speed from 600 to 1400 rpm, the CO2 content of the product gas decreases from 2062 to 1887 ppm, the CO2 removal rate increases from 55.12% to 57.84%, and the overall volumetric mass transfer coefficient increases from 9.68 to 11.03. A similar trend is found for other concentrations of monoethanolamine solution, but with increasing concentration improving the CO2 absorption effect.",0,Semantic Scholar,unclear,2db016d8767477e2d3dc5cda56fd9f910631b1a9
F,旋转填充床与传质强化,"""high gravity"" ""mass transfer"" ""CO2""",Recent Advances in External Fields‐Enhanced Electrocatalysis,2023,Lan Luo; Liang Xu; Qiangyu Wang; Q. Shi; Hua Zhou; Zhenhua Li; Mingfei Shao; Xue Duan,Advanced Energy Materials,10.1002/aenm.202301276,https://www.semanticscholar.org/paper/c0c072a4b32a6618f385ae58941552f9ba920e45,"Electrocatalytic technology provides a promising approach for energy storage, conversion, and utilization. The design and modification of electrocatalysts have been widely applied to improve the performance of electrocatalytic reactions, but bottlenecks can be entered that make it hard to make dramatic progress. The achievement of high‐performance electrocatalysis requires a continuous effort in advancing the new techniques. The introduction of external fields is an attractive approach to improve the mass transfer and change the reaction kinetics, which can remarkably enhance the electrocatalytic performance. This review describes the recent developments in the application of various external fields, including light, magnetic fields, elastic strain, external pressure, and gravity, to boost electrocatalytic reactions (e.g., water splitting, alcohols oxidation, CO2 reduction, and N2 reduction). The relevant mechanisms of external fields to boost charge transport, mass transfer, and the adsorption of reactants are highlighted. Finally, the remaining challenges and future opportunities for coupling external fields with electrocatalysis are discussed.",38,Semantic Scholar,unclear,c0c072a4b32a6618f385ae58941552f9ba920e45
F,旋转填充床与传质强化,"""high gravity"" ""mass transfer"" ""CO2""",The effect of interface movement and viscosity variation on the stability of a diffusive interface between aqueous and gaseous CO2,2013,B. Meulenbroek; R. Farajzadeh; H. Bruining,unclear,10.1063/1.4813072,https://www.semanticscholar.org/paper/aaa36a73525c111d01635aa28663abf05c8e3384,unclear,37,Semantic Scholar,unclear,aaa36a73525c111d01635aa28663abf05c8e3384
F,旋转填充床与传质强化,"""high gravity"" ""mass transfer"" ""CO2""",Measurement and Correlation of Diffusion Coefficients for CO2 and Rich-Gas Applications,1988,T. Renner,unclear,10.2118/15391-pa,https://www.semanticscholar.org/paper/4bac9f2714bb0d94e579a58ef6a27cb81994f775,unclear,187,Semantic Scholar,unclear,4bac9f2714bb0d94e579a58ef6a27cb81994f775
F,旋转填充床与传质强化,"""high gravity"" ""mass transfer"" ""CO2""",Lattice Boltzmann investigation of thermal effect on convective mixing at the edge of solvent chamber in CO2-VAPEX process,2015,A. Atia; Kamal MOHAMMEDI,unclear,10.1260/1708-5284.12.4.353,https://www.semanticscholar.org/paper/9f93d7ccbb91abb0b6d9505bc9655f6498b595ea,unclear,0,Semantic Scholar,unclear,9f93d7ccbb91abb0b6d9505bc9655f6498b595ea
F,旋转填充床与传质强化,"""high gravity"" ""mass transfer"" ""CO2""",Continuous Formation Process of CO2 Gas Hydrate via a Vortex and Impinging Stream Reactor,2010,J. Bai; D. Liang; Dongliang Li; S. Fan; Jianwei Du; X. Dai; Zhen Long,unclear,10.1021/ef900694z,https://www.semanticscholar.org/paper/4194adc2bca89c5208eff7e4928f18065a4b993b,"A continuous formation process of CO2 hydrate was investigated ill it vortex and impinging stream reactor (VI R) of 1.76 L with the temperatures ranging front 274.46 to 275.86 K and the pressures ranging from 1.79 to 3.163 MPa. In the VIR, a high-gravity field can be generated, where both centrifugal and impinging forces call intensify the mass transfer ill reactants. There are two distinct steps ill the process. The first step is the Unstable hydrate formation process. The next one is called the stable formation process, which presents the rapid and continuous formation of the CO2 gas hydrate. It is found that the formation rate of CO2 hydrate is Lip to 249.8 mol/h when the Higee factor beta is 390.28.",13,Semantic Scholar,http://ir.giec.ac.cn/bitstream/344007/8517/2/Continuous%20Formation%20Process%20of%20CO2%20Gas%20Hydrate%20via%20a%20Vortex%20and%20Impinging%20Stream%20Reactor.pdf,4194adc2bca89c5208eff7e4928f18065a4b993b
F,旋转填充床与传质强化,"""high gravity"" ""mass transfer"" ""CO2""",Key issues and practical design for cooling wall of supercritical carbon dioxide coal-fired boiler,2019,Jing Zhou; J. Xiang; Sheng Su; Song Hu; Yi Wang; Kai Xu; Jun Xu; Limo He; Peng Ling; Meng Zhu,Energy,10.1016/j.energy.2019.07.164,https://www.semanticscholar.org/paper/6e6831d78f1fd219caf249b612ab2ed983bdbe05,"Abstract When supercritical carbon dioxide (S–CO2) Brayton cycle is used for coal-fired power plants, the significantly increased mass flow rate and endothermic temperature of S–CO2 boiler leads to the over-temperature and high pressure drop on the cooling wall (CW). This paper presents a mathematic flow and heat transfer model of S–CO2 in combustion chamber CW. The results show that reducing the tube diameter can effectively reduce the temperature difference in cooling wall and reduce the effect of high heat flux on the temperature difference. The pressure drop decreases exponentially with the increase of tube diameter and boiler expansion factor. Increasing partial flow numbers will decrease the boiler pressure drop and improve system cycle efficiency in spite of increasing the temperature difference of CW. The change of flow direction has no obvious effect on temperature distribution of CW and has opposite effect on gravity and buoyancy force. Three boiler layout strategies, including partial flow strategy, flow symmetry strategy and boiler local expansion strategy are proposed in order to coordinate the pressure drop and uneven temperature distribution, which can not only decrease boiler heat exchange surface temperature difference but also reduce the boiler pressure drop to prevent the over-temperature and improve system performance.",22,Semantic Scholar,unclear,6e6831d78f1fd219caf249b612ab2ed983bdbe05
F,旋转填充床与传质强化,"""high gravity"" ""mass transfer"" ""CO2""",Higee Technologies and Their Applications to Green Intensified Processing,2016,K. Boodhoo,unclear,10.1039/9781782623632-00339,https://www.semanticscholar.org/paper/35c2dfe5dfbe90f7886eba080f0e90a71e2c4bcb,unclear,5,Semantic Scholar,unclear,35c2dfe5dfbe90f7886eba080f0e90a71e2c4bcb
F,旋转填充床与传质强化,"""high gravity"" ""mass transfer"" ""CO2""",Carbon Capture with Flue Gas Purification,2017,P. Chiang; S. Pan,unclear,10.1007/978-981-10-3268-4_17,https://www.semanticscholar.org/paper/80ca97c6dac519dfd6c225204f468dbf913f44a4,unclear,0,Semantic Scholar,unclear,80ca97c6dac519dfd6c225204f468dbf913f44a4
F,旋转填充床与传质强化,"""high gravity"" ""mass transfer"" ""CO2""",NUMERICAL SIMULATION OF DOUBLE DIFFUSIVE NATURAL CONVECTION AT THE EDGE OF SOLVENT CHAMBER IN CO 2-VAPEX PROCESS VIA LATTICE BOLTZMANN METHOD,2016,A. Atia; Kamal MOHAMMEDI,unclear,unclear,https://www.semanticscholar.org/paper/4bf8d54488d410b9c14d9db6304375792690f2b2,unclear,0,Semantic Scholar,unclear,4bf8d54488d410b9c14d9db6304375792690f2b2
F,旋转填充床与传质强化,"""high gravity"" ""mass transfer"" ""CO2""",Numerical study on laminar round jet of high density gases discharging into stagnant air.,1990,M. Fumizawa; M. Hishida; T. Kunugi,unclear,10.3327/jaesj.32.292,https://www.semanticscholar.org/paper/d9aebe43b1a6e6e75909694a5125786b1df076c5,unclear,1,Semantic Scholar,https://doi.org/10.3327/jaesj.32.292,d9aebe43b1a6e6e75909694a5125786b1df076c5
F,旋转填充床与传质强化,"""high gravity"" ""mass transfer"" ""CO2""","Enhancing NOx removal in a high-gravity rotating packed bed with gaseous ClO2 oxidation-absorption: Kinetic, mass transfer, and cost analysis",2023,Tse-Lun Chen; Chen Hong; Yi-Hung Chen; P. Chiang,Chemical Engineering Journal,10.1016/j.cej.2023.144072,https://www.semanticscholar.org/paper/4da14bf3028bac22cb319ff740cc67af6255acdf,unclear,14,Semantic Scholar,unclear,4da14bf3028bac22cb319ff740cc67af6255acdf
F,旋转填充床与传质强化,"""high gravity"" ""mass transfer"" ""CO2""",Enhancement performance of ozone mass transfer by high gravity technology,2017,Weizhou Jiao; Yuejia Qing; Yonghong Wang; Liang Guo; Youzhi Liu,unclear,10.5004/dwt.2017.20210,https://www.semanticscholar.org/paper/975b8d0aef99580e07041ade6c143890247feba5,unclear,17,Semantic Scholar,unclear,975b8d0aef99580e07041ade6c143890247feba5
F,旋转填充床与传质强化,"""high gravity"" ""mass transfer"" ""CO2""",Mass transfer of acrylonitrile wastewater treatment by high gravity air stripping technology,2016,C. Xue; Youzhi Liu; Weizhou Jiao,unclear,10.1080/19443994.2015.1054314,https://www.semanticscholar.org/paper/8d77c25b9b7fd90fca7b919cb16a750e69363f8c,unclear,12,Semantic Scholar,unclear,8d77c25b9b7fd90fca7b919cb16a750e69363f8c
F,旋转填充床与传质强化,"""high gravity"" ""mass transfer"" ""CO2""",Mass transfer intensification of CO2 absorption in monoethanolamine using high frequency ultrasonic technology in continuous system,2020,Siti Munirah Mhd Yusof; A. Shariff; W. Tay; K. K. Lau; Nur Farhana Ajua Mustafa,unclear,10.1016/j.ijggc.2020.103157,https://www.semanticscholar.org/paper/43e41e2eb3c664904d35413bba0efbdf5034b751,"Abstract Intensification technology for absorption process is of interest for the separation of CO2 from natural gas in the offshore. High frequency ultrasonic absorption technology in batch system has shown remarkable potential for offshore application due to high operating flexibility and mass transfer performance. Therefore, in this work, a high frequency ultrasonic absorption (HiFUA) of CO2 from natural gas using monoethanolamine is proposed for continuous system to suit the industrial mode of operation. The effect of the operating parameters on the overall mass transfer coefficient was investigated, thus the optimum condition was identified using central composite design coupled with response surface methodology. Based on the results, the optimum condition was found at the gas flow rate of 30 SLPM, liquid flow rate of 0.15 SLPM, pressure of 10 bar and ultrasonic voltage of 30 V, which resulted to maximum mass transfer coefficient of 268.9 mol/kPa.m3.hr. The presence of high frequency ultrasonic irradiation has enhanced the absorption process 7 times higher as compared to the case of without ultrasonic irradiation due to its physical effects which are the acoustic streaming, fountain and atomization. The enhancement in continuous system is lower than the batch system reported in the literature due to the difference in the reactor configuration. Nevertheless, HiFUA has intensified the mass transfer performance 12 times higher as compared to conventional packed bed column for CO2-MEA system. This work has shown great potential of high frequency ultrasonic irradiation as an intensification technology for CO2 absorption process.",16,Semantic Scholar,unclear,43e41e2eb3c664904d35413bba0efbdf5034b751
F,旋转填充床与传质强化,"""high gravity"" ""mass transfer"" ""CO2""",Intensification of ozone gas/liquid mass transfer and ozonation efficiency: A critical review.,2025,Xuetong Yang; Tao Zhang; Ze Liu; Rui Zhang; Changtao Chen; Zhengyao Li; Kristof Demeestere; S. V. Van Hulle,Water Research,10.1016/j.watres.2025.124719,https://www.semanticscholar.org/paper/ac4a03a7302dd90a4466c77a772bdeb070e9e779,"Ozone (O3) is effective for degrading persistent organic pollutants in wastewater but its efficiency is limited by poor O3 gas/liquid mass transfer (kLa) and low O3 utilization efficiency (typically 30 %-64 % in bubble columns). This review critically evaluates strategies to intensify O3 mass transfer and enhance pollutant degradation. The kLa and energy consumption in different commonly used ozone contactors was compared, highlighting the importance of developing enhancement methods. Based on this, four types of techniques (i.e. applying physical fields, implementing membrane technology, utilizing micro/nano bubbles, and adding additives) were evaluated using kLa enhancement factor, pollutant degradation efficiency, and scalability as criteria. Physical methods (including ultrasound, electric field, and high gravity) enhanced kLa by 1.3-3 times but face scalability challenges due to high energy demands. Micro/nano-bubble producing systems coupled with catalysts such as activated carbon or chemical additives achieved kLa enhancements 3-4 times, increasing degradation of refractory pollutants by over 60 % removal. However, the microbubble generation also demands additional energy and chemical additives may cause secondary pollution. Natural mineral packings provide a balanced solution, enhancing kLa by 2.5-3 times and recalcitrant pollutant removal by 25-30 % at low energy consumption without secondary separation issues. For scalability, membrane contactors and catalytic microbubble have been applied at large-scale wastewater treatment while the stability of membrane and catalysts needs to be further improved. Overall, this study identifies favorable strategy for O3 gas/liquid mass transfer and pollutant removal for sustainable water treatment.",10,Semantic Scholar,unclear,ac4a03a7302dd90a4466c77a772bdeb070e9e779
F,旋转填充床与传质强化,"""high gravity"" ""mass transfer"" ""CO2""",Experimental Evaluation of Continuous In-Situ Biomethanation of CO2 in Anaerobic Digesters Fed on Sewage Sludge and Food Waste and the Influence of Hydrogen Gas–Liquid Mass Transfer,2023,D. Poggio; Arman Sastraatmaja; M. Walker; S. Michailos; W. Nimmo; M. Pourkashanian,Processes,10.3390/pr11020604,https://www.semanticscholar.org/paper/a86c72d721afbd305851d0f60a9f7d4af96c4cac,"In-situ biomethanation combines conventional biogas production from the anaerobic digestion (AD) of organic matter with the addition of hydrogen to produce a higher quality biomethane gas. However, challenges surrounding its performance and control could hinder its uptake. To investigate this, an automated rig was designed and operated to study in-situ biomethanation with sewage sludge (SS) and food waste (FW) feedstocks. The effects that were experimentally investigated included the biogas recirculation rate, stirring intensity, and organic loading rate (OLR). All the results highlighted the rate-limiting effect of H2 gas–liquid mass transfer (measured kLa in the range of 43–82 day−1), which was implied by a lack of evidence of hydrogen-induced biological inhibition and a high average equilibrium hydrogen content in the biogas (a volume of 7–37%). At an OLR of 2 g VS L−1day−1, increasing biogas recirculation and mechanical stirring rates improved the methane evolution rate up to 0.17 and 0.23 L L−1day−1 and the H2 conversion up to 80 and 66% for sewage sludge and food waste, respectively. A lower OLR of 1 g VS L−1day−1 allowed for increased hydrogen conversion but at a lower level of methane productivity. A process model, validated on experimental data, predicted that improving the kLa to at least 240 day−1 would be required for in-situ biomethanation at OLRs common in AD systems in order to achieve a drop-in quality in terms of the biogas, with further downstream treatment required for certain applications.",18,Semantic Scholar,https://www.mdpi.com/2227-9717/11/2/604/pdf?version=1676794463,a86c72d721afbd305851d0f60a9f7d4af96c4cac
F,旋转填充床与传质强化,"""high gravity"" ""mass transfer"" ""CO2""",Strategies to improve the mass transfer in the CO2 capture process using immobilized carbonic anhydrase.,2023,Xing Zhu; Chenxi Du; Bo Gao; Bin He,Journal of Environmental Management,10.1016/j.jenvman.2023.117370,https://www.semanticscholar.org/paper/5b20a29c7b1d549fe22504c5e7800182ce5202c3,"High carbon dioxide (CO2) concentration in the atmosphere urgently requires eco-friendly mitigation strategies. Carbonic anhydrase (CA) is a high-quality enzyme protein, available from a wide range of sources, which has an extremely high catalytic efficiency for the hydration of CO2 compared with other catalytic CO2 conversion systems. While free CA is costly and weakly stable, CA immobilization can significantly improve its stability and allow enzyme recycling. However, gaseous CO2 is significantly different from traditional liquid substrates. Additionally, due to the presence of enzyme carriers, there is limited mass transfer between CO2 and the active center of immobilized CA. Most of the available reviews provide an overview of the improvement in catalytic activity and stability of CA by different immobilization methods and substrates. However, they do not address the limited mass transfer between CO2 and the active center of immobilized CA. Therefore, by focusing on the mass transfer process, this review presents CA immobilization strategies that are more efficient and of greater environmental tolerance by categorizing the methods of enhancing the mass transfer process at each stage of the enzymatic CO2 capture reaction. Such improvements in this green and environmentally friendly biological carbon capture process can increase its efficiency for industrial applications.",21,Semantic Scholar,unclear,5b20a29c7b1d549fe22504c5e7800182ce5202c3
F,旋转填充床与传质强化,"""high gravity"" ""mass transfer"" ""CO2""",Review on the mass transfer performance of CO2 absorption by amine-based solvents in low- and high-pressure absorption packed columns,2017,Morteza Afkhamipour; M. Mofarahi,unclear,10.1039/c7ra01352c,https://www.semanticscholar.org/paper/d0df5bccb1fbd61347b9bd51e9c23e84be285747,"The gas-phase volumetric overall mass transfer coefficient (KGaV) plays a key role in the assessment of an absorption packed column's performance since it determines the height of an absorber column. The effective and useable data provided by KGaV is necessary for designing and scaling up absorption packed columns. This study provides the first comprehensive review of mass transfer performance in terms of KGaV for CO2 (KGCO2aV) absorption into amine solutions for absorber columns with random and structured packing. To date, researchers associated with the KGCO2aV parameter have focused on two main fields: experimental works and developing empirical correlations. For experimental works, KGCO2aV has been evaluated in the literature for a large number of conventional and improved amines over a range of operating parameters in laboratory-scale packed columns. In addition, researchers have developed empirical correlations for KGCO2aV based on operating parameters affecting KGCO2aV and physical properties. The details of research determining the KGCO2aV have been reviewed for low- and high-pressure absorption packed columns. Finally, directions for future research of the mass transfer performance for absorber packed columns in the CO2 capture process have been discussed.",83,Semantic Scholar,https://pubs.rsc.org/en/content/articlepdf/2017/ra/c7ra01352c,d0df5bccb1fbd61347b9bd51e9c23e84be285747
F,旋转填充床与传质强化,"""high gravity"" ""mass transfer"" ""CO2""",Numerical simulation on mass transfer in the bone lacunar-canalicular system under different gravity fields,2023,Hao Wang; Jiaming Wang; Linwei Lyu; S. Wei; Chunqiu Zhang,Computer Methods in Biomechanics and Biomedical Engineering,10.1080/10255842.2023.2187738,https://www.semanticscholar.org/paper/9acebb1759b4698c8d456f648704a9167df30ffd,"Abstract The bone lacunar-canalicular system (LCS) is a unique complex 3D microscopic tubular network structure within the osteon that contains interstitial fluid flow to ensure the efficient transport of signaling molecules, nutrients, and wastes to guarantee the normal physiological activities of bone tissue. The mass transfer laws in the LCS under microgravity and hypergravity are still unclear. In this paper, a multi-scale 3D osteon model was established to mimic the cortical osteon, and a finite element method was used to numerically analyze the mass transfer in the LCS under hypergravity, normal gravity and microgravity and combined with high-intensity exercise conditions. It was shown that hypergravity promoted mass transfer in the LCS to the deep lacunae, and the number of particles in lacunae increased more significantly from normal gravity to hypergravity the further away from the Haversian canal. The microgravity environment inhibited particles transport in the LCS to deep lacunae. Under normal gravity and microgravity, the number of particles in lacunae increased greatly when doing high-intensity exercise compared to stationary standing. This paper presents the first simulation of mass transfer within the LCS with different gravity fields combined with high-intensity exercise using the finite element method. The research suggested that hypergravity can greatly promote mass transfer in the LCS to deep lacunae, and microgravity strongly inhibited this mass transfer; high-intensity exercise increased the mass transfer rate in the LCS. This study provided a new strategy to combat and treat microgravity-induced osteoporosis.",10,Semantic Scholar,unclear,9acebb1759b4698c8d456f648704a9167df30ffd
F,旋转填充床与传质强化,"""high gravity"" ""mass transfer"" ""CO2""",Determination of mass transfer parameters and swelling factor of CO2-oil systems at high pressures,2018,M. Rezk; J. Foroozesh,International Journal of Heat and Mass Transfer,10.1016/j.ijheatmasstransfer.2018.05.043,https://www.semanticscholar.org/paper/53b00110458989bf5b3e24d034c893cce02f8473,"Abstract The rate of CO2 dissolution in crude oils is primarily controlled by mass transfer between CO2 and oil phases. In particular, mass transfer of CO2 component across the CO2-oil interface and the molecular diffusion of CO2 inside the oil phase control the rate of CO2 dissolution in the oil. The values of interface mass transfer coefficient (k) and diffusion coefficient (D) are needed to estimate the mass transfer rate by molecular diffusion and to determine the CO2 dissolution rate in a crude oil. When CO2 is dissolved in a crude oil, the oil volume usually increases (oil swelling) that should be considered. This paper aims to accurately estimate and quantify the mass transfer parameters of CO2 in crude oils (k and D coefficients) and also the oil swelling percentage by analyzing the data of the pressure decay experiment. A mathematical model has been developed when a numerical method is used to solve the governing equations with a moving boundary condition. The model is used to analyze the data of pressure decay experiments of a heavy and also a light crude oil-CO2 system. The model has estimated the k and D coefficients of CO2 in crude oils using an optimization procedure, and also has predicted the dynamic process of oil swelling due to CO2 dissolution. The mass transfer process is discussed and the estimated mass transfer parameters (k and D) are compared with some data from the literature. The results show that the k and D values and also the oil swelling percentage for the light oil-CO2 system are larger than those for the heavy oil-CO2 system. This study gives an insight into the mass transfer process between CO2 and oil phases that can be used to describe the mass transfer process in any gas-liquid system.",55,Semantic Scholar,unclear,53b00110458989bf5b3e24d034c893cce02f8473
F,旋转填充床与传质强化,"""high gravity"" ""mass transfer"" ""CO2""",Mass Transfer of CO2 in a Carbonated Water–Oil System at High Pressures,2017,Guanli Shu; M. Dong; Shengnan Chen; H. Hassanzadeh,unclear,10.1021/acs.iecr.6b03729,https://www.semanticscholar.org/paper/d4cf4cd74cd04cefb4fefd22f2579c7a76c53b3e,unclear,36,Semantic Scholar,unclear,d4cf4cd74cd04cefb4fefd22f2579c7a76c53b3e
F,旋转填充床与传质强化,"""high gravity"" ""mass transfer"" ""CO2""",Quantitatively unveiling the effect of mass transfer on CO2RR through operando EXAFS and HERFD-XAFS,2025,Ziran Xu; Jianing Mao; Bingbao Mei; Songqi Gu; Jingyuan Ma; Fanfei Sun; Ji Li; Liangxin Wang; Wei Chen; Fei Song; Zheng Jiang,Science China Chemistry,10.1007/s11426-024-2579-1,https://www.semanticscholar.org/paper/2451575669298d5d9174492c2f19e12aa0969df8,unclear,8,Semantic Scholar,unclear,2451575669298d5d9174492c2f19e12aa0969df8
F,旋转填充床与传质强化,"""high gravity"" ""mass transfer"" ""CO2""",Research progress of gas-liquid mass transfer enhancement in high gravity field,2015,桑乐; 罗勇; Lt; strong gt; 初文华 lt; 邹海魁; 向阳; 陈建峰,unclear,10.11949/j.issn.0438-1157.20140863,https://www.semanticscholar.org/paper/69f906d6fd238c1eb7b30210e49e2cb5337014e5,unclear,2,Semantic Scholar,unclear,69f906d6fd238c1eb7b30210e49e2cb5337014e5
F,旋转填充床与传质强化,"""high gravity"" ""mass transfer"" ""CO2""",Study on mass transfer in the bone lacunar-canalicular system under different gravity fields,2022,Hao Wang; Li-Lan Gao; Xuyi Chen; Chunqiu Zhang,Journal of Bone and Mineral Metabolism,10.1007/s00774-022-01373-z,https://www.semanticscholar.org/paper/f09548adc0d5bf3d459f181317750dda87c81c76,unclear,13,Semantic Scholar,unclear,f09548adc0d5bf3d459f181317750dda87c81c76
